english,chinese,latin,french,spanish,atc
acebrochol,醋溴考尔,acebrocholum,acébrochol,acebrocol,
dehydrocholic acid,去氢胆酸,acidum dehydrocholicum,acide déhydrocholique,ácido dehidrocólico,
gentisic acid,龙胆酸,acidum gentisicum,acide gentisique,ácido gentísico,
glutamic acid,谷氨酸,acidum glutamicum,acide glutamique,ácido glutámico,
iopanoic acid,碘番酸,acidum iopanoicum,acide iopanoïque,ácido iopanoico,
acriflavinium chloride,吖啶黄,acriflavinii chloridum,chlorure d'acriflavinium,cloruro de acriflavinio,
adiphenine,阿地芬宁,adipheninum,adiphénine,adifenina,
adrenalone,肾上腺酮,adrenalonum,adrélanone,adrenalona,
ethacridine,依沙吖啶,aethacridinum,éthacridine,etacridina,
ethoxazorutoside,乙吗芦丁,aethoxazorutosidum,éthoxazorutoside,etoxazorutósido,
aldesulfone sodium,阿地砜钠,aldesulfonum natricum,aldésulfone sodique,aldesulfona de sodio,
allobarbital,阿洛巴比妥,allobarbitalum,allobarbital,alobarbital,
allocupreide sodium,阿洛酮钠,allocupreidum natricum,allocupréide sodique,alocupreida de sodio,
allomethadione,阿洛双酮,allomethadionum,allométhadione,"allyl-3 méthyl-5 oxazolidine dione-2,4",
alphameprodine,阿法美罗定,alphameprodinum,alphaméprodine,alfameprodina,
alphaprodine,阿法罗定,alphaprodinum,"diméthyl-1,3 phényl-4 propionoxy-4",pipéridine,
aminoacridine,氨吖啶,aminoacridinum,aminoacridine,aminoacridina,
aminothiazole,氨噻唑,aminothiazolum,aminothiazol,aminotiazol,
amoxecaine,阿莫卡因,amoxecainum,N-β-éthyle,amoxecaína,
aprobarbital,阿普比妥,aprobarbitalum,aprobarbital,aprobarbital,
aurothioglycanide,金硫醋苯胺,aurothioglycanidum,auromercaptoacétanilide,aurotioglicanida,
azamethonium bromide,阿扎溴铵,azamethonii bromidum,bromure d'azaméthonium,bromuro de azametonio,
bacitracin,杆菌肽,bacitracinum,bacitracine,bacitracina,
benethamine penicillin,苯明青霉素,benethamini penicillinum,pénicilline-bénéthamine,pénicilline,
benzalkonium chloride,苯扎氯铵,benzalkonii chloridum,chlorure de benzalkonium,cloruro de benzalconio,
benzethonium chloride,苄索氯铵,benzethonii chloridum,chlorure de benzéthonium,cloruro de bencetonio,
benzylsulfamide,苄磺胺,benzylsulfammidum,benzylsulfamide,bencilsulfamida,
bibrocathol,铋溴酚,bibrocatholum,bibrocathol,bibrocatol,
biotin,生物素,biotinum,biotine,biotina,
bithionol,硫氯酚,bithionolum,bithionol,bitionol,
carbomycin,卡波霉素,carbomycinum,carbomycine,carbomicina,
carbromal,卡溴脲,carbromalum,carbromal,carbromal,
ketobemidone,凯托米酮,cetobemidonum,cétobémidone,cetobemidona,
cetylpyridinium chloride,西吡氯铵,cetylpyridinii chloridum,chlorure de cétylpyridinium,cloruro de cetilpiridinio,
chloramphenicol,氯霉素,chloramphenicolum,chloramphénicol,cloranfenicol,
chlorazodin,氯脒佐定,chlorazodinum,chlorazodine,clorazodina,
chlormethine,氮芥,chlormethinum,chlorméthine,clormetina,
chlornaphazine,萘氮芥,chlornaphazinum,chlornaphazine,clornafazina,
chloropyramine,氯吡拉敏,chloropyraminum,chloropyramine,cloropiramina,
chlorquinaldol,氯喹那多,chlorquinaldolum,chlorquinaldol,clorquinaldol,
cinchophen,辛可芬,cinchophenum,cinchophène,cincofeno,
cocarboxylase,辅羧酶,cocarboxylasum,cocarboxylase,cocarboxilasa,
corbadrine,可巴君,corbadrinum,corbadrine,corbadrina,
cortisone,可的松,cortisonum,cortisone,cortisona,
cyanocobalamin,维生素B12,cyanocobalaminum,cyanocobalamine,cianocobalamina,
cyclobarbital,环己巴比妥,cyclobarbitalum,cyclobarbital,ciclobarbital,
cyclopentamine,环喷他明,cyclopentaminum,cyclopentamine,ciclopentamina,
cyclopropane,环丙烷,cyclopropanum,cyclopropane,ciclopropano,
dextran,右旋糖酐,dextranum,dextran,dextran,
dextromethorphan,右美沙芬,dextromethorphanum,dextrométhorphane,(+) méthoxy-3 N-méthylmorphinane,
dextrorphan,右啡烷,dextrorphanum,dextrorphane,dextrorfano,
dibemethine,双苄甲胺,dibemethinum,dibéméthine,dibemetina,
diethazine,二乙嗪,diethazinum,diéthazine,dietazina,
diethylcarbamazine,乙胺嗪,diethylcarbamazinum,diéthylcarbamazine,diéthylcarbamoyl-1 méthyl-4 pipérazine,
dihydrostreptomycin,双氢链霉素,dihydrostreptomycinum,dihydrostreptomycine,dihidroestreptomicina,
dihydrotachysterol,二氢速固醇,dihydrotachysterolum,dihydrotachystérol,dihidrotaquisterol,
diiodohydroxyquinoline,双碘喹啉,diiodohydroxyquinolinum,diiodohydroxyquinoléine,diiodohidroxiquinoleína,
dimenhydrinate,茶苯海明,dimenhydrinatum,"N,N-diméthyl éthylammonium",dimenhidrinato,
dimercaprol,二巯丙醇,dimercaprolum,dimercaprol,dimercaprol,
dimethiodal sodium,二碘甲磺钠,dimethiodalum natricum,diméthiodal sodique,dimetiodal de sodio,
diodone,碘奥酮,diodonum,diodone,diodona,
diphenan,地芬南,diphenanum,diphénane,difenán,
diprophylline,二羟丙茶碱,diprophyllinum,diprophylline,diprofilina,
disulfiram,双硫仑,disulfiramum,disulfirame,disulfiram,
dixanthogen,二黄原酸,dixanthogenum,dixanthogène,dixantogeno,
eucatropine,尤卡托品,eucatropinum,eucatropine,eucatropina,
fenethazine,芬乙嗪,fenethazinum,fénéthazine,fenetazina,
fumagillin,夫马洁林,fumagillinum,fumagilline,fumagilina,
furtrethonium iodide,呋索碘铵,furtrethonii iodidum,iodure de furtréthonium,ioduro de furtretonio,
glucosulfamide,葡磺胺,glucosulfamidum,glucosulfamide,glucosulfamida,
glucosulfone,葡胺苯砜,glucosulfonum,glucosulfone,glucosulfona,
glycobiarsol,甘铋胂,glycobiarsolum,glycobiarsol,glicobiarsol,
gramicidin,短杆菌肽,gramicidinum,gramicidine,gramicidina,
heptaminol,辛胺醇,heptaminolum,heptaminol,heptaminol,
hexachlorophene,六氯酚,hexachlorophenum,hexachlorophène,hexaclorofeno,
hexobarbital,海索比妥,hexobarbitalum,hexobarbital,hexobarbital,
homatropine methylbromide,甲溴后马托品,homatropini methylbromidum,méthylbromure d'homatropine,metilbromuro de homatropina,
hydralazine,肼屈嗪,hydralazinum,hydralazine,hidralazina,
hydrocortisone,氢化可的松,hydrocortisonum,hydrocortisone,hidrocortisona,
hydroxyprocaine,羟普鲁卡因,hydroxyprocainum,hydroxyprocaïne,hidroxiprocaína,
hydroxytetracaine,羟丁卡因,hydroxytetracainum,hydroxytétracaïne,hidroxitetracaína,
ibrotamide,异溴米特,ibrotamidum,ibrotamide,ibrotamida,
intermedine,垂体中叶素,intermedinum,intermédine,intermedina,
iodophthalein sodium,碘酞钠,rodophthaleinum natricum,iodophtaléine sodique,iodoftaleína de sodio,
iodothiouracil,碘硫氧嘧啶,iodothiouracilum,iodothiouracil,iodotiouracilo,
iproniazid,异丙烟肼,iproniazidum,iproniazide,iproniazida,
isomethadone,异美沙酮,isomethadonum,isométhadone,isometadona,
isoniazid,异烟肼,isoniazidum,isoniazide,isoniazida,
isoprenaline,异丙肾上腺素,isoprenalinum,isoprénaline,isoprenalina,
khellin,凯林,khellinum,khelline,kelina,
levomethorphan,左美沙芬,levomethorphanum,lévométhorphane,(-) méthoxy-3 N-méthylmorphinanc,
merbromin,汞溴红,merbrominum,merbromine,merbromina,
mercaptamine,巯乙胺,mercaptaminum,mercaptamine,mercaptamina,
mercaptomerin,硫汞林,mercaptomerinum,mercaptomérine,mercaptomerina,
mercuderamide,汞拉米特,mercuderamidum,mercudéramide,mercuderamida,
mercurobutol,汞氯丁酚,mercurobutolum,mercurobutol,mercurobutol,
mercurophylline,汞罗茶碱,mercurophyllinum,mercurophylline,mercurofilina,
mesulfen,甲硫芬,mesulfenum,mésulfène,mesulfeno,
methandriol,美雄醇,methandriolum,méthandriol,metandriol,
methanthelinium bromide,美生溴铵,methanthelinii bromidum,bromure de méthanthélinium,bromuro de metantelinio,
methaphenilene,美沙芬林,methaphenilenum,méthaphénilène,metafenileno,
methapyrilene,美沙吡林,methapyrilenum,méthapyrilène,metapirileno,
metharbital,美沙比妥,metharbitalum,métharbital,metarbital,
methenamine,乌洛托品,methenaminum,méthénamine,dipropionate de méthestrol,
methiodal sodium,碘甲磺钠,methiodalum natricum,méthiodal sodique,"méthyl-17a androstène-5 diol-3β,17β",
methylphenobarbital,甲苯比妥,methylphenobarbitalum,méthylphénobarbital,metilfenobarbital,
methylthioninium chloride,亚甲蓝,methylthioninii chloridum,chlorure de méthylthioninium,cloruro de metiltioninio,
methylthiouracil,甲硫氧嘧啶,methylthiouracilum,méthyl-4 thio-uracile-2,metiltiouracilo,
nalorphine,烯丙吗啡,nalorphinum,nalorphine,nalorfina,
naphazoline,萘甲唑啉,naphazolinum,natrüi dehydrocholas,nafazolina,
neocinchophen,新辛可芬,neocinchophenum,néocinchophène,neocincofeno,
neomycin,新霉素,neomycinum,néomycine,neomicina,
nicopholine,尼可复林,nicopholinum,nicopholine,nicofolina,
nitrofural,呋喃西林,nitrofuralum,nitrofural,nitrofural,
nitrosulfathiazole,硝磺胺噻唑,nitrosulfathiazolum,nitrosulfathiazol,nitrosulfatiazol,
oxapropanium iodide,奥普碘铵,oxapropanii iodidum,iodure d'oxapropanium,ioduro de oxapropanio,
oxyphenonium bromide,奥芬溴铵,oxyphenonii bromidum,bromure d'oxyphénonium,bromuro de oxifenonio,
oxytetracycline,土霉素,oxytetracyclinum,oxytétracycline,oxitetraciclina,
paramethadione,甲乙双酮,paramethadionum,paraméthadione,parametadiona,
paroxypropione,对羟苯丙酮,paroxypropionum,paroxypropione,paroxipropiona,
pentobarbital,戊巴比妥,pentobarbitalum,pentobarbital,pentobarbital,
phenadoxone,苯吗庚酮,phenadoxonum,phénadoxone,fenadoxona,
phenicarbazide,苯胺脲,phenicarbazidum,phénicarbazide,phénylsemicarbazide,
phenindamine,苯茚胺,phenindaminum,phénindamine,fenindamina,
pheniodol sodium,碘阿芬酸钠,pheniodolum natricum,phéniodol sodique,feniodol de sodio,
phenothiazine,吩塞秦,phenothiazinum,phénothiazine,fenotiazina,
phenpromethamine,苯丙甲胺,phenpromethaminum,phenprométhamine,"N,β-diméthyl phénéthylamine",
phentolamine,酚妥拉明,phentolaminum,phentolamine,fentolamina,
phenylbutazone,保泰松,phenylbutazonum,phénylbutazone,fenilbutazona,
phenylephrine,去氧肾上腺素,phenylephrinum,phényléphrine,fenilefrina,
phthalylsulfathiazole,酞磺胺噻唑,phthalylsulfathiazolum,phtalylsulfathiazol,ftalilsulfatiazol,
phytomenadione,维生素K1,phytomenadionum,phytoménadione,fitomenadiona,
piridocaine,匹多卡因,piridocainum,piridocaïne,piridocaína,
pregnenolone,孕烯诺龙,pregnenolonum,prégnénolone,pregnenolona,
primaquine,伯氨喹,primaquinum,primaquine,primaquina,
probarbital sodium,普罗比妥钠,probarbitalum natricum,probarbital sodique,probarbital de sodio,
procainamide,普鲁卡因胺,procainamidum,procaïnamide,procainamida,
procyclidine,丙环定,procyclidinum,procyclidine,prociclidina,
proflavine,原黄素,proflavinum,proflavine,proflavina,
propamidine,普罗帕脒,propamidinum,propamidine,propamidina,
propantheline bromide,溴丙铵太林,propanthelini bromidum,bromure de propanthéline,bromuro de propantelina,
propyliodone,丙碘酮,propyliodonum,propyliodone,propiliodona,
propylthiouracil,丙硫氧嘧啶,propylthiouracilum,propylthiouracile,propiltiouracilo,
propyphenazone,异丙安替比林,propyphenazonum,propyphénazone,propifenazona,
pyrimethamine,乙胺嘧啶,pyrimethaminum,pyriméthamine,N-thiodiphénylamine,
pyroxylin,火棉,pyroxylinum,pyroxyline,piroxilina,
racemethorphan,消旋甲啡烷,racemethorphanum,racéméthorphane,（士）méthoxy-3 N-méthylmorphinane,
racemorphan,消旋啡烷,racemorphanum,racémorphane,racemorfano,
rutoside,芦丁,rutosidum,rutoside,rutósido,
salacetamide,醋水杨胺,salacetamidum,salacétamide,N-acétyl salicylamide,
salazosulfamide,柳氮磺胺,salazosulfamidum,acide p-sulfamido phénylazosalicylique,salazosulfamida,
salazosulfathiazole,柳氮磺噻唑,salazosulfathiazolum,salazosulfathiazol,salazosulfatiazol,
salicylamide,水杨酰胺,salicylamidum,salicylamide,salicilamida,
secretin,胰泌素,secretinum,secrétine,synonyme:solution de Ringer lactée,
stearylsulfamide,硬脂磺胺,stearylsulfamidum,stéarylsulfamide,stéarylsulfanilamide,
stibamine glucoside,锑巴葡胺,stibamini glucosidum,stibamine glucoside,estibamina glucósido,
stibosamine,沙胺,stibosaminum,stibosamine,estibosamina,
streptomycin,链霉素,streptomycinum,streptomycine,estreptomicina,
subathizone,舒巴硫腙,subathizonum,subathizone,subatizona,
sulfacetamide,磺胺醋酰,sulfacetamidum,sulfacétamide,sulfacetamida,
sulfachrysoidine,磺胺柯定,sulfachrysoidinum,sulfachrysoïdine,sulfacrisoidina,
sulfadiasulfone sodium,磺胺苯砜钠,sulfadiasulfonum natricum,sulfadiasulfone sodique,sulfadiasulfona de sodio,
sulfadimidine,磺胺二甲嘧啶,sulfadimidinum,"diméthyl-4,6 sulfanilamido-2 pyrimidine",sulfadimidina,
sulfafurazole,磺胺异唑,sulfafurazolum,sulfafurazol,sulfafurazol,
sulfamethizole,磺胺甲二唑,sulfamethizolum,sulfaméthizol,sulfametizol,
sulfapyridine,磺胺吡啶,sulfapyridinum,sulfathio-urée,sulfapiridina,
sulfisomidine,磺胺索嘧啶,sulfisomidinum,"diméthyl-2,4 suIfanilamido-6 pyrimidine",sulfisomidina,
sulfogaiacol,愈创木酚磺酸钾,sulfogaiacolum,sulfogaïacol,sulfoguayacol,
suramin sodium,舒拉明钠,suraminum natricum,suramine sodique,suramina de sodio,
suxamethonium chloride,氯琥珀胆碱,suxamethonii chloridum,chlorure de suxaméthonium,cloruro de suxametonio,
suxethonium chloride,琥乙氯铵,suxethonii chloridum,chlorure de suxéthonium,cloruro de suxetonio,
tetrylammonium bromide,四乙溴铵,tetrylammonii bromidum,bromure de tétrylammonium,bromuro de tetrilamonio,
thiacetarsamide sodium,硫胂胺钠,thiacetarsamidum natricum,thiacétarsamide sodique,tiacetarsamida de sodio,
thiamazole,甲巯咪唑,thiamazolum,thiamazol,tiamazol,
thiazosulfone,噻唑砜,thiazosulfonum,thiazosulfone,tiazosulfona,
thioacetazone,氨硫脲,thioacetazonum,thioacétazone,tioacetazona,
thiodiglycol,硫双乙醇,thiodiglycolum,thiodiglycol,tiodiglicol,
thiomersal,硫柳汞,thiomersalum,thiomersal,tiomersal,
tocamphyl,托坎非,tocamphylum,tocamphyl,tocanfilo,
tolazoline,妥拉唑林,tolazolinum,tolazoline,tolazolina,
trimethadione,三甲双酮,trimethadionum,triméthadione,"triméthyl-3,5,5 oxazolidine dione-2,4",
tuaminoheptane,异庚胺,tuaminoheptanum,méthyl-1 hexylamine,tuaminoheptano,
tubocurarine chloride,氯筒箭毒碱,tubocurarini chloridum,chlorure de tubocurarine,cloruro de tubocurarina,
tyrothricin,短杆菌素,tyrothricinum,tyrothricine,tirotricina,
urethane,乌拉坦,urethanum,uréthane,carbamate d'éthyle,
vanyldisulfamide,香草磺胺,vanyldisulfamidum,vanyldisulfamide,vanildisulfamida,
vinbarbital,戊烯比妥,vinbarbitalum,vinbarbital,vinbarbital,
levallorphan,左洛啡烷,levallorphanum,lévallorphane,levalorfano,
diethylthiambutene,二乙噻丁,diethylthiambutenum,diéthylthiambutène,dietiltiambuteno,
dimethylthiambutene,二甲噻丁,dimethylthiambutenum,diméthylthiambutène,dimetiltiambuteno,
ethylmethylthiambutene,乙甲噻丁,ethylmethylthiambutenum,éthylméthylthiambutène,etilmetiltiambuteno,
acetarsol,乙酰胂胺,acetarsolum,acétarsol,acetarsol,
acetylcholine chloride,氯乙酰胆碱,acetylcholini chloridum,chlorure d'acétylcholine,cloruro de acetilcolina,
ascorbic acid,维生素C,acidum ascorbicum,acide ascorbique,ácido ascórbico,
folic acid,叶酸,acidum folicum,acide folique,ácido fólico,
iophenoic acid,碘芬酸,acidum iophenoicum,acide iophénoïque,ácido iofenoico,
nicotinic acid,烟酸,acidum nicotinicum,acide nicotinique,ácido nicotínico,
aminophylline,氨茶碱,aminophyllinum,aminophylline,aminofilina,
aminopterin sodium,氨蝶呤钠,aminopterinum natricum,aminoptérine sodique,aminopterina de sodio,
arsthinol,胂噻醇,arsthinolum,arsthinol,arstinol,
buclizine,布克力嗪,buchzinum,buclizine,buclizina,
butacaine,布他卡因,butacainum,butacaïne,butacaína,
carbachol,卡巴胆碱,carbacholum,carbachol,carbacol,
carbarsone,卡巴胂,carbarsonum,carbarsone,carbarsona,
carbinoxamine,卡比沙明,carbinoxaminum,carbinoxamine,carbinoxamina,
carzenide,卡西尼特,carzenidum,carzénide,carcenida,
chiniofon,喹碘方,chiniofonum,chiniofon,quiniofón,
chlorobutanol,三氯叔丁醇,chlorobutanolum,chlorobutanol,clorobutanol,
chlorocresol,氯甲酚,chlorocresolum,chlorocrésol,clorocresol,
chlorphenamine,氯苯那敏,chlorphenaminum,chlorphénamine,clorfenamina,
chlortetracycline,金霉素,chlortetracyclinum,chlortétracycline,clortetraciclina,
choline chloride,氯化胆碱,cholini chloridum,chlorure de choline,cloruro de colina,
conessine,可内新,conessinum,conessine,conesina,
cycrimine,赛克立明,cycriminum,cycrimine,cicrimina,
desoxycortone,去氧皮质酮,aesoxycortonum,désoxycortone,desoxicortona,
dibrompropamidine,双溴丙脒,dibrompropamidinum,dibrompropamidine,dibrompropamidina,
dichloroxylenol,二氯二甲酚,dichloroxylenolum,dichloroxylénol,dicloroxilenol,
digoxin,地高辛,digoxinum,digoxine,digoxina,
dihexyverine,双己维林,dihexyverinum,dihexyvérine,dihexiverina,
dihydralazine,双肼屈嗪,dihydralazinum,dihydralazine,dihidralazina,
dimazole,地马唑,dimazolum,dimazol,dimazol,
erythromycin,红霉素,erythromycinum,érythromycine,eritromicina,
hydroxystilbamidine,羟巴脒,hydroxystilbamidinum,hydroxystilbamidine,hidroxiestilbamidina,
isophane insulin,低精蛋白胰岛素,isophanum insulinum,isophane insuline,insulina isófana,
levothyroxine sodium,左甲状腺素钠,levothyroxinum natricum,lévothyroxine sodique,levotiroxina de sodio,
lobeline,洛贝林,lobelinum,lobéline,lobelina,
meclozine,美克洛嗪,meclozinum,méclozine,meclozina,
melarsoprol,美拉胂醇,metarsoprelum,mélarsoprol,melarsoprol,
mersalyl,汞撒利,mersalylum,mersalyl,mersalilo,
methionine,甲硫氨酸,methioninum,méthionine,metionina,
methylcellulose,甲基纤维素,methylcellulosum,méthylcellulose,metilcelulosa,
methylpentynol,甲戊炔醇,methylpentynolum,méthylpentynol,metilpentinol,
neoarsphenamine,新胂凡纳明,neoarsphenaminum,néoarsphénamine,neoarsfenamina,
neostigmine bromide,溴新斯的明,neostigmini bromidum,bromure de néostigmine,bromuro de neostigmina,
nikethamide,尼可刹米,nicethamidum,nicéthamide,niquetamida,
nicotinamide,烟酰胺,nicotinamidum,nicotinamide,nicotinamida,
pentetrazol,戊四氮,pentetrazolum,pentétrazol,pentetrazol,
phenacaine,非那卡因,phenacainum,phénacaïne,fenacaína,
phenacetin,非那西丁,phenacelinum,phénacétine,fenacetina,
phenazone,安替比林,phenazonum,phénazone,fenazona,
phenazopyridine,非那吡啶,phenazopyridinum,phénazopyridine,fenazopiridina,
phenobarbital sodium,苯巴比妥钠,phenobarbitalum natricum,phénobarbital sodique,fenobarbital de sodio,
phenytoin,苯妥英,phenytoinum,phénytoïne,fenitoína,
pramocaine,普莫卡因,pramocainum,pramocaïne,pramocaína,
primidone,扑米酮,primidonum,primidone,primidona,
progesterone,黄体酮,progesteronum,progestérone,progesterona,
proguanil,氯胍,proguanilum,proguanil,proguanil,
quinisocaine,奎尼卡因,quinisocainum,quinisocaïne,quinisocaína,
reserpine,利血平,reserpinum,réserpine,reserpina,
secobarbital,司可巴比妥,secobarbitalum,sécobarbital,secobarbital,
solasulfone,苯丙砜,solasulfonum,solasulfone,solasulfona,
succinylsulfathiazole,琥珀磺胺噻唑,succinylsulfathiazolum,succinylsulfathiazol,succinilsulfatiazol,
sulfadiazine,磺胺嘧啶,sulfadiazinum,sulfadiazine,sulfadiazina,
sulfadicramide,磺胺戊烯,sulfadicramidum,sulfadicramide,sulfadicramida,
sulfaguanidine,磺胺脒,sulfaguanidinum,sulfaguanidine,sulfaguanidina,
sulfamerazine,磺胺甲嘧啶,sulfamerazinum,sulfamérazine,sulfamerazina,
sulfamerazine sodium,磺胺甲嘧啶钠,sulfamerazinum natricum,sulfamérazine sodique,sulfamerazina de sodio,
sulfanilamide,磺胺,sulfanilamidum,sulfanilamide,sulfanilamida,
sulfaproxyline,磺胺普罗林,sulfaproxylinum,sulfaproxyline,sulfaproxilina,
sulfarsphenamine,硫胂凡纳明,sulfarsphenaminum,sulfarsphénamine,sulfarsfenamina,
sulfathiazole,磺胺噻唑,sulfathiazolum,sulfathiazol,sulfatiazol,
testosterone,睾酮,testosteronum,testostérone,testosterona,
tetrabarbital,替曲比妥,tetrabarbitalum,tétrabarbital,tetrabarbital,
tetracaine,丁卡因,tetracainum,tétracaïne,tetracaína,
tetracycline,四环素,tetracycluum,tétracycline,tetraciclina,
thialbarbital,硫烯比妥,thialbarbitalum,thialbarbital,tialbarbital,
thiamine,维生素B1,thiaminum,thiamine,tiamina,
thiopental sodium,硫喷妥钠,thiopentalum natricum,thiopental sodique,tiopental de sodio,
thiotetrabarbital,硫替比妥,thiotetrabarbitalum,thiotétrabarbital,tiotetrabarbital,
tolonium chloride,托洛氯铵,tolonii chloridum,chlorure de tolonium,cloruro de tolonio,
tosylchloramide sodium,氯胺T钠,tosylchloramidum natricum,tosylchloramide sodique,tosilcloramida de sodio,
tretamine,曲他胺,tretanunum,trétamine,tretamina,
tricyclamol chloride,三环氯铵,tricyclamoli chloridum,chlorure de tricyclamol,cloruro de triciclamol,
tryparsamide,锥虫胂胺,tryparsamidum,tryparsamide,triparsamida,
viomycin,紫霉素,viomycinum,viomycine,viomicina,
acetylmethadol,醋美沙多,acctylmethadolum,acétylméthadol,acetilmetadol,
alphacetylmethadol,阿醋美沙多,alphacetylmethadolum,alphacétylméthadol,alfacetilmetadol,
alphamethadol,阿法美沙多,alphamethadolum,alphaméthadol,alfametadol,
anileridine,阿尼利定,anileridinum,aniléridine,anileridina,
betacetylmethadol,倍醋美沙多,betacetylmethadolum,bétacétylméthadol,betacetilmetadol,
betaprodine,倍他罗定,betaprodinum,bétaprodine,betaprodina,
desomorphine,地索吗啡,desomorphinum,désomorphine,desomorfina,
dipipanone,地匹哌酮,dipipanonum,dipipanone,dipipanona,
ethoheptazine,依索庚嗪,ethoheptazinum,éthoheptazine,etoheptazina,
methyldihydromorphine,甲二氢吗啡,methyldihydromorphinum,méthyldihydromorphine,metildihidromorfina,
myrophine,麦罗啡,myrophinum,myrophine,mirofina,
normethadone,去甲美沙酮,normethadonum,norméthadone,normetadona,
pheneridine,苯乙利定,pheneridinum,phénéridine,feneridina,
phenomorphan,非诺啡烷,henomorphanum,phénomorphane,fenomorfano,
proheptazine,普罗庚嗪,proheptazinum,proheptazine,proheptazina,
thebacon,醋氢可酮,thebaconum,thébacone,tebacón,
acenocoumarol,醋硝香豆素,acenocoumarolum,acénocoumarol,acenocumarol,
acetazolamide,乙酰唑胺,acetazolamidum,acétazolamide,acetazolamida,
aldosterone,醛固酮,aldosteronum,aldostérone,aldosterona,
ambenonium chloride,安贝氯铵,ambenonii chloridum,chlorure d'ambénonium,cloruro de ambenonio,
ambucaine,氨布卡因,ambucainum,ambucaïne,ambucaína,
ambucetamide,氨布醋胺,ambucetamidum,ambucétamide,ambucetamida,
aminometradine,氨美啶,aminometiadinum,aminométradine,aminometradina,
amiphenazole,阿米苯唑,amiphenazolum,amiphénazol,amifenazol,
amisometradine,阿米美啶,amisometradinum,amisométradine,amisometradina,
amolanone,阿莫拉酮,amolanonum,amolanone,amolanona,
azacyclonol,阿扎环醇,azacyclonolum,azacyclonol,azaciclonol,
bemegride,贝美格,bemegridum,bémégride,bemegrida,
benactyzine,贝那替秦,benactyzinum,bénactyzine,benacticina,
benzonatate,苯佐那酯,benzonatatum,benzonatate,benzonatato,
betazole,倍他唑,betazolum,bétazole,betazol,
bietamiverine,比坦维林,bietamiverinum,biétamivérine,bietamiverina,
busulfan,白消安,busulfanum,busulfan,busulfano,
captodiame,卡普托胺,captodiamum,captodiame,captodiamo,
chlordimorine,氯地吗啉,chlordimorinum,chlordimorine,clordimorina,
chlorhexidine,氯己定,chlorhexidinum,chlorhexidine,clorhexidina,
chloroprocaine,氯普鲁卡因,chloroprocainum,chloroprocaïne,cloroprocaína,
chloroxylenol,氯二甲酚,chloroxylenolum,chloroxylénol,cloroxilenol,
cinnofuradione,辛呋二酮,cinnofuradionum,cinnofuradione,cinofuradiona,
clidinium bromide,克利溴铵,clidinii bromidum,bromure de clidinium,bromuro de clidinio,
crotamiton,克罗米通,crotamitonum,crotamiton,crotamitón,
cryofluorane,克立氟烷,cryofluoranum,cryofluorane,criofluorano,
cyclomethycaine,环美卡因,cyclomethycainum,cyclométhycaïne,ciclometicaína,
cycloserine,环丝氨酸,cycloserinum,cyclosérine,cicloserina,
demecolcine,秋水仙胺,demecolcinum,démécolcine,demecolcina,
deserpidine,地舍平,deserpidinum,déserpidine,deserpidina,
dextromoramide,右吗拉胺,dextromoramidum,dextromoramide,dextromoramida,
dichlorophen,双氯酚,dichlorophenum,dichlorophène,diclorofeno,
dicycloverine,双环维林,dicycloverinum,dicyclovérine,dicicloverina,
dimethoxanate,地美索酯,dimethoxanatum,diméthoxanate,dimetoxanato,
dioxethedrin,二羟西君,dioxethedrinum,dioxéthédrine,dioxetedrina,
diphenadione,二苯茚酮,diphenadionum,diphénadione,difenadiona,
diphenylpyraline,二苯拉林,diphenylpyralinum,diphénylpyraline,difenilpiralina,
dipyrocetyl,地匹乙酯,dipyrocetylum,dipyrocétyl,dipirocetilo,
dyclonine,达克罗宁,dycloninum,dyclonine,diclonina,
ecothiopate iodide,碘依可酯,ecothiopati rodidum,iodure d'écothiopate,ioduro de ecotiopato,
endomycin,恩多霉素,endomycinum,endomycine,endomicina,
ethinamate,炔己蚁胺,ethinamatum,éthinamate,etinamato,
ethotoin,乙苯妥英,ethotoinum,éthotoïne,etotoína,
ethypicone,乙匹康,ethypiconum,éthypicone,etipicona,
etoxeridine,依托利定,etoxeridinum,étoxéridine,etoxeridina,
florantyrone,夫洛梯隆,florantyronum,florantyrone,florantirona,
fluoxymesterone,氟甲睾酮,fluoxymesteronum,fluoxymestérone,fluoximesterona,
forminitrazole,福米硝唑,forminitrazolum,forminitrazol,forminitrazol,
glucurolactone,葡醛内酯,glucurolactonum,glucurolactone,glucurolactona,
halothane,氟烷,halothanum,halothane,halotano,
hexetidine,海克替啶,hexetidinum,hexétidine,hexetidina,
histapyrrodine,希司咯定,histapyrrodinum,histapyrrodine,histapirrodina,
homarylamine,后马胺,homarylaminum,homarylamine,homarilamina,
hydroxyzine,羟嗪,hydroxyzinum,hydroxyzine,hidroxizina,
isometheptene,异美汀,isometheptenum,isométheptène,isometepteno,
isothipendyl,异西喷地,isothipendylum,isothipendyl,isotipendilo,
lauralkonium chloride,劳拉氯铵,lauralkonii chloridum,chlorure de lauralkonium,cloruro de lauralconio,
levomoramide,左吗拉胺,levomoramidum,lévomoramide,levomoramida,
liothyronine,碘塞罗宁,liothyroninum,liothyronine,liotironina,
mecamylamine,美卡拉明,mecamylaminum,mécamylamine,mecamilamina,
mercaptopurine,巯嘌呤,meprobamatum,mercaptopurine,mercaptopurina,
mesuximide,甲琥胺,mesuximidum,mésuximide,mesuximida,
methallenestril,美沙雌酸,methallenestrilum,méthallénestril,metalenestrilo,
methitural,美西妥拉,methituralum,méthitural,metitural,
methocidin,美索菌素,methocidinum,méthocidine,metocidina,
methopromazine,美索丙嗪,methopromazinum,méthopromazine,metopromazina,
methoxyphedrine,甲氧非君,methoxyphedrinum,méthoxyphédrine,metoxifedrina,
methyprylon,甲乙哌酮,methyprylonum,méthyprylone,metiprilón,
midamaline,咪达马林,midamalinum,midamaline,midamalina,
monobenzone,莫诺苯宗,monobenzonum,monobenzone,monobenzona,
morpheridine,吗哌利定,morpheridinum,morphéridine,morferidina,
norethandrolone,诺乙雄龙,notethandrolonum,noréthandrolone,noretandrolona,
norethisterone,炔诺酮,norethisteronum,noréthistérone,noretisterona,
novobiocin,新生霉素,novobiocinum,novobiocine,novobiocina,
nystatin,制霉菌素,nystatinum,nystatine,nistatina,
oleandomycin,竹桃霉素,oleandomycinum,oléandomycine,oleandomicina,
ostreogrycin,奥斯立星,ostreogrycinum,ostréogrycine,ostreogricina,
oxeladin,奥昔拉定,oxeladinum,oxéladine,oxeladina,
oxycinchophen,羟辛可芬,oxycinchophenum,oxycinchophène,oxicincofeno,
pentacynium chloride,喷他氯铵,pentacynii chloridum,chlorure de pentacynium,cloruro de pentacinio,
pentoxyverine,喷托维林,pentoxyverinum,pentoxyvérine,pentoxiverina,
petrichloral,培曲氯醛,petrichloralum,pétrichloral,petricloral,
phenaglycodol,非那二醇,phenaglycodolum,phénaglycodol,fenaglicodol,
phenamazoline,非那唑啉,phenamazolinum,phénamazoline,fenamazolina,
phenmetrazine,芬美曲秦,phenmetrazinum,phenmétrazine,fenmetrazina,
phenobutiodil,碘芬布酸,phenobutiodilum,phénobutiodil,fenobutiodil,
phenoxybenzamine,酚苄明,phenoxybenzaminum,phénoxybenzamine,fenoxibenzamina,
phenoxymethylpenicillin,青霉素V,phenoxymethylpenicillinum,phénoxyméthylpénicilline,fenoximetilpenicilina,
phensuximide,苯琥胺,phensuximidum,phensuximide,fensuximida,
phenythilone,苯西酮,phenythilonum,phénythilone,fenitilona,
phenyltoloxamine,苯托沙敏,phenyltoloxaminum,phényltoloxamine,feniltoloxamina,
phthalylsulfamethizole,酞磺胺美唑,phthalylsulfamethizolum,phtalylsulfaméthizol,ftalilsulfametizol,
pimetremide,匹美酰胺,pimetremidum,pimétrémide,pimetremida,
pipenzolate bromide,溴哌喷酯,pipenzolati bromidum,bromure de pipenzolate,bromuro de pipenzolato,
piperidolate,哌立度酯,piperidolatum,pipéridolate,piperidolato,
prodeconium bromide,丙癸溴铵,prodeconii bromidum,bromure de prodéconium,bromuro de prodeconio,
promazine,丙嗪,promazinum,promazine,promazina,
tetryzoline,四氢唑啉,tetryzolinum,tétryzoline,tetrizolina,
thenalidine,西那利定,thenalidinum,thénalidine,tenalidina,
thyrotrophin,促甲状腺素,thyrotrophinum,thyrotrophine,tirotrofina,
tolbutamide,甲苯磺丁脲,tolbutamidum,tolbutamide,tolbutamida,
tolpronine,托普罗宁,toolproninum,tolpronine,tolpronina,
tridihexethyl iodide,曲地碘铵,tridthexethyli iodidum,iodure de tridihexéthyl,ioduro de tridihexetilo,
trimeperidine,三甲利定,trimeperidinum,trimépéridine,trimeperidina,
triprolidine,曲普利啶,triprolidinum,triprolidine,triprolidina,
vancomycin,万古霉素,vancomycinum,vancomycine,vancomicina,
verazide,维拉烟肼,verazidum,vérazide,verazida,
zoxazolamine,氯苯唑胺,zoxazolaminum,ène,zoxazolamina,
dextropropoxyphene,右丙氧芬,dextropropoxyphenum,dextropropoxyphène,dextropropoxifeno,
dimenoxadol,地美沙多,dimenoxadolum,diménoxadol,dimenoxadol,
levopropoxyphene,左丙氧芬,devoprexyphenum,lévopropoxyphène,levopropoxifeno,
nicomorphine,尼可吗啡,nicomorphinum,nicomorphine,nicomorfina,
norcodeine,去甲可待因,norcodeinum,norcodéine,norcodeína,
normorphine,去甲吗啡,normorphinum,normorphine,normorfina,
noscapine,那可丁,noscapinum,noscapine,noscapina,
acetylmethadol,醋美沙多,acetylmethadolum,acétylméthadol,acetilmetadol,
alphacetylmethadol,阿醋美沙多,alphacetylmethadolum,alphacétylméthadol,alfacetilmetadol,
alphamethadol,阿法美沙多,alphamethadolum,alphaméthadol,alfametadol,
anileridine,阿尼利定,anileridinum,aniléridine,anileridina,
betamethadol,倍他美沙多,betamethadolum,bétaméthadol,betametadol,
betaprodine,倍他罗定,betaprodinum,bétaprodine,betaprodina,
desomorphine,地索吗啡,desomorphinum,désomorphine,desomorfina,
diethylthiambutene,二乙噻丁,diethylthiambutenum,diéthylthiambutène,dietiltiambuteno,
dimethylthiambutene,二甲噻丁,dimethylthiambutcnum,diméthylthiambutène,dimetiltiambuteno,
dipipanone,地匹哌酮,dipipanonum,dipipanone,dipipanona,
hydroxypethidine,羟哌替啶,hydroxypethidinum,hydroxypéthidine,hidroxipetidina,
levallorphan,左洛啡烷,levallor phanum,lévallorphane,levalorfano,
metethoheptazine,美索庚嗪,metethoheptazinum,météthoheptazine,metetoheptazina,
metheptazine,美庚嗪,metheptazinum,métheptazine,metoheptazina,
methyldesorphine,甲地索啡,mcthyldesorphinum,méthyldésorphine,metildesorfina,
methyldihydromorphine,甲二氢吗啡,methyldihydromorphinum,méthyldihydromorphine,metildihidromorfina,
myrophine,麦罗啡,myrophinum,myrophine,mirofina,
normethadone,去甲美沙酮,normelhadonum,norméthadone,normetadona,
phenomorphan,非诺啡烷,phenomorphanum,phénomorphane,fenomorfano,
proheptazine,普罗庚嗪,proheptazinum,proheptazine,proheptazina,
properidine,丙哌利定,properidinum,propéridine,properidina,
trethocanic acid,曲索卡酸,acidum trethocanicum,acide tréthocanique,ácido tretocánico,
alimemazine,阿利马嗪,alimemazinum,alimémazine,alimemazina,
amanozine,阿马诺嗪,amanozinum,amanozine,amanozina,
ambazone,安巴腙,ambazonum,ambazone,ambazona,
aminopromazine,氨丙嗪,aminopromazinum,aminopromazine,aminopromazina,
aminoxytriphene,胺氧曲芬,aminoxytriphenum,aminoxytriphène,aminoxitrifeno,
beclamide,贝克拉胺,beclamidum,béclamide,beclamida,
bialamicol,比拉米可,bialamicolum,bialamicol,bialamicol,
brompheniramine,溴苯那敏,brompheniraminum,bromphéniramine,bromfeniramina,
buphenine,布酚宁,bupheninum,buphénine,bufenina,
buthalital sodium,丁硫妥钠,buthalitalum natricum,buthalital sodique,butalital de sodio,
butopyrammonium iodide,布托碘铵,butopyrammonii iodidum,iodure de butopyrammonium,ioduro de butopiramonio,
chaulmosulfone,乔莫砜,chaulmosulfonum,chaulmosulfone,chaulmosulfona,
chlorazanil,氯拉扎尼,chlorazanilum,chlorazanil,clorazanilo,
chlorbenzoxamine,氯苄沙明,chlorbenzoxaminum,chlorbenzoxamine,clorbenzoxamina,
chlormezanone,氯美扎酮,chlormezanonum,chlormézanone,clormezanona,
chlorothiazide,氯噻嗪,chlorothiazidum,chlorothiazide,clorotiazida,
chlorphenesin,氯苯甘醚,chlorphenesinum,chlorphénésine,clorfenesina,
chlorproguanil,氯丙胍,chlorproguanilum,chlorproguanil,clorproguanil,
chlorzoxazone,氯唑沙宗,chlorzoxazonum,chlorzoxazone,clorzoxazona,
clemizole,克立咪唑,clemizolum,clémizole,clemizol,
clemizole penicillin,克咪西林,clemizolum penicillinum,clémizole pénicilline,clemizol penicilina,
cyclandelate,环扁桃酯,cyclandelatum,cyclandélate,ciclandelato,
cyclobenzaprine,环苯扎林,cyclobenzaprinum,cyclobenzaprine,ciclobenzaprina,
cyclopregnol,环孕醇,cyclopregnolum,cyclopregnol,ciclopregnol,
dequalinium chloride,地喹氯铵,dequalinii chloridum,chlorure de déqualinium,cloruro de decualinio,
dexamethasone,地塞米松,dexamethasonum,dexaméthasone,dexametasona,
diathymosulfone,地百里砜,diathymosulfonum,diathymosulfone,diatimosulfona,
dichlormezanone,二氯嗪酮,dichlormezanonum,dichlormézanone,diclormezanona,
diloxanide,二氯沙奈,diloxanidum,diloxanide,diloxanida,
dimethazan,二甲沙生,dimethazanum,diméthazan,dimetazán,
dimethisterone,地美炔酮,dimethisteronum,diméthistérone,dimetisterona,
diphoxazide,地福沙肼,diphoxazidum,diphoxazide,difoxazida,
dithiazanine iodide,碘二噻宁,dithiazanini iodidum,iodure de dithiazanine,ioduro de ditiazanina,
fluorometholone,氟米龙,fluorometholonum,fluorométholone,fluorometolona,
furmethoxadone,呋甲酮,furmethoxadonum,furméthoxadone,furmetoxadona,
glybuthiazol,格列噻唑,glybuthiazolum,glybuthiazol,glibutiazol,
glyprothiazol,格列丙唑,glyprothiazolum,glyprothiazol,gliprotiazol,
hedaquinium chloride,海达氯铵,hedaquinit chlondum,chlorure d'hédaquinium,cloruro de hedaquinio,
hexadimethrine bromide,海美溴铵,hexadimethrini bromidum,bromure d'hexadiméthrine,bromuro de hexadimetrina,
hydroxindasol,羟吲达醇,hydroxindasolum,hydroxindasol,hidroxindasol,
hydroxychloroquine,羟氯喹,hydroxychloroqumum,hydroxychloroquine,hidroxicloroquina,
imipramine,丙米嗪,imipraminum,imipramine,imipramina,
inproquone,英丙醌,inproquonum,inproquone,inprocuona,
isopropamide iodide,异丙碘铵,isopropamidi iodidum,iodure d'isopropamide,ioduro de isopropamida,
khelloside,凯林苷,isoxsuprinum,khelloside,kelósido,
lysergide,麦角二乙胺,lysergidum,lysergide,lisergida,
mannomustine,甘露莫司汀,mannomustinum,mannomustine,manomustina,
melphalan,美法仑,melphalanum,melphalan,melfalán,
methocarbamol,美索巴莫,methocarbamolum,méthocarbamol,metocarbamol,
methohexital,美索比妥,methohexitalum,méthohexital,metohexital,
methylprednisolone,甲泼尼龙,methylprednisolonum,méthylprednisolone,metilprednisolona,
monophosphothiamine,磷硫胺,monophosphothiaminum,monophosphothiamine,monofosfotiamina,
orphenadrine,奥芬那君,orphenadrinum,orphénadrine,orfenadrina,
oxadimedine,奥沙美定,oxadimedinum,oxadimédine,oxadimedina,
oxanamide,奥沙那胺,oxanamidum,oxanamide,oxanamida,
oxyphenbutazone,羟布宗,oxyphenbutazonum,oxyphenbutazone,oxifenbutazona,
oxyphenisatine,酚丁,oxyphenisatinum,oxyphénisatine,oxifenisatina,
paracetamol,对乙酰氨基酚,paracetamolum,paracétamol,paracetamol,
paridocaine,哌多卡因,paridocainum,paridocaïne,paridocaína,
pasiniazid,帕司烟肼,pasiniazidum,pasiniazide,pasiniazida,
phenactropinium chloride,芬托氯铵,phenactropinii chloridum,chlorure de phénactropinium,cloruro de fenactropinio,
pheniramine,非尼拉敏,pheniraminum,phéniramine,feniramina,
phenyracillin,苯拉西林,phenyracillinum,phényracilline,feniracilina,
piprinhydrinate,哌海茶碱,piprinhydrinatum,piprinhydrinate,piprinhidrinato,
polybenzarsol,聚苯胂酸,polybenzarsolum,polybenzarsol,polibenzarsol,
poskine,泊司肯,poskinum,poskine,posquina,
propiomazine,丙酰马嗪,propiomazinum,propiomazine,propiomazina,
pyrazinamide,吡嗪酰胺,pyrazinamidum,pyrazinamide,pirazinamida,
ristocetin,利托菌素,ristocetinum,ristocétine,ristocetina,
salinazid,水杨烟肼,salinazidum,salinazide,salinazid,
sulfaethidole,磺胺乙二唑,sulfaethidolum,sulfaéthidole,sulfaetidol,
sulfamethoxypyridazine,磺胺甲氧嗪,sulfamethoxypyridazinum,sulfaméthoxypyridazine,sulfametoxipiridazina,
sulfinpyrazone,磺吡酮,sulfinpyrazonum,sulfinpyrazone,sulfinpirazona,
sulocarbilate,磺卡酯,sulocarbilatum,sulocarbilate,sulocarbilato,
thalidomide,沙利度胺,thalidomidum,thalidomide,talidomida,
thiocolchicoside,硫秋水仙苷,thiocolchicosidum,thiocolchicoside,tiocolchicósido,
thiopropazate,醋酸奋乃静,thiopropazatum,thiopropazate,tiopropazato,
thioridazine,硫利达嗪,thioridazinum,thioridazine,tioridazina,
triacetin,三醋汀,triacetinum,triacétine,triacetina,
triamcinolone,曲安西龙,triamcinolonum,triamcinolone,triamcinolona,
tropigline,托品林,tropiglinum,tropigline,tropiglina,
xylometazoline,赛洛唑啉,xylometazolinum,ène,xilometazolina,
allylprodine,烯丙罗定,allylprodinum,allylprodine,alilprodina,
benzethidine,苄替啶,benzethidinum,benzéthidine,bencetidina,
furethidine,呋替啶,furethidinum,furéthidine,furetidina,
levophenacylmorphan,左芬啡烷,levophenacylmorphanum,lévophénacylmorphane,levofenacilmorfano,
metazocine,美他佐辛,metazocinum,métazocine,metazocina,
norlevorphanol,去甲左啡诺,norlevorphanolum,norlévorphanol,norlevorfanol,
phenazocine,非那佐辛,phenazocinum,phénazocine,fenazocina,
piminodine,匹米诺定,piminodinum,piminodine,piminodina,
thyropropic acid,甲状丙酸,acidum thyropropicum,acide thyropropique,ácido tiroprópico,
aminoglutethimide,氨鲁米特,aminoglutethimidum,aminoglutéthimide,aminoglutetimida,
amphenidone,安非尼酮,amphenidonum,amphénidone,amfenidona,
anisindione,茴茚二酮,anisindionum,anisindione,anisindiona,
benzthiazide,苄噻嗪,benzthiazidum,benzthiazide,benztiazida,
biperiden,比哌立登,biperidenum,bipéridène,biperideno,
bunamiodyl,丁碘桂酸,bunamiodylum,bunamiodyl,bunamiodilo,
butadiazamide,布他酰胺,butadiazamidum,butadiazamide,butadiazamida,
calcium carbimide,氰胺钙,calcii carbimidum,carbimide calcique,carbimida cálcica,
carisoprodol,卡立普多,carisoprodolum,carisoprodol,carisoprodol,
chlorphenoxamine,氯苯沙明,chlorphenoxaminum,chlorphénoxamine,clorfenoxamina,
chlorprothixene,氯普噻吨,chlorprothixenum,chlorprothixène,clorprotixeno,
chlorthenoxazine,氯西诺嗪,chlorthenoxazinum,chlorthénoxazine,clortenoxazina,
chymotrypsin,糜蛋白酶,chymotrypsinum,chymotrypsine,quimotripsina,
cinnamaverine,桂马维林,cinnamaverinum,cinnamavérine,cinamaverina,
colistin,多粘菌素E,colistinum,colistine,colistina,
cyclophosphamide,环磷酰胺,cyclophosphamidum,cyclophosphamide,ciclofosfamida,
cyproheptadine,赛庚啶,cyproheptadinum,cyproheptadine,ciproheptadina,
demecarium bromide,地美溴铵,demecarii bromidum,bromure de démécarium,bromuro de demecario,
dexbrompheniramine,右溴苯那敏,dexbrompheniraminum,dexbromphéniramine,dexbromfeniramina,
dexchlorpheniramine,右氯苯那敏,dexchlorpheniraminum,dexchlorphéniramine,dexclorfeniramina,
diampromide,地恩丙胺,diampromidum,diampromide,diampromida,
dichlorisone,二氯松,dichlorisonum,dichlorisone,diclorisona,
dieldrin,狄氏剂,dieldrinum,dieldrine,dieldrina,
dipiproverine,双哌维林,dipiproverinum,dipiprovérine,dipiproverina,
ditophal,地托酞,ditophalum,ditophal,ditofal,
emylcamate,依米氨酯,emylcamatum,émylcamate,emilcamato,
ethenzamide,乙水杨胺,ethenzamidum,éthenzamide,etenzamida,
ethionamide,乙硫异烟胺,ethionamidum,éthionamide,etionamida,
ferrocholinate,铁胆盐,ferrocholinatum,ferrocholinate,ferrocolinato,
flumethiazide,氟甲噻嗪,flumethiazidum,fluméthiazide,flumetiazida,
fluphenazine,氟奋乃静,fluphenazinum,fluphénazine,flufenazina,
glucagon,高血糖素,glucagonum,glucagon,glucagón,
griseofulvin,灰黄霉素,griseofulvinum,griséofulvine,griseofulvina,
halopenium chloride,卤培氯铵,halopenii chloridum,chlorure d'halopénium,cloruro de halopenio,
haloperidol,氟哌啶醇,haloperidolum,halopéridol,haloperidol,
hexapropymate,己丙氨酯,hexapropymatum,hexapropymate,hexapropimato,
hexcarbacholine bromide,溴己氨胆碱,hexcarbacholini bromidum,bromure d'hexcarbacholine,bromuro de hexacarbacolina,
homochlorcyclizine,高氯环秦,homochlorcyclizinum,homochlorcyclizine,homoclorciclizina,
hydrargaphen,汞加芬,hydrargaphenum,hydrargaphène,hidrargafeno,
hydrochlorothiazide,氢氯噻嗪,hydrochlorothiazidum,hydrochlorothiazide,hidroclorotiazida,
hydroflumethiazide,氢氟噻嗪,bydroflumethiazidum,hydrofluméthiazide,hidroflumetiazida,
hydroxindasate,羟吲达酯,hydroxindasatum,hydroxindasate,hidroxindasato,
hydroxystenozole,羟雄唑,hydroxystenoozolum,hydroxysténozole,hidroxistenozol,
kanamycin,卡那霉素,kanamycinum,kanamycine,kanamicina,
levisoprenaline,左异丙肾上腺素,levisoprenalinum,lévisoprénaline,levisoprenalina,
mebhydrolin,美海屈林,mebhydrolinum,mebhydroline,mebhidrolina,
mepenzolate bromide,溴美喷酯,mepenzolate bromidum,bromure de mépenzolate,bromuro de mepenzolato,
mephenoxalone,美芬诺酮,mephenoxalonum,méphénoxalone,mefenoxalona,
mestanolone,美雄诺龙,mestanolonum,mestanolone,mestanolona,
metahexamide,美他己脲,metahexamidum,métahexamide,metahexamida,
methaqualone,甲喹酮,methaqualonum,méthaqualone,metacualona,
methazolamide,醋甲唑胺,methazolamidum,méthazolamide,metazolamida,
methdilazine,甲地嗪,methdilazinum,methdilazine,metdilazina,
methotrexate,甲氨蝶呤,methotrexatum,méthotrexate,metotrexato,
methylchromone,甲色酮,methylchromonum,méthylchromone,metilcromona,
nialamide,尼亚拉胺,nialamidum,nialamide,nialamida,
nicothiazone,尼可硫腙,nicothiazonum,nicothiazone,nicotiazona,
nifurethazone,硝呋乙宗,nifurethazonum,nifuréthazone,nifuretazona,
nihydrazone,尼海屈腙,nihydrazonum,nihydrazone,nihidrazona,
norvinisterone,诺乙烯酮,norvinisteronum,norvinistérone,norvinisterona,
octatropine methylbromide,甲溴辛托品,octatropini methylbromidum,méthylbromure d'octatropine,metilbromuro de octatropina,
oxyphencyclimine,羟苄利明,oxyphencycliminum,oxyphencyclimine,oxifenciclimina,
palmidrol,帕米醇,palmidrolum,palmidrol,palmidrol,
penicillinase,青霉素酶,penicillinasum,pénicillinase,penicilinasa,
pentapiperide,戊哌立特,pentapiperidum,pentapipéride,pentapiperida,
phanquinone,泛喹酮,phanquinonum,phanquinone,fanquinona,
phenampromide,非那丙胺,phenampromidum,phénampromide,fenampromida,
phenelzine,苯乙肼,phenelzinum,phénelzine,fenelzina,
phenformin,苯乙双胍,phenforminum,phenformine,fenformina,
phenglutarimide,芬格鲁胺,phenglutarimidum,phenglutarimide,fenglutarimida,
phenprobamate,苯丙氨酯,phenprobamatum,phenprobamate,fenprobamato,
phetharbital,非沙比妥,phetharbitalum,phétharbital,fetarbital,
pipamazine,匹哌马嗪,pipamazinum,pipamazine,pipamazina,
pipethanate,哌沙酯,pipethanatum,pipéthanate,pipetanato,
polycarbophil,聚卡波非,polycarbophilum,polycarbophile,policarbofilo,
procaine,普鲁卡因,procainum,procaïne,procaína,
prothixene,丙噻吨,prothixenum,prothixène,protixeno,
protokylol,普罗托醇,protokylolum,protokylol,protoquilol,
proxyphylline,丙羟茶碱,proxyphyllinum,proxyphylline,proxifilina,
styramate,司替氨酯,styramatum,styramate,estiramato,
sulfachlorpyridazine,磺胺氯达嗪,sulfachlorpyridazinum,sulfachlorpyridazine,sulfaclorpiridazina,
sulfadimethoxine,磺胺地索辛,sulfadimethoxinum,sulfadiméthoxine,sulfadimetoxina,
sulfatolamide,磺胺托拉米,sulfatolamidum,sulfatolamide,sulfatolamida,
syrosingopine,昔罗舍平,syrosingopinum,syrosingopine,sirosingopina,
thiamphenicol,甲砜霉素,thiamphenicolum,thiamphénicol,tianfenicol,
thihexinol methylbromide,甲溴噻昔诺,thihexinoli methylbromidum,méthylbromure de thihexinol,metilbromuro de tihexinol,
thioproperazine,硫丙拉嗪,thioproperazinum,thiopropérazine,tioproperazina,
toloxychlorinol,托洛氯醇,toloxychlorinolum,toloxychlorinol,toloxiclorinol,
triclazate,曲克拉酯,triclazatum,triclazate,triclazato,
triclobisonium chloride,曲比氯铵,triclobisonii chloridum,chlorure de triclobisonium,cloruro de triclobisonio,
trifluoperazine,三氟拉嗪,trifluoperazinum,trifluopérazine,trifluoperazina,
triflupromazine,三氟丙嗪,triflupromazinum,triflupromazine,triflupromazina,
trimethobenzamide,曲美苄胺,trimethobenzamidum,triméthobenzamide,trimetobenzamida,
trolnitrate,三乙硝胺,trolnitratum,ène,trolnitrato,
xenazoic acid,珍那佐酸,acidum xenazoicum,acide xénazoïque,ácido xenazoico,
xenyhexenic acid,珍尼己酸,acidum xenyhexenicum,acide xényhexénique,ácido xenihexénico,
amitriptyline,阿米替林,amitriptylinum,amitriptyline,amitriptilina,
amphotalide,氨苯酞胺,amphotalidum,amphotalide,amfotalida,
aspartocin,门冬托星,asparlocimum,aspartocine,aspartocina,
bamethan,巴美生,bamethanum,baméthan,bametán,
bendroflumethiazide,苄氟噻嗪,bendroflumethiazidum,bendrofluméthiazide,bendroflumetiazida,
benziodarone,苯碘达隆,benziodaronum,benziodarone,benciodarona,
carperidine,卡哌利定,carperidinum,carpéridine,carperidina,
cetohexazine,西托沙嗪,cetohexazinum,cétohexazine,cetohexazina,
chlordiazepoxide,氯氮,chlordiazepoxidum,chlordiazépoxide,clordiazepóxido,
chlormidazole,氯米达唑,chlormidazolum,chlormidazole,clormidazol,
cinnarizine,桂利嗪,cinnarizinum,cinnarizine,cinarizina,
clonitazene,氯尼他秦,clonitazenum,clonitazène,clonitaceno,
cloquinate,氯喹那特,cloquinatum,cloquinate,cloquinato,
crotoniazide,丁烯烟肼,crotoniazidum,crotoniazide,crotoniazida,
detrothyronine,右甲状宁,detrothyroninum,détrothyronine,detrotironina,
dexpanthenol,右泛醇,dexpanthenolum,dexpanthénol,dexpantenol,
diisopromine,地索普明,diisoprominum,diisopromine,diisopromina,
disulfamide,二磺法胺,disulfamidum,disulfamide,disulfamida,
ethosuximide,乙琥胺,cthosuximídum,éthosuximide,etosuximida,
guanethidine,胍乙啶,guancthidinum,guanéthidine,guanetidina,
haloprogesterone,卤孕酮,haloprogesteronum,haloprogestérone,haloprogesterona,
hydromorphinol,氢吗啡醇,hydromorphinolum,hydromorphinol,hidromorfinol,
hydroxocobalamin,羟钴胺,hydroxocobalaminum,hydroxocobalamine,hidroxocobalamina,
iminophenimide,伊苯亚胺,iminophenimidum,iminophénimide,iminofenimida,
isoaminile,异米尼尔,isoaminilum,isoaminile,isoaminilo,
isocarboxazid,异卡波肼,isocarboxazidum,isocarboxazide,isocarboxazida,
methastyridone,美沙烯酮,methastyridonum,méthastyridone,metastiridona,
methoserpidine,美索舍平,mcthoserpidinum,méthoserpidine,metoserpidina,
methoxyflurane,甲氧氟烷,methoxyfluranum,méthoxyflurane,metoxiflurano,
metronidazole,甲硝唑,metronidazolum,métronidazole,metronidazol,
naphthonone,萘索酮,naphthononum,naphtonone,naftonona,
nealbarbital,尼阿比妥,nealbarbitalum,néalbarbital,nealbarbital,
nifuroxime,硝呋醛肟,nifuroximum,nifuroxime,nifuroxima,
nitrofurantoin,呋喃妥因,nitrofurantomum,nitrofurantoïne,nitrofurantoína,
oxymetholone,羟甲烯龙,oxymetholonum,oxymétholone,oximetolona,
phendimetrazine,苯甲曲秦,phendimetrazinum,phendimétrazine,fendimetrazina,
pheniprazine,苯异丙肼,pheniprazinum,phéniprazine,feniprazina,
phenprocoumon,苯丙香豆素,phenprocoumonum,phenprocoumone,fenprocumon,
piperacetazine,哌西他嗪,piperacctazinum,pipéracétazine,piperacetazina,
piperylone,哌立酮,piperylonum,pipérylone,piperilona,
piprocurarium iodide,哌库碘铵,piprocurarii iodilum,iodure de piprocurarium,ioduro de piprocurario,
prampine,普兰品,prampinum,prampine,prampina,
pyrophendane,吡咯芬登,pyrophendanum,pyrophendane,pirofendano,
quinethazone,喹乙宗,quinethazonum,quinéthazone,quinetazona,
rolitetracycline,罗利环素,rolitetracyclinum,rolitétracycline,rolitetraciclina,
salazosulfadimidine,柳氮磺嘧啶,salazosulfadimidinum,salazosulfadimidine,salazosulfadimidina,
spironolactone,螺内酯,spironolactonum,spironolactone,espironolactona,
sulfamonomethoxine,磺胺间甲氧嘧啶,sulfamonomethoxinum,sulfamonométhoxine,sulfamonometoxina,
thiram,塞仑,thiramum,thirame,tiramo,
trichlormethiazide,三氯噻嗪,trichlormethiazidum,trichlorméthiazide,triclormetiazida,
trichlormethine,三氯氮芥,trichlormethinum,trichlorméthine,triclormetina,
triparanol,曲帕拉醇,triparanolum,triparanol,triparanol,
tropenziline bromide,溴托齐林,tropenzilini bromidum,bromure de tropenziline,bromuro de tropenzolina,
tropicamide,托吡卡胺,tropicamidum,tropicamide,tropicamida,
xenthiorate,珍替奥酯,xenthioratum,xenthiorate,xentiorato,
acetohexamide,醋酸己脲,acetohexamidum,acétohexamide,acetohexamida,
aminocaproic acid,氨基己酸,acidum aminocaproicum,acide aminocaproïque,ácido aminocapróico,
foscolic acid,膦乳酸,acidum foscolicum,acide foscolique,ácido foscólico,
aconiazide,阿考烟肼,aconiazidum,aconiazide,aconiazida,
amfecloral,安非氯醛,amfecloralum,amfécloral,anfecloral,
amfomycin,安福霉素,amfomycinum,amfomycine,anfomicina,
angiotensinamide,血管紧张素胺,angiotensinamidum,angiotensinamide,angiotensinamida,
aprofene,阿普罗芬,aprofenum,aprofène,aprofeno,
atropine oxide,氧阿托品,atropin oxydum,atropine oxyde,óxido de atropina,
azathioprine,硫唑嘌呤,azathioprinum,azathioprine,azatioprina,
bamipine,巴米品,bamipinum,bamipine,bamipina,
bendazol,地巴唑,bendazolum,bendazol,bendazol,
benzindopyrine,苄吲吡林,benzindopyrinum,benzindopyrine,bencindopirina,
benzopyrronium bromide,苯吡溴铵,benzopyrronii bromidum,bromure de benzopyrronium,bromuro de benzopirronio,
benzpiperylone,苄哌立隆,benzpiperylonum,benzpipérylone,benzpiperilona,
bibenzonium bromide,比苯溴铵,bibenzonii bromidum,bromure de bibenzonium,bromuro de bibenzonio,
bromchlorenone,溴氯唑酮,bromchlorenonum,bromchlorénone,bromclorenona,
brometenamine,溴美那明,brometenaminum,brométénamine,brometenamina,
bromindione,溴茚二酮,bromindionum,bromindione,bromindiona,
broxaldine,溴沙定,broxaldinum,broxaldine,broxaldina,
broxyquinoline,溴羟喹啉,broxyquinolinum,broxyquinoline,broxiquinolina,
bucetin,布西丁,bucetinum,bucétine,bucetina,
butamoxane,布他莫生,butamoxanum,butamoxane,butamoxano,
butynamine,布替那明,butynaminum,butynamine,butinamina,
camylofin,卡米罗芬,camylofinum,camylofine,camilofina,
capreomycin,卷曲霉素,capreomycinum,capréomycine,capreomicina,
carfenazine,卡奋乃静,carfenazinum,carfénazine,carfenazina,
cetoxime,西托肟,cetoximum,cétoxime,cetoxima,
chloracyzine,氯拉西嗪,chloracyzinum,chloracyzine,cloracizina,
chloralodol,氯醛己醇,chloralodolum,chloralodol,cloralodol,
chlorproethazine,氯丙沙嗪,chlorproethazinum,chlorproéthazine,clorproetazina,
chlortalidone,氯噻酮,chlortaliddonum,chlortalidone,clortalidona,
cintramide,辛曲胺,cintramidum,cintramide,cintramida,
clofedanol,氯苯达诺,clofedanolum,clofédanol,clofedanol,
clometocillin,氯甲西林,clometocillinum,clométocilline,clometocilina,
clomifene,氯米芬,clomifenum,clomifène,clomifeno,
clopenthixol,氯哌噻吨,clopenthixolum,clopenthixol,clopentixol,
cyclobutyrol,环丁酸醇,cyclobutyrolum,cyclobutyrol,ciclobutirol,
cyclopenthiazide,环戊噻嗪,cyclopenthiazidum,cyclopenthiazide,ciclopentiazida,
cyclopyrronium bromide,环吡溴铵,cyclopyrronii bromidum,bromure de cyclopyrronium,bromuro de ciclopirronio,
cyclothiazide,环噻嗪,cyclothiazidum,cyclothiazide,ciclotiazida,
defosfamide,地磷酰胺,defosfamidum,défosfamide,defosfamida,
deptropine,地普托品,deptropinum,deptropine,deptropina,
diazoxide,二氮嗪,diazoxidum,diazoxide,diazóxido,
difencloxazine,二苯沙秦,difencloxazinum,difencloxazine,difencloxazina,
dimethadione,二甲双酮,dimethadionum,diméthadione,dimetadiona,
dioxamate,地奥氨酯,dioxamatum,dioxamate,dioxamato,
diprofene,地普罗芬,diprofenum,diprofène,diprofeno,
disopyramide,丙吡胺,disopyramidum,disopyramide,disopiramida,
droxypropine,羟普罗平,droxypropinum,droxypropine,droxipropina,
dydrogesterone,地屈孕酮,dydrogesteronum,dydrogestérone,didrogesterona,
epiestriol,表雌三醇,epiestriolum,épiestriol,epiestriol,
epipropidine,依匹哌啶,epipropidinum,épipropidine,epipropidina,
etaminile,依他米尼,etaminilum,étaminile,etaminilo,
etamivan,香草二乙胺,etamivanum,étamivan,etamiván,
etebenecid,乙磺舒,etebenecidum,étébénécide,etebenecida,
ethomoxane,乙氧莫生,ethomoxanum,éthomoxane,etomoxano,
etryptamine,乙色胺,etryptaminum,étryptamine,etriptamina,
etybenzatropine,乙苯托品,etybenzatropinum,étybenzatropine,etibenzatropina,
febarbamate,非巴氨酯,febarbamatum,fébarbamate,febarbamato,
fenadiazole,酚二唑,fenadiazolum,fénadiazol,fenadiazol,
fenbutrazate,芬布酯,fenbutrazatum,fenbutrazate,fenbutrazato,
fencamfamin,芬坎法明,fencamfaminum,fencamfamine,fencanfamina,
fenoxazoline,非诺唑啉,fenoxazolinum,fénoxazoline,fenoxazolina,
fenoxypropazine,苯氧丙肼,fenoxypropazinum,fénoxypropazine,fenoxipropazina,
fenyramidol,非尼拉多,fenyramidolum,fényramidol,feniramidol,
fludroxycortide,氟氢缩松,fludroxycortidum,fludroxycortide,fludroxicortida,
fluoresone,氟苯乙砜,fluoresonum,fluorésone,fluoresona,
ftivazide,异烟腙,ftivazidum,ftivazide,ftivazida,
ganglefene,更利芬,ganglefenum,ganglefène,ganglefeno,
glycopyrronium bromide,格隆溴铵,glycopyrronii bromidum.,bromure de glycopyrronium,bromuro de glicopirronio,
glycyclamide,格列环脲,glycyclamidum,glycyclamide,gliciclamida,
glysobuzole,格列布唑,glysobuzolum,glysobuzole,glisobuzol,
haletazole,哈利他唑,haletazolum,halétazole,haletazol,
heptolamide,海托磺脲,heptolamidum,heptolamide,heptolamida,
hexapradol,己普拉醇,hexapradolum,hexapradol,hexapradol,
indopine,吲哚平,indopinum,indopine,indopina,
levamfetamine,左苯丙胺,levamfetaminum,lévamfétamine,levanfetamina,
levopropicillin,左普匹西林,levopropicillinum,lévopropicilline,levopropicilina,
mebutamate,美布氨酯,mebutamatum,mébutamate,mebutamato,
mecloqualone,甲氯喹酮,mecloqualonum,mécloqualone,meclocualona,
mefeclorazine,美非氯嗪,mefeclorazinum,méféclorazine,mefeclorazina,
melarsonyl potassium,美拉胂钾,melarsonylum kalicum,mélarsonyl potassique,melarsonilo de potasio,
mestranol,美雌醇,mestranolum,mestranol,mestranol,
metacycline,美他环素,metacyclinum,métacycline,metaciclina,
metaglycodol,美他二醇,metaglycodolum,métaglycodol,metaglicodol,
metamfazone,美坦法宗,metamfazonum,métamfazone,metanfazona,
metandienone,美雄酮,metandienonum,métandiénone,metandienona,
metenolone,美替诺龙,metenolonum,méténolone,metenolona,
metetoin,美替妥英,metetoinum,mététoïne,metetoína,
methyldopa,甲基多巴,methyldopum,méthyldopa,metildopa,
meticillin,甲氧西林,meticillinum,méticilline,meticilina,
metofoline,甲氧夫啉,metofolinum,métofoline,metofolina,
moroxydine,吗啉胍,moroxydinum,moroxydine,moroxidina,
nanofin,那诺芬,nanofinum,nanofine,nanofina,
nicocodine,尼可待因,nicocodinum,nicocodine,nicocodina,
noracymethadol,诺美沙多,noracymethadolum,noracyméthadol,noracimetadol,
nortriptyline,去甲替林,nortriptylinum,nortriptyline,nortriptilina,
noxytiolin,诺昔硫脲,noxytiolinum,noxytioline,noxitiolina,
opiniazide,奥匹烟肼,opiniazidum,opiniazide,opiniazida,
oxandrolone,氧雄龙,oxandrolonum,oxandrolone,oxandrolona,
oxymesterone,羟甲睾酮,oxymesteronum,oxymestérone,oximesterona,
oxypertine,奥昔哌汀,oxypertinum,oxypertine,oxipertina,
paramethasone,帕拉米松,paramethasonum,paraméthasone,parametasona,
penicillamine,青霉胺,penicillaminum,pénicillamine,penicilamina,
pentamoxane,喷他莫生,pentamoxanum,pentamoxane,pentamoxano,
pipacycline,匹哌环素,pipacyclinum,pipacycline,pipaciclina,
pipazetate,匹哌氮酯,pipazetatum,pipazétate,pipazetato,
polynoxylin,聚诺昔林,polynoxylinum,polynoxyline,polinoxilina,
polythiazide,泊利噻嗪,polythiazidum,polythiazide,politiazida,
prenylamine,普尼拉明,prenylaminum,prénylamine,prenilamina,
pridinol,普立地诺,pridinolum,pridinol,pridinol,
prodilidine,普地利定,prodilidinum,prodilidine,prodilidina,
propinetidine,丙哌替定,propinetidinum,propinétidine,propinetidina,
psilocybine,赛洛西宾,psilocybinum,psilocybine,psilocibina,
pyritinol,吡硫醇,pyritinolum,pyritinol,piritinol,
roflurane,罗氟烷,rofluranum,roflurane,roflurano,
secbutabarbital,仲丁比妥,secbutabarbitalum,secbutabarbital,secbutabarbital,
solypertine,索立哌汀,solypertinum,solypertine,solipertina,
spirazine,螺拉秦,spirazinum,spirazine,espirazina,
sulfacarbamide,磺胺脲,sulfacarbamidum,sulfacarbamide,sulfacarbamida,
sulfalene,磺胺林,sulfalenum,sulfalène,sulfaleno,
sulfametomidine,磺胺托嘧啶,sulfametomidinum,sulfamétomidine,sulfametomidina,
sulfamoxole,磺胺唑,sulfamoxolum,sulfamoxole,sulfamoxol,
sulfasymazine,磺胺均三嗪,sulfasymazinum,sulfasymazine,sulfasimazina,
symetine,昔美汀,symetinum,symétine,simetina,
teclothiazide,四氯噻嗪,teclothiazidum,téclothiazide,teclotiazida,
teflurane,替氟烷,tefluranum,téflurane,teflurano,
thiohexamide,甲硫己脲,thiohexamidum,thiohexamide,tiohexamida,
tifencillin,替芬西林,tifencillinum,tifencilline,tifencilina,
tigloidine,替格洛定,tigloidinum,tigloïdine,tigloidina,
tolazamide,妥拉磺脲,tolazamidum,tolazamide,tolazamida,
tolboxane,托硼生,tolboxanum,tolboxane,tolboxano,
tolpentamide,托喷磺脲,tolpentamidum,tolpentamide,tolpentamida,
tozalinone,托扎啉酮,tozalinonum,tozalinone,tozalinona,
vinblastine,长春碱,vinblastinum,vinblastine,vinblastina,
vinylbital,乙烯比妥,vinylbitalum,vinylbital,vinilbital,
xanthiol,占噻吨,xanthiolum,xanthiol,xantiol,
xantocillin,占托西林,xantocillinum,xantocilline,xantocilina,
xenysalate,珍尼柳酯,xenysalatum,xénysalate,xenisalato,
tigloidine,替格洛定,tigloidinum,tigloïdine,tigloidina,
triamterene,氨苯蝶啶,triamterenum,triamtérène,triamtereno,
aceclidine,醋克利定,aceclidinum,acéclidine,aceclidina,
acetiamine,乙酰硫胺,acetiaminum,acétiamine,acetiamina,
acetryptine,乙酰色胺,acetryptinum,acétryptine,acetriptina,
acetylcysteine,乙酰半胱氨酸,acetylcysteinum,acétylcystéine,acetilcisteína,
clofenamic acid,氯芬那酸,acidum clofenamicum,acide clofénamique,ácido clofenámico,
flufenamic acid,氟芬那酸,acidum flufenamicum,acide flufénamique,ácido flufenámico,
fusidic acid,夫西地酸,acidum fusidicum,acide fusidique,ácido fusídico,
fytic acid,植酸,acidum fyticum,acide fytique,ácido fítico,
iotalamic acid,碘他拉酸,acidum iotalamicum,acide iotalamique,ácido iotalámico,
kainic acid,卡英酸,acidum kainicum,acide kaïnique,ácido kaínico,
mefenamic acid,甲芬那酸,acidum mefenamicum,acide méfénamique,ácido mefenámico,
nalidixic acid,萘啶酸,acidum nalidixicum,acide nalidixique,ácido nalidíxico,
acrisorcin,吖啶琐辛,acrisorcinum,acrisorcine,acrisorcina,
albutoin,阿布妥因,albutoinum,albutoïne,albutoína,
aloxiprin,阿洛普令,aloxiprinum,aloxiprine,aloxiprina,
altizide,阿尔噻嗪,altizidum,altizide,altizida,
ambomycin,安波霉素,amhomycinum,ambomycine,ambomicina,
amfepramone,安非拉酮,amfepramonum,amfépramone,anfepramona,
ampicillin,氨苄西林,ampicillinum,ampicilline,ampicilina,
ampyrimine,安匹立明,ampyriminum,ampyrimine,ampiramina,
anilamate,阿尼拉酯,anilamatum,anilamate,anilamato,
argipressin,精氨加压素,argipressinum,argipressine,argipresina,
argiprestocin,精氨缩宫素,argiprestocinum,argiprestocine,argiprestocina,
azotomycin,阿佐霉素,azotomycinum,azotomycine,azotomicina,
batilol,鲨肝醇,batilolum,batilol,batilol,
benfotiamine,苯磷硫胺,benfotiaminum,benfotiamine,benfotiamina,
bentiamine,苯甲硫胺,bentiaminum,bentiamine,bentiamina,
benzarone,苯扎隆,benzaronum,benzarone,benzarona,
benzbromarone,苯溴马隆,benzbromaronum,benzbromarone,benzbromarona,
benzilonium bromide,苯咯溴铵,benzilonii bromidum,bromure de benzilonium,bromuro de bencilonio,
benzquinamide,苯喹胺,benzquinamidum,benzquinamide,benzquinamida,
betahistine,倍他司汀,betahistinum,bétahistine,betahistina,
betanidine,倍他尼定,betanidinum,bétanidine,betanidina,
betoxycaine,贝托卡因,betoxycainum,bétoxycaïne,betoxicaína,
bisacodyl,比沙可啶,bisacodylum,bisacodyl,bisacodilo,
bisbentiamine,双苯酰硫胺,bisbentiaminum,bisbentiamine,bisbentiamina,
bolasterone,勃拉睾酮,bolasteronum,bolastérone,bolasterona,
bromacrylide,溴马利特,bromacrylidum,bromacrylide,bromacrilida,
bufenadrine,丁苯那胺,bufenadrinum,bufénadrine,bufenadrina,
butaperazine,布他哌嗪,butaperazinum,butapérazine,butaperazina,
butaverine,布他维林,butaverinum,butavérine,butaverina,
butizide,布噻嗪,butizidum,butizide,butizida,
butopiprine,布托哌林,butopiprinum,butopiprine,butopiprina,
carsalam,卡沙兰,carsalamum,carsalam,carsalam,
clobenztropine,氯苄托品,clobenztropinum,clobenztropine,clobenzotropina,
clodacaine,氯达卡因,clodacainum,clodacaïne,clodacaína,
clodantoin,氯登妥因,clodantoinum,clodantoïne,clodantoina,
clofenamide,氯非那胺,clofenamidum,clofénamide,clofenamida,
clofibrate,氯贝丁酯,clofibratum,clofibrate,clofibrato,
clonitrate,氯硝甘油,clonitratum,clonitrate,clonitrato,
clopamide,氯帕胺,clopamidum,clopamide,clopamida,
cloral betaine,氯醛甜菜碱,cloralum betainum,cloral bétaïne,cloral betaína,
clorindione,氯茚二酮,clorindionum,clorindione,clorindiona,
cloxacillin,氯唑西林,cloxacillinum,cloxacilline,cloxacilina,
colecalciferol,维生素D3,colecalciferolum,colécalciférol,colecalciferol,
coumetarol,库美香豆素,coumetarolum,coumétarol,cumetarol,
cyamemazine,氰美马嗪,cyamemazinum,cyamémazine,ciamemazina,
cyclarbamate,环拉氨酯,cyclarbamatum,cyclarbamate,ciclarbamato,
cyclomenol,环美酚,cyclomenolum,cycloménol,ciclomenol,
cyclovalone,环香草酮,cyclovalonum,cyclovalone,ciclovalona,
desipramine,地昔帕明,desipraminum,désipramine,desipramina,
dexoxadrol,右奥沙屈,dexoxadrolum,dexoxadrol,dexoxadrol,
diclofenamide,双氯非那胺,diclofenamidum,diclofénamide,diclofenamida,
difenidol,地芬尼多,difenidolum,difénidol,difenidol,
dimefadane,二甲法登,dimefadanum,diméfadane,dimefadano,
dimetindene,二甲茚定,dimetindenum,dimétindène,dimetindeno,
dioxadrol,地奥沙屈,dioxadrolum,dioxadrol,dioxadrol,
dipyridamole,双嘧达莫,dipyridamolum,dipyridamole,dipiridamol,
doxapram,多沙普仑,doxapramum,doxapram,doxapram,
drostanolone,屈他雄酮,drostanolunum,drostanolone,drostanolona,
duazomycin,达佐霉素,duazomycinum,duazomycine,duazomicina,
efloxate,乙氧黄酮,efloxatum,éfloxate,efloxato,
epitizide,依匹噻嗪,epitizidum,épitizide,epitizida,
ethylestrenol,乙雌烯醇,ethylestrenolum,éthylestrénol,etilestrenol,
etoxazene,依托沙秦,etoxazenum,étoxazène,etoxazeno,
etymemazine,乙异丁嗪,etymemazinum,étymémazine,etimemazina,
felypressin,苯赖加压素,felypressinum,félypressine,felipresina,
fenbenicillin,芬贝西林,fenbenicillinum,fenbénicilline,fenbenicilina,
fencarbamide,芬卡米特,fencarbamidum,fencarbamide,fencarbamida,
fenyripol,非尼啶醇,fenyripolum,fényripol,feniripol,
fluanisone,氟阿尼酮,fluanisonum,fluanisone,fluanisona,
flumetasone,氟米松,flumetasonum,flumétasone,flumetasona,
fluorouracil,氟尿嘧啶,fluorouracilum,fluorouracil,fluorouracilo,
fluperolone,氟培龙,fluperolonum,flupérolone,fluperolona,
fluprednisolone,氟泼尼龙,fluprednisolonum,fluprednisolone,fluprednisolona,
flurotyl,氟替尔,flurotylum,flurotyl,flurotilo,
furazolidone,呋喃唑酮,furazolidonum,furazolidone,furazolidona,
galantamine,加兰他敏,galantaminum,galantamine,galantamina,
glucalox,羟甘铝,glucaloxum,glucalox,glucalox,
glypinamide,格列平脲,glypinamidum,glypinamide,glipinamida,
hexadiline,海沙地林,hexadilinum,hexadiline,hexadilina,
hexamidine,己脒定,hexamidinum,hexamidine,hexamidina,
hexopyrronium bromide,海咯溴铵,hexopyrronii bromidum,bromure d'hexopyrronium,bromuro de hexopirronio,
indometacin,吲哚美辛,indometacinum,indométacine,indometacina,
iproclozide,异丙氯肼,iproclozidum,iproclozide,iproclozida,
isoetarine,异他林,isoetarinum,isoétarine,isoetarina,
kitasamycin,吉他霉素,kitasamycinum,kitasamycine,kitasamicina,
leiopyrrole,利奥吡咯,leiopyrrolum,leïopyrrole,leiopirrol,
levoxadrol,左沙屈尔,levoxadrolum,lévoxadrol,levoxadrol,
lincomycin,林可霉素,lincomycinum,lincomycine,lincomicina,
lucimycin,鲁西霉素,lucimycinum,lucimycine,lucimicina,
lynestrenol,利奈孕酮,lynestrenolum,lynestrénol,linestrenol,
lypressin,赖氨加压素,lypressinum,lypressine,lipresina,
mecloxamine,甲氯沙明,mecloxaminum,mécloxamine,mecloxamina,
mecysteine,美司坦,mecysteinum,mécystéine,mecisteína,
megestrol,甲地孕酮,megestrolum,mégestrol,megestrol,
melengestrol,美仑孕酮,melengestrolum,mélengestrol,melengestrol,
meturedepa,美妥替哌,meturedepum,méturédépa,meturedepa,
metyrapone,美替拉酮,metyraponum,métyrapone,metirapona,
molinazone,吗林那宗,molinazonum,molinazone,molinazona,
morinamide,吗啉米特,morinamidum,morinamide,morinamida,
nafcillin,萘夫西林,nafcillinum,nafcilline,nafcilina,
naloxone,纳洛酮,naloxonum,naloxone,naloxona,
niclosamide,氯硝柳胺,niclosamidum,niclosamide,niclosamida,
nonapyrimine,诺那吡胺,nonapyriminum,nonapyrimine,nonapirimina,
noretynodrel,异炔诺酮,noretynodrelum,norétynodrel,noretinodrel,
octotiamine,奥托硫胺,octotiaminum,octotiamine,octotiamina,
ortetamine,奥替他明,ortetaminum,ortétamine,ortetamina,
oxetacaine,奥昔卡因,oxetacainum,oxétacaïne,oxetacaína,
oxomemazine,奥索马嗪,oxomemazinum,oxomémazine,oxomemazina,
oxonazine,氧那嗪,oxonazinum,oxonazine,oxonazina,
oxybutynin,奥昔布宁,oxybutyninum,oxybutynine,oxibutinina,
oxyclipine,奥昔利平,oxyclipinum,oxyclipine,oxiclipina,
oxyfenamate,奥芬氨酯,oxyfenamatum,oxyfénamate,oxifenamato,
oxymetazoline,羟甲唑啉,oxymetazolinum,oxymétazoline,oximetazolina,
oxypendyl,奥昔喷地,oxypendylum,oxypendyl,oxipendilo,
oxypyrronium bromide,羟吡溴铵,oxypyrronii bromidum,bromure d'oxypyrronium,bromuro de oxipirronio,
oxytocin,缩宫素,oxytocinum,oxytocine,oxitocina,
pargyline,帕吉林,pargylinum,pargyline,pargilina,
paxamate,帕沙马酯,paxamatum,paxamate,paxamato,
pentabamate,喷他氨酯,pentabamatum,pentabamate,pentabamato,
pentalamide,喷他胺,pentalamidum,pentalamide,pentalamida,
periciazine,哌氰嗪,periciazinum,périciazine,periciazina,
picloxydine,哌氯定,picloxydinum,picloxydine,picloxidina,
pimetine,匹美汀,pimetinum,pimétine,pimetina,
prednisolamate,泼尼索酯,prednisolamatum,prednisolamate,prednisolamato,
prednylidene,泼尼立定,prednylidenum,prednylidène,prednilideno,
propetandrol,普罗雄醇,propetandrolum,propétandrol,propetandrol,
propicillin,丙匹西林,propicillinum,propicilline,propicilina,
prosultiamine,丙舒硫胺,prosultiaminum,prosultiamine,prosultiamina,
pyrrocaine,吡咯卡因,pyrrocainum,pyrrocaïne,pirrocaína,
quingestrone,奎孕酮,quingestronum,quingestrone,quingestrona,
renytoline,瑞尼托林,renytolinum,rénytoline,renitolina,
rifamycin,利福霉素,rifamnycinum,rifamycine,rifamicina,
sparsomycin,司帕霉素,sparsomycinum,sparsomycine,esparsomicina,
sparteine,司巴丁,sparteinum,spartéine,esparteína,
spectinomycin,大观霉素,spectinomycinum,spectinomycine,espectinomicina,
stilbazium iodide,司替碘铵,stilbazii iodidum,iodure de stilbazium,ioduro de estilbazio,
streptoniazid,链异烟肼,streptoniazidum,streptoniazide,estreptoniazida,
sucralox,羟糖铝,sucraloxum,sucralox,sucralox,
sultiame,舒噻美,sultiamum,sultiame,sultiamo,
teclozan,替克洛占,teclozanum,téclozan,teclozán,
tiabendazole,噻苯达唑,tiabendazolum,tiabendazol,tiabendazol,
tiemonium iodide,替莫碘胺,tiemondii iodidum,iodure de tiémonium,ioduro de tiemonio,
tifenamil,替芬那米,tifenamiium,tifénamil,tifenamilo,
tolpropamine,托普帕敏,tolpropaminum,tolpropamine,tolpropamina,
tolpyrramide,甲苯磺吡胺,tolpyrramidum,tolpyrramide,tolpirramida,
triclofos,三氯福司,triclofosum,triclofos,triclofós,
trimetamide,曲美吡胺,trimetamidum,trimétamide,trimetamida,
trimipramine,曲米帕明,trimipraminum,trimipramine,trimipramina,
trometamol,氨丁三醇,trometamolum,trométamol,trometamol,
tyloxapol,泰洛沙泊,tyloxapolum,tyloxapol,tiloxapol,
uramustine,乌拉莫司汀,uramustinum,uramustine,uramustina,
uredepa,乌瑞替派,uredepum,urédépa,uredepa,
vinleurosine,长春罗新,vinleurosinum,vinleurosine,vinleurosina,
vinleurosine,长春罗新,vinleurosinum,vinleurosine,vinleurosina,
vinrosidine,长春罗定,vinrosidinum,vinrosidine,vinrosidina,
vinrosidine,长春罗定,vinrosidinum,vinrosidine,vinrosidina,
acecarbromal,醋卡溴脲,acecarbromalum,acécarbromal,acecarbromal,
aceperone,醋哌隆,aceperonum,acépérone,aceperona,
aspartic acid,门冬氨酸,acidum asparticum,acide aspartique,ácido aspártico,
etacrynic acid,依他尼酸,acidum etacrynicum,acide étacrynique,ácido etacrínico,
iobenzamic acid,碘苯扎酸,acidum iobenzamicum,acide iobenzamique,ácido iobenzámico,
acoxatrine,醋群,acoxatrmum,acoxatrine,acoxatrina,
adicillin,阿地西林,adicillinum,adicilline,adicilina,
alcloxa,铝克洛沙,alcloxum,alcloxa,alcloxa,
aldioxa,尿囊素铝,aldioxum,aldioxa,aldioxa,
allopurinol,别嘌醇,allopurinolum,allopurinol,alopurinol,
almecillin,阿美西林,almecillinum,almécilline,almecilina,
amicycline,阿米环素,amicyclinum,amicycline,amiciclina,
aminorex,阿米雷司,aminorexum,aminorex,aminorex,
amiperone,阿米哌隆,amiperonum,amipérone,amiperona,
anisopirol,阿尼哌醇,anisopirolum,anisopirol,anisopirol,
arginine,精氨酸,argininum,arginine,arginina,
azidamfenicol,叠氮氯霉素,azidamfenicolum,azidamfénicol,azidanfenicol,
becantone,贝恩酮,becantonum,bécantone,becantona,
benperidol,苯哌利多,benperidolum,benpéridol,benperidol,
benzetimide,苄替米特,benzetimidum,benzétimide,bencetimida,
bietaserpine,比他舍平,bietaserpinum,biétaserpine,bietaserpina,
bluensomycin,布鲁霉素,bluensomycinum,bluensomycine,bluensomicina,
bronopol,溴硝丙二醇,bronopolum,bronopol,bronopol,
butinoline,布替诺林,butinolinum,butinoline,butinolina,
butoxylate,布托昔酯,butoxylatum,butoxylate,butoxilato,
buzepide metiodide,甲碘布,buzepidi metiodidum,métiodure de buzépide,metioduro de buzepida,
cafedrine,咖啡君,cafedrinum,cafédrine,cafedrina,
capuride,卡普脲,capuridum,capuride,capurida,
carbubarb,卡布比妥,carbubarbum,carbubarbe,carbubarbo,
cefalotin,头孢噻吩,cefalotinum,céfalotine,cefalotina,
cetofenicol,乙酰氯霉素,cetofenicolum,cétofénicol,cetofenicol,
clibucaine,氯丁卡因,clibucainum,clibucaïne,clibucaína,
clofexamide,氯非沙胺,clofexamidum,clofexamide,clofexamida,
clomethiazole,氯美噻唑,clomethiazolum,clométhiazole,clometiazol,
clominorex,氯氨雷司,clominorexum,clominorex,clominorex,
clorindanol,氯茚酚,clorindanolum,clorindanol,clorindanol,
clorprenaline,氯丙那林,clorprenalinum,clorprénaline,clorprenalina,
cotinine,可替宁,cotininum,cotinine,cotinina,
cyclazocine,环佐辛,cyclazocinum,cyclazocine,ciclazocina,
cycliramine,赛利拉敏,cycliraminum,cycliramine,cicliramina,
cytarabine,阿糖胞苷,cytarabinum,cytarabine,citarabina,
dalanated insulin,达仑胰岛素,dalanatum insulinum,insuline dalanatée,insulina dalanatada,
dantron,丹蒽醌,dantronum,dantrone,dantrón,
deferoxamine,去铁胺,deferoxaminum,déferoxamine,deferoxamina,
demecycline,去甲环素,demecyclinum,démécycline,demeciclina,
deslanoside,去乙酰毛花苷,deslanosidum,deslanoside,deslanósido,
dibenzepin,二苯西平,dibenzepinum,dibenzépine,dibenzepina,
dibromsalan,二溴沙仑,dibromsalanum,dibromsalan,dibromsalán,
dimantine,地孟汀,dimantinum,dimantine,dimantina,
dimecolonium iodide,地美碘铵,dimecolonii iodidum,iodure de dimécolonium,ioduro de dimecolonio,
dimelazine,二甲拉嗪,dimelazinum,dimélazine,dimelazina,
dimevamide,地美戊胺,dimevamidum,dimévamide,dimevamida,
domoxin,度莫辛,domoxinum,domoxine,domoxina,
droperidol,氟哌利多,droperidolum,dropéridol,droperidol,
etafedrine,乙非君,etafedrinum,étafédrine,etafedrina,
ethiazide,乙噻嗪,ethiazidum,éthiazide,etiazida,
etoglucid,依托格鲁,etoglucidum,étoglucide,etoglúcido,
etosalamide,依托柳胺,etosalamidum,étosalamide,etosalamida,
etozolin,依托唑啉,etozolinum,étozoline,etozolina,
fenozolone,非诺唑酮,fenozolonum,fénozolone,fenozolona,
fluminorex,氟氨雷司,fluminorexum,fluminorex,fluminorex,
flupentixol,氟哌噻吨,flupentixolum,flupentixol,flupentixol,
formetorex,福美雷司,formetorexum,formétorex,formetorex,
furosemide,呋塞米,furosemidum,furosémide,furosemida,
gefarnate,吉法酯,gefarnatum,géfarnate,gefarnato,
glyoctamide,格列辛脲,glyoctamidum,glyoctamide,glioctamida,
heptabarb,环庚比妥,heptabarbum,heptabarbe,heptabarbo,
heteronium bromide,海特溴铵,heteronii bromidum,bromure d'hétéronium,bromuro de heteronio,
hydracarbazine,肼卡巴嗪,hydracarbazinum,hydracarbazine,hidracarbazina,
hydrobentizide,氢苄噻嗪,hydrobentizidum,hydrobentizide,hidrobentizida,
ibufenac,异丁芬酸,ibufenacum,ibufénac,ibufenaco,
iopydol,碘吡多,iopydolum,iopydol,iopidol,
iopydone,碘吡酮,iopydonum,iopydone,iopidona,
litracen,利曲辛,litracenum,litracène,litraceno,
lymecycline,赖甲环素,lymecyclinum,lymécycline,limeciclina,
meprotixol,美普替索,meprotixolum,méprotixol,meprotixol,
mequinol,对甲氧酚,mequinolum,méquinol,mequinol,
metamfepramone,甲胺苯丙酮,metamfepramonum,métamfépramone,metanfepramona,
metisazone,美替沙腙,metisazonum,métisazone,metisazona,
metixene,美噻吨,metixenum,métixène,metixeno,
metoclopramide,甲氧氯普胺,metoclopramidum,métoclopramide,metoclopramida,
mimbane,米姆苯,mimbanum,mimbane,mimbrano,
minocycline,米诺环素,minocyclinum,minocycline,minociclina,
moperone,莫哌隆,moperonum,mopérone,moperona,
moxisylyte,莫西赛利,moxisylytum,moxisylyte,moxisilita,
nicofuranose,尼可呋糖,nicofuranosum,nicofuranose,nicofuranosa,
nifuroxazide,硝呋齐特,nifuroxazidum,nifuroxazide,nifuroxazida,
nifurthiazole,硝呋噻唑,nifurthiazolum,nifurthiazole,nifurtiazol,
nitrocycline,硝环素,nitrocyclinum,nitrocycline,nifurciclina,
norgesterone,诺孕酮,norgesteronum,norgestérone,norgesterona,
norpipanone,诺匹哌酮,norpipanonum,norpipanone,norpipanona,
octacaine,奥他卡因,octacainum,octacaïne,octacaína,
orciprenaline,奥西那林,orciprenalinum,orciprénaline,orciprenalina,
oxolamine,奥索拉明,oxolaminum,oxolamine,oxolamina,
panthenol,泛醇,panthenolum,panthénol,pantenol,
parapenzolate bromide,溴帕拉喷酯,parapenzolati bromidum,bromure de parapenzolate,bromuro de parapenzolato,
penmesterol,戊甲睾醇,penmesterolum,penmestérol,penmesterol,
penthrichloral,戊氧氯醛,penthrichloralum,penthrichloral,pentricloral,
pimethixene,匹美噻吨,pimethixenum,piméthixène,pimetixeno,
polyetadene,聚依他丁,polyetadenum,polyétadène,polietadeno,
prazepam,普拉西泮,prazepamum,prazépam,prazepam,
prilocaine,丙胺卡因,prilocainum,prilocaïne,prilocaína,
procymate,丙环氨酯,procymatum,procymate,procimato,
prolonium iodide,普罗碘铵,prolonii iodidum,iodure de prolonium,ioduro de prolonio,
pronetalol,丙萘洛尔,pronetalolum,pronétalol,pronetalol,
propanidid,丙泮尼地,propanididum,propanidide,propanidid,
propiolactone,丙内酯,propiolactonum,propiolactone,propiolactona,
protheobromine,丙可可碱,protheobrominum,prothéobromine,proteobromina,
protriptyline,普罗替林,protriptylinum,protriptyline,protriptilina,
prozapine,普罗扎平,prozapinum,prozapine,prozapina,
pyridofylline,吡哆茶碱,pyridofyllinum,pyridofylline,piridofilina,
pyrinoline,吡诺林,pyrinolinum,pyrinoline,pirinolina,
pyrovalerone,吡咯戊酮,pyrovaleronum,pyrovalérone,pirovalerona,
quinacillin,喹那西林,quinacillinum,quinacilline,quinacilina,
quinbolone,奎勃龙,quinbolonum,quinbolone,quinbolona,
quindonium bromide,喹度溴铵,quindonii bromidum,bromure de quindonium,bromuro de quindonio,
quinestrol,炔雌醚,quinestrolum,quinestrol,quinestrol,
rolicyprine,罗利普令,rolicyprinum,rolicyprine,roliciprina,
rutamycin,芦他霉素,rutamycinum,rutamycine,rutamicina,
simtrazene,辛曲秦,simtrazenum,simtrazène,simtrazeno,
spiramide,螺酰胺,spiramidum,spiramide,espiramida,
spiroxasone,螺沙宗,spiroxasonum,spiroxasone,espiroxasona,
spiroxatrine,螺沙群,spiroxatrinum,spiroxatrine,espiroxatrina,
sulazepam,硫西泮,sulazepamum,sulazépam,sulazepam,
sulfamethoxazole,磺胺甲唑,sulfamethoxazolum,sulfaméthoxazole,sulfametoxazol,
sulfaperin,磺胺培林,sulfaperinum,sulfapérine,sulfaperina,
terizidone,特立齐酮,terizidonum,térizidone,terizidona,
theodrenaline,茶碱那林,theodrenalinum,théodrénaline,teodrenalina,
theophylline ephedrine,茶麻黄碱,theophyllinum ephedrinum,théophylline éphédrine,teofilina efedrina,
tigloidine,替格洛定,tigloidinum,tigloïdine,tigloidina,
tiocarlide,硫卡利特,tiocarlidum,tiocarlide,tiocarlida,
tiomesterone,硫甲睾酮,tiomesteronum,tiomestérone,tiomesterona,
tocofersolan,托可索仑,tocofersolanum,tocofersolan,tocofersolán,
tolnaftate,托萘酯,tolnaftatum,tolnaftate,tolnaftato,
tonzonium bromide,通佐溴胺,tonzonii bromidum,bromure de tonzonium,bromuro de tonzonio,
triaziquone,三亚胺醌,triaziquonum,triaziquone,triazicuona,
tribromsalan,三溴沙仑,tribromsalanum,tribromsalan,tribromsalán,
triclofenol piperazine,三氯酚哌嗪,triclofenolum piperazinum,triclofénol pipérazine,triclofenol piperazina,
trimetazidine,曲美他嗪,trimetazidinum,trimétazidine,trimetazidina,
tritoqualine,曲托喹啉,tritoqualinum,tritoqualine,tritocualina,
tybamate,泰巴氨酯,tybamatum,-caïne,tibamato,
aceglutamide,醋谷胺,aceglutamidum,acéglutamide,aceglutamida,
aceprometazine,醋异丙嗪,aceprometazinum,acéprométazine,aceprometazina,
ioglycamic acid,碘甘卡酸,acidum ioglycamicum,acide ioglycamique,ácido ioglicámico,
oxolinic acid,奥索利酸,acidum oxolonicum,acide oxolinique,ácido oxolínico,
actinoquinol,阿克汀喹,actinoquinolum,actinoquinol,actinoquinol,
aklomide,阿克洛胺,aklomidum,aklomide,aclomida,
alfetamine,烯丙他明,alfetaminum,alfétamine,alfetamina,
amantadine,金刚烷胺,amantadinum,amantadine,amantadina,
ampyzine,二甲胺嗪,ampyzinum,ampyzine,ampizina,
anisacril,阿尼沙利,anisacrilum,anisacril,anisacrilo,
antafenite,安他非尼,antafenitum,antafénite,antafenita,
antazonite,安他唑尼,antazonitum,antazonite,antazonita,
antelmycin,安太霉素,antelmycinum,antelmycine,antelmicina,
antienite,安替尼特,antienitum,antiénite,antienita,
atromepine,阿托美品,atromepinum,atromépine,atromepina,
bamifylline,巴米茶碱,bamifyllinum,bamifylline,bamifilina,
benhepazone,苯庚宗,benhepazonum,benhépazone,benhepazona,
benorterone,贝诺特龙,benorteronum,bénortérone,benorterona,
benzydamine,苄达明,benzydaminum,benzydamine,bencidamina,
bezitramide,贝齐米特,bezitramidum,bézitramide,bezitramida,
bromamide,溴马酰胺,bromamidum,bromamide,bromamida,
buramate,布拉氨酯,buramatum,buramate,buramato,
cactinomycin,放线菌素C,cactinomycinum,cactinomycine,cactinomicina,
carbamazepine,卡马西平,carbamazepinum,carbamazépine,carbamazepina,
carbenoxolone,甘珀酸,carbenoxolonum,carbénoxolone,carbenoxolona,
carfimate,卡非氨酯,carfimatum,carfimate,carfimato,
cefaloridine,头孢噻啶,cefaforidinum,céfaloridine,cefaloridina,
cetalkonium chloride,西他氯铵,cetalkonii chloridum,chlorure de cétalkonium,cloruro de cetalconio,
clocinizine,氯西尼嗪,clocinizinum,clocinizine,clocinizina,
clometerone,氯甲孕酮,clometeronum,clométérone,clometerona,
cloponone,氯泊酮,clopononum,cloponone,cloponona,
cloretate,氯乙双酯,cloretatum,clorétate,cloretato,
codoxime,可多克辛,codoximum,codoxime,codoxima,
cortodoxone,可托多松,cortodoxonum,cortodoxone,cortodoxona,
coumamycin,库马霉素,coumamycinum,coumamycine,cumamicina,
cyclexanone,环沙酮,cyclexanonum,cyclexanone,ciclexanona,
cyheptropine,环庚托品,cyheptropinum,cyheptropine,ciheptropina,
cypenamine,苯环戊胺,cypenaminum,cypénamine,cipenamina,
desaspidin,地沙匹定,desaspidinum,désaspidine,desaspidina,
desmethylmoramide,去甲吗米,desmethylmoramidum,desméthylmoramide,desmetilmoramida,
diarbarone,地阿巴隆,diarbaronum,diarbarone,diarbarona,
dimecamine,地美卡胺,dimecaminum,dimécamine,dimecamina,
diponium bromide,地泊溴铵,diponii bromidum,bromure de diponium,bromuro de diponio,
ditolamide,地托胺,ditolamidum,ditolamide,ditolamida,
dosulepin,度硫平,dosulepinum,dosulépine,dosulepina,
doxepin,多塞平,doxepin um,doxépine,doxepina,
embramine,恩布拉敏,embraminum,embramine,embramina,
encyprate,恩环丙酯,encypratum,encyprate,enciprato,
enoxolone,甘草次酸,enoxolonum,énoxolone,enoxolona,
etamsylate,酚磺乙胺,etamsylatum,étamsylate,etamsilato,
etomidate,依托咪酯,etomidatum,étomidate,etomidato,
felipyrine,苯利比林,felipyrinum,félipyrine,felipirina,
fenaclon,非那可隆,fenaclonum,fénaclone,fenaclón,
fenamisal,非那米柳,fenamisalum,fénamisal,fenamisal,
feneritrol,苯丁戊四酯,feneritrolum,fénéritrol,feneritrol,
fenharmane,芬哈孟,fenharmanum,fenharmane,fenharmano,
ferrotrenine,双苏氨铁,ferrotreninum,ferrotrénine,ferrotrenina,
flavoxate,黄酮哌酯,flavoxatum,flavoxate,flavoxato,
fluocortolone,氟可龙,fluocortolonum,fluocortolone,fluocortolona,
fluspirilene,氟司必林,fluspirilenum,fluspirilène,fluspirileno,
fosfestrol,磷雌酚,fosfestrolum,fosfestrol,fosfestrol,
furazolium chloride,呋唑氯铵,furazolii chloridum,chlorure de furazolium,cloruro de furazolio,
fusafungine,夫沙芬净,fusafunginum,fusafungine,fusafungina,
glafenine,格拉非宁,glafeninum,glafénine,glafenina,
glyhexamide,格列己脲,glyhexamidum,glyhexamide,glihexamida,
glymidine sodium,格列嘧啶钠,glymidinum natricum,glymidine sodique,glimidina de sodio,
guanisoquine,胍尼索喹,guanisoquinum,guanisoquine,guanisoquina,
guanoclor,胍氯酚,guanoclorum,guanoclor,guanocloro,
guanoxan,胍生,guanoxanum,guanoxan,guanoxano,
hepzidine,庚齐啶,hepzidinum,hepzidine,hepzidina,
hetacillin,海他西林,hetacillinum,hétacilline,hetacilina,
hexasonium iodide,海松碘铵,hexasonli iodidum,iodure d'hexasonium,ioduro de hexasonio,
hexedine,海克西定,hexedinum,hexédine,hexedina,
hexobendine,海索苯定,hexobendinum,hexobendine,hexobendina,
homofenazine,高氟奋乃静,homofenazinum,homofénazine,homofenazina,
hymecromone,羟甲香豆素,hymecromonum,hymécromone,himecromona,
iodamide,碘达胺,iodamidum,iodamide,iodamida,
iprindole,伊普吲哚,iprindolum,iprindole,iprindol,
ketocaine,凯托卡因,ketocainum,kétocaïne,ketocaína,
levorin,来伏林,levorinum,lévorine,levorina,
lidoflazine,利多氟嗪,lidoflazinum,lidoflazine,lidoflazina,
mebanazine,美巴那肼,mebanazinum,mébanazine,mebanazina,
mebutizide,美布噻嗪,mebutizidum,mébutizide,mebutizida,
meclofenoxate,甲氯芬酯,meclofenoxatum,méclofénoxate,meclofenoxato,
medrogestone,美屈孕酮,medrogestonum,médrogestone,medrogestona,
mefeserpine,美非舍平,mefeserpinum,méféserpine,mefeserpina,
meglumine,葡甲胺,megluminum,méglumine,meglumina,
meladrazine,美拉肼,meladrazinum,méladrazine,meladrazina,
meprednisone,甲泼尼松,meprednisonum,méprednisone,meprednisona,
methaniazide,甲磺烟肼,methaniazidum,méthaniazide,metaniazida,
mexenone,美克西酮,mexenonum,mexénone,mexenona,
mofebutazone,莫非布宗,mofebutazonum,mofébutazone,mofebutazona,
myrtecaine,麦替卡因,myrtecainum,myrtécaïne,mirtecaína,
namoxyrate,纳莫雷特,namoxyratum,namoxyrate,namoxirato,
natamycin,那他霉素,natamycinum,natamycine,natamicina,
neutramycin,中性霉素,neutramycinum,neutramycine,neutramicina,
nicametate,烟卡酯,nicametatum,nicamétate,nicametato,
niceverine,尼西维林,niceverinum,nicévérine,niceverina,
nicodicodine,烟氢可待因,nicodicodinum,nicodicodine,nicodicodina,
nifenazone,尼芬那宗,nifenazonum,nifénazone,nifenazona,
nitrodan,硝旦,nitrodanum,nitrodan,nitrodán,
nitroxoline,硝羟喹啉,nitroxolinum,nitroxoline,nitroxolina,
norboletone,诺勃酮,norboletonum,norbolétone,norboletona,
octamoxin,奥他莫辛,octamoxinum,octamoxine,octamoxina,
opipramol,奥匹哌醇,opipramolum,opipramol,opipramol,
osalmid,柳胺酚,osalmidum,osalmide,osalmida,
oxacillin,苯唑西林,oxacillinum,oxacilline,oxacilina,
oxamarin,奥沙香豆素,oxamarinum,oxamarine,oxamarina,
oxysonium iodide,奥昔碘锍,oxysonii iodidum,iodure d'oxysonium,ioduro de oxisonio,
pecocycline,哌考环素,pecocyclinum,pécocycline,pecociclina,
peliomycin,培利霉素,peliomycinum,péliomycine,peliomicina,
pengitoxin,喷吉妥辛,pengitoxinum,pengitoxine,pengitoxina,
quillifoline,喹利复林,quillifolinum,quillifoline,quilifolina,
quindecamine,喹地卡明,quindecaminum,quindécamine,quindecamina,
quinestradol,奎雌醇,quinestradolum,quinestradol,quinestradol,
quingestanol,奎孕醇,quingestanolum,quingestanol,quingestanol,
relomycin,瑞洛霉素,relomycinum,rélomycine,relomicina,
rifamide,利福米特,rifamidum,rifamide,rifamida,
rolodine,罗咯定,rolodinum,rolodine,rolodina,
salverine,沙维林,salverinum,salvérine,salverina,
sancycline,山环素,sancyclinum,sancycline,sanciclina,
simaldrate,硅镁铝,simaldratum,simaldrate,sorbitani sesquíoleas,
spirilene,螺立林,spirilenum,spirilène,espirileno,
sulclamide,磺氯酰胺,sulclamidum,sulclamide,sulclamida,
sulfanitran,磺胺硝苯,sulfanitranum,sulfanitran,sulfanitrán,
sulfomyxin,磺粘菌素,sulfomyxinum,sulfomyxine,sulfomixina,
symclosene,氯氧三嗪,symclosenum,symclosène,sincloseno,
tenylidone,替尼酮,tenylidonum,ténylidone,tenilidona,
testolactone,睾内酯,testolactonum,testolactone,testolactona,
tiametonium iodide,硫美碘铵,tiametonil iodidum,iodure de tiamétonium,ioduro de tiametonio,
tiamiprine,硫米嘌呤,tiamiprinum,tiamiprine,tiamiprina,
tipepidine,替培啶,tipepidinum,tipépidine,tipepidina,
tofenacin,托芬那辛,tofenacinum,tofénacine,tofenacina,
tramazoline,曲马唑啉,tramazolinum,tramazoline,tramazolina,
triampyzine,曲安吡嗪,triampyzinum,triampyzine,triampizina,
trimetozine,曲美托嗪,trimetozinum,trimétozine,trimetozina,
tyromedan,甲状米登,tyromedanum,tyromédan,tiromedán,
visnadine,维司那定,visnadinum,visnadine,visnadina,
xenytropium bromide,珍托溴铵,xenytropii bromidum,bromure de xénytropium,bromuro de xenitropio,
xylocoumarol,甲苄香豆素,xylocoumarolum,xylocoumarol,xilocumarol,
xyloxemine,二甲苯氧胺,xyloxeminum,-caïne,xiloxemina,
nafcaproic acid,萘己酸,acidum nafcaproicum,acide nafcaproïque,ácido nafcaproico,
sulfaloxic acid,磺胺洛西酸,acidum sulfaloxicum,acide sulfaloxique,ácido sulfalóxico,
tranexamic acid,氨甲环酸,acidum tranexamicum,acide tranexamique,ácido tranexámico,
alloclamide,阿洛拉胺,alloclamidum,alloclamide,aloclamida,
alverine,阿尔维林,alverinum,alvérine,alverina,
amicarbalide,双脒苯脲,amicarbalidum,amicarbalide,amicarbalida,
amiodarone,胺碘酮,amiodaronum,amiodarone,amiodarona,
anagestone,阿那孕酮,anagestonum,anagestone,anagestona,
azabon,阿扎苯胺,azabonum,azabon,azabón,
azacosterol,阿扎胆醇,azacosterolum,azacostérol,azacosterol,
azintamide,阿嗪米特,azintamidum,azintamide,azintamida,
barbexaclone,巴比克隆,barbexaclonum,barbexaclone,barbexaclona,
bencyclane,苄环烷,bencyclanum,bencyclane,benciclano,
biclotymol,双氯麝酚,biclotymolum,biclotymol,biclotimol,
bolmantalate,勃金刚酯,bolmantalatum,bolmantalate,bolmantalato,
buclosamide,丁氯柳胺,buclosamidum,buclosamide,buclosamida,
bunamidine,丁萘脒,bunamidinum,bunamidine,bunamidina,
buquinolate,丁喹酯,buquinolatum,buquinolate,buquinolato,
butanilicaine,布坦卡因,butanilicainum,butanilicaïne,butanilicaína,
butaxamine,布他沙明,butaxaminum,butaxamine,butaxamina,
butidrine,布替君,butidrinum,butidrine,butidrina,
butriptyline,布替林,butriptylinum,butriptyline,butriptilina,
carbazocine,卡巴佐辛,carbazocinum,carbazocine,carbazocina,
carpipramine,卡匹帕明,carpipraminum,carpipramine,carpipramina,
cefaloglycin,头孢来星,cefaloglycinum,céfaloglycine,cefaloglicina,
clamoxyquine,氯胺羟喹,clamoxyquinum,clamoxyquine,clamoxiquina,
clioquinol,氯碘羟喹,clioquinolum,clioquinol,clioquinol,
clocortolone,氯可托龙,clocortolonum,clocortolone,clocortolona,
cloforex,氯福雷司,cloforexum,cloforex,cloforex,
clomocycline,氯莫环素,clomocyclinum,clomocycline,clomociclina,
cloracetadol,氯西他多,cloracetadolum,cloracétadol,cloracetadol,
clotiapine,氯噻平,clotiapinum,clotiapine,clotiapina,
colestyramine,考来烯胺,colestyraminum,colestyramine,colestiramina,
coumafos,库马磷,coumafosum,coumafos,cumafós,
crufomate,克芦磷酯,crufomatum,crufomate,crufomato,
cyacetacide,氰乙酰肼,cyacetacidum,cyacétacide,ciacetacida,
cyprazepam,环丙西泮,cyprazepamum,cyprazépam,ciprazepam,
cyprolidol,环丙利多,cyprolidolum,cyprolidol,ciprolidol,
cyproterone,环丙特龙,cyproteronum,cyprotérone,ciproterona,
dextrofemine,右非明,dextrofeminum,dextrofémine,dextrofemina,
difebarbamate,苯巴氨酯,difebarbamatum,difébarbamate,difebarbamato,
difluanazine,二氟那嗪,difluanazinum,difluanazine,difluanazina,
dihydroergotamine,二氢麦角胺,dihydroergotaminum,dihydroergotamine,dihidroergotamina,
dimethyl sulfoxide,二甲亚砜,dimethyli sulfoxidum,diméthylsulfoxyde,dimetil sulfóxido,
diminazene,二脒那秦,diminazenum,diminazène,diminazeno,
dimpylate,敌匹硫磷,dimpylatum,dimpylate,dimpilato,
dioxation,敌磷,dioxationum,dioxation,dioxatión,
dioxybenzone,二羟苯宗,diaxybenzonum,dioxybenzone,dioxibenzona,
distigmine bromide,溴地斯的明,distigmini bromidum,bromure de distigmine,bromuro de distigmina,
dodeclonium bromide,多地溴铵,dodeclonii bromidum,bromure de dodéclonium,bromuro de dodeclonio,
doxycycline,多西环素,doxycyclinum,doxycycline,doxiciclina,
embutramide,恩丁酰胺,embutramidum,embutramide,embutramida,
epinephrine,肾上腺素,epinephrinum,épinéphrine,epinefrina,
estrazinol,雌秦醇,estrazinolum,estrazinol,estrazinol,
fenamifuril,芬胺呋,fenamifurilum,fénamifuril,fenamifurilo,
fenamole,非那莫,fenamolum,fénamole,fenamol,
fenimide,非尼米特,fenimidum,fénimide,fenimida,
fenpentadiol,芬戊二醇,fenpentadiolum,fenpentadiol,fenpentadiol,
flopropione,夫洛丙酮,flopropionum,flopropione,flopropiona,
floxuridine,氟尿苷,floxuridinum,floxuridine,floxuridina,
flubanilate,氟巴尼酯,flubanilatum,flubanilate,flubanilato,
flugestone,氟孕酮,flugestonum,flugestone,flugestona,
fluindarol,氟茚香豆素,fluindarolum,fluindarol,fluindarol,
flumedroxone,氟美烯酮,flumedroxonum,flumédroxone,flumedroxona,
flusalan,氟沙仑,flusalanum,flusalan,flusalán,
folescutol,七叶吗啉,folescutolum,folescutol,folescutol,
furazabol,夫拉扎勃,furazabolum,furazabol,furazabol,
furfenorex,呋芬雷司,furfenorexum,furfénorex,furfenorex,
guaiactamine,愈创他明,guaiactaminum,guaïactamine,guayactamina,
guaiapate,愈创哌特,guaiapatum,guaïapate,guayapato,
guaifylline,愈创茶碱,guaifyllinum,guaïfylline,guaifilina,
guanacline,胍那克林,guanaclinum,guanacline,guanaclina,
guanoctine,胍诺克汀,guanoctinum,guanoctine,guanoctina,
guanoxyfen,胍诺西芬,guanoxyfenum,guanoxyfène,guanoxifeno,
halocarban,卤卡班,halocarbanum,halocarban,halocarbano,
haloxon,哈洛克酮,haloxonum,haloxone,haloxón,
heptaverine,海他维林,heptaverinum,heptavérine,heptaverina,
hydroxycarbamide,羟基脲,hydroxycarbamidum,hydroxycarbamide,hidroxicarbamida,
ibuprofen,布洛芬,ibuprofenum,ibuprofène,ibuprofeno,
imidoline,咪多林,imidolinum,imidoline,imidolina,
imolamine,伊莫拉明,imolaminum,imolamine,imolamina,
lactulose,乳果糖,lactulosum,lactulose,lactulosa,
mebezonium iodide,美贝碘铵,mebezonii iodidum,iodure de mébézonium,ioduro de mebezonio,
medibazine,美地巴嗪,medibazinum,médibazine,medibazina,
mefruside,美夫西特,mefrusidum,méfruside,mefrusida,
mesoridazine,美索达嗪,mesoridazinum,mésoridazine,mesoridazina,
metabromsalan,美溴沙仑,metabromsalanum,métabromsalan,metabromsalán,
metallibure,美他硫脲,metalliburum,métallibure,metalibura,
metazamide,美他扎咪,metazamidum,métazamide,metazamida,
meticrane,美替克仑,meticranum,méticrane,meticrano,
metindizate,甲茚扎特,metindizatum,métindizate,metindizato,
metofenazate,美托奋乃酯,metofenazatum,métofénazate,metofenazato,
metrifonate,美曲膦酯,metrifonatum,métrifonate,metrifonato,
metyridine,美替立啶,metyridinum,métyridine,metiridina,
nafiverine,萘维林,nafiverinum,nafivérine,nafiverina,
nafoxidine,萘福昔定,nafoxidinum,nafoxidine,nafoxidina,
naftalofos,萘肽磷,naftalofosum,naftalofos,naftalofós,
naftazone,萘醌腙,naftazonum,naftazone,naftazona,
naftypramide,萘普酰胺,naftypramidum,naftypramide,naftipramida,
nifuradene,硝呋拉定,nifuradenum,nifuradène,nifuradeno,
nifurdazil,硝呋达齐,nifurdazilum,nifurdazil,nifurdazilo,
nifurmerone,硝呋美隆,nifurmeronum,nifurmérone,nifurmerona,
nifurprazine,硝呋拉嗪,nifurprazinum,nifurprazine,nifurprazina,
nifursemizone,硝呋米腙,nifursemizonum,nifursémizone,nifursemizona,
nogalamycin,诺拉霉素,nogalamycinum,nogalamycine,nogalamicina,
norfenefrine,去甲苯福林,norfenefrinum,norfénéfrine,norfenefrina,
obidoxime chloride,双复磷,obidoximi chloridum,chlorure d'obidoxime,cloruro de obidoxima,
octafonium chloride,奥他氯铵,octafonii chloridum,chlorure d'octafonium,cloruro de octafonio,
oxyclozanide,羟氯扎胺,oxyclozanidum,oxyclozanide,oxiclozanida,
oxyfedrine,奥昔非君,oxyfedrinum,oxyfédrine,oxifedrina,
paraflutizide,对氟噻嗪,paraflutizidum,paraflutizide,paraflutizida,
pecilocin,培西洛星,pecilocinum,pécilocine,pecilocina,
penamecillin,培那西林,penamecillinum,pénamécilline,penamecilina,
penimepicycline,青哌环素,penimepicyclinum,pénimépicycline,penimepiciclina,
pentorex,喷托雷司,pentorexum,pentorex,pentorex,
pifenate,哌芬酯,pifenatum,pifénate,pifenato,
pipobroman,哌泊溴烷,pipobromanum,pipobroman,pipobromán,
prednazate,泼那扎特,prednazatum,prednazate,prednazato,
procarbazine,丙卡巴肼,procarbazinum,procarbazine,procarbazina,
proglumide,丙谷胺,proglumidum,proglumide,proglumida,
prolintane,普罗林坦,prolintanum,prolintane,prolintano,
propipocaine,丙哌卡因,propipocainum,propipocaïne,propipocaína,
propiram,丙吡兰,propiramum,propiram,propiram,
propyperone,普罗哌隆,propyperonum,propypérone,propiperona,
protionamide,丙硫异烟胺,protionamidum,protionamide,protionamida,
pyridarone,吡达隆,pyridaronum,pyridarone,piridarona,
pyrimitate,嘧硫磷,pyrimitatum,pyrimitate,pirimitato,
pyritidium bromide,匹立溴铵,pyritidii bromidum,bromure de pyritidium,bromuro de piritidio,
pyrrolifene,吡咯利芬,pyrrolifenum,pyrrolifène,pirrolifeno,
quinetalate,喹他酯,quinetalatum,quinétalate,quinetalato,
racefemine,消旋非明,racefeminum,racéfémine,racefemina,
sulisobenzone,舒利苯酮,sulisobenzonum,sulisobenzone,sulisobenzona,
terodiline,特罗地林,terodilinum,térodiline,terodilina,
tetramisole,四米唑,tetramisolum,tétramisole,tetramisol,
tiamizide,硫米齐特,tiamizidum,tiamizide,tiamizida,
tioguanine,硫鸟嘌呤,tioguaninum,tioguanine,tioguanina,
tiotixene,替奥噻吨,tiotixenum,tiotixène,tiotixeno,
tioxolone,噻克索酮,tioxolonum,tioxolone,tioxolona,
tolycaine,托利卡因,tolycainum,tolycaïne,tolicaína,
triclacetamol,三氯他莫,triclacetamolum,triclacétamol,triclacetamol,
triclocarban,三氯卡班,triclocarbanum,triclocarban,triclocarbán,
triclodazol,三氯达唑,triclodazolum,triclodazol,triclodazol,
trifluperidol,三氟哌多,trifluperidolum,triflupéridol,trifluperidol,
trioxysalen,三甲沙林,trioxysalenum,trioxysalène,trioxisaleno,
tylosin,泰洛星,tylosinum,tylosine,tilosina,
urokinase,尿激酶,urokinasum,urokinase,uroquinasa,
verapamil,维拉帕米,verapamilum,vérapamil,verapamilo,
vinglycinate,长春甘酯,vinglycinatum,vinglycinate,vinglicinato,
vintiamol,苯酰乙烯硫胺,vintiamolum,vintiamol,vintiamol,
digitoxin,洋地黄毒苷,digitoxinum,digitoxine,digitoxina,
acefurtiamine,醋糠硫胺,acefurtiaminum,acéfurtiamine,acefurtiamina,
acetorphine,醋托啡,acetorphinum,acétorphine,acetorfina,
acevaltrate,醋戊曲酯,acevaltratum,acévaltrate,acevaltrato,
acevaltrate,醋戊曲酯,acevaltratum,acévaltrate,acevaltrato,
clamidoxic acid,克拉度酸,acidum clamidoxicum,acide clamidoxique,ácido clamidóxico,
meclofenamic acid,甲氯芬那酸,acidum meclofenamicum,acide méclofénamique,ácido meclofenámico,
niflumic acid,尼氟酸,acidum niflumicum,acide niflumique,ácido niflúmico,
nixylic acid,尼克昔酸,acidum nixylicum,acide nixylique,ácido nixílico,
nixylic acid,尼克昔酸,acidum nixylicum,acide nixylique,ácido nixílico,
alcuronium chloride,阿库氯铵,alcuronii chloridum,chlorure d'alcuronium,cloruro de alcuronio,
amantocillin,金刚西林,amantocillinum,amantocilline,amantocilina,
amicibone,阿米西酮,amicibonum,amicibone,amicibona,
amiquinsin,氨喹新,amiquinsinum,amiquinsine,amiquinsina,
antramycin,安曲霉素,antramycinum,antramycine,antramicina,
apicycline,阿哌环素,apicyclinum,apicycline,apiciclina,
beclotiamine,苄氯硫胺,beclotiaminum,béclotiamine,beclotiamina,
broquinaldol,溴喹那多,broquinaldolum,broquinaldol,broquinaldol,
bucolome,布可隆,bucolomum,bucolome,bucolomo,
bupivacaine,布比卡因,bupivacainum,bupivacaïne,bupivacaína,
butetamate,布替他酯,butetamatum,butétamate,butetamato,
candicidin,克念菌素,candicidinum,candicidine,candicidina,
carbocloral,卡波氯醛,carbocloralum,carbocloral,carbocloral,
cetotiamine,西托硫胺,cetotiaminum,cétotiamine,cetotiamina,
cidoxepin,西多塞平,cidoxepinum,cidoxépine,cidoxepina,
cimemoxin,西美莫辛,cimemoxinum,cimémoxine,cimemoxina,
cinanserin,辛那色林,cinanserinum,cinansérine,cinanserina,
cinnopentazone,辛喷他宗,cinnopentazonum,cinnopentazone,cinopentazona,
citicoline,胞磷胆碱,citicolinum,citicoline,citicolina,
clinolamide,环己亚油酰胺,clinolamidum,clinolamide,clinolamida,
clofazimine,氯法齐明,clofaziminum,clofazimine,clofazimina,
clofenciclan,氯苯环仑,clofenciclanum,clofenciclane,clofenciclán,
clofezone,氯非宗,clofezonum,clofézone,clofezona,
clomipramine,氯米帕明,clomipraminum,clomipramine,clomipramina,
cloperidone,氯哌酮,cloperidonum,clopéridone,cloperidona,
cloquinozine,克洛喹嗪,cloquinozinum,cloquinozine,cloquinozina,
clormecaine,氯美卡因,clormecainum,clormécaïne,clormecaína,
cyclazodone,环唑酮,cyclazodonum,cyclazodone,ciclazodona,
cyclofenil,环芬尼,cyclofenilum,cyclofénil,ciclofenilo,
cycotiamine,赛可硫胺,cycotiaminum,cycotiamine,cicotiamina,
cyheptamide,环庚米特,cyheptamidum,cyheptamide,ciheptamida,
cyprenorphine,环丙诺啡,cyprenorphinum,cyprénorphine,ciprenorfina,
cyprodenate,赛普罗酯,cyprodenatum,cyprodénate,ciprodenato,
dantrolene,丹曲林,dantrolenum,dantrolène,dantroleno,
demelverine,地美维林,demelverinum,démelvérine,demelverina,
descinolone,地西龙,descinolonum,descinolone,descinolona,
dextriferron,糊精铁,dextriferronum,dextriferron,dextriferrón,
dibupyrone,地布匹隆,dibupyronum,dibupyrone,dibupirona,
dicarfen,地卡芬,dicarfenum,dicarfène,dicarfeno,
didrovaltrate,地戊曲酯,didrovaltratum,didrovaltrate,didrovaltrato,
difemerine,双苯美林,difemerinum,difémérine,difemerina,
dimetotiazine,二甲替嗪,dimetotiazinum,dimétotiazine,dimetotiazina,
dimetridazole,地美硝唑,dimetridazolum,dimétridazole,dimetridazol,
dinsed,定磺胺,dinsedum,dinsed,dinsedo,
drotaverine,屈他维林,drotaverinum,drotavérine,drotaverina,
etabenzarone,依他扎隆,etabenzaronum,étabenzarone,etabenzarona,
etaqualone,依他喹酮,etaqualonum,étaqualone,etacualona,
ethynerone,氯炔诺酮,ethyneronum,éthynérone,etinerona,
etorphine,埃托啡,etorphinum,étorphine,etorfina,
fenpipramide,芬哌酰胺,fenpipramidum,fenpipramide,fenpipramida,
fenpiprane,芬哌丙烷,fenpipranum,fenpiprane,fenpiprano,
fenproporex,芬普雷司,fenproporexum,fenproporex,fenproporex,
flavamine,黄酮胺,flavaminum,flavamine,flavamina,
flucloxacillin,氟氯西林,flucloxacillinum,flucloxacilline,flucloxacilina,
flumetramide,氟美吗酮,flumetramidum,flumétramide,flumetramida,
ftalofyne,酞己炔酯,ftalofynum,ftalofyne,ftalofina,
furaltadone,呋喃他酮,furaltadonum,furaltadone,furaltadona,
fursultiamine,呋喃硫胺,fursultiaminum,fursultiamine,fursultiamina,
gamfexine,更非辛,gamfexinum,gamfexine,ganfexina,
glyclopyramide,格列吡脲,glyclopyramidum,glyclopyramide,gliclopiramida,
haloprogin,卤普罗近,haloproginum,haloprogine,haloprogina,
hamycin,哈霉素,hamycinum,hamycine,hamicina,
hexacyprone,己西酮,hexacypronum,hexacyprone,hexaciprona,
hycanthone,海恩酮,hycanthonum,hycanthone,hicantona,
idoxuridine,碘苷,idoxuridinum,idoxuridine,idoxuridina,
indoxole,吲哚克索,indoxolum,indoxole,indoxol,
ketimipramine,凯替帕明,ketimipraminum,kétimipramine,ketimipramina,
leptacline,来普他林,leptaclinum,leptacline,leptaclina,
leucinocaine,亮氨卡因,leucinocainum,leucinocaïne,leucinocaína,
levofuraltadone,左呋喃他酮,levofuraltadonum,lévofuraltadone,levofuraltadona,
metribolone,美曲勃龙,metribolonum,métribolone,metribolona,
mikamycin,米卡霉素,mikamycinum,mikamycine,micamicina,
mitogillin,米托洁林,mitogillinum,mitogilline,mitogilina,
mitopodozide,米托肼,mitopodozidum,mitopodozide,mitopodozida,
mitotenamine,米托那明,mitotenaminum,mitoténamine,mitotenamina,
myfadol,麦法多,myfadolum,myfadol,mifadol,
nifuraldezone,硝呋地腙,nifuraldezonum,nifuraldézone,nifuraldezona,
nifuratel,硝呋太尔,nifuratelum,nifuratel,nifuratel,
nifurvidine,硝呋维啶,nifurvidinum,nifurvidine,nifurvidina,
niridazole,尼立达唑,niridazolum,niridazole,niridazol,
nitarsone,硝苯胂酸,nitarsonum,nitarsone,nitarsona,
norbudrine,诺布君,norbudrinum,norbudrine,norbudrina,
norgestrel,炔诺孕酮,norgestrelum,norgestrel,norgestrel,
orestrate,奥雌酯,orestratum,orestrate,orestrato,
oxaflumazine,奥沙氟嗪,oxaflumazinum,oxaflumazine,oxaflumazina,
oxyridazine,氧哌达嗪,oxyridazinum,oxyridazine,oxiridazina,
pipamperone,匹泮哌隆,pipamperonum,pipampérone,pipamperona,
poloxalene,泊洛扎林,poloxalenum,poloxalène,poloxaleno,
primaperone,普立哌隆,primaperonum,primapérone,primaperona,
proclonol,丙氯诺,proclonolum,proclonol,proclonol,
proquinolate,丙喹酯,proquinolatum,proquinolate,proquinolato,
proscillaridin,海葱次苷,proscillaridinum,proscillaridine,proscilaridina,
pyrantel,噻嘧啶,pyrantelum,pyrantel,pirantel,
pyrrolnitrin,吡咯尼群,pyrrolnitrinum,pyrrolnitrine,pirrolnitrina,
quinaldine blue,喹那定蓝,quinaldinum coeruleum,bleu de quinaldine,azul de quinaldina,
quinazosin,喹唑嗪,quinazosinum,quinazosine,quinazosina,
quinprenaline,喹丙那林,quinprenalinum,quinprénaline,quinprenalina,
quipazine,喹哌嗪,quipazinum,quipazine,quipazina,
rifampicin,利福平,rifampicinum,rifampicine,rifampicina,
rimantadine,金刚乙胺,rimantadinum,rimantadine,rimantadina,
roletamide,咯来米特,roletamidum,rolétamide,roletamida,
roxarsone,罗沙胂,roxarsonum,roxarsone,roxarsona,
roxoperone,罗索哌隆,roxoperonum,roxopérone,roxoperona,
simetride,西美曲特,simetridum,simétride,simetrida,
spiperone,螺哌隆,spiperonum,spipérone,espiperona,
stenbolone,司腾勃龙,stenbolonum,stenbolone,estenbolona,
sulfabenz,磺胺苯,sulfabenzum,sulfabenz,sulfabenzo,
sulfaclomide,磺胺氯啶,sulfaclomidum,sulfaclomide,sulfaclomida,
talbutal,他布比妥,talbutalum,talbutal,talbutal,
teroxalene,特罗扎林,teroxalenum,téroxalène,teroxaleno,
tetrazepam,四氢西泮,tetrazepamum,tétrazépam,tetrazepam,
tetroquinone,四羟醌,tetroquinonum,tétroquinone,tetroquinona,
tiazesim,硫西新,tiazesimum,tiazésime,tiazesim,
toquizine,托喹嗪,toqulzinum,toquizine,toquizina,
trimoxamine,曲莫沙明,trimoxaminum,trimoxamine,trimoxamina,
troxerutin,曲克芦丁,troxerutinum,troxérutine,troxerutina,
valtrate,戊曲酯,valtratum,valtrate,valtrato,
sarcolysin,沙可来新,sarcolysinum,sarcolysine,sarcolisina,
acetergamine,醋麦角胺,acetergaminum,acétergamine,acetergamina,
acexamic acid,醋氨己酸,acidum acexamicum,acide acexamique,ácido acexámico,
etonam,依托南,etonamum,étonam,etonam,
fantridone,泛曲酮,fantridonum,fantridone,fantridona,
picodralazine,吡考屈嗪,picodralazinum,picodralazine,picodralazina,
silandrone,硅雄酮,silandronum,silandrone,silandrona,
talastine,他拉斯汀,talastinum,talastine,talastina,
tiosalan,硫沙仑,tiosalanum,tiosalan,tiosalán,
fepentolic acid,苯喷酸,acidum fepentolicum,acide fépentolique,ácido fepentólico,
alprenolol,阿普洛尔,alprenololum,alprénolol,alprenolol,
ambuside,安布赛特,ambusidum,ambuside,ambusida,
atolide,阿托利特,atolidum,atolide,atolida,
azaribine,阿扎立滨,azaribinum,azaribine,azaribina,
bepiastine,贝匹斯汀,bepiastinum,bépiastine,bepiastina,
bolenol,勃来诺,bolenolum,bolénol,bolenol,
decloxizine,去氯羟嗪,decloxizinum,décloxizine,decloxizina,
menoctone,美诺克酮,menoctonum,ménoctone,menoctona,
mequidox,美喹多司,mequidoxum,méquidox,mequidox,
nebramycin,尼拉霉素,nebramycinum,nébramycine,nebramicina,
nitroxinil,硝碘酚腈,nitroxinilum,nitroxinil,nitroxinilo,
octodrine,奥托君,octodrinum,octodrine,octodrina,
parbendazole,帕苯达唑,parbendazolum,parbendazole,parbendazol,
prazitone,哌拉齐通,prazitonum,prazitone,pracitona,
propizepine,丙吡西平,propizepinum,propizépine,propizepina,
sulbentine,舒苯汀,sulbentinum,sulbentine,sulbentina,
taloximine,他洛昔明,taloximinum,taloximine,taloximina,
canrenoic acid,坎利酸,acidum canrenoicum,acide canrénoïque,ácido canrenoico,
cicrotoic acid,环丁烯酸,acidum cicrotoicum,acide cicrotoïque,ácido cicrotoico,
clofibric acid,氯贝酸,acidum clofibricum,acide clofibrique,ácido clofíbrico,
metiazinic acid,甲嗪酸,acidum metiazinicum,acide métiazinique,ácido metiazínico,
benmoxin,苯莫辛,benmoxinum,benmoxine,benmoxina,
boldenone,勃地酮,boldenonum,boldénone,boldenona,
bromhexine,溴己新,bromhexinum,bromhexine,bromhexina,
bufexamac,丁苯羟酸,bufexamacum,bufexamac,bufexamaco,
cingestol,烯孕醇,cingestolum,cingestol,cingestol,
cloprothiazole,氯普噻唑,cloprothiazolum,cloprothiazole,cloprotiazol,
clotioxone,氯硫酮,clotioxonum,clotioxone,clotioxona,
creatinolfosfate,肉醇磷酯,creatinolfosfatum,créatinolfosfate,creatinolfosfato,
danazol,达那唑,danazolum,danazol,danazol,
dexivacaine,地昔卡因,dexivacainum,dexivacaïne,dexivacaína,
etolorex,依托雷司,etolorexum,étolorex,etolorex,
filipin,非律平,filipinum,filipine,filipina,
flualamide,氟拉胺,flualamidum,flualamide,flualamida,
geroquinol,吉罗酚,geroquinolum,géroquinol,geroquinol,
medazepam,美达西泮,medazepamum,médazépam,medazepam,
metampicillin,美坦西林,metampicillinum,métampicilline,metampicilina,
mianserin,米安色林,mianserinum,miansérine,mianserina,
mitoguazone,米托胍腙,mitoguazonum,mitoguazone,mitoguazona,
moquizone,吗喹酮,moquizonum,moquizone,moquizona,
niclofolan,联硝氯酚,niclofolanum,niclofolan,niclofolán,
nifurfoline,硝呋复林,nifurfolinum,nifurfoline,nifurfolina,
nifurpipone,硝呋哌酮,nifurpiponum,nifurpipone,nifurpipona,
nifursol,硝呋索尔,nifursolum,nifursol,nifursol,
nimazone,尼马宗,nimazonum,nimazone,nimazona,
norflurane,诺氟烷,norfluranum,norflurane,norflurano,
nortetrazepam,诺替西泮,nortetrazepamum,nortétrazépam,nortetrazepam,
noxiptiline,诺昔替林,noxiptilinum,noxiptiline,noxiptilina,
oxifentorex,氧苯雷司,oxifentorexum,oxifentorex,oxifentorex,
prifinium bromide,吡芬溴铵,prifinii bromidum,bromure de prifinium,bromuro de prifinio,
profadol,普罗法多,profadolum,profadol,profadol,
tetridamine,四氢达明,tetridaminum,tétridamine,tetridamina,
ellagic acid,柔花酸,acidum ellagicum,acide ellagique,ácido elágico,
yohimbic acid,育亨宾酸,acidum yohimbicum,acide yohimbique,ácido yohímbico,
aptocaine,阿托卡因,aptocainum,aptocaïne,aptocaína,
aranotin,阿拉诺丁,aranotinum,aranotine,aranotina,
azaserine,偶氮丝氨酸,azaserinum,azasérine,azaserina,
bolazine,勃拉嗪,bolazinum,bolazine,bolazina,
carbomer,卡波姆,carbomerum,carbomère,carbómero,
dacuronium bromide,达库溴铵,dacuronii bromidum,bromure de dacuronium,bromuro de dacuronio,
diflumidone,二氟米酮,diflumidonum,diflumidone,diflumidona,
difluprednate,二氟泼尼酯,difluprednatum,difluprednate,difluprednato,
diprenorphine,二丙诺啡,diprenorphinum,diprénorphine,diprenorfina,
ditazole,地他唑,ditazolum,ditazole,ditazol,
flunidazole,氟硝唑,flunidazolum,flunidazole,flunidazol,
fospirate,福司吡酯,fospiratum,fospirate,fospirato,
levamisole,左旋咪唑,levamisolum,lévamisole,levamisol,
levodopa,左旋多巴,levodopum,lévodopa,levodopa,
nisobamate,尼索氨酯,nisobamatum,nisobamate,nisobamato,
pimefylline,匹美茶碱,plmefyllinum,piméfylline,pimefilina,
piquizil,哌喹齐尔,piquizilum,piquizil,piquizilo,
promolate,普罗吗酯,promolatum,promolate,promolato,
spirgetine,螺吉汀,spirgetinum,spirgétine,espirgetina,
triflumidate,三氟米酯,triflumidatum,-vérlne,triflumidato,
acedapsone,醋氨苯砜,acedapsonum,acédapsone,acedapsona,
acronine,阿克罗宁,acroninum,acronine,acronina,
bendazac,苄达酸,bendazacum,bendazac,bendazaco,
bucrilate,丁氰酯,bucrilatum,bucrilate,bucrilato,
bunolol,布诺洛尔,bunololum,bunolol,bunolol,
chromocarb,色烯卡,chromocarbum,chromocarbe,cromocarbo,
ciclacillin,环己西林,ciclacillinum,ciclacilline,ciclacilina,
cinoxate,西诺沙酯,cinoxatum,cinoxate,cinoxato,
clonixeril,氯尼塞利,clonixerilum,clonixéril,clonixerilo,
clonixin,氯尼辛,clonixinum,clonixine,clonixino,
clozapine,氯氮平,clozapinum,clozapine,clozapina,
cofisatin,双胆酚丁,cofisatinum,cofisatine,cofisatina,
enestebol,依奈替勃,enestebolum,énestébol,enestebol,
epimestrol,表美雌醇,epimestrolum,épimestrol,epimestrol,
eprozinol,依普罗醇,eprozinolum,éprozinol,eprozinol,
euprocin,尤普罗辛,euprocinum,euprocine,euprocina,
fluclorolone acetonide,氟氯奈德,flucloroloni acetonidum,acétonide de fluclorolone,acetónido de fluclorolona,
flucytosine,氟胞嘧啶,flucytosinum,flucytosine,flucitosina,
flunarizine,氟桂利嗪,flunarizinum,flunarizine,flunarizina,
flutiazin,氟替阿嗪,flutiazinum,flutiazine,flutiazina,
ftormetazine,氟托他嗪,ftormetazinum,ftormétazine,ftormetazina,
ftorpropazine,氟托丙嗪,ftorpropazinum,ftorpropazine,ftorpropazina,
kallidinogenase,血管舒缓素,kallidinogenasum,kallidinogénase,kalidinogenasa,
ketoxal,凯托沙,ketoxalum,kétoxal,ketoxal,
mecrilate,美克立酯,mecrilatum,mécrilate,mecrilato,
meglucycline,甲葡环素,meglucyclinum,méglucycline,megluciclina,
memotine,美莫汀,memotinum,mémotine,memotina,
menitrazepam,甲硝西泮,menitrazepamum,ménitrazépam,menitrazepam,
mepiroxol,甲吡罗索,mepiroxolum,mépiroxol,mepiroxol,
metacetamol,间醋氨酚,metacetamolum,métacétamol,metacetamol,
metiapine,甲硫平,metiapinum,métiapine,metiapina,
nequinate,奈喹酯,nequinatum,néquinate,nequinato,
nifurizone,硝呋立宗,nifurizonum,nifurizone,nifurizona,
ocrilate,奥克立酯,ocrilatum,ocrilate,ocrilato,
oxibetaine,奥甜菜碱,oxibetainum,oxibétaïne,oxibetaína,
pizotifen,苯噻啶,pizotifenum,pizotifène,pizotifeno,
politef,聚四氟乙烯,politefum,politef,politefo,
rizolipase,根霉脂肪酶,rizolipasum,rizolipase,rizolipasa,
arsanilic acid,氨苯胂酸,acidum arsanilicum,acide arsanilique,ácido arsanílico,
carbaril,卡巴立,carbarilum,carbaril,carbarilo,
cellaburate,纤维醋丁酯,cellaburatum,cellaburate,celaburato,
cicliomenol,环碘甲酚,cicliomenolum,ciclioménol,cicliomenol,
citiolone,西替奥酮,citiolonum,citiolone,citiolona,
clofenvinfos,氯芬磷,clofenvinfosum,clofenvinfos,clofenvinfós,
detanosal,地他诺柳,detanosalum,détanosal,detanosal,
dimesone,地美松,dimesonum,dimésone,dimesona,
dinitolmide,二硝托胺,dinitolmidum,dinitolmide,dinitolmida,
famotine,法莫汀,famotinum,famotine,famotina,
fenocinol,非诺西醇,fenocinolum,fénocinol,fenocinol,
fenticlor,芬替克洛,fenticlorum,fenticlor,fenticloro,
ifosfamide,异环磷酰胺,ifosfamidum,ifosfamide,ifosfamida,
intrazole,吲四唑,intrazolum,intrazole,intrazol,
josamycin,交沙霉素,josamycinum,josamycine,josamicina,
nafomine,萘甲羟胺,nafominum,nafomine,nafomina,
oxisuran,奥昔舒仑,oxisuranum,oxisuran,oxisurán,
perlapine,哌拉平,perlapinum,perlapine,perlapina,
pindolol,吲哚洛尔,pindololum,pindolol,pindolol,
pipoxolan,哌泊索仑,pipoxolanum,pipoxolan,pipoxolán,
piribedil,吡贝地尔,piribedilum,piribédil,piribedil,
resorantel,雷琐太尔,resorantelum,résorantel,resorantel,
ticlatone,替克拉酮,ticlatonum,ticlatone,ticlatona,
tiletamine,替来他明,tiletaminum,tilétamine,tiletamina,
tiprenolol,替普洛尔,tiprenololum,tiprénolol,tiprenolol,
toldimfos,托定磷,toldimfosum,toldimfos,toldimfós,
tolmetin,托美丁,tolmetinum,tolmétine,tolmetina,
trazodone,曲唑酮,trazodonum,trazodone,trazodona,
vidarabine,阿糖腺苷,vidarabinum,vidarabine,vidarabina,
warfarin,华法林,warfarinum,warfarine,warfarina,
domiphen bromide,度米芬,domiphent bromidum,-vérine,bromuro de domifeno,
almestrone,阿美雌酮,almestronum,almestrone,almestrona,
carperone,卡哌隆,carperonum,carpérone,carperona,
clanobutin,氯诺布汀,clanobutinum,clanobutine,clanobutina,
clenpirin,克仑吡林,clenpirinum,clenpirine,clenpirina,
clotrimazole,克霉唑,clotrimazolum,clotrimazole,clotrimazol,
codactide,可达克肽,codactidum,codactide,codactida,
delfantrine,地泛群,delfantrinum,delfantrine,delfantrina,
etasuline,乙他舒林,etasulinum,étasuline,etasulina,
flamenol,夫拉美诺,flamenolum,flaménol,flamenol,
floctafenine,夫洛非宁,floctafeninum,floctafénine,floctafenina,
glisoxepide,格列派特,glisoxepidum,glisoxépide,glisoxepida,
imidocarb,咪多卡,imidocarbum,imidocarbe,imidocarbo,
nomifensine,诺米芬辛,nomifensinum,nomifensine,nomifensina,
orazamide,奥拉米特,orazamidum,orazamide,orazamida,
panidazole,帕硝唑,panidazolum,panidazole,panidazol,
pendecamaine,喷地卡铵,pendecamainum,pendécamaïne,pendecamaína,
tefazoline,替法唑啉,fefazolinum,téfazoline,tefazolina,
troleandomycin,醋竹桃霉素,troleandomycinum,-vérine,troleandomicina,
bromebric acid,溴美酸,acidum bromebricum,acide bromébrique,ácido bromébrico,
capobenic acid,卡泊酸,acidum capobenicum,acide capobénique,ácido capobénico,
alletorphine,烯丙托啡,alletorphinum,allétorphine,aletorfina,
amadinone,阿马地酮,amadinonum,amadinone,amadinona,
benfluorex,苯氟雷司,benfluorexum,benfluorex,benfluorex,
benzoclidine,苯佐利定,benzoclidinum,benzoclidine,benzoclidina,
bumecaine,布美卡因,bumecainum,bumécaïne,bumecaína,
butirosin,布替罗星,butirosinum,butirosine,butirosina,
cefacetrile,头孢乙腈,cefacetrilum,céfacétrile,cefacetrilo,
dicolinium iodide,地库碘铵,dicolinii iodidum,iodure de dicolinium,ioduro de dicolinio,
doxorubicin,多柔比星,doxorubicinum,doxorubicine,doxorubicina,
enflurane,恩氟烷,enfluranum,enflurane,enflurano,
flutizenol,氟替噻醇,flutizenolum,flutizénol,flutizenol,
heliomycin,海利霉素,heliomycinum,héliomycine,heliomicina,
homprenorphine,胡丙诺啡,homprenorphinum,homprénorphine,homprenorfina,
indoramin,盐酸吲哚拉明,indoraminum,indoramine,indoramina,
letimide,来替米特,letimidum,létimide,letimida,
metazide,甲烟肼,metazidum,métazide,metazida,
metochalcone,美托查酮,metochalconum,métochalcone,metocalcona,
minoxidil,米诺地尔,minoxidilum,minoxidil,minoxidil,
mitocarcin,米托克星,mitocarcinum,mitocarcine,mitocarcina,
mixidine,米克昔定,mixidinum,mixidine,mixidina,
moracizine,莫雷西嗪,moracizinum,moracizine,moracizina,
naproxen,萘普生,naproxenum,naproxène,naproxeno,
naproxol,萘普索,naproxolum,naproxol,naproxol,
nefopam,奈福泮,nefopamum,néfopam,nefopam,
oxaflozane,奥沙氟生,oxaflozanum,oxaflozane,oxaflozano,
oxazolam,奥沙唑仑,oxazolamum,oxazolam,oxazolam,
oxazorone,羟佐隆,oxazoronum,oxazorone,oxazorona,
padimate,帕地马酯,padimatum,padimate,padimato,
pemerid,哌美立特,pemeridum,péméride,pemerida,
picolamine,吡考胺,picolaminum,picolamine,picolamina,
pipebuzone,哌布宗,pipebuzonum,pipébuzone,pipebuzona,
pipotiazine,哌泊塞嗪,pipotiazinum,pipotiazine,pipotiazina,
pitofenone,吡托非农,pitofenonum,pitofénone,pitofenona,
quintiofos,喹硫磷,quintiofosum,quintiofos,quintiofós,
sisomicin,西索米星,sisomicinum,sisomicine,sisomicina,
spiclomazine,螺氯马嗪,spiclomazinum,spiclomazine,espiclomazina,
suncillin,森西林,suncillinum,suncilline,suncilina,
treloxinate,曲洛酯,treloxinatum,tréloxinate,treloxinato,
trepirium iodide,曲吡碘铵,trepirii iodidum,iodure de trépirium,ioduro de trepirio,
trestolone,曲托龙,trestolonum,trestolone,trestolona,
tretinoin,维A酸,tretinoinum,trétinoïne,tretinoína,
trospium chloride,曲司氯铵,trospii chloridum,chlorure de trospium,cloruro de trospio,
viminol,维米醇,viminolum,viminol,viminol,
demeclocycline,地美环素,demeclocyclinum,-vérine,demeclociclina,
iodoxamic acid,碘沙酸,acidum iodoxamicum,acide iodoxamique,ácido iodoxámico,
amiterol,阿米特罗,amiterolum,amitérol,amiterol,
azalomycin,阿扎霉素,azalomycinum,azalomycine,azalomicina,
benaprizine,贝那利秦,benaprizinum,bénaprizine,benaprizina,
benproperine,苯丙哌林,benproperinum,benpropérine,benproperina,
cefradine,头孢拉定,cefradinum,céfradine,cefradina,
chymopapain,糜木瓜酶,chymopapainum,chymopapaïne,quimopapaína,
ciclopirox,环吡酮,ciclopiroxum,ciclopirox,ciclopirox,
clobetasol,氯倍他索,clobetasolum,clobétasol,clobetasol,
clobetasone,氯倍他松,clobetasonum,clobétasone,clobetasona,
cotriptyline,考曲替林,cotriptylinum,cotriptyline,cotriptilina,
coumazoline,库马唑啉,coumazolinum,coumazoline,cumazolina,
dinoprost,地诺前列素,dinoprostum,dinoprost,dinoprost,
doxibetasol,多倍他索,doxibetasolum,doxibétasol,doxibetasol,
drofenine,六氢芬宁,drofeninum,drofénine,drofenina,
etocarlide,乙卡脲,etocarlidum,étocarlide,etocarlida,
fenoterol,非诺特罗,fenoterolum,fénotérol,fenoterol,
gitoformate,吉妥福酯,gitoformatum,gitoformate,gitoformato,
glucosamine,氨基葡萄糖,glucosaminum,glucosamine,glucosamina,
guanabenz,胍那苄,guanabenzum,guanabenz,guanabenzo,
mecobalamin,甲钴胺,mecobalaminum,mécobalamine,mecobalamina,
metrizamide,甲泛葡胺,metrizamidum,métrizamide,metrizamida,
mitolactol,二溴卫矛醇,mitolactolum,mitolactol,mitolactol,
mitomycin,丝裂霉素,mitomycinum,mitomycine,mitomicina,
molsidomine,吗多明,molsidominum,molsidomine,molsidomina,
morforex,吗福雷司,morforexum,morforex,morforex,
osmadizone,氧马地宗,osmadizonum,osmadizone,osmadizona,
oxapium iodide,奥沙碘铵,oxapii iodidum,iodure d'oxapium,ioduro de oxapio,
picoperine,匹考哌林,picoperinum,picopérine,picoperina,
quindoxin,喹多克辛,quindoxinum,quindoxine,quindoxina,
rimiterol,利米特罗,rimiterolum,rimitérol,rimiterol,
risocaine,利索卡因,risocainum,risocaïne,risocaína,
ruvazone,芦伐腙,ruvazonum,ruvazone,ruvazona,
sulbenicillin,磺苄西林,sulbenicillinum,sulbénicilline,sulbenicilina,
sultopride,舒托必利,sultopridum,sultopride,sultoprida,
talopram,他洛普兰,talopramum,talopram,talopram,
talsupram,他舒普兰,talsupramum,talsupram,talsupram,
thyroglobulin,甲状球蛋白,thyroglobulinum,thyroglobuline,tiroglobulina,
tiaramide,噻拉米特,tiaramidum,tiaramide,tiaramida,
tobramycin,妥布霉素,tobramycinum,tobramycine,tobramicina,
todralazine,托屈嗪,todralazinum,todralazine,todralazina,
tofisopam,托非索泮,tofisopamum,tofisopam,tofisopam,
trazitiline,曲齐蒽,trazitilinum,trazitiline,trazitilina,
treosulfan,曲奥舒凡,treosulfanum,tréosulfan,treosulfano,
zepastine,帕斯汀,zepastinnum,zépastine,zepastina,
benserazide,苄丝肼,benserazidum,-vérine,benserazida,
alfadolone,阿法多龙,alfadolonum,alfadolone,alfadolona,
alonimid,阿洛米酮,alonimidum,alonimide,alonimida,
amixetrine,阿米西群,amixetrinum,amixétrine,amixetrina,
bidimazium iodide,比马碘铵,bidimazii iodidum,iodure de bidimazium,ioduro de bidimazio,
bromopride,溴必利,bromopridum,bromopride,bromoprida,
citenazone,氰噻腙,citenazonum,citénazone,citenazona,
cloguanamil,氯呱脒,cloguanamilum,cloguanamil,cloguanamilo,
clometacin,氯美辛,clometacinum,clométacine,clometacina,
dacarbazine,达卡巴嗪,dacarbazinum,dacarbazine,dacarbazina,
damotepine,达莫替平,damotepinum,damotépine,damotepina,
difetarsone,双苯他胂,difetarsonum,difétarsone,difetarsona,
elantrine,依兰群,elantrinum,élantrine,elantrina,
lomustine,洛莫司汀,lomustinum,lomustine,lomustina,
metitepine,甲替平,metitepinum,métitépine,metitepina,
nifedipine,硝苯地平,nifedipinum,nifédipine,nifedipino,
partricin,帕曲星,partricinum,partricine,partricina,
piriqualone,吡立喹酮,piriqualonum,piriqualone,piricualona,
rodocaine,罗多卡因,rodocainum,rodocaïne,rodocaína,
semustine,司莫司汀,semustinum,sémustine,semustina,
taurultam,啕芦坦,taurultamum,taurultam,taurultam,
urapidil,乌拉地尔,urapidilum,urapidil,urapidil,
zipeprol,齐培丙醇,zipeprolum,zipéprol,zipeprol,
cefradine,头孢拉定,cefradinum,céfradine,cefradina,
gitoformate,吉妥福酯,gitoformatum,gitoformate,gitoformato,
febuverine,非布维林,febuverinum,-vérine,febuverina,
acebutolol,醋丁洛尔,acebutololum,acébutolol,acebutolol,
cicloxilic acid,环昔酸,acidum cicloxilicum,acide cicloxilique,ácido cicloxílico,
iopronic acid,碘普罗酸,acidum iopronicum,acide iopronique,ácido ioprónico,
iotranic acid,碘曲尼酸,acidum iotranicum,acide iotranique,ácido iotránico,
valproic acid,丙戊酸,acidum valproicum,acide valproïque,ácido valproico,
amidapsone,阿米氨苯砜,amidapsonum,amidapsone,amidapsona,
amifloverine,阿米维林,amifloverinum,amiflovérine,amifloverina,
bunitrolol,布尼洛尔,bunitrololum,bunitrolol,bunitrolol,
clofibride,氯贝胺,clofibridum,clofibride,clofibrida,
cynarine,西那林,cynarinum,cynarine,cinarina,
diamfenetide,地芬尼泰,diamfenetidum,diamfénétide,diamfenetida,
dichlorvos,敌敌畏,dichlorvosum,dichlorvos,diclorvós,
diclofenac,双氯芬酸,diclofenacum,diclofénac,diclofenaco,
fenaperone,非那哌隆,fenaperonum,fénapérone,fenaperona,
floverine,夫洛维林,flaverinum,flovérine,floverina,
flupranone,氟普拉酮,flupranonum,flupranone,flupranona,
ipratropium bromide,异丙托溴铵,ipratropii bromidum,bromure d'ipratropium,bromuro de ipratropio,
isoflurane,异氟烷,isofluranum,isoflurane,isoflurano,
ketoprofen,酮洛芬,ketoprorenum,kétoprofène,ketoprofeno,
lobendazole,洛苯达唑,lobendazolum,lobendazole,lobendazol,
lometraline,洛美曲林,lometralinum,lométraline,lometralina,
menatetrenone,四烯甲萘醌,menatetrenonum,ménatétrénone,menatetrenona,
mexiletine,美西律,mexiletinum,mexilétine,mexiletina,
ocrase,纤维溶解酶,ocrasum,ocrase,ocraso,
olmidine,奥脒定,olmidinum,olmidine,olmidina,
pepstatin,胃酶抑素,pepstatinum,pepstatine,pepstatina,
salsalate,双水杨酯,salsalatum,salsalate,salsalato,
taclamine,他克拉明,taclaminum,taclamine,taclamina,
tisoquone,替索喹,tisoquonum,tisoquone,tisocuona,
tolindate,托林达酯,tolindatum,tolindate,tolindato,
toliprolol,托利洛尔,toliprololum,toliprolol,toliprolol,
tolonidine,托洛尼定,tolonidinum,tolonidine,tolonidina,
tropatepine,曲帕替平,tropatepinum,tropatépine,tropatepina,
vincofos,乙烯磷,vincofosum,vincofos,vincofós,
paromomycin,巴龙霉素,paramomycinum,céf-,-térol,
aceburic acid,醋羟丁酸,acidum aceburicum,acide acéburique,ácido acebúrico,
furacrinic acid,呋拉尼酸,acidum furacrinicum,acide furacrinique,ácido furacrínico,
brosotamide,溴索胺,brosotamidum,brosotamide,brosotamida,
bunaftine,丁萘夫汀,bunaftinum,bunaftine,bunaftina,
butixirate,布替西雷,butixiratum,butixirate,butixirato,
caroxazone,卡罗沙酮,caroxazonum,caroxazone,caroxazona,
ceruletide,蓝肽,ceruletidum,cérulétide,ceruletida,
ciclopramine,环帕明,ciclopraminum,ciclopramine,ciclopramina,
clocanfamide,氯坎法胺,clocanfamidum,clocanfamide,clocanfamida,
cloridarol,氯达香豆素,cloridarolum,cloridarol,cloridarol,
cormetasone,可米松,cormetasonum,cormétasone,cormetasona,
dazadrol,达扎醇,dazadrolum,dazadrol,dazadrol,
dipyrithione,双吡硫翁,dipyrithionum,dipyrithione,dipiritiona,
elucaine,依鲁卡因,elucainum,élucaïne,elucaína,
endrisone,恩甲羟松,endrisonum,endrisone,endrisona,
etidocaine,依替卡因,etidocainum,étidocaïne,etidocaína,
etofenamate,依托芬那酯,etofenamatum,étofénamate,etofenamato,
fenalcomine,非那可明,fenalcominum,fénalcomine,fenalcomina,
fenbendazole,芬苯达唑,fenbendazolum,fenbendazole,fenbendazol,
fenipentol,非尼戊醇,fenipentolum,fénipentol,fenipentol,
fenisorex,非尼雷司,fenisorexum,fénisorex,fenisorex,
fluazacort,氟扎可特,fluazacortum,fluazacort,fluazacort,
gemazocine,吉马佐辛,gemazocinum,gémazocine,gemazocina,
halazepam,哈拉西泮,halazepamum,halazépam,halazepam,
hetaflur,氢氟酸十六胺,hetaflurum,hétaflur,hetaflur,
mesabolone,美沙勃龙,mesabolonum,mésabolone,mesabolona,
metergotamine,甲麦角胺,metergotaminum,métergotamine,metergotamina,
nicoclonate,尼可氯酯,nicoclonatum,nicoclonate,nicoclonato,
niprofazone,烟丙法宗,niprofazonum,niprofazone,niprofazona,
olaflur,奥拉氟,olaflurum,olaflur,olaflur,
oxisopred,奥昔索泼,oxisopredum,oxisopred,oxisopred,
papaveroline,罂粟林,averolinum,papavéroline,papaverolina,
penflutizide,戊氟噻嗪,penflutizidum,penflutizide,penflutizida,
pentifylline,喷替茶碱,pentifyllinum,pentifylline,pentifilina,
prodipine,普罗地平,prodipinum,prodipine,prodipino,
propafenone,普罗帕酮,propafenonum,propafénone,propafenona,
propetamide,丙培他胺,propetamidum,propétamide,propetamida,
salantel,沙仑太尔,salantelum,salantel,salantel,
salfluverine,柳氟维林,salfluverinum,salfluvérine,salfluverina,
giractide,吉拉克肽,giractidum,céf-,-térol,
acetiromate,醋替罗酯,acetiromatum,acétiromate,acetiromato,
azaftozine,氮氟嗪,azaftozinum,azaftozine,azaftozina,
carfecillin,卡非西林,carfecillinum,carfécilline,carfecilina,
cinoctramide,环辛曲美,cinoctramidum,cinoctramide,cinoctramida,
clopirac,氯吡酸,clopiracum,clopirac,clopiraco,
clotiazepam,氯噻西泮,clotiazepamum,clotiazépam,clotiazepam,
cloxiquine,氯羟喹,cloxiquinum,cloxiquine,cloxiquina,
diflorasone,二氟拉松,diflorasonum,diflorasone,diflorasona,
diftalone,地弗他酮,diftalonum,diftalone,diftalona,
diltiazem,地尔硫,diltiazemum,diltiazem,diltiazem,
dimemorfan,二甲啡烷,dimemorfanum,dimémorfane,dimemorfano,
enprazepine,恩丙西平,enprazepinum,enprazépine,enprazepina,
etomidoline,依托多林,etomidolinum,étomidoline,etomidolina,
fenbufen,芬布芬,fenbufenum,fenbufène,fenbufén,
fenclofenac,芬氯酸,fenclofenacum,fenclofénac,fenclofenaco,
fenetradil,芬曲地尔,fenetradilum,fénétradil,fenetradil,
flucetorex,氟西雷司,flucetorexum,flucétorex,flucetorex,
hexaprofen,己洛芬,hexaprofenum,hexaprofène,hexaprofeno,
indanorex,茚达雷司,indanorexum,indanorex,indanorex,
indocate,吲哚卡酯,indocatum,indocate,indocato,
isoconazole,异康唑,isoconazolum,isoconazole,isoconazol,
isoxicam,伊索昔康,isoxicamum,isoxicam,isoxicam,
lefetamine,利非他明,lefetaminum,léfétamine,lefetamina,
mecinarone,美西那隆,ecinaronum,mécinarone,mecinarona,
metiamide,甲硫米特,metiamidum,métiamide,metiamida,
midecamycin,麦迪霉素,midecamycinum,midécamycine,midecamicina,
oxaprozin,奥沙普秦,oxaprozinum,oxaprozine,oxaprozina,
oxibendazole,奥苯达唑,oxibendazolum,oxibendazole,oxibendazol,
oxiperomide,奥哌咪酮,oxiperomidum,oxipéromide,oxiperomida,
reproterol,瑞普特罗,reproterolum,réprotérol,reproterol,
saralasin,沙拉新,saralasinum,saralasine,saralasina,
secnidazole,塞克硝唑,secnidazolum,secnidazole,secnidazol,
suloxifen,舒洛昔芬,suloxifenum,suloxifène,suloxifeno,
tiazuril,硫珠利,tiazurilum,tiazuril,tiazurilo,
tibenzate,替苯酯,tibenzatum,tibenzate,tibenzato,
triclonide,三氯奈德,triclonidum,triclonide,triclonida,
trixolane,曲索仑,trixolanum,trixolane,trixolano,
uldazepam,乌达西泮,uldazepamum,uldazépam,uldazepam,
brofezil,溴苯齐尔,brofezilum,brofézil,brofezilo,
dicloralurea,双氯醛脲,diclonixinum,dicloralurée,dicloralurea,
dopamantine,多巴金刚,dopamantinum,dopamantine,dopamantina,
doxenitoin,去氧苯妥英,doxenitoinum,doxénitoïne,doxenitoína,
enviomycin,恩维霉素,enviomycinum,enviomycine,enviomicina,
etofibrate,依托贝特,etofibratum,étofibrate,etofibrato,
fenacetinol,羟非那西丁,fenacetinolum,fénacétinol,fenacetinol,
fenmetozole,苯美唑,fenmetozolum,fenmétozole,fenmetozol,
fenpipalone,苯吡帕酮,fenpipalonum,fenpipalone,fenpipalona,
glibutimine,格列丁胺,glibutiminum,glibutimine,glibutimina,
guanoxabenz,胍诺沙苄,guanoxabenzum,guanoxabenz,guanoxabenzo,
halocortolone,卤可托龙,halocortolonum,halocortolone,halocortolona,
ibuterol,异丁特罗,ibuterolum,ibutérol,ibuterol,
metanixin,甲尼辛,metanixinum,métanixine,metanixino,
mirincamycin,米林霉素,mirincamycinum,mirincamycine,mirincamicina,
naftoxate,萘托酯,naftoxatum,naftoxate,naftoxato,
nicofibrate,尼可贝特,nicofibratum,nicofibrate,nicofibrato,
ontianil,昂硫苯胺,ontianilum,ontianil,ontianilo,
pirazofurin,吡唑呋林,pirazofurinum,pirazofurine,pirazofurina,
proflazepam,丙氟西泮,proflazepamum,proflazépam,proflazepam,
promestriene,普罗雌烯,promestrienum,promestriène,promestrieno,
quincarbate,喹卡酯,quinncarbatum,quincarbate,quincarbato,
ribavirin,利巴韦林,ribavirinum,ribavirine,ribavirina,
salprotoside,水杨丙苷,salprotosidum,salprotoside,salprotósido,
seractide,丝拉克肽,seractidum,séractide,seractida,
sulfonterol,磺酰特罗,fonterolum,sulfontérol,sulfonterol,
suprofen,舒洛芬,suprofenum,suprofène,suprofeno,
talampicillin,酞氨西林,talampicillinum,talampicilline,talampicilina,
tazolol,他佐洛尔,tazololum,tazolol,tazolol,
temefos,替美磷,temefosum,téméfos,temefós,
tianafac,噻那酸,tianafacum,tianafac,tianafaco,
xenbucin,联苯丁酸,xenbucinum,céf-,-térol,
acemetacin,阿西美辛,acemetacinum,acémétacine,acemetacina,
azanator,阿扎那托,azanatorum,azanator,azanator,
butanixin,丁尼辛,butanixinum,butanixine,butanixino,
butibufen,布替布芬,butibufenum,butibufène,butibufén,
carboquone,卡波醌,carboquonum,carboquone,carbocuona,
carnidazole,卡硝唑,carnidazolum,carnidazole,carnidazol,
cicloprofen,环洛芬,cicloprofenum,cicloprofène,cicloprofeno,
clazolimine,克拉唑胺,clazoliminum,clazolimine,clazolimina,
clebopride,氯波必利,clebopridum,clébopride,cleboprida,
cliprofen,克利洛芬,cliprofenum,cliprofène,cliprofeno,
deprostil,地前列素,deprostilum,déprostil,deprostilo,
deximafen,地昔马芬,deximafenum,deximafène,deximafeno,
dibuprol,地布丙醇,dibuprolum,dibuprol,dibuprol,
difenoximide,地芬昔胺,difenoximidum,difénoximide,difenoximida,
eterobarb,依特比妥,eterobarbum,étérobarbe,eterobarbo,
exaprolol,己丙洛尔,exaprololum,exaprolol,exaprolol,
fazadinium bromide,法扎溴铵,fazadinii bromidum,bromure de fazadinium,bromuro de fazadinio,
flumizole,氟鲁咪唑,flumizolum,flumizole,flumizol,
flutazolam,氟他唑仑,flutazolamum,flutazolam,flutazolam,
ftaxilide,酞昔利,ftaxilidum,ftaxilide,ftaxilida,
galosemide,加洛塞米,galosemidum,galosémide,galosemida,
gonadorelin,戈那瑞林,gonadorelinum,gonadoréline,gonadorelina,
guabenxan,胍苯克生,guabenxanum,guabenxane,guabenxán,
mebenoside,美白洛醚,mebenosidum,mébénoside,mebenósido,
mecillinam,美西林,mecillinamum,mécillinam,mecilinam,
melizame,美利唑,melizamum,mélizame,melizamo,
mequitazine,美喹他嗪,mequitazinum,méquitazine,mequitazina,
pinolcaine,哌诺卡因,pinolcainum,pinolcaïne,pinolcaína,
pipoctanone,哌泊他酮,pipoctanonum,pipoctanone,pipoctanona,
pipoxizine,哌泊昔秦,pipoxizinum,pipoxizine,pipoxizina,
pranolium chloride,普拉氯铵,pranolii chloridum,chlorure de pranolium,cloruro de pranolio,
pribecaine,丙贝卡因,pribecainum,pribécaïne,pribecaína,
quinupramine,奎纽帕明,quinupraminum,quinupramine,quinupramina,
razoxane,雷佐生,razoxanum,razoxane,razoxano,
acaprazine,阿卡嗪,acaprazinum,acaprazine,acaprazina,
iosumetic acid,碘舒美酸,acidum iosumeticum,acide iosumétique,ácido iosumético,
ioxotrizoic acid,羟泛影酸,acidum ioxotrizoicum,acide ioxotrizoïque,ácido ioxotrizoico,
xanoxic acid,诺酸,acidum xanoxicum,acide xanoxique,ácido xanóxico,
acipimox,阿昔莫司,acipimoxum,acipimox,acipimox,
amcinonide,安西奈德,amcinonidum,amcinonide,amcinonida,
atenolol,阿替洛尔,atenololum,aténolol,atenolol,
bentazepam,苯他西泮,bentazepamum,bentazépam,bentazepam,
bromperidol,溴哌利多,bromperidolum,brompéridol,bromperidol,
budralazine,布屈嗪,budralazinum,budralazine,budralazina,
buflomedil,丁咯地尔,buflomedilum,buflomédil,buflomedil,
cartazolate,卡他唑酯,cartazolatum,cartazolate,cartazolato,
ciclonicate,环烟酯,ciclonicatum,ciclonicate,ciclonicato,
dextranomer,聚糖酐,dextranomerum,dextranomère,dextranómero,
diflunisal,二氟尼柳,diflunisalum,diflunisal,diflunisal,
dilmefone,地尔美封,dilmefonum,dilméfone,dilmefona,
diproleandomycin,二丙竹桃霉素,diproleandomycinum,diproléandomycine,diproleandomicina,
droclidinium bromide,羟奎溴铵,droclidinii bromidum,bromure de droclidinium,bromuro de droclidinio,
etazolate,依他唑酯,etazolatum,étazolate,etazolato,
fenclorac,苯克洛酸,fencloracum,fenclorac,fencloraco,
flutamide,氟他胺,flutamidum,flutamide,flutamida,
gliamilide,格列胺脲,gliamilidum,gliamilide,gliamilida,
medifoxamine,美地沙明,medifoxaminum,médifoxamine,medifoxamina,
metoxepin,甲氧塞平,metoxepinum,métoxépine,metoxepina,
metrafazoline,美曲唑啉,metrafazolinum,métrafazoline,metrafazolina,
mexoprofen,美索洛芬,mexoprofenum,mexoprofène,mexoprofeno,
mexrenoate potassium,美利酸钾,mexrenoatum kalicum,mexrénoate potassique,mexrenoato de potasio,
nitromifene,硝米芬,nitromifenum,nitromifène,nitromifeno,
nitroscanate,硝硫氰酯,nitroscanatum,nitroscanate,nitroscanato,
octriptyline,奥克替林,octriptylinum,octriptyline,octriptilina,
oxiramide,奥昔拉米,oxiramidum,oxiramide,oxiramida,
piretanide,吡咯他尼,piretanidum,pirétanide,piretanida,
pirfenidone,吡非尼酮,pirlenidonum,pirfénidone,pirfenidona,
pirozadil,吡扎地尔,pirozadilum,pirozadil,pirozadil,
pirolazamide,吡拉酰胺,pirolazamidum,pirolazamide,pirolazamida,
praxadine,普拉沙定,praxadinum,praxadine,praxadina,
proxibarbal,丙羟巴比,proxibarbalum,proxibarbal,proxibarbal,
ripazepam,利帕西泮,ripazepamum,ripazépam,ripazepam,
sulnidazole,舒硝唑,sulnidazolum,sulnidazole,sulnidazol,
tidiacic,噻二西酸,tidiacicum,tidiacic,tidiácico,
tifemoxone,替芬酮,tifemoxonum,tifemoxone,tifemoxona,
timonacic,噻莫西酸,timonacicum,timonacic,timonácico,
tiropramide,替罗拉胺,tiropramidum,tiropramide,tiropramida,
levonorgestrel,左炔诺孕酮,levonorgestrelum,lévonorgestrel,levonorgestrel,
actaplanin,阿克拉宁,actaplaninum,actaplanine,actaplanina,
calcium clofibrate,氯贝酸钙,cafaminolum,clofibrate de calcium,clofibrato de calcio,
ciclazindol,西拉吲哚,ciclazindolum,ciclazindol,ciclazindol,
cimepanol,西美帕醇,cimepanolum,cimépanol,cimepanol,
fluvoxamine,氟伏沙明,fluvoxaminum,fluvoxamine,fluvoxamina,
gemcadiol,吉卡二醇,gemcadiolum,gemcadiol,gemcadiol,
gemfibrozil,吉非罗齐,gemfibrozilum,gemfibrozil,gemfibrozilo,
glaziovine,格拉齐文,glaziovinum,glaziovine,glaziovina,
imafen,伊马芬,imafenum,imafène,imafeno,
iproxamine,异丙沙明,iproxaminum,iproxamine,iproxamina,
isonixin,异尼辛,isonixinum,isonixine,isonixino,
lorajmine,氯拉义明,lorajminum,lorajmine,lorajmina,
nifuralide,硝呋利特,nifuralidum,nifuralide,nifuralida,
nuclotixene,奴氯噻吨,nuclotixenum,nuclotixène,nuclotixeno,
octoxinol,辛苯昔醇,octoxinolum,octoxinol,octoxinol,
piflutixol,哌氟替索,piflutixolum,piflutixol,piflutixol,
sulisatin,磺酚丁,sulisatinum,sulisatine,sulisatina,
tisopurine,巯异嘌呤,tisopurinum,tisopurine,tisopurina,
tofetridine,托菲曲定,tofetridinum,tofétridine,tofetridina,
trebenzomine,曲苯佐明,trebenzominum,trébenzomine,trebenzomina,
diprogulic acid,二丙古酸,acidum diprogulicum,acide diprogulique,ácido diprogúlico,
alrestatin,阿司他丁,alrestatinum,alrestatine,alrestatina,
bezafibrate,苯扎贝特,bezafibratum,bézafibrate,bezafibrato,
bucainide,布卡尼,bucainidum,bucaïnide,bucainida,
bucumolol,布库洛尔,bucumololum,bucumolol,bucumolol,
butamisole,布他米唑,butamisolum,butamisole,butamisol,
carbantel,卡班太尔,carbantelum,carbantel,carbantel,
cargutocin,卡古缩宫素,cargutocinum,cargutocine,cargutocina,
celiprolol,塞利洛尔,celiprololum,céliprolol,celiprolol,
fosfonet sodium,膦乙酸钠,fosfonetum natricum,fosfonet sodique,fosfonet de sodio,
frentizole,夫仑替唑,frentizolum,frentizole,frentizol,
gabexate,加贝酯,gabexatum,gabexate,gabexato,
glutaurine,格牛磺酸,glutaurinum,glutaurine,glutaurina,
guanclofine,胍氯芳,guanclofinum,guanclofine,guanclofina,
ibuproxam,异丁普生,ibuproxamum,ibuproxam,ibuproxam,
memantine,美金刚,memantinum,mémantine,memantina,
metirosine,甲酪氨酸,metirosinum,métirosine,metirosina,
mofoxime,吗福克辛,mofoximum,mofoxime,mofoxima,
narasin,甲基盐霉素,narasinum,narasine,narasina,
nitracrine,尼曲吖啶,nitracrinum,nitracrine,nitracrina,
propisergide,普罗麦角,propisergidum,propisergide,propisergida,
rotamicillin,罗坦西林,rotamicillinum,rotamicilline,rotamicilina,
tiamulin,硫姆林,tiamulinum,tiamuline,tiamulina,
timoprazole,替莫拉唑,timoprazolum,timoprazole,timoprazol,
tizolemide,替唑胺,tizolemidum,tizolémide,tizolemida,
torasemide,托拉塞米,torasemidum,torasémide,torasemida,
trilostane,曲洛司坦,sifenum,trilostane,trilostano,
adamexine,金刚克新,adamexinum,adamexine,adamexina,
aliflurane,阿利氟烷,alifluranum,aliflurane,aliflurano,
amineptine,氨奈普汀,amineptinum,amineptine,amineptina,
amitriptylinoxide,氧阿米替林,amitriptylinoxidum,amitriptylinoxyde,amitriptilinóxido,
amoscanate,硝硫氰胺,amoscanatum,amoscanate,amoscanato,
azelastine,氮斯汀,azelastinum,azélastine,azelastina,
azepindole,氮吲哚,azepindolum,azépindole,azepindol,
azipramine,阿齐帕明,azipraminum,azipramine,azipramina,
belarizine,苯拉利嗪,belarizinum,bélarizine,belarizina,
bevantolol,贝凡洛尔,bevantololum,bévantolol,bevantolol,
budipine,布地品,budipinum,budipine,budipino,
buserelin,布舍瑞林,buserelinum,buséréline,buserelina,
carazolol,卡拉洛尔,carazololum,carazolol,carazolol,
carbutamide,氨磺丁脲,carbutamidum,carbutamide,carbutamida,
carcainium chloride,卡氯铵,carcainii chloridum,chlorure de carcaïnium,cloruro de carcaínio,
carnitine,卡尼汀,carnitinum,carnitine,carnitina,
chloralose,氯醛糖,chloralosum,chloralose,cloralosa,
closantel,氯生太尔,closantelum,closantel,closantel,
colterol,可尔特罗,colterolum,coltérol,colterol,
crotetamide,克罗乙胺,crotetamidum,crotétamide,crotetamida,
droxacin,屈克沙星,droxacinum,droxacine,droxacino,
gleptoferron,葡庚糖酐铁,gleptoferronum,gleptoferron,gleptoferrón,
halopredone,卤泼尼松,halopredonum,haloprédone,halopredona,
iproheptine,异丙海汀,iproheptinum,iproheptine,iproheptina,
mezilamine,美齐胺,mezilaminum,mézilamine,mezilamina,
nifuroquine,硝呋罗喹,nifuroquinum,nifuroquine,nifuroquina,
oxitropium bromide,氧托溴铵,oxitropii bromidum,bromure d'oxitropium,bromuro de oxitropio,
pamatolol,帕马洛尔,pamatololum,pamatolol,pamatolol,
pargolol,帕高洛尔,pargololum,pargolol,pargolol,
penirolol,培尼洛尔,penirololum,pénirolol,penirolol,
suclofenide,琥氯非尼,suclofenidum,suclofénide,suclofenida,
sufosfamide,磺磷酰胺,sufosfamidum,sufosfamide,sufosfamida,
sulfiram,舒非仑,sulfiramum,sulfiram,sulfiram,
sulodexide,舒洛地昔,sulodexidum,sulodexide,sulodexida,
teprotide,替普罗肽,teprotidum,téprotide,teprotida,
tiodonium chloride,噻碘氯铵,tiodonii chloridum,chlorure de tiodonium,cloruro de tiodonio,
tiopropamine,噻罗帕明,tiopropaminum,tiopropamine,tiopropamina,
tocainide,妥卡尼,tocainidum,tocaïnide,tocainida,
toliodium chloride,氯化双甲苯碘,toliodii chloridum,chlorure de toliodium,cloruro de toliodio,
tolmesoxide,甲硫氧甲苯,tolmesoxidum,tolmésoxide,tolmesóxido,
ubisindine,乌比新定,ubisindinum,ubisindine,ubisindina,
vinpocetine,长春西汀,vinpocetinum,vinpocétine,vinpocetina,
metildigoxin,甲地高辛,metildigoxinum,-azépam,céf-,
iotetric acid,碘替酸,acidum iotetricum,acide iotétrique,ácido iotétrico,
persilic acid,过磺酸,acidum persilicum,acide persilique,ácido persílico,
sultosilic acid,磺托酸,acidum sultosilicum,acide sultosilique,ácido sultosílico,
almitrine,阿米三嗪,almitrinum,almitrine,almitrina,
anthiolimine,安锑锂明,anthioliminum,anthiolimine,antiolimina,
bamnidazole,班硝唑,bamnidazolum,bamnidazole,bamnidazol,
benpenolisin,苯培诺赖,benpenolisinum,benpénolisine,benpenolisina,
brazergoline,溴麦角林,brazergolinum,brazergoline,brazergolina,
budesonide,布地奈德,budesonidum,budésonide,budesonida,
cinromide,桂溴胺,cinromidum,cinromide,cinromida,
dimetipirium bromide,地吡溴铵,dimetipirii bromidum,bromure de dimétipirium,bromuro de dimetipirio,
doconazole,多康唑,doconazolum,doconazole,doconazol,
drobuline,羟布林,drobulinum,drobuline,drobulina,
exalamide,依沙酰胺,exalamidum,exalamide,exalamida,
fosfosal,磷柳酸,fosfosalum,fosfosal,fosfosal,
furodazole,呋罗达唑,furodazolum,furodazole,furodazol,
gestodene,孕二烯酮,gestodenum,gestodène,gestodeno,
gitaloxin,吉他洛辛,gitaloxinum,gitaloxine,gitaloxina,
glusoferron,葡索铁,glusoferronum,glusoferron,glusoferrón,
iclazepam,伊氯西泮,iclazepamum,iclazépam,iclazepam,
imexon,伊美克,imexonum,imexon,imexón,
indenolol,茚诺洛尔,indenololum,indénolol,indenolol,
isamfazone,伊胺法宗,isamfazonum,isamfazone,isamfazona,
isoxepac,伊索克酸,isoxepacum,isoxépac,isoxepaco,
levopropylhexedrine,左丙己君,levopropylhexedrinum,lévopropylhexédrine,levopropilhexedrina,
lomifylline,洛米茶碱,lomifyllinum,lomifylline,lomifilina,
megalomicin,美加米星,megalomicinum,mégalomicine,megalomicina,
octastine,辛斯汀,octastinum,octastine,octastina,
oxametacin,奥沙美辛,oxametacinum,oxamétacine,oxametacina,
pifarnine,哌法宁,pifarninum,pifarnine,pifarnina,
tioctilate,辛硫苯酯,tioctilatum,tioctilate,tioctilato,
tioperidone,泰奥哌酮,tioperidonum,tiopéridone,tioperidona,
tixanox,替诺,tixanoxum,tixanox,tixanox,
tixanox,替诺,tixanoxum,tixanox,tixanox,
trifluridine,曲氟尿苷,trifluridinum,trifluridine,trifluridina,
triflusal,三氟柳,triflusalum,triflusal,triflusal,
uredofos,乌瑞磷,uredofosum,urédofos,uredofós,
urefibrate,脲贝特,urefibratum,uréfibrate,urefibrato,
vetrabutine,维曲布汀,vetrabutinum,vétrabutine,vetrabutina,
vincanol,长春醇,vincanolum,vincanol,vincanol,
ximoprofen,希莫洛芬,ximoprofenum,ximoprofène,ximoprofeno,
alrestatin,阿司他丁,alrestatinum,-azépam,céf-,
spaglumic acid,司谷氨酸,acidum spaglumicum,acide spaglumique,ácido espaglúmico,
alaproclate,阿拉丙酯,alaproclatum,alaproclate,alaproclato,
amfenac,氨芬酸,amfenacum,amfénac,amfenaco,
amrinone,氨力农,amrinonum,amrinone,amrinona,
arildone,阿立酮,arildonum,arildone,arildona,
azepexole,氮克唑,azepexolum,azépexole,azepexol,
betamicin,倍他米星,betamicinum,bétamicine,betamicina,
ciprocinonide,环丙奈德,ciprocinonidum,ciprocinonide,ciprocinonida,
clidanac,环氯茚酸,clidlanacum,clidanac,clidanaco,
climbazole,氯咪巴唑,climbazolum,climbazole,climbazol,
dazolicine,达唑利辛,dazolicinum,dazolicine,dazolicina,
desogestrel,去氧孕烯,desogestrelum,désogestrel,desogestrel,
dimetamfetamine,二甲非他明,dimetamfetaminum,dimétamfétamine,dimetanfetamina,
diosmin,地奥司明,diosminum,diosmine,diosmina,
diprobutine,二丙丁胺,diprobutinum,diprobutine,diprobutina,
dupracetam,度拉西坦,dupracetamum,dupracétam,dupracetam,
ethchlorvynol,乙氯维诺,ethchlorvynolum,éthchlorvynol,etclorvinol,
febantel,非班太尔,febantelum,fébantel,febantel,
flucindole,氟西吲哚,flucindolum,flucindole,flucindol,
fludalanine,氟氘丙氨酸,fludalaninum,fludalanine,fludalanina,
flumoxonide,氟莫奈德,flumoxonidum,flumoxonide,flumoxonida,
metipranolol,美替洛尔,metipranololum,métipranolol,metipranolol,
mociprazine,莫西哌嗪,mociprazinum,mociprazine,mociprazina,
otilonium bromide,奥替溴铵,otilonii bromidum,bromure d'otilonium,bromuro de otilonio,
oxarbazole,奥沙巴唑,oxarbazolum,oxarbazole,oxarbazol,
oxatomide,奥沙米特,oxatomidum,oxatomide,oxatomida,
pareptide,帕立太特,pareptidum,pareptide,pareptida,
pargeverine,帕吉维林,pargeverinum,pargévérine,pargeverina,
paroxetine,帕罗西汀,paroxetinum,paroxétine,paroxetina,
pirolate,匹罗酯,pirolatum,pirolate,pirolato,
racemetirosine,消旋甲酪氨酸,racemetirosinum,racémétirosine,racemetirosina,
strinoline,司曲诺林,strinolinum,strinoline,estrinolina,
valpromide,丙戊酰胺,valpromidum,valpromide,valpromida,
trepipam,曲匹泮,trepipamum,trépipam,trepipam,
silibinin,水飞蓟宾,silibininum,-azépambol,-azépambol,
acecainide,乙酰卡尼,acecainidum,acécaïnide,acecainida,
ioprocemic acid,碘普西酸,acidum ioprocemicum,acide ioprocémique,ácido ioprocémico,
cetaben,西他苯,cetabenum,cétaben,cetabén,
endralazine,恩屈嗪,endralazinum,endralazine,endralazina,
fuprazole,呋普拉唑,fuprazolum,fuprazole,fuprazol,
indobufen,吲哚布芬,indobufenum,indobufène,indobufén,
iprazochrome,异丙佐罗,iprazochromum,iprazochrome,iprazocromo,
iprocrolol,异丙洛尔,iprocrololum,iprocrolol,iprocrolol,
isobutamben,异丁坦苯,isobutambenum,isobutamben,isobutambén,
isocromil,异克罗米,isocromilum,isocromil,isocromilo,
isofezolac,三苯唑酸,isofezolacum,isofézolac,isofezolaco,
nordazepam,去甲西泮,nordazepamum,nordazépam,nordazepam,
orpanoxin,奥帕诺辛,orpanoxinum,orpanoxine,orpanoxina,
oxitriptan,羟色氨酸,oxitriptanum,oxitriptan,oxitriptán,
proxicromil,普昔罗米,proxicromilum,proxicromil,proxicromilo,
tinazoline,替那唑啉,tinazolinum,tinazoline,tinazolina,
topterone,托普特龙,topteronum,toptérone,topterona,
zorubicin,佐柔比星,zorubicinum,zorubicine,zorubicina,
colestipol,考来替泊,colestipolum,colestipol,colestipol,
deflazacort,地夫可特,deflazacortum,déflazacort,deflazacort,
pentafluranol,五氟拉诺,pentafluranolum,-azépam,céf-,
acarbose,阿卡波糖,acarbosum,acarbose,acarbosa,
afurolol,阿夫洛尔,afurololum,afurolol,afurolol,
alepride,阿来必利,alepridum,alépride,aleprida,
alfacalcidol,阿法骨化醇,alfacalcidolum,alfacalcidol,alfacalcidol,
alinidine,烯丙尼定,alinidinum,alinidine,alinidina,
amafolone,阿马夫隆,amafolonum,amafolone,amafolona,
butoconazole,布康唑,butoconazolum,butoconazole,butoconazol,
cefotiam,头孢替安,cefotiamum,céfotiam,cefotiam,
celucloral,纤维氯醛,celucloralum,célucloral,celucloral,
cibenzoline,西苯唑啉,cibenzolinum,cibenzoline,cibenzolina,
ciclosidomine,环西多明,ciclosidominum,ciclosidomine,ciclosidomina,
ciclotizolam,环氯唑仑,ciclotizolamum,ciclotizolam,ciclotizolam,
cinoquidox,氰喹多司,cinoquidoxum,cinoquidox,cinoquidox,
endomide,恩多米特,endomidum,endomide,endomida,
epicainide,依吡卡尼,epicainidum,épicaïnide,epicainida,
etilamfetamine,乙非他明,etilamfetaminum,étilamfétamine,etilanfetamina,
etiracetam,乙拉西坦,etiracetamum,étiracétam,etiracetam,
etizolam,依替唑仑,etizolamum,étizolam,etizolam,
feclemine,非克立明,fecleminum,féclémine,feclemina,
fepitrizol,非吡三唑,fepitrizolum,fépitrizol,fepitrizol,
fluindione,氟茚二酮,fluindionum,fluindione,fluindiona,
fluproquazone,氟丙喹宗,fluproquazonum,fluproquazone,fluprocuazona,
fluretofen,氟瑞托芬,fluretofenum,flurétofène,fluretofeno,
furofenac,呋罗芬酸,furofenacum,furofénac,furofenaco,
ioglunide,碘葡苯胺,ioglunidum,ioglunide,ioglunida,
isaxonine,伊沙索宁,isaxoninum,isaxonine,isaxonina,
isoprofen,异洛芬,isoprofenum,isoprofène,isoprofeno,
maitansine,美坦新,maitansinum,maitansine,maitansina,
nomelidine,诺美立定,nomelidinum,nomélidine,nomelidina,
oxapadol,奥沙帕多,oxapadolum,oxapadol,oxapadol,
oxifungin,奥昔芬净,oxifunginum,oxifungin,oxifungina,
paraxazone,帕拉沙酮,paraxazonum,paraxazone,paraxazona,
picilorex,匹西雷司,picilorexum,picilorex,picilorex,
picotrin,匹考群,picotrinum,picotrine,picotrina,
pirifibrate,吡贝特,pirifibratum,pirifibrate,pirifibrato,
quinuclium bromide,奎纽溴铵,quinuclii bromidum,bromure de quinuclium,bromuro de quinuclio,
sfericase,司非立酶,sfericasum,sféricase,esfericasa,
taglutimide,他谷酰胺,taglutimidum,taglutimide,taglutimida,
tiopinac,硫平酸,tiopinacum,tiopinac,tiopinaco,
tolimidone,托利咪酮,tolimidonum,tolimidone,tolimidona,
tolnidamine,托尼达明,tolnidaminum,tolnidamine,tolnidamina,
valconazole,戊康唑,valconazolum,valconazole,valconazol,
iopamidol,碘帕醇,iopamidolum,iopamidol,iopamidol,
orotic acid,乳清酸,acidum oroticum,acide orotique,ácido orótico,
alafosfalin,阿拉磷,alafosfalinum,alafosfaline,alafosfalina,
cinitapride,西尼必利,cinitapridum,cinitapride,cinitaprida,
cipropride,环丙必利,cipropridum,cipropride,ciproprida,
cloranolol,氯拉洛尔,cloranololum,cloranolol,cloranolol,
diacetolol,二醋洛尔,diacetololum,diacétolol,diacetolol,
exifone,依昔苯酮,exifonum,exifone,exifona,
guaietolin,呱依托林,guaietolinum,guaïétoline,guaietolina,
halazone,哈拉宗,halazonum,halazone,halazona,
isotretinoin,异维A酸,isotretinoinum,isotrétinoïne,isotretinoína,
itanoxone,伊他诺酮,itanoxonum,itanoxone,itanoxona,
ketoconazole,酮康唑,ketoconazolum,kétoconazole,ketoconazol,
levofacetoperane,左法哌酯,levofacetoperanum,lévofacétopérane,levofacetoperano,
lidamidine,利达脒,lidamidinum,lidamidine,lidamidina,
mesulfamide,美磺胺,mesulfamidum,mésulfamide,mesulfamida,
naprodoxime,萘丙多昔,naprodoximum,naprodoxime,naprodoxima,
nitroclofene,硝氯酚,nitroclofenum,nitroclofène,nitroclofeno,
phenindione,苯茚二酮,phenindionum,phénindione,fenindiona,
salafibrate,沙拉贝特,salafibratum,salafibrate,salafibrato,
talniflumate,他尼氟酯,talniflumatum,talniflumate,talniflumato,
tegafur,替加氟,tegafurum,tégafur,tegafur,
trioxifene,曲奥昔芬,trioxifenum,trioxifène,trioxifeno,
xinomiline,希诺米啉,xinomilinum,xinomiline,xinomilina,
zetidoline,泽替多林,zetidolinum,zétidoline,zetidolina,
rosaramicin,罗沙米星,rosaramicinum,rosaramicine,rosaramicina,
tropabazate,托品巴酯,tropabazatum,-azépam,céf-,
acedoben,醋氨苯酸,acedobenum,acédobène,acedobén,
aciclovir,阿昔洛韦,aciclovirum,aciclovir,aciclovir,
benclonidine,苯可乐定,benclonidinum,benclonidine,benclonidina,
bopindolol,波吲洛尔,bopindololum,bopindolol,bopindolol,
bornelone,波尼酮,bornelonum,bornélone,bornelona,
broperamole,溴哌莫,broperamolum,bropéramole,broperamol,
brovincamine,溴长春胺,brovincaminum,brovincamine,brovincamina,
clofurac,氯呋酸,clofuracum,clofurac,clofuraco,
declenperone,地林哌隆,declenperonum,déclenpérone,declenperona,
delanterone,地仑特龙,delanteronum,délantérone,delanterona,
democonazole,地莫康唑,democonazolum,démoconazole,democonazol,
dimepranol,二甲氨丙醇,dimepranolum,dimépranol,dimepranol,
drometrizole,甲酚曲唑,drometrizolum,drométrizol,drometrizol,
etocrilene,依托立林,etocrilenum,étocrilène,etocrileno,
fenprostalene,芬前列林,fenprostalenum,fenprostalène,fenprostaleno,
feprosidnine,苯丙斯德宁,feprosidninum,féprosidnine,feprosidnina,
flufosal,氟磷柳,flufosalum,flufosal,flufosal,
furaprofen,呋喃洛芬,furaprofenum,furaprofène,furaprofeno,
gemeprost,吉美前列素,gemeprostum,géméprost,gemeprost,
glucuronamide,葡罗酰胺,glucuronamidum,glucuronamide,glucuronamida,
impromidine,英普咪定,impromidinum,impromidine,impromidina,
imuracetam,英拉西坦,imuracetamum,imuracétam,imuracetam,
indanazoline,茚唑啉,indanazolinum,indanazoline,indanazolina,
inosine,肌苷,inosinum,inosine,inosina,
metioprim,美替普林,metioprimum,métioprime,metioprima,
metralindole,美曲吲哚,metralindolum,métralindole,metralindol,
nabitan,大麻坦,nabitanum,nabitan,nabitán,
nantradol,南曲多,nantradolum,nantradol,nantradol,
octrizole,奥克三唑,octrizolum,octrizole,octrizol,
oxendolone,奥生多龙,oxendolonum,oxendolone,oxendolona,
oxiconazole,奥昔康唑,oxiconazolum,oxiconazole,oxiconazol,
pentomone,喷托孟,pentomonum,pentomone,pentomona,
peradoxime,哌拉肟,peradoximum,péradoxime,peradoxima,
pivenfrine,新戊福林,pivenfrinum,pivenfrine,pivenfrina,
prenisteine,普瑞司坦,prenisteinum,prénistéïne,prenisteína,
primidolol,普米洛尔,primidololum,primidolol,primidolol,
quifenadine,奎非那定,quifenadinum,quifénadine,quifenadina,
trientine,曲恩汀,trientinum,trientine,trientina,
acrihellin,阿克海林,acrihellinum,acrihelline,acrihelina,
almasilate,铝硅酸镁,almasilatum,almasilate,almasilato,
bicifadine,比西发定,bicifadinum,bicifadine,bicifadina,
halofantrine,卤泛群,halofantrinum,halofantrine,halofantrina,
iohexol,碘海醇,iohexolum,iohexol,iohexol,
ivermectin,伊维菌素,ivermectinum,ivermectine,ivermectina,
loprodiol,洛丙二醇,loprodiolum,loprodiol,loprodiol,
medroxalol,美沙洛尔,medroxalolum,médroxalol,medroxalol,
metaterol,美他特罗,metaterolum,métatérol,metaterol,
metbufen,甲布芬,metbufenum,metbufène,metbufén,
mobenzoxamine,莫苯沙明,mobenzoxaminum,mobenzoxamine,mobenzoxamina,
nicoboxil,烟波克昔,nicoboxilum,nicoboxil,nicoboxilo,
pirazolac,吡拉唑酸,pirazolacum,pirazolac,pirazolaco,
piroctone,吡罗克酮,piroctonum,piroctone,piroctona,
pirquinozol,吡喹诺唑,pirquinozolum,pirquinozol,pirquinozol,
pridefine,普立地芬,pridefinum,pridéfine,pridefina,
prosulpride,丙舒必利,prosulpridum,prosulpride,prosulprida,
proxorphan,普罗啡烷,proxorphanum,proxorphan,proxorfano,
rifapentine,利福喷丁,rifapentinum,rifapentine,rifapentina,
somatostatin,生长抑素,somatostatinum,somatostatine,somatostatina,
talosalate,他洛柳酯,talosalatum,talosalate,talosalato,
tamitinol,他米替诺,tamitinolum,tamitinol,tamitinol,
teoprolol,茶丙洛尔,teoprololum,téoprolol,teoprolol,
tizanidine,替扎尼定,tizanidinum,tizanidine,tizanidina,
progabide,普洛加胺,progabidum,progabide,progabida,
tritiozine,曲硫秦,tritiozinum,tritiozine,tritiozina,
brovincamine,溴长春胺,brovincaminum,brovincamine,brovincamina,
oltipraz,奥替普拉,oltiprazum,oltipraz,oltipraz,
pirmenol,吡美诺,pirmenolum,pirménol,pirmenol,
tiapamil,噻帕米,tiapamilum,-azépam,céf-,
clavulanic acid,克拉维酸,acidum clavulanicum,acide clavulanique,ácido clavulánico,
acivicin,阿西维辛,acivicinum,acivicine,acivicina,
actagardin,阿肽加定,actagardinum,actagardine,actagardina,
altretamine,六甲蜜胺,altretaminum,altrétamine,altretamina,
amifostine,氨磷汀,amifostinum,amifostine,amifostina,
amsacrine,安吖啶,amsacrinum,amsacrine,amsacrina,
aniracetam,阿尼西坦,aniracetamum,aniracétam,aniracetam,
anitrazafen,阿尼扎芬,anitrazafenum,anitrazafène,anitrazafeno,
astromicin,阿司米星,astromicinum,astromicine,astromicina,
carbazeran,卡巴泽伦,carbazeranum,carbazéran,carbazerán,
cathinone,卡西酮,cathinonum,cathinone,catinona,
cefetrizole,头孢三唑,cefetrizolum,céfétrizole,cefetrizol,
ciadox,氰多司,ciadoxum,ciadox,ciadox,
cinamolol,西那洛尔,cinamololum,cinamolol,cinamolol,
defibrotide,去纤苷,defibrotidum,défibrotide,defibrotida,
diciferron,地西铁,diciferronum,diciferron,diciferrón,
disobutamide,地索布胺,disobutamidum,disobutamide,disobutamida,
doxifluridine,去氧氟尿苷,doxifluridinum,doxifluridine,doxifluridina,
emorfazone,依莫法宗,emorfazonum,émorfazone,emorfazona,
enilconazole,恩康唑,enilconazolum,énilconazole,enilconazol,
enviroxime,恩韦肟,enviroximum,enviroxime,enviroxima,
lindane,林旦,lindanum,lindane,lindano,
lodiperone,氯地哌隆,lodiperonum,lodipérone,lodiperona,
luprostiol,鲁前列醇,luprostiolum,luprostiol,luprostiol,
malotilate,马洛替酯,malotilatum,malotilate,malotilato,
mariptiline,马立替林,mariptilinum,mariptiline,mariptilina,
meclonazepam,甲氯西泮,meclonazepamum,méclonazépam,meclonazepam,
metkefamide,美克法胺,metkefamidum,metkéfamide,metkefamida,
moclobemide,吗氯贝胺,moclobemidum,moclobémide,moclobemida,
nabumetone,萘丁美酮,nabumetonum,nabumétone,nabumetona,
nicorandil,尼可地尔,nicorandilum,nicorandil,nicorandil,
nicoxamat,尼可马特,nicoxamatum,nicoxamate,nicoxamat,
nimesulide,尼美舒利,nimesulidum,nimésulide,nimesulida,
nizofenone,尼唑苯酮,nizofenonum,nizofénone,nizofenona,
nonaperone,诺那哌隆,nonaperonum,nonapérone,nonaperona,
oxmetidine,奥美替丁,oxmetidinum,oxmétidine,oxmetidina,
oxoprostol,氧前列醇,oxoprostolum,oxoprostol,oxoprostol,
perafensine,哌芬新,perafensinum,pérafensine,perafensina,
piclonidine,吡可乐定,piclonidinum,piclonidine,piclonidina,
pirisudanol,吡舒达诺,pirisudanolum,pirisudanol,pirisudanol,
prednicarbate,泼尼卡酯,prednicarbatum,prednicarbate,prednicarbato,
prizidilol,普齐地洛,prizidilolum,prizidilol,prizidilol,
sudexanox,舒地诺,sudexanoxum,sudexanox,sudexanox,
sulbactam,舒巴坦,sulbactamum,sulbactam,sulbactam,
sulmazole,硫马唑,sulmazolum,sulmazole,sulmazol,
sulverapride,磺维必利,sulverapridum,sulvérapride,sulveraprida,
surfomer,舒福姆,surfomerum,surfomère,surfómero,
tendamistat,淀粉酶抑肽,tendamistatum,tendamistat,tendamistat,
tenocyclidine,替诺环定,tenocyclidinum,ténocyclidine,tenociclidina,
peplomycin,培洛霉素,peplomycinum,-azépam,céf-,
adinazolam,阿地唑仑,adinazolamum,adinazolam,adinazolam,
alfaprostol,阿法前列醇,alfaprostolum,alfaprostol,alfaprostol,
alusulf,铝硫复,alusulfum,alusulf,alusulfo,
ametantrone,阿美蒽醌,ametantronum,amétantrone,ametantrona,
benolizime,贝诺利嗪,benolizimum,bénolizime,benolizima,
carbetocin,卡贝缩宫素,carbetocinum,carbétocine,carbetocina,
carmellose,羧甲纤维素,carmellosum,carmellose,carmelosa,
carmofur,卡莫氟,carmofurum,carmofur,carmofur,
decominol,地考米醇,decominolum,décominol,decominol,
enolicam,依诺利康,enolicamum,énolicam,enolicam,
esaprazole,艾沙拉唑,esaprazolum,ésaprazole,esaprazol,
flutoprazepam,氟托西泮,flutoprazepamum,flutoprazépam,flutoprazepam,
lotifazole,氯替法唑,lotifazolum,lotifazole,lotifazol,
naboctate,大麻克酯,naboctatum,naboctate,naboctato,
oxaprotiline,羟丙替林,oxaprotilinum,oxaprotiline,oxaprotilina,
perfluamine,全氟胺,perfluaminum,perfluamine,perfluamina,
pyrithyldione,吡乙二酮,pyrithyldionum,pyrithyldione,piritildiona,
spirorenone,螺利酮,spirorenonum,spirorénone,espirorenona,
thymostimulin,胸腺刺激素,thymostimulinum,thymostimuline,timostimulina,
tilbroquinol,甲溴羟喹,tilbroquinolum,tilbroquinol,tilbroquinol,
tiliquinol,甲羟喹,tiliquinolum,tiliquinol,tiliquinol,
tolfamide,托法胺,tolfamidum,tolfamide,tolfamida,
adrafinil,阿屈非尼,adrafinilum,adrafinil,adrafinilo,
altrenogest,烯丙孕素,altrenogestum,altrénogest,altrenogest,
asocainol,阿索卡诺,asocainolum,asocaïnol,asocainol,
camostat,卡莫司他,camostatum,camostat,camostat,
cilobamine,西洛巴明,cilobaminum,cilobamine,cilobamina,
cromitrile,克罗米腈,cromitrilum,cromitrile,cromitrilo,
desocriptine,地索隐亭,desocriptinum,désocriptine,desocriptina,
detomidine,地托咪定,detomidinum,détomidine,detomidina,
dexetozoline,地西唑林,dexetozolinum,dexétozoline,dexetozolina,
fosenazide,福司肼,fosenazidum,fosénazide,fosenazida,
fosmidomycin,膦胺霉素,fosmidomycinum,fosmidomycine,fosmidomicina,
gabapentin,加巴喷丁,gabapentinum,gabapentine,gabapentina,
indeloxazine,茚洛秦,indeloxazinum,indéloxazine,indeloxazina,
ketanserin,酮色林,ketanserinum,kétansérine,ketanserina,
loxanast,洛沙司特,loxanastum,loxanast,loxanast,
murocainide,莫罗卡尼,murocainidum,murocaïnide,murocainida,
napactadine,萘帕他定,napactadinum,napactadine,napactadina,
nicainoprol,尼卡普醇,nicainoprolum,nicaïnoprol,nicainoprol,
nitrefazole,硝法唑,nitrefazolum,nitréfazole,nitrefazol,
picoprazole,吡考拉唑,picoprazolum,picoprazole,picoprazol,
pimobendan,匹莫苯旦,pimobendanum,pimobendane,pimobendán,
pinafide,吡萘非特,pinafidum,pinafide,pinafida,
pirenperone,匹仑哌隆,pirenperonum,pirenpérone,pirenperona,
promelase,普罗米酶,promelasum,promélase,promelasa,
propentofylline,丙戊茶碱,propentofyllinum,propentofylline,propentofilina,
spirendolol,螺仑洛尔,spirendololum,spirendolol,espirendolol,
suproclone,舒普克隆,suprocionum,suproclone,suproclona,
temocillin,替莫西林,temocillinum,témocilline,temocilina,
terlipressin,特利加压素,terlipressinum,terlipressine,terlipresina,
tonazocine,托那佐辛,tonazocinum,tonazocine,tonazocina,
tranilast,曲尼司特,tranilastum,tranilast,tranilast,
triciribine,曲西立滨,triciribinum,triciribine,triciribina,
trimexiline,三甲昔林,trimexilinum,trimexiline,trimexilina,
vinzolidine,长春利定,vinzolidinum,vinzolidine,vinzolidina,
viqualine,维喹啉,viqualinum,viqualine,vicualina,
stepronin,司替罗宁,steproninum,-azépam,céf-,
amitraz,阿米曲士,amitrazum,amitraz,amitraz,
ancarolol,安卡洛尔,ancarololum,ancarolol,ancarolol,
bisantrene,比生群,bisantrenum,bisantrène,bisantreno,
cefpiramide,头孢匹胺,cefpiramidum,cefpiramide,cefpiramida,
clemeprol,氯美醇,clemeprolum,cléméprol,clemeprol,
dazoxiben,达唑氧苯,dazoxibenum,dazoxibène,dazoxiben,
diaziquone,地吖醌,diaziquonum,diaziquone,diazicuona,
disogluside,地索苷,disoglusidum,disogluside,disoglúsido,
droxicainide,羟卡尼,droxicainidum,droxicaïnide,droxicainida,
etisomicin,乙索米星,etisomicinum,étisomicine,etisomicina,
etisulergine,乙舒麦角,etisulerginum,étisulergine,etisulergina,
falipamil,法利帕米,falipamilum,falipamil,falipamilo,
filenadol,非来那多,filenadolum,filénadol,filenadol,
flumezapine,氟甲氮平,flumezapinum,flumézapine,flumezapina,
fluprazine,氟普拉嗪,fluprazinum,fluprazine,fluprazina,
fuzlocillin,呋洛西林,fuzlocillinum,fuzlocilline,fuslocilina,
idarubicin,伊达比星,idarubicinum,idarubicine,idarubicina,
leuprorelin,亮丙瑞林,leuprorelinum,leuproréline,leuprorelina,
lofemizole,洛非咪唑,lofemizolum,lofémizole,lofemizol,
manozodil,马诺地尔,manozodilum,manozodil,manozodil,
mesulergine,美舒麦角,mesulerginum,mésulergine,mesulergina,
nonabine,诺大麻,nonabinum,nonabine,nonabina,
oxagrelate,氧格雷酯,oxagrelatum,oxagrélate,oxagrelato,
picumast,哌香豆司特,picumastum,picumast,picumast,
tenonitrozole,替诺尼唑,tenonitrozolum,ténonitrozole,tenonitrozol,
sulfaquinoxaline,磺胺喹沙啉,sulfaquinoxalinum,-azépam,céf-,
acefluranol,醋氟拉诺,acefluranolum,acéfluranol,acefluranol,
acetylleucine,乙酰亮氨酸,acetylleucinum,acétylleucine,acetileucina,
bisoprolol,比索洛尔,bisoprololum,bisoprolol,bisoprolol,
bucromarone,布色酮,bucromaronum,bucromarone,bucromarona,
cefbuperazone,头孢拉宗,cefbuperazonum,cefbupérazone,cefbuperazona,
cicloprolol,环丙洛尔,cicloprololum,cicloprolol,cicloprolol,
clorsulon,氯舒隆,clorsulonum,clorsulone,clorsulón,
croscarmellose,交联羧甲纤维素,croscarmellosum,croscarmellose,croscarmelosa,
dacemazine,达西马嗪,dacemazinum,dacémazine,dacemazina,
doqualast,多夸司特,doqualastum,doqualast,docualast,
famotidine,法莫替丁,famotidinum,famotidine,famotidina,
fanetizole,法奈替唑,fanetizolum,fanétizole,fanetizol,
fenprinast,苯呤司特,fenprinastum,fenprinast,fenprinast,
flavodilol,黄酮地洛,flavodilolum,flavodilol,flavodilol,
flordipine,氟地平,flordipinum,flordipine,flordipino,
fluradoline,氟多林,fluradolinum,fluradoline,fluradolina,
fotretamine,福曲他明,fotretaminum,fotrétamine,fotretamina,
furafylline,呋拉茶碱,furafyllinum,furafylline,furafilina,
hyprolose,羟丙基纤维素,hyprolosum,hyprolose,hiprolosa,
ipsalazide,伊普柳氮,ipsalazidum,ipsalazide,ipsalazida,
lamtidine,兰替丁,lamtidinum,lamtidine,lamtidina,
levlofexidine,左洛非西定,levlofexidinum,levlofexidine,levlofexidina,
linogliride,利诺格列,linogliridum,linogliride,linoglirida,
lomevactone,洛美内酯,lomevactonum,lomévactone,lomevactona,
mexafylline,美沙茶碱,mexafyllinum,mexafylline,mexafilina,
milacemide,米拉醋胺,milacemidum,milacémide,milacemida,
mitindomide,米丁度胺,mitindomidum,mitindomide,mitindomida,
moxonidine,莫索尼定,moxonidinum,moxonidine,moxonidina,
nicogrelate,烟格雷酯,nicogrelatum,nicogrélate,nicogrelato,
nizatidine,尼扎替丁,nizatidinum,nizatidine,nizatidina,
parvaquone,帕伐醌,parvaquonum,parvaquone,parvacuona,
piconol,吡啶甲醇,piconolum,piconol,piconol,
pildralazine,匹尔屈嗪,pildralazinum,pildralazine,pildralazina,
pumitepa,嘌嘧替派,pumitepum,pumitépa,pumitepa,
rofelodine,罗非咯啶,rofelodinum,rofélodine,rofelodina,
satranidazole,沙曲硝唑,satranidazolum,satranidazole,satranidazol,
sertraline,舍曲林,sertralinum,sertraline,sertralina,
spiroplatin,螺铂,spiroplatinum,spiroplatine,espiroplatino,
sultamicillin,舒他西林,sultamicillinum,sultamicilline,sultamicilina,
taziprinone,他齐普酮,taziprinonum,taziprinone,taziprinona,
tefludazine,替氟达嗪,tefludazinum,téfludazine,tefludazina,
tiazofurine,噻唑呋林,tiazofurinum,tiazofurine,tiazofurina,
tibalosin,替巴洛新,tibalosinum,tibalosine,tibalosina,
ticabesone,替卡贝松,ticabesonum,ticabésone,ticabesona,
trenizine,曲尼嗪,trenizinum,trénizine,trenizina,
xamoterol,扎莫特罗,xamoterolum,xamotérol,xamoterol,
xibenolol,希苯洛尔,xibenololum,xibénolol,xibenolol,
xorphanol,佐尔啡诺,xorphanolum,xorphanol,xorfanol,
zolenzepine,唑仑西平,zolenzepinum,zolenzépine,zolenzepina,
axetil,醋氧乙(基),axetilum,axétil,axetilo,
delmetacin,地美辛,delmetacinum,delmétacine,delmetacina,
iloprost,伊洛前列素,iloprostum,iloprost,iloprost,
desocriptine,地索隐亭,desocriptinum,désocriptine,desocriptina,
cianergoline,氰麦角林,cianergolinum,cianergoline,cianergolina,
epirubicin,表柔比星,epirubicinum,épirubicine,epirubicina,
pirlimycin,吡利霉素,pirlimycinum,pirlimycine,pirlimicina,
teicoplanin,替考拉宁,teicoplaninum,-azépam,céf-,
fosmenic acid,膦美酸,acidum fosmenicum,acide fosménique,ácido fosménico,
alfuzosin,阿夫唑嗪,alfuzosinum,alfuzosine,alfuzosina,
alifedrine,阿利非君,alifedrinum,alifédrine,alifedrina,
bucricaine,丁吖卡因,bucricainum,bucricaïne,bucricaína,
caracemide,卡醋胺,caracemidum,caracémide,caracemida,
dienogest,地诺孕素,dienogestum,diénogest,dienogest,
ditercalinium chloride,地特氯铵,ditercalinii chloridum,chlorure de ditercalinium,cloruro de ditercalinio,
ditiomustine,二硫莫司汀,ditiomustinum,ditiomustine,ditiomustina,
dribendazole,屈苯达唑,dribendazolum,dribendazole,dribendazol,
edetol,依地醇,edetolum,édétol,edetol,
enoxacin,依诺沙星,enoxacinum,énoxacine,enoxacino,
eproxindine,依普吲定,eproxindinum,éproxindine,eproxindina,
fezolamine,非唑拉明,fezolaminum,fézolamine,fezolamina,
idazoxan,咪唑克生,idazoxanum,idazoxan,idazoxano,
isotiquimide,依索喹胺,isotiquimidum,isotiquimide,isotiquimida,
ketorfanol,酮啡诺,ketorfanolum,kétorfanol,ketorfanol,
mepixanox,甲哌诺,mepixanoxum,mépixanox,mepixanox,
mifobate,米福酯,mifobatum,mifobate,mifobato,
murabutide,莫拉丁酯,murabutidum,murabutide,murabutida,
nabazenil,大麻泽尼,nabazenilum,nabazénil,nabazenil,
nabilone,大麻隆,nabilonum,nabilone,nabilona,
nacartocin,那卡缩宫素,hacartocinum,nacartocine,nacartocina,
nafimidone,萘咪酮,nafimidonum,nafimidone,nafimidona,
ofloxacin,氧氟沙星,ofloxacinum,ofloxacine,ofloxacino,
oxalinast,草氨司特,oxalinastum,oxalinast,oxalinast,
panuramine,帕奴拉明,panuraminum,panuramine,panuramina,
pincainide,平卡尼,pincainidum,pincaïnide,pincainida,
piroxicillin,匹罗西林,piroxicillinum,piroxicilline,piroxicilina,
rolgamidine,罗加米定,rolgamidinum,rolgamidine,rolgamidina,
tebuquine,替布喹,tebuquinum,tébuquine,tebuquina,
thymopentin,胸腺喷丁,thymopentinum,thymopentine,timopentina,
tinabinol,替大麻酚,tinabinolum,tinabinol,tinabinol,
tizabrin,替扎布林,tizabrinum,tizabrine,tizabrina,
trimoprostil,曲莫前列素,trimoprostilum,trimoprostil,trimoprostilo,
zomebazam,唑美巴占,zomebazamum,zomébazam,zomebazam,
bifepramide,联苯普胺,bifepramidum,bifépramide,bifepramida,
alacepril,阿拉普利,alaceprilum,alacépril,alacepril,
amflutizole,氨氟替唑,amflutizolum,amflutizole,amflutizol,
amosulalol,氨磺洛尔,amosulalolum,amosulalol,amosulalol,
aptazapine,阿普氮平,aptazapinum,aptazapine,aptazapina,
aspoxicillin,阿扑西林,aspoxicillinum,aspoxicilline,aspoxicilina,
avridine,阿夫立定,avridinum,avridine,avridina,
benaxibine,贝那昔滨,benaxibinum,bénaxibine,benaxibina,
bencianol,苯西阿诺,bencianolum,bencianol,bencianol,
bunazosin,布那唑嗪,bunazosinum,bunazosine,bunazosina,
cabastine,卡巴斯汀,cabastinum,cabastine,cabastina,
carbetimer,卡贝替姆,carbetimerum,carbétimère,carbetímero,
cifostodine,胞磷托定,cifostodinum,cifostodine,cifostodina,
diacerein,双醋瑞因,diacereinum,diacéréine,diacereína,
dicirenone,地西利酮,dicirenonum,dicirénone,dicirenona,
dilevalol,地来洛尔,dilevalolum,dilévalol,dilevalol,
dopexamine,多培沙明,dopexaminum,dopéxamine,dopexamina,
dotarizine,多他利嗪,dotarizinum,dotarizine,dotarizina,
enalaprilat,依那普利拉,enalaprilatum,énalaprilate,enalaprilat,
enisoprost,依尼前列素,enisoprostum,énisoprost,enisoprost,
enprostil,恩前列素,enprostilum,enprostil,enprostilo,
erocainide,依罗卡尼,erocainidum,érocaïnide,erocainida,
fosfocreatinine,磷酸肌酐,fosfocreatininum,fosfocréatinine,fosfocreatinina,
hyalosidase,透明糖酶,hyalosidasum,hyalosidase,hialosidasa,
icospiramide,艾考螺胺,icospiramidum,icospiramide,icospiramida,
idebenone,艾地苯醌,idebenonum,idébénone,idebenona,
itraconazole,伊曲康唑,itraconazolum,itraconazole,itraconazol,
ketotrexate,酮曲沙,ketotrexatum,kétotrexate,ketotrexato,
laurixamine,劳立沙明,laurixaminum,laurixamine,laurixamina,
laurocapram,月桂氮酮,laurocapramum,laurocapram,laurocapram,
lenampicillin,仑氨西林,lenampicillinum,lénampicilline,lenampicilina,
levocabastine,左卡巴斯汀,levocabastinum,lévocabastine,levocabastina,
lisinopril,赖诺普利,lisinoprilum,lisinopril,lisinopril,
lufuradom,鲁夫拉朵,lufuradomum,lufuradom,lufuradom,
meciadanol,美西达醇,meciadanolum,méciadanol,meciadanol,
mifentidine,咪芬替丁,mifentidinum,mifentidine,mifentidina,
nafarelin,那法瑞林,nafarelinum,nafaréline,nafarelina,
naflocort,萘非可特,naflocortum,naflocort,naflocort,
nafoxadol,萘克沙多,nafoxadolum,nafoxadol,nafoxadol,
nedocromil,奈多罗米,nedocromilum,nédocromil,nedocromilo,
nefazodone,奈法唑酮,nefazodonum,néfazodone,nefazodona,
propacetamol,丙帕他莫,propacetamolum,propacétamol,propacetamol,
proterguride,丙麦角脲,proterguridum,proterguride,protergurida,
quinacainol,喹那卡诺,quinacainolum,quinacaïnol,quinacainol,
ropivacaine,罗哌卡因,ropivacainum,ropivacaïne,ropivacaína,
tauromustine,牛磺莫司汀,tauromustinum,tauromustine,tauromustina,
telenzepine,替仑西平,telenzepinum,télenzépine,telenzepina,
teprenone,替普瑞酮,teprenonum,téprénone,teprenona,
teriparatide,特立帕肽,teriparatidum,tériparatide,teriparatida,
tilactase,半乳糖苷酶,tilactasum,tilactase,tilactasa,
tiprinast,替普司特,tiprinastum,tiprinast,tiprinast,
tubulozole,妥布氯唑,tubulozolum,tubulozole,tubulozol,
ufenamate,乌芬那酯,ufenamatum,ufénamate,ufenamato,
vinepidine,长春匹定,vinepidinum,vinépidine,vinepidina,
zinoconazole,齐诺康唑,zinoconazolum,zinoconazole,zinoconazol,
binedaline,苯奈达林,binedalinum,binédaline,binedalina,
fumoxicillin,呋莫西林,fumoxicillinum,fumoxicilline,fumoxicilina,
zidapamide,齐达帕胺,zidapamidum,zidapamide,zidapamida,
plicamycin,普卡霉素,plicamycinum,plicamycine,plicamicina,
acifran,阿昔呋喃,acifranum,acifran,acifrán,
climazolam,氯马唑仑,climazolamum,climazolam,climazolam,
dazmegrel,达美格雷,dazmegrelum,dazmégrel,dazmegrel,
deloxolone,地洛索龙,deloxolonum,déloxolone,deloxolona,
dezaguanine,地扎呱宁,dezaguaninum,dézaguanine,dezaguanina,
diproteverine,二丙维林,diproteverinum,diprotévérine,diproteverina,
eldexomer,依地索姆,eldexomerum,eldexomère,eldexómero,
epostane,环氧司坦,epostanum,épostane,epostano,
flurithromycin,氟红霉素,flurithromycinum,flurithromycine,fluritromicina,
fostedil,福司地尔,fostedilum,fostédil,fostedil,
losulazine,洛硫嗪,losulazinum,losulazine,losulazina,
lutrelin,黄体瑞林,lutrelinum,lutréline,lutrelina,
mipimazole,咪匹马唑,mipimazolum,mipimazole,mipimazol,
ramifenazone,雷米那酮,ramifenazonum,ramifénazone,ramifenazona,
ristianol,利司硫醇,ristianolum,ristianol,ristianol,
ritanserin,利坦色林,ritanserinum,ritansérine,ritanserina,
tenilsetam,替尼西坦,tenilsetamum,ténilsétam,tenilsetam,
brocrinat,溴克利那,brocrinatum,brocrinate,brocrinat,
colforsin,考福新,colforsinum,colforsine,colforsina,
darodipine,达罗地平,darodipinum,darodipine,darodipino,
abunidazole,阿布硝唑,abunidazolum,abunidazole,abunidazol,
amonafide,氨萘非特,amonafidum,amonafide,amonafida,
anaxirone,阿那昔酮,anaxironum,anaxirone,anaxirona,
azaloxan,阿扎克生,azaloxanum,azaloxan,azaloxano,
barucainide,巴芦卡尼,barucainidum,barucaïnide,barucainida,
besulpamide,贝舒帕胺,besulpamidum,bésulpamide,besulpamida,
biclodil,二氯地尔,biclodilum,biclodil,biclodil,
buciclovir,布昔洛韦,buciclovirum,buciclovir,buciclovir,
cinflumide,环桂氟胺,cinfiumidum,cinflumide,cinflumida,
clidafidine,氯达非定,clidafidinum,clidafidine,clidafidina,
cloricromen,氯克罗孟,cloricromenum,cloricromène,cloricromeno,
cloticasone,氯硫卡松,cloticasonum,cloticasone,cloticasona,
dagapamil,达加帕米,dagapamilum,dagapamil,dagapamilo,
dimoxaprost,地莫前列素,dimoxaprostum,dimoxaprost,dimoxaprost,
ebastine,依巴斯汀,ebastinum,ébastine,ebastina,
edoxudine,依度尿苷,edoxudinum,édoxudine,edoxudina,
eflornithine,依氟鸟氨酸,eflornithinum,éflornithine,eflornitina,
emopamil,依莫帕米,emopamilum,émopamil,emopamilo,
enilospirone,依尼螺酮,enilospironum,énilospirone,enilospirona,
enoxamast,依诺司特,enoxamastum,énoxamast,enoxamast,
etacepride,依他必利,etacepridum,étacépride,etaceprida,
eticlopride,依替必利,eticlopridum,éticlopride,eticloprida,
etomoxir,乙莫克舍,etomoxirum,étomoxir,etomoxir,
imiloxan,咪洛克生,imiloxanum,imiloxan,imiloxán,
iopentol,碘喷托,iopentolum,iopentol,iopentol,
isobromindione,依溴二酮,isobromindionum,isobromindione,isobromindiona,
ivoqualine,伊伏夸林,ivoqualinum,ivoqualine,ivocualina,
lamotrigine,拉莫三嗪,lamotriginum,lamotrigine,lamotrigina,
lemidosul,来米多舒,lemidosulum,lémidosul,lemidosul,
lodinixil,氯地昔尔,lodinixilum,lodinixil,lodinixilo,
loflucarban,氯氟卡班,loflucarbanum,loflucarban,loflucarbán,
lotrifen,氯曲芬,lotrifenum,lotrifène,lotrifeno,
luxabendazole,鲁苯达唑,luxabendazolum,luxabendazole,luxabendazol,
maduramicin,马度米星,maduramicinum,maduramicine,maduramicina,
mopidralazine,莫哌屈嗪,mopidralazinum,mopidralazine,mopidralazina,
motapizone,莫他匹酮,motapizonum,motapizone,motapizona,
nesapidil,奈沙地尔,nesapidilum,nésapidil,nesapidil,
ociltide,奥西肽,ociltidum,ociltide,ociltida,
octimibate,辛米贝特,octimibatum,octimibate,octimibato,
olsalazine,奥沙拉秦,olsalazinum,olsalazine,olsalazina,
oxodipine,奥索地平,oxodipinum,oxodipine,oxodipino,
quazinone,喹齐酮,quazinonum,quazinone,quazinona,
rifabutin,利福布汀,rifabutinum,rifabutine,rifabutina,
rilapine,利拉平,rilapinum,rilapine,rilapina,
sulicrinat,磺克利那,sulicrinatum,sulicrinat,sulicrinat,
tasuldine,他硫啶,tasuldinum,tasuldine,tasuldina,
tazadolene,他扎多林,tazadolenum,tazadolène,tazadoleno,
tazifylline,他齐茶碱,tazifyllinum,tazifylline,tazifilina,
tomoxiprole,托莫普罗,tomoxiprolum,tomoxiprole,tomoxiprol,
vigabatrin,氨己烯酸,vigabatrinum.,vigabatrine,vigabatrina,
mesalazine,美沙拉秦,mesalazinum,mésalazine,mesalazina,
nilvadipine,尼伐地平,nilvadipinum,nilvadipine,nilvadipino,
abamectin,阿巴克丁,abamectinum,abamectine,abamectina,
ioxabrolic acid,碘克溴酸,acidum ioxabrolicum,acide ioxabrolique,ácido ioxabrólico,
alpidem,阿吡坦,alpidemum,alpidem,alpidem,
azamulin,阿扎莫林,azamulinum,azamuline,azamulina,
danosteine,达诺司坦,danosteinum,danostéine,danosteína,
dioxadilol,地奥地洛,dioxadilolum,dioxadilol,dioxadilol,
eltenac,依尔替酸,eltenacum,elténac,eltenaco,
fengabine,酚加宾,fengabinum,fengabine,fengabina,
fosarilate,膦利酯,fosarilatum,fosarilate,fosarilato,
glimepiride,格列美脲,glimepiridum,glimépiride,glimepirida,
histrelin,组氨瑞林,histrelinum,histréline,histrelina,
iodixanol,碘克沙醇,iodixanolum,iodixanol,iodixanol,
irloxacin,伊洛沙星,irloxacinum,irloxacine,irloxacino,
lactalfate,乳铝硫,lactalfatum,lactalfate,lactalfato,
lucartamide,鲁卡他胺,lucartamidum,lucartamide,lucartamida,
medetomidine,美托咪定,medetomidinum,médétomidine,medetomidina,
midazogrel,咪唑格雷,midazogrelum,midazogrel,midazogrel,
naminterol,那明特罗,naminterolum,namintérol,naminterol,
nitraquazone,硝喹宗,nitraquazonum,nitraquazone,nitracuazona,
peraclopone,哌氯朋,peracloponum,péraclopone,peraclopona,
pipequaline,哌夸林,pipequalinum,pipéqualine,pipecualina,
pirmagrel,吡吗格雷,pirmagrelum,pirmagrel,pirmagrel,
ralitoline,雷利托林,ralitolinum,ralitoline,ralitolina,
rokitamycin,罗他霉素,rokitamycinum,rokitamycine,rokitamicina,
roquinimex,罗喹美克,roquinimexum,roquinimex,roquinimex,
sorbinil,索比尼尔,sorbinilum,sorbinil,sorbinilo,
spiradoline,螺多林,adolinum,spiradoline,espiradolina,
tioxamast,噻草司特,tioxamastum,tioxamast,tioxamast,
tioxamast,噻草司特,tioxamastum,tioxamast,tioxamast,
tolgabide,托加比特,tolgabidum,tolgabide,tolgabida,
toremifene,托瑞米芬,toremifenum,torémifène,toremifeno,
trecadrine,曲卡君,trecadrinum,trécadrine,trecadrina,
metamizole sodium,安乃近,metamizolum natricum,métamizole sodique,metamizol de sodio,
acitemate,阿昔替酯,acitematum,acitémate,acitemato,
amebucort,安布可特,amebucortum,amébucort,amebucort,
amorolfine,阿莫罗芬,amorolfinum,amorolfine,amorolfina,
anpirtoline,安吡托林,anpirtolinum,anpirtoline,anpirtolina,
atamestane,阿他美坦,atamestanum,atamestane,atamestano,
atiprosin,阿替丙嗪,atiprosinum,atiprosine,atiprosina,
dametralast,达美司特,dametralastum,damétralast,dametralast,
duoperone,度奥哌隆,duoperonum,duopérone,duoperona,
esuprone,乙磺普隆,esupronum,ésuprone,esuprona,
felbamate,非尔氨酯,felbamatum,felbamate,felbamato,
fenfluthrin,芬氟司林,fenfluthrinum,fenfluthrine,fenflutrina,
gepirone,吉哌隆,gepironum,gépirone,gepirona,
gloximonam,格洛莫南,gloximonamum,gloximonam,gloximonam,
idralfidine,伊屈非定,idralfidinum,idralfidine,idralfidina,
ifoxetine,伊福西汀,ifoxetinum,ifoxétine,ifoxetina,
inocoterone,伊诺特龙,inocoteronum,inocotérone,inocoterona,
iosarcol,碘沙考,iosarcolum,iosarcol,iosarcol,
loratadine,氯雷他定,loratadinum,loratadine,loratadina,
maroxepin,马罗塞平,maroxepinum,maroxépine,maroxepina,
medorinone,美多力农,medorinonum,médorinone,medorinona,
mergocriptine,甲麦角隐亭,mergocriptinum,mergocriptine,mergocriptina,
mitoquidone,米托喹酮,mitoquidonum,mitoquidone,mitoquidona,
oximonam,肟莫南,oximonamum,oximonam,oximonam,
oxindanac,羟吲达酸,oxindanacum,oxindanac,oxindanaco,
piritrexim,吡曲克辛,piritreximum,piritrexime,piritrexima,
preclamol,丙克拉莫,preclamolum,préclamol,preclamol,
ractopamine,雷托巴胺,ractopaminum,ractopamine,ractopamina,
raloxifene,雷洛昔芬,raloxifenum,raloxifène,raloxifeno,
ramciclane,雷胺环烷,ramciclanum,ramciclane,ramciclano,
reboxetine,瑞波西汀,reboxetinum,réboxétine,reboxetina,
recainam,瑞卡南,recainamum,récaïnam,recainam,
rimcazole,林卡唑,rimcazolum,rimcazole,rimcazol,
rodorubicin,罗多比星,rodorubicinum,rodorubicine,rodorubicina,
rolziracetam,罗拉西坦,rolziracetamum,rolziracétam,rolziracetam,
roxatidine,罗沙替丁,roxatidinum,roxatidine,roxatidina,
roxithromycin,罗红霉素,roxithromycinum,roxithromycine,roxitromicina,
somatrem,人蛋氨生长素,somatremum,somatrem,somatrem,
sometribove,牛蛋亮生长素,sometribovum,sométribove,sometribovo,
sufotidine,舒福替丁,sufotidinum,sufotidine,sufotidina,
sumacetamol,舒马他莫,sumacetamolum,sumacétamol,sumacetamol,
timelotem,替美洛坦,timelotemum,timélotem,timelotem,
ulobetasol,乌倍他索,ulobetasolum,ulobétasol,ulobetasol,
zindotrine,嗪多群,zindotrinum,zindotrine,zindotrina,
zindoxifene,秦哚昔芬,zindoxifenum,zindoxifène,zindoxifeno,
itrocainide,伊曲卡尼,itrocainidum,itrocaïnide,itrocainida,
altapizone,阿他匹宗,altapizonum,altapizone,altapizona,
amlexanox,氨来诺,amlexanoxum,amlexanox,amlexanoxo,
amylmetacresol,戊间甲酚,amylmetacresolum,amylmétacrésol,amilmetacresol,
ardacin,阿达星,ardacinum,ardacine,ardacina,
bemitradine,贝米曲啶,bemitradinum,bémitradine,bemitradina,
bifemelane,二苯美伦,bifemelanum,bifémélane,bifemelano,
brolamfetamine,布苯丙胺,brolamfetaminum,brolamfétamine,brolanfetamina,
bromfenac,溴芬酸,bromfenacum,bromfénac,bromfenaco,
bropirimine,溴匹立明,bropiriminum,bropirimine,bropirimina,
difloxacin,二氟沙星,difloxacinum,difloxacine,difloxacino,
eclazolast,乙唑司特,eclazolastum,éclazolast,eclazolast,
epinastine,依匹斯汀,epinastinum,épinastine,epinastina,
flomoxef,氟氧头孢,flomoxefum,flomoxef,flomoxef,
miglitol,米格列醇,miglitolum,miglitol,miglitol,
molracetam,莫拉西坦,molracetamum,molracétam,molracetam,
nosantine,诺次黄嘌呤,nosantinum,nosantine,nosantina,
ozagrel,奥扎格雷,ozagrelum,ozagrel,ozagrel,
paldimycin,帕地霉素,paldimycinum,paldimycine,paldimicina,
ramixotidine,雷索替丁,ramixotidinum,ramixotidine,ramixotidina,
sometripor,猪蛋氨生长素,sometriporum,sométripor,sometripor,
tropanserin,托烷色林,tropanserinum,tropansérine,tropanserina,
benzfetamine,苄非他明,benzfetaminum,benzfétamine,benzfetamina,
dexamfetamine,右苯丙胺,dexamfetaminum,dexamfétamine,dexanfetamina,
sulfasalazine,柳氮磺吡啶,sulfasalazinum,sulfasalazine,sulfasalazina,
fomidacillin,福米西林,fomidacillinum,fomidacilline,fomidacilina,
solpecainol,索培卡诺,solpecainolum,solpécaïnol,solpecainol,
piridronic acid,吡膦酸,acidum piridronicum,acide piridronique,ácido piridrónico,
azumolene,阿珠莫林,azumolenum,azumolène,azumoleno,
budotitane,布度钛,budotitanum,budotitane,budotitano,
clazuril,克拉珠利,clazurilum,clazuril,clazurilo,
fleroxacin,氟罗沙星,fleroxacinum,fléroxacine,fleroxacino,
flosequinan,氟司喹南,flosequinanum,floséquinan,flosequinán,
ilmofosine,伊莫福新,ilmofosinum,ilmofosine,ilmofosina,
ioversol,碘佛醇,ioversolum,ioversol,ioversol,
nilutamide,尼鲁米特,nilutamidum,nilutamide,nilutamida,
pantenicate,泛烟酯,pantenicatum,panténicate,pantenicato,
rilopirox,利洛吡酮,rilopiroxum,rilopirox,rilopirox,
rimoprogin,利莫罗近,rimoproginum,rimoprogine,rimoprogina,
ritiometan,利硫美坦,ritiometanum,ritiométan,ritiometán,
sabeluzole,沙贝鲁唑,sabeluzolum,sabéluzole,sabeluzol,
saterinone,沙特力农,saterinonum,satérinone,saterinona,
savoxepin,沙伏塞平,savoxepinum,savoxépine,savoxepina,
selprazine,司普拉嗪,selprazinum,selprazine,selprazina,
setiptiline,司普替林,setiptilinum,sétiptiline,setiptilina,
talipexole,他利克索,talipexolum,talipexole,talipexol,
ubenimex,乌苯美克,ubenimexum,ubénimex,ubenimex,
omoconazole,奥莫康唑,omoconazolum,omoconazole,omoconazol,
eptaloprost,依他前列素,eptaloprostum,eptaloprost,eptaloprost,
sometribove,牛蛋亮生长素,sometribovum,sométribove,sometribovo,
adibendan,阿地本旦,adibendanum,adibendan,adibendán,
aloxistatin,阿洛司他丁,aloxistatinum,aloxistatine,aloxistatina,
benexate,贝奈克酯,benexatum,bénexate,benexato,
ebrotidine,乙溴替丁,ebrotidinum,ébrotidine,ebrotidina,
etanidazole,依他硝唑,etanidazolum,étanidazole,etanidazol,
ibacitabine,伊巴他滨,ibacitabinum,ibacitabine,ibacitabina,
indolidan,吲哚利旦,indolidanum,indolidan,indolidán,
lacidipine,拉西地平,lacidipinum,lacidipine,lacidipino,
levofenfluramine,左芬氟拉明,levofenfluraminum,lévofenfluramine,levofenfluramina,
molfarnate,莫法酯,molfarnatum,molfarnate,molfarnato,
pelanserin,培兰色林,pelanserinum,pélansérine,pelanserina,
retelliptine,瑞替普汀,retelliptinum,rételliptine,retelliptina,
rotraxate,罗曲酸,rotraxatum,rotraxate,rotraxato,
sizofiran,西佐喃,sizofiranum,sizofiran,sizofirán,
somatorelin,生长释素,somatorelinum,somatoréline,somatorelina,
tameridone,他美立酮,tameridonum,taméridone,tameridona,
tilisolol,替利洛尔,tilisololum,tilisolol,tilisolol,
cinoquidox,氰喹多司,cinoquidoxum,cinoquidox,cinoquidox,
ciadox,氰多司,ciadoxum,ciadox,ciadox,
ademetionine,腺苷甲硫氨酸,ademetioninum,adémétionine,ademetionina,
alanine,丙氨酸,alaninum,alanine,alanina,
alonacic,阿洛西克,alonacicum,alonacic,alonácico,
ansoxetine,安索西汀,ansoxetinum,ansoxétine,ansoxetina,
atipamezole,阿替美唑,atipamezolum,atipamézole,atipamezol,
azithromycin,阿奇霉素,azithromycinum,azithromycine,azitromicina,
bamaluzole,巴马鲁唑,bamaluzolum,bamaluzole,bamaluzol,
brequinar,布喹那,brequinarum,bréquinar,brequinar,
brolaconazole,溴康唑,brolaconazolum,brolaconazole,brolaconazol,
clanfenur,克兰氟脲,clanfenurum,clanfénur,clanfenur,
crisnatol,那托,crisnatolum,crisnatol,crisnatol,
cromakalim,色满卡林,cromakalimum,cromakalim,cromakalim,
cysteine,半胱氨酸,cysteinum,cystéine,cisteína,
dalbraminol,达布米诺,dalbraminolum,dalbraminol,dalbraminol,
flutemazepam,氟替马西泮,flutemazepamum,flutémazépam,flutemazepam,
idenast,艾地司特,idenastum,idénast,idenast,
irsogladine,伊索拉定,irsogladinum,irsogladine,irsogladina,
isamoltan,艾沙莫坦,isamoltanum,isamoltan,isamoltán,
isoleucine,异亮氨酸,isoleucinum,isoleucine,isoleucina,
leucine,亮氨酸,leucinum,leucine,leucina,
libenzapril,赖苯普利,libenzaprilum,libenzapril,libenzapril,
lysine,赖氨酸,lysinum,lysine,lisina,
naxaprostene,那前列烯,naxaprostenum,naxaprostène,naxaprosteno,
ornithine,鸟氨酸,ornithinum,ornithine,ornitina,
orotirelin,奥替瑞林,orotirelinum,orotiréline,orotirelina,
phenylalanine,苯丙氨酸,phenylalaninum,phénylalanine,fenilalanina,
pirazmonam,吡拉莫南,pirazmonamum,pirazmonam,pirazmonam,
pramipexole,普拉克索,pramipexolum,pramipexole,pramipexol,
proline,脯氨酸,prolinum,proline,prolina,
rilozarone,利洛扎隆,rilozaronum,rilozarone,rilozarona,
romifidine,罗米非定,romifidinum,romifidine,romifidina,
salmisteine,沙米司坦,salmisteinum,salmistéine,salmisteína,
saruplase,沙芦普酶,saruplasum,saruplase,saruplasa,
sematilide,司美利特,sematilidum,sématilide,sematilida,
serine,丝氨酸,serinum,sérine,serina,
sudismase,超氧歧化酶,sudismasum,sudismase,sudismasa,
taprostene,他前列烯,taprostenum,taprostène,taprosteno,
taurine,牛磺酸,taurinum,taurine,taurina,
temafloxacin,替马沙星,temafloxacinum,témafloxacine,temafloxacino,
tepoxalin,替泊沙林,tepoxalinum,tépoxaline,tepoxalina,
threonine,苏氨酸,threoninum,thréonine,treonina,
tibenelast,硫苯司特,tibenelastum,tibénélast,tibenelast,
traboxopine,曲波索平,traboxopinum,traboxopine,traboxopina,
tryptophan,色氨酸,tryptophanum,tryptophane,triptófano,
tyrosine,酪氨酸,tyrosinum,tyrosine,tirosina,
ufiprazole,乌非拉唑,ufiprazolum,ufiprazole,ufiprazol,
valine,缬氨酸,valinum,valine,valina,
vapiprost,伐哌前列素,vapiprostum,vapiprost,vapiprost,
zabicipril,扎普利,zabiciprilum,zabicipril,zabicipril,
delmopinol,地莫匹醇,delmopinolum,delmopinol,delmopinol,
famiraprinium chloride,法米氯铵,famiraprinii chloridum,chlorure de famiraprinium,cloruro de famiraprinio,
pentiapine,喷硫平,pentiapinum,pentiapine,pentiapina,
triptorelin,曲普瑞林,triptorelinum,triptoréline,triptorelina,
cefpodoxime,头孢泊肟,cefpodoximum,cefpodoxime,cefpodoxima,
butedronic acid,布替膦酸,acidum butedronicum,acide butédronique,ácido butedrónico,
alfadex,阿法环糊精,alfadexum,alfadex,alfadex,
alteplase,阿替普酶,alteplasum,altéplase,alteplasa,
anistreplase,阿尼普酶,anistreplasum,anistreplase,anistreplasa,
arpromidine,阿普米定,arpromidinum,arpromidine,arpromidina,
cefcanel,头孢卡奈,cefcanelum,cefcanel,cefcanel,
colestolone,考来酮,colestolonum,colestolone,colestolona,
dexmedetomidine,右美托咪定,dexmedetomidinum,dexmédétomidine,dexmedetomidina,
docarpamine,多卡巴胺,docarpaminum,docarpamine,docarpamina,
dopropidil,多普吡地,dopropidilum,dopropidil,dopropidil,
dumorelin,度莫瑞林,dumorelinum,dumoréline,dumorelina,
docarpamine,多卡巴胺,docarpaminum,docarpamine,docarpamina,
dopropidil,多普吡地,dopropidilum,dopropidil,dopropidil,
dumorelin,度莫瑞林,dumorelinum,dumoréline,dumorelina,
edelfosine,依地福新,edelfosinum,édelfosine,edelfosina,
emedastine,依美斯汀,emedastinum,émédastine,emedastina,
etrabamine,依曲巴明,etrabaminum,étrabamine,etrabamina,
fiacitabine,非西他滨,fiacitabinum,fiacitabine,fiacitabina,
granisetron,格拉司琼,granisetronum,granisétron,granisetrón,
inaperisone,依那立松,inaperisonum,inapérisone,inaperisona,
ioxilan,碘昔仑,ioxilanum,ioxilane,ioxilán,
isbogrel,伊波格雷,isbogrelum,isbogrel,isbogrel,
nebracetam,奈拉西坦,nebracetamum,nébracétam,nebracetam,
nelezaprine,奈来扎林,nelezaprinum,nélézaprine,nelezaprina,
noberastine,诺柏斯汀,noberastinum,nobérastine,noberastina,
nuvenzepine,奴文西平,nuvenzepinum,nuvenzépine,nuvenzepina,
ondansetron,昂丹司琼,ondansetronum,ondansétron,ondansetrón,
noberastine,诺柏斯汀,noberastinum,nobérastine,noberastina,
nuvenzepine,奴文西平,nuvenzepinum,nuvenzépine,nuvenzepina,
ondansetron,昂丹司琼,ondansetronum,ondansétron,ondansetrón,
pentisomide,喷替索胺,pentisomidum,pentisomide,pentisomida,
roxindole,罗克吲哚,roxindolum,roxindole,roxindol,
tazanolast,他扎司特,tazanolastum,tazanolast,antiallergíc,
vinmegallate,长春酯,vinmegallatum,vinmégallate,vinmegalato,
zardaverine,扎达维林,zardaverinum,zardavérine,zardaverina,
digolil,地戈(基),digolilum,digolil,digolilo,
aprotinin,抑肽酶,aprotininum,aprotinine,aprotinina,
milnacipran,米那普仑,milnacipranum,milnacipran,milnaciprán,
pimelautide,匹美劳肽,pimelautidum,pimélautide,pimelautida,
abecarnil,阿贝卡尔,abecarnilum,abécarnil,abecarnilo,
ambamustine,氨莫司汀,ambamustinum,ambamustine,ambamustina,
apafant,阿帕泛,apafantum,apafant,apafant,
atosiban,阿托西班,atosibanum,atosiban,atosibán,
azetirelin,氮替瑞林,azetirelinum,azétiréline,azetirelina,
binfloxacin,宾氟沙星,binfloxacinum,binfloxacine,binfloxacino,
colextran,考来糖酐,colextranum,colextran,colextrán,
cyromazine,环丙马秦,cyromazinum,cyromazine,ciromazina,
delfaprazine,地发哌嗪,delfaprazinum,delfaprazine,delfaprazina,
elbanizine,依巴尼嗪,elbanizinum,elbanizine,elbanizina,
erbulozole,厄布洛唑,erbulozolum,erbulozole,erbulozol,
esafloxacin,艾氟沙星,esafloxacinum,ésafloxacine,esafloxacino,
gadopenamide,钆喷胺,gadopenamidum,gadopénamide,gadopenamida,
irtemazole,伊替马唑,irtemazolum,irtémazole,irtemazol,
lodelaben,氯德拉苯,lodelabenum,lodélaben,lodelabén,
meropenem,美罗培南,meropenemum,méropénem,meropenem,
nanterinone,南力农,nanterinonum,nantérinone,nanterinona,
naxagolide,那沙高莱,naxagolidum,naxagolide,naxagolida,
nicaraven,烟拉文,nicaravenum,nicaraven,nicaravén,
perfomedil,哌福地尔,perfomedilum,perfomédil,perfomedil,
riluzole,利鲁唑,riluzolum,riluzole,riluzol,
romazarit,氯马扎利,romazaritum,romazarite,romazarit,
sergolexole,麦角克索,sergolexolum,sergolexole,sergolexol,
spiraprilat,螺普利拉,spiraprilatum,spiraprilate,espiraprilat,
tabilautide,他比劳肽,tabilautidum,tabilautide,tabilautida,
tandospirone,坦度螺酮,tandospironum,tandospirone,tandospirona,
temurtide,替莫肽,temurtidum,témurtide,temurtida,
thrombin,凝血酶,ombinum,thrombine,trombina,
tosufloxacin,托氟沙星,tosufloxacinum,tosufloxacine,tosufloxacino,
ablukast,阿鲁司特,ablukastum,ablukast,ablukast,
acamprosate,阿坎酸,acamprosatum,acamprosate,acamprosato,
alendronic acid,阿仑膦酸,acidum alendronicum,acide alendronique,ácido alendrónico,
neridronic acid,奈立膦酸,acidum neridronicum,acide néridronique,ácido neridrónico,
altoqualine,阿托喹啉,altoqualinum,altoqualine,altocualina,
atrimustine,阿莫司汀,atrimustinum,atrimustine,atrimustina,
bemoradan,贝莫拉旦,bemoradanum,bémoradan,bemoradán,
cefdinir,头孢地尼,cefdinirum,cefdinir,cefdinir,
cilutazoline,西鲁唑啉,cilutazolinum,cilutazoline,cilutazolina,
danofloxacin,达氟沙星,danofloxacinum,danofloxacine,danofloxacino,
decitabine,地西他滨,decitabinum,décitabine,decitabina,
deslorelin,地洛瑞林,deslorelinum,desloréline,deslorelina,
deslorelin,地洛瑞林,deslorelinum,desloréline,deslorelina,
divaplon,地伐普隆,divaplonum,divaplone,divaplón,
docebenone,多西苯醌,docebenonum,docébénone,docebenona,
elgodipine,依高地平,elgodipinum,elgodipine,elgodipino,
enalkiren,依那吉仑,enalkirenum,énalkirène,enalkireno,
epervudine,依培夫定,epervudinum,épervudine,epervudina,
famciclovir,泛昔洛韦,famciclovirum,famciclovir,famciclovir,
fibrin,纤维蛋白,fibrinum,fibrine,fibrina,
galamustine,加莫司汀,galamustinum,galamustine,galamustina,
losigamone,氯西加酮,losigamonum,losigamone,losigamona,
moxidectin,莫昔克丁,moxidectinum,moxidectine,moxidectina,
ocfentanil,奥芬太尼,ocfentanilum,ocfentanil,ocfentanilo,
pemirolast,吡嘧司特,pemirolastum,pémirolast,pemirolast,
penciclovir,喷昔洛韦,penciclovirum,penciclovir,penciclovir,
rifametane,利福美坦,rifametanum,rifamétane,rifametano,
romurtide,罗莫肽,romurtidum,romurtide,romurtida,
suronacrine,舒罗吖啶,suronacrinum,suronacrine,suronacrina,
tenidap,替尼达普,tenidapum,ténidap,tenidap,
troquidazole,曲喹达佐,troquidazolum,troquidazole,troquidazol,
risedronic acid,利塞膦酸,acidum risedronicum,acide risédronique,ácido risedrónico,
actarit,阿克他利,actaritum,actarit,actarit,
batoprazine,巴托拉嗪,batoprazinum,batoprazine,batoprazina,
brifentanil,布芬太尼,brifentanilum,brifentanil,brifentanilo,
candoxatril,坎沙曲,candoxatrilum,candoxatril,candoxatrilo,
ciclesonide,环索奈德,ciclesonidum,ciclésonide,ciclesonida,
devazepide,地伐西派,devazepidum,dévazépide,devazepida,
dosmalfate,多司马酯,dosmalfatum,dosmalfate,dosmalfato,
duteplase,度替普酶,duteplasum,dutéplase,duteplasa,
ecogramostim,依拉司亭,ecogramostimum,écogramostim,ecogramostim,
elsamitrucin,依沙芦星,elsamitrucinum,elsamitrucine,elsamitrucina,
eptastigmine,依斯的明,eptastigminum,eptastigmine,eptastigmina,
finasteride,非那雄胺,finasteridum,finastéride,finasterida,
fluvastatin,氟伐他汀,fluvastatinum,fluvastatine,fluvastatina,
fosinoprilat,福辛普利拉,fosinoprilatum,fosinoprilat,fosinoprilat,
girisopam,吉立索泮,girisopamum,girisopam,girisopam,
levemopamil,左依莫帕米,levemopamilum,lévémopamil,levemopamilo,
meribendan,美立苯旦,meribendanum,méribendan,meribendán,
oxilofrine,奥洛福林,oxilofrinum,oxilofrine,oxilofrina,
quinagolide,喹高莱,quinagolidum,quinagolide,quinagolida,
quinagolide,喹高莱,quinagolidum,quinagolide,quinagolida,
risotilide,利索利特,risotilidum,risotilide,risotilida,
risotilide,利索利特,risotilidum,risotilide,risotilida,
rociclovir,罗昔洛韦,rociclovirum,rociclovir,rociclovir,
rociclovir,罗昔洛韦,rociclovirum,rociclovir,rociclovir,
sampirtine,山吡汀,sampirtinum,sampirtine,sampirtina,
sampirtine,山吡汀,sampirtinum,sampirtine,sampirtina,
sarafloxacin,沙氟沙星,sarafloxacinum,sarafloxacine,sarafloxacino,
saviprazole,沙维拉唑,saviprazolum,saviprazole,saviprazol,
sezolamide,司佐胺,sezolamidum,sézolamide,sezolamida,
sobuzoxane,索布佐生,sobuzoxanum,sobuzoxane,sobuzoxano,
somalapor,猪丙氨生长素,somalaporum,somalapor,somalapor,
somenopor,猪诺生长素,somenoporum,soménopor,somenopor,
timirdine,噻米定,hirdinum,timirdine,timirdina,
tiracizine,替拉西秦,hracizinum,tiracizine,tiracizina,
trelnarizine,曲桂利嗪,trelnarizinum,trelnarizine,trelnarizina,
tropisetron,托烷司琼,tropisetronum,tropisétron,tropisetrón,
vapreotide,伐普肽,vapreotidum,vapréotide,vapreotida,
zatebradine,扎替雷定,zatebradinum,zatébradine,zatebradina,
manidipine,马尼地平,manidipinum,manidipine,manidipino,
nebracetam,奈拉西坦,nebracetamum,nébracétam,nebracetam,
carmoxirole,卡莫昔罗,carmoxirolum,carmoxirole,carmoxirol,
adaprolol,阿达洛尔,adaprololum,adaprolol,adaprolol,
afalanine,阿丙氨酸,afalaninum,afalanine,afalanina,
butixocort,布替可特,butixocortum,butixocort,butixocort,
cilobradine,西洛雷定,cilobradinum,cilobradine,cilobradina,
doramectin,多拉克丁,doramectinum,doramectine,doramectina,
gadodiamide,钆双胺,gadodiamidum,gadodiamide,gadodiamida,
giracodazole,吉拉达唑,giracodazolum,giracodazole,giracodazol,
isalsteine,伊沙司坦,isalsteinum,isalstéine,isalsteína,
ledazerol,来达醇,ledazerolum,lédazérol,ledazerol,
levosulpiride,左舒必利,levosulpiridum,lévosulpiride,levosulpirida,
mivazerol,米伐泽醇,mivazerolum,mivazérol,mivazerol,
neticonazole,奈康唑,neticonazolum,néticonazole,neticonazol,
nicoracetam,烟拉西坦,nicoracetamum,nicoracétam,nicoracetam,
ormaplatin,奥马铂,ormaplatinum,ormaplatine,ormaplatino,
otenzepad,奥腾泽帕,otenzepadum,otenzépad,otenzepad,
pirodavir,吡罗达韦,prrodavirum,pirodavir,Proposed Interñational,
prisotinol,丙索替诺,prisotinolum,prisotinol,prisotinol,
roxadimate,罗沙酯,roxadimatum,roxadimate,roxadimato,
somavubove,牛亮氨生长素,somavubovum,somavubove,somavubovo,
spiriprostil,螺前列素,spiriprostilum,spiriprostil,espiriprostilo,
sucrosofate,硫糖酯,sucrosofatum,sucrosofate,sucrosofato,
sulazuril,舒拉珠利,sulazurilum,sulazuril,sulazurilo,
telmesteine,替美司坦,telmesteinum,telmestéine,telmesteína,
tirilazad,替拉扎特,tirilazadum,tirilazad,tirilazad,
utibapril,乌替普利,utibaprilum,utibapril,utibaprilo,
tirilazad,替拉扎特,tirilazadum,tirilazad,tirilazad,
utibapril,乌替普利,utibaprilum,utibapril,utibaprilo,
vanoxerine,伐诺司林,vanoxerinum,vanoxérine,vanoxerina,
zeniplatin,泽尼铂,zeniplatinum,zéniplatine,zeniplatino,
zileuton,齐留通,zileutonum,zileuton,zileutón,
docosil,度考(基),docosilum,docosil,docosilo,
nemonapride,奈莫必利,nemonapridum,némonapride,nemonaprida,
moxidectin,莫昔克丁,moxidectinum,moxidectine,moxidectina,
sapropterin,沙丙蝶呤,sapropterinum,saproptérine,sapropterina,
abanoquil,阿巴诺喹,abanoquilum,abanoquil,abanoquilo,
acadesine,阿卡地新,acadesinum,acadésine,acadesina,
gadobenic acid,钆贝酸,acidum gadobenicum,acide gadobénique,ácido gadobénico,
adapalene,阿达帕林,adapalenum,adapalène,adapaleno,
adozelesin,阿多来新,adozelesinum,adozélésine,adozelesina,
alentemol,阿仑替莫,alentemolum,alentémol,alentemol,
ameltolide,氨托利,ameltolidum,ameltolide,ameltolida,
aprikalim,阿普卡林,aprikalimum,aprikalim,aprikalim,
aprosulate sodium,阿普硫钠,aprosulatum natricum,aprosulate sodique,aprosulato de sodio,
arbutamine,阿布他明,arbutaminum,arbutamine,arbutamina,
avizafone,阿维扎封,avizafonum,avizafone,avizafona,
arbutamine,阿布他明,arbutaminum,arbutamine,arbutamina,
avizafone,阿维扎封,avizafonum,avizafone,avizafona,
barnidipine,巴尼地平,barnidipinum,barnidipine,barnidipino,
batelapine,巴氮平,batelapinum,batélapine,batelapina,
bemesetron,贝美司琼,bemesetronum,bémésétron,bemesetrón,
bertosamil,柏托沙米,bertosamilum,bertosamil,bertosamilo,
betamipron,倍他米隆,betamipronum,bétamipron,betamipron,
bimakalim,比卡林,bimakalimum,bimakalim,bimakalim,
bemesetron,贝美司琼,bemesetronum,bémésétron,bemesetrón,
bertosamil,柏托沙米,bertosamilum,bertosamil,bertosamilo,
betamipron,倍他米隆,betamipronum,bétamipron,betamipron,
bimakalim,比卡林,bimakalimum,bimakalim,bimakalim,
bemesetron,贝美司琼,bemesetronum,bémésétron,bemesetrón,
bertosamil,柏托沙米,bertosamilum,bertosamil,bertosamilo,
betamipron,倍他米隆,betamipronum,bétamipron,betamipron,
bimakalim,比卡林,bimakalimum,bimakalim,bimakalim,
bemesetron,贝美司琼,bemesetronum,bémésétron,bemesetrón,
bertosamil,柏托沙米,bertosamilum,bertosamil,bertosamilo,
betamipron,倍他米隆,betamipronum,bétamipron,betamipron,
bimakalim,比卡林,bimakalimum,bimakalim,bimakalim,
bindarit,宾达利,bindaritum,bindarit,bindarit,
brinazarone,布吲扎酮,brinazaronum,brinazarone,brinazarona,
carperitide,卡培立肽,carperitidum,carpéritide,carperitida,
cefdaloxime,头孢达肟,cefdaloximum,cefdaloxime,cefdaloxima,
crospovidone,交聚维酮,crospovidonum,crospovidone,crospovidona,
didanosine,去羟肌苷,didanosinum,didanosine,didanosina,
ecabet,依卡倍特,ecabetum,écabet,ecabet,
englitazone,恩格列酮,englitazonum,englitazone,englitazona,
enloplatin,恩洛铂,enloplatinum,enloplatine,enloplatino,
etarotene,依他罗汀,etarotenum,étarotène,etaroteno,
fadrozole,法罗唑,fadrozolum,fadrozole,fadrozol,
fantofarone,泛托法隆,fantofaronum,fantofarone,fantofarona,
fasudil,法舒地尔,fasudilum,fasudil,fasudil,
gadoteridol,钆特醇,gadoteridolum,gadotéridol,gadoteridol,
leuciglumer,亮谷姆,leucigiumerum,leuciglumère,leuciglúmero,
liarozole,利罗唑,liarozolum,liarozole,liarozol,
loteprednol,氯替泼诺,loteprednolum,lotéprednol,loteprednol,
lufironil,鲁非罗尼,lufirontlum,lufironil,lufironilo,
mizolastine,咪唑斯汀,mizolastinum,mizolastine,mizolastina,
mofezolac,莫苯唑酸,mofezolacum,mofézolac,mofezolaco,
molgramostim,莫拉司亭,molgramostimum,molgramostim,molgramostim,
mosapramine,莫沙帕明,mosapraminum,mosapramine,mosapramina,
nadifloxacin,那氟沙星,nadifloxacinum,nadifloxacine,nadifloxacino,
nafagrel,那法格雷,nafagrelum,nafagrel,nafagrel,
nefiracetam,奈非西坦,nefiracetamum,néfiracétam,nefiracetam,
oxiglutatione,奥谷胱甘肽,oxiglutationum,oxiglutatione,oxiglutationa,
palonidipine,帕洛地平,palonidipinum,palonidipine,palonidipino,
panipenem,帕尼培南,panipenemum,panipénem,panipenem,
parnaparin sodium,帕肝素钠,parnaparinum natrium,parnaparine sodique,parnaparina de sodio,
pegaspargase,培门冬酶,pegaspargasum,pégaspargase,pegaspargasa,
quinotolast,喹托司特,quinotolastum,quinotolast,quinotolast,
quinupristin,奎奴普丁,quinupristinum,quinupristine,quinupristina,
racementhol,消旋薄荷脑,racementholum,racémenthol,racementol,
regramostim,瑞拉司亭,regramostimum,régramostim,regramostim,
ritolukast,利鲁司特,ritolukastum,ritolukast,ritolukast,
sumarotene,舒马罗汀,sumarotenum,sumarotène,sumaroteno,
tamsulosin,坦索罗辛,tamsulosinum,tamsulosine,tamsulosina,
temocapril,替莫普利,temocaprilum,témocapril,temocapril,
vinfosiltine,长春磷汀,vinfosiltinum,vinfosiltine,vinfosiltina,
vinleucinol,长春西醇,vinleucinolum,vinleucinol,vinleucinol,
vorozole,伏罗唑,vorozolum,vorozole,vorozol,
zabiciprilat,扎普利拉,zabiciprilatum,zabiciprilate,zabiciprilat,
zalospirone,扎螺酮,zalospironum,zalospirone,zalospirona,
acemannan,醋孟南,acemannanum,acémannan,acemanán,
teludipine,替鲁地平,teludipinum,téludipine,teludipino,
fosquidone,磷喹酮,fosquidonum,fosquidone,fosquidona,
aceneuramic acid,醋纽拉酸,acidum aceneuramicum,acide acéneuramique,ácido aceneurámico,
amrubicin,氨柔比星,amrubicinum,amrubicine,amrubicina,
amtolmetin guacil,呱氨托美丁,amtolmetinum guacilum,amtolmétine guacil,amtolmetina guacilo,
araprofen,阿拉洛芬,araprofenum,araprofène,araprofeno,
becliconazole,贝康唑,becliconazolum,bécliconazole,becliconazol,
becliconazole,贝康唑,becliconazolum,bécliconazole,becliconazol,
becliconazole,贝康唑,becliconazolum,bécliconazole,becliconazol,
binospirone,比螺酮,binospironum,binospirone,binospirona,
celmoleukin,西莫白介素,celmoleukinum,celmoleukine,celmoleukina,
dapoxetine,达泊西汀,dapoxetinum,dapoxétine,dapoxetina,
debropol,硝溴丙醇,debropolum,débropol,debropol,
deramciclane,德伦环烷,deramciclanum,déramciclane,deramciclano,
dexverapamil,右维拉帕米,dexverapamilum,dexvérapamil,dexverapamilo,
dolasetron,多拉司琼,dolasetronum,dolasétron,dolasetrón,
egualen,乙呱仑,egualenum,égualène,egualeno,
egualen,乙呱仑,egualenum,égualène,egualeno,
eltanolone,乙他诺隆,eltanolonum,eltanolone,eltanolona,
entacapone,恩他卡朋,entacaponum,entacapone,entacapona,
espatropate,艾帕托酯,espatropatum,espatropate,espatropato,
ganirelix,加尼瑞克,ganirelixum,ganirélix,ganirelix,
levcycloserine,左环丝氨酸,levcycloserinum,levcyclosérine,levcicloserina,
levcycloserine,左环丝氨酸,levcycloserinum,levcyclosérine,levcicloserina,
levdobutamine,左多巴酚丁胺,levdobutaminum,levdobutamine,levdobutamina,
lexithromycin,来红霉素,lexithromycinum,lexithromycine,lexitromicina,
linarotene,林那罗汀,linarotenum,linarotène,linaroteno,
modipafant,莫地帕泛,modipafantum,modipafant,modipafant,
naglivan,那格列钒,naglivanum,naglivane,nagliván,
modipafant,莫地帕泛,modipafantum,modipafant,modipafant,
naglivan,那格列钒,naglivanum,naglivane,nagliván,
panadiplon,帕那普隆,panadiplonum,panadiplone,panadiplón,
parcetasal,帕西他沙,parcetasalum,parcétasal,parcetasal,
panadiplon,帕那普隆,panadiplonum,panadiplone,panadiplón,
parcetasal,帕西他沙,parcetasalum,parcétasal,parcetasal,
pirsidomine,哌多明,pirsidominum,pirsidomine,pirsidomina,
polifeprosan,聚苯丙生,polifeprosanum,poliféprosan,polifeprosán,
rolafagrel,罗拉格雷,rotafagrelum,rolafagrel,rolafagrel,
sifaprazine,西法哌嗪,sifaprazinum,sifaprazine,sifaprazina,
silteplase,西替普酶,siltepiasum,siltéplase,silteplasa,
stavudine,司他夫定,stavudinum,stavudine,estavudina,
tacalcitol,他卡西醇,tacalcitoium,tacalcitol,tacalcitol,
terdecamycin,特卡霉素,terdecamnycinum,terdécamycine,terdecamicina,
tinzaparin sodium,亭扎肝素钠,tinzaparinum natricum,tinzaparine sodique,tinzaparina de sodio,
tolterodine,托特罗定,tolterodinum,toltérodine,tolterodina,
topotecan,托泊替康,topotecanum,topotécane,topotecán,
utibaprilat,乌替普利拉,utibaprilatum,utibaprilate,utibaprilat,
verlukast,维鲁司特,verlukastum,verlukast,verlukast,
voglibose,伏格列波糖,voglibosum,voglibose,voglibosa,
dofosfate,度磷酸盐(或酯),dofosfatum,dofosfate,dofosfato,
mofetil,吗乙(基),mofetilum,mofétil,mofetilo,
amifostine,氨磷汀,amifostinum,amifostine,amifostina,
roxatidine,罗沙替丁,roxatidinum,roxatidine,roxatidina,
epalrestat,依帕司他,epalrestatum,épalrestat,epalrestat,
beraprost,贝前列素,beraprostum,béraprost,beraprost,
cefdaloxime,头孢达肟,cefdaloximum,cefdaloxime,cefdaloxima,
cetrorelix,西曲瑞克,cetrorelixum,cétrorélix,cetrorelix,
reviparin sodium,瑞肝素钠,reviparinum natricum,réviparine sodique,reviparina de sodio,
tamsulosin,坦索罗辛,tamsulosinum,tamsulosine,tamsulosina,
terikalant,特立卡兰,terikalantum,térikalant,terikalant,
albifylline,阿比茶碱,albifyllinum,albifylline,albifilina,
alosetron,阿洛司琼,alosetronum,alosétron,alosetrón,
atovaquone,阿托伐醌,atovaquonum,atovaquone,atovacuona,
befloxatone,贝氟沙通,befloxatonum,béfloxatone,befloxatona,
betadex,倍他环糊精,betadexum,bétadex,betadex,
cefditoren,头孢托仑,cefditorenum,cefditorène,cefditoreno,
cefozopran,头孢唑兰,cefozopranum,céfozopran,cefozoprán,
cilnidipine,西尼地平,cilnidipinum,cilnidipine,cilnidipino,
deriglidole,德格列哚,deriglidolum,dériglidole,deriglidol,
dexfosfoserine,右磷丝氨酸,dexfosfoserinum,dexfosfosérine,dexfosfoserina,
formestane,福美坦,formestanum,formestane,formestano,
gadobutrol,钆布醇,gadobutrolum,gadobutrol,gadobutrol,
ilatreotide,伊拉曲肽,llatreotidum,ilatréotide,ilatreotida,
itopride,伊托必利,itopridum,itopride,itoprida,
lamivudine,拉米夫定,lamivudinum,lamivudine,lamivudina,
lanoconazole,拉诺康唑,lanoconazolum,lanoconazole,lanoconazol,
lesopitron,来索吡琼,lesopitronum,lésopitron,lesopitrón,
lifarizine,利法利嗪,lifarizinum,lifarizine,lifarizina,
losartan,氯沙坦,losartanum,losartan,losartán,
maslimomab,马司莫单抗,maslimomabum,maslimomab,maslimomab,
mecasermin,美卡舍明,mecaserminum,mécasermine,mecasermina,
mosapride,莫沙必利,mosapridum,mosapride,mosaprida,
nebacumab,奈巴库单抗,nebacumabum,nébacumab,nebacumab,
necopidem,奈可吡坦,necopidemum,nécopidem,necopidem,
nevirapine,奈韦拉平,nevirapinum,névirapine,nevirapina,
odalprofen,奥达洛芬,odalprofenum,odalprofène,odalprofeno,
pentetreotide,喷曲肽,htetreotidum,pentétréotide,pentetreotida,
perfosfamide,培磷酰胺,perfosfamidum,perfosfamide,perfosfamida,
plomestane,普洛美坦,plomestanum,plomestane,plomestano,
racephedrine,消旋麻黄碱,racephedrinum,racéphédrine,racefedrina,
sargramostim,沙格司亭,sargramostimum,sargramostim,sargramostim,
seproxetine,塞罗西汀,seproxetinum,séproxétine,seproxetina,
sevirumab,司韦单抗,sevirumabum,sévirumab,sevirumab,
simendan,西孟旦,simendanum,simendan,simendán,
tamolarizine,他莫利嗪,tamolarizinum,tamolarizine,tamolarizina,
trimegestone,曲美孕酮,trimegestonum,trimégestone,trimegestona,
tucaresol,妥卡雷琐,tucaresolum,tucarésol,tucaresol,
tuvirumab,妥韦单抗,tuvirumabum,tuvirumab,tuvirumab,
velaresol,维拉雷琐,velaresolum,vélarésol,velaresol,
zaldaride,扎达来特,zaldaridum,zaldaride,zaldarida,
zoniclezole,佐尼氯唑,zoniclezolum,zoniclézole,zoniclezol,
orlistat,奥利司他,orlistatum,orlistat,orlistat,
cilobradine,西洛雷定,rcilobradinum,cilobradine,cilobradina,
lenograstim,来格司亭,lenograstimum,lénograstim,lenograstim,
amesergide,安麦角,amesergidum,amésergide,amesergida,
amitivir,阿米替韦,amitivirum,amitivir,amitivir,
andolast,安多司特,andolastum,andolast,andolast,
camiglibose,卡格列波糖,camiglibosum,camiglibose,camiglibosa,
carsatrin,卡沙群,carsatrinum,carsatrine,carsatrina,
ecabapide,依卡派特,ecabapidum,écabapide,ecabapida,
icatibant,艾替班特,icatibantum,icatibant,icatibanto,
linopirdine,利诺吡啶,linopirdinum,linopirdine,linopirdina,
revizinone,瑞维齐农,revizinonum,révizinone,revizinona,
semorphone,司吗酮,semorphonum,sémorphone,semorfona,
turosteride,妥罗特来,turosteridum,turostéride,turosterida,
venritidine,文立替丁,venritidinum,venritidine,venritidina,
zanoterone,扎诺特龙,zanoteronum,zanotérone,zanoterona,
acoxil,醋酰氧甲(基),acoxilum,acoxil,acoxil,
teceleukin,替西白介素,teceleukinum,técéleukine,teceleukina,
niguldipine,尼古地平,niguldipinum,niguldipine,niguldipino,
cilobradine,西洛雷定,cilobradinum,cilobradine,cilobradina,
alestramustine,阿雌莫司汀,alestramustinum,alestramustine,alestramustina,
alglucerase,阿糖脑苷酶,alglucerasum,alglucérase,alglucerasa,
alovudine,阿洛夫定,alovudinum,alovudine,alovudina,
berefrine,贝瑞福林,berefrinum,béréfrine,berefrina,
cilansetron,西兰司琼,cilansetronum,cilansétron,cilansetrón,
ecadotril,依卡曲尔,ecadotrilum,écadotril,ecadotrilo,
fialuridine,非阿尿苷,fialuridinum,fialuridine,fialuridina,
losoxantrone,洛索蒽醌,losoxantronum,losoxantrone,losoxantrona,
osaterone,奥沙特龙,osateronum,osatérone,osaterona,
ramorelix,雷莫瑞克(GB4),ramorelixum,,,
siratiazem,西拉硫,siratiazemum,siratiazem,siratiazem,
sonermin,索纳明,sonerminum,sonermine,sonermina,
sulopenem,硫培南,sulopenemum,sulopénem,sulopenem,
tallimustine,他莫司汀,tallimustinum,tallimustine,talimustina,
teloxantrone,替洛蒽醌,teloxantronum,téloxantrone,teloxantrona,
thymoctonan,胸腺托南,thymoctonanum,thymoctonan,timoctonán,
tiqueside,替奎苷,tiquesidum,tiquéside,tiquesida,
tirapazamine,替拉扎明,tirapazaminum,tirapazamine,tirapazamina,
troglitazone,曲格列酮,troglitazonum,troglitazone,troglitazona,
valsartan,缬沙坦,valsartanum,valsartan,valsartán,
alvircept sudotox,舒韦西普,alvirceptum sudotoxum,alvircept sudotox,alvircept sudotox,
aranidipine,阿雷地平,aranidipinum,aranidipine,aranidipino,
ciprokiren,环丙吉仑,ciprokirenum,ciprokirène,ciprokireno,
ferpifosate sodium,吡磷铁钠,ferpifosatum natricum,ferpifosate sodique,ferpifosato de sodio,
iloperidone,伊洛哌酮,iloperidonum,ilopéridone,iloperidona,
ormeloxifene,奥美昔芬,ormeloxifenum,orméloxifène,ormeloxifeno,
selfotel,塞福太,selfotelum,selfotel,selfotel,
ularitide,乌拉立肽,ularitidum,ularitide,ularitida,
valaciclovir,伐昔洛韦,valaciclovirum,valaciclovir,valaciclovir,
vebufloxacin,维布沙星,vebufloxacinum,vébufloxacine,vebufloxacino,
epolamine,依泊胺,epolaminum,épolamine,epolamina,
pipecuronium bromide,哌库溴铵,pipecuronii bromidum,bromure de pipécuronium,bromuro de pipecuronio,
adrafinil,阿屈非尼,adrafinilum,adrafinil,adrafinilo,
bropirimine,溴匹立明,bropiriminum,bropirimine,bropirimina,
lercanidipine,乐卡地平,lercanidipinum,lercanidipine,lercanidipino,
bizelesin,比泽来新,bizeiesinum,bizélésine,bizelesina,
glemanserin,格来色林,glemanserinum,glémansérine,glemanserina,
leminoprazole,来明拉唑,leminoprazolum,léminoprazole,leminoprazol,
abciximab,阿昔单抗,abciximabum,abciximab,abciximab,
adelmidrol,阿地米屈,adelmidrolum,adelmidrol,adelmidrol,
afovirsen,阿福韦生,afovirsenum,afovirsen,afovirsén,
aglepristone,阿来司酮,aglepristonum,aglépristone,aglepristona,
alnespirone,阿奈螺酮,alnespironum,alnespirone,alnespirona,
adelmidrol,阿地米屈,adelmidrolum,adelmidrol,adelmidrol,
afovirsen,阿福韦生,afovirsenum,afovirsen,afovirsén,
aglepristone,阿来司酮,aglepristonum,aglépristone,aglepristona,
alnespirone,阿奈螺酮,alnespironum,alnespirone,alnespirona,
arteflene,青蒿氟,arteflenum,artéflène,artefleno,
batimastat,巴马司他,batimastatum,batimastat,batimastat,
certoparin sodium,舍托肝素钠,certoparinum natricum,certoparine sodique,certoparina de sodio,
cinalukast,西鲁司特,cinalukastum,cinalukast,cinalukast,
detumomab,德妥欧单抗,detumomabum,détumomab,detumomab,
dexketoprofen,右酮洛芬,dexketoprofenum,dexkétoprofène,dexketoprofeno,
elopiprazole,依吡哌唑,elopiprazolum,élopiprazole,elopiprazol,
emideltide,依米地肽,emideltidum,émideltide,emideltida,
enlimomab,艾利欧单抗,enlimomabum,enlimomab,enlimomab,
imitrodast,咪曲司特,imitrodastum,imitrodast,imitrodast,
iralukast,伊鲁司特,iralukastum,iralukast,iralukast,
laflunimus,拉氟莫司,laflunimusum,laflunimus,laflunimús,
lafutidine,拉呋替丁,lafutidinum,lafutidine,lafutidina,
laurcetium bromide,劳塞溴铵,laurcetii bromidum,bromure de laurcétium,bromuro de laurcetio,
lecimibide,来西贝特,lecimibidum,lécimibide,lecimibida,
ledismase,来地酶,ledismasum,lédismase,ledismasa,
lemoxinol,来苯醇醚,lemoxinolum,lémoxinol,lemoxinol,
lubeluzole,芦贝鲁唑,lubeluzolum,lubéluzole,lubeluzol,
nupafant,纽帕泛,nupafantum,nupafant,nupafant,
oxeclosporin,奥环孢素,oxeclosporinum,oxéclosporine,oxeclosporina,
sprodiamide,镝双胺,sprodiamidum,sprodiamide,esprodiamida,
telmisartan,替米沙坦,telmisartanum,telmisartan,telmisartán,
temoporfin,替莫泊芬,temoporfinum,témoporfine,temoporfina,
tolafentrine,托拉芬群,tolafentrinum,tolafentrine,tolafentrina,
tradecamide,曲地卡胺,tradecamidum,tradécamide,tradecamida,
votumumab,伏妥尤单抗,votumumabum,votumumab,votumumab,
xanomeline,诺美林,xanomelinum,xanoméline,xanomelina,
zankiren,占吉仑,zankirenum,zankirène,zankireno,
zolasartan,佐拉沙坦,zolasartanum,zolasartan,zolasartán,
edamine,乙二胺,edaminum,édamine,edamina,
mitindomide,米丁度胺,mitindomidum,mitindomide,mitindomida,
gadodiamide,钆双胺,gadodiamidum,gadodiamide,gadodiamida,
pendetide,喷地肽,pendetidum,pendétide,pendetida,
gadoxetic acid,钆塞酸,acidum gadoxeticum,acide gadoxétique,ácido gadoxetico,
ibandronic acid,伊班膦酸,acidum ibandronicum,acide ibandronique,ácido ibandrónico,
olpadronic acid,奥帕膦酸,acidum olpadronicum,acide olpadronique,ácido olpadrónico,
zoledronic acid,唑来膦酸,acidum zoledronicum,acide zolédronique,ácido zoledrónico,
apaxifylline,阿帕茶碱,apaxifyllinum,apaxifylline,nootropo,
atorvastatin,阿托伐他汀,atorvastatinum,hypolipémiant,atorvastatina,
balazipone,巴拉齐朋,balaziponum,balazipona,citoprotector,
balofloxacin,巴洛沙星,balofloxacinum,balofloxacine,balofloxacino,
candesartan,坎地沙坦,candlesartanum,candésartan,candesartan,
cefluprenam,头孢瑞南,cefluprenamum,cefluprenam,antibiótico,
cilmostim,西莫司亭,cilmoslimum,cilmostim,modulador de los neutrofilos polimorfonucleares,
delavirdine,地拉韦啶,delavirdinum,délavirdine,delavirdina,
dexpemedolac,右培美酸,dexpemedolacum,dexpémédolac,dexpemedolaco,
efegatran,依非加群,elegatranum,inhibiteur de la thrombine,efegatran,
inolimomab,伊诺利欧单抗,inolimomabum,immunosuppresseur,inmunosupresor,
lexacalcitol,来沙骨化醇,lexacalcitolum,lexacalcitol,lutropinum alfa,
nacolomab tafenatox,他那考欧单抗,nacolomabum talenatoxum,nacolomab tafénatox,nacolomab tafenatox,
nemorubicin,奈柔比星,nemorubicinum,nemorubicina,antineoplásico,
pazufloxacin,帕珠沙星,pazufloxacinum,pazufloxacine,pazufloxacino,
perospirone,哌罗匹隆,perospironum,pérospirone,antipsicótico,
pimilprost,匹米前列素,pimilproslum,pimilprost,inhibidor de la agregación plaquetaria,
regavirumab,瑞加韦尤单抗,regavirumabum,regavirumab,rocépafant,
ruzadolane,芦扎多仑,ruzadolanum,ruzadolane,ruzadolano,
teverelix,替维瑞克,teverelixum,teverelix,teverelix,
versetamide,维塞胺,versetamidum,"N,N-bis[2-[(carboxyméthyl)[2-[(2-méthoxyéthyl)amino]-2-oxoéthyl]amino]éthyl]= glycine",versétamide,
verteporfin,维替泊芬,verteporfinum,verteporfina,carbamato,
zifrosilone,齐罗硅酮,zifrosilonum,zifrosilone,zifrosilona,
zucapsaicin,珠卡赛辛,zucapsaicinum,valproate semisodique,"antiprotozoal substances, metronidazole derivatives",
acitazanolast,阿扎司特,acitazanolastum,acitazanolast,acitazanolast,
adefovir,阿德福韦,adefovirum,adéfovir,adefovir,
afelimomab,阿法利欧单抗,afelimomabum,afélimomab,afelimomab,
alniditan,阿尼地坦,alniditanum,"antimigraineux, agoniste de la sérotonine",alniditan,
anakinra,阿那白滞素,anakinrum,anakinra,anakinra,
anastrozole,阿那罗唑,anastrozolum,antinéoplasique,anastrozol,
aptiganel,阿替加奈,aptiganelum,aptiganel,antiarrítmico,
basifungin,巴西芬净,basifunginum,D-phénylalanyi-L-prolyl-L-arginyl-L-prolyl-glycyl-glycyl-glycyl-glycyl-L-asparaginyl-glycyl-L-a-aspartyl-L-phénylalanyl-L-ax-glutamyl-L-α-glutamyl-L-isoleucyl-L-prolyl-L-α-glutamyl-L-α-glutamyl-L-tyrosyl-L-leucine anticoagulant,anticoagulante,
capecitabine,卡培他滨,capecitabinum,capécitabine,capecitabina,
cromoglicate lisetil,赖色甘酯,cromoglicas lisetilum,"cromoglicate lisétil (+)-5,5'-[[2-[[(2S)-2,6-diaminohexanoyl]oxy]propane-1,3-diyl]dioxy]bis(4-oxo-4H-chromène-2-carboxylate d'éthyle)","antialérgico, antiasmático",
ebalzotan,艾巴佐坦,ebalzotanum,agoniste de la sérotonine,ebalzotan,
epoetin epsilon,促红素ε,epoetinum epsilonum,époétine epsilon,epoetina epsiton,
ersentilide,艾生利特,ersentilidum,ersentilide,ersentilida,
examorelin,艾莫瑞林,examorelinum,examoréline,examorelina,
fenleuton,芬留顿,fenleutonum,Inhibiteur de la synthèsè des leucotriènes,fenleuton,
fodipir,福地吡,fodipirum,fodipir,agente de diagnóstico,
imiglucerase,伊米苷酶,imigglucerasum,imiglucérase,imiglucerasa,
inogatran,伊诺加群,inogatranum,inogatran,inhibidor de la trombina,
insulin lispro,赖脯胰岛素,insulinum lisprum,insuline lispro,insulina lispro,
lamifiban,拉米非班,lamifibanum,acide 2-[[1-[(2S)-2-[(4-amidinobenzoyl)amino]-3-(4-hydroxyphényl)= propanoyl]pipéridin-4-yl]oxy]acétique,lamifiban,
lanperisone,兰吡立松,lanperisonum,lanpérisone,lanperisona,
lenercept,来那西普,lenerceptum,lénercept,lenercept,
lisofylline,利索茶碱,lisofyllinum,lisofylline,lisofilina,
lobucavir,洛布卡韦,lobucavirum,mangafodipir,mapinastine,
mazapertine,马扎哌汀,mazapertinum,mazapertine,mazapertina,
mibefradil,米贝拉地尔,mibefraddilum,mibéfradil,mirisetron,
mobenakin,莫贝白介素,mobenakinum,mobénakine,mobenakina,
muplestim,莫来司亭,muplestimum,muplestim,napsagatran,
netivudine,奈替夫定,netivudinum,nétivudine,netivudina,
nicanartine,尼卡那汀,nicanartinum,nicanartine,nicanartina,
nicotredole,尼可曲多,nicotredolum,nicotrédole,ansiolítico,
olopatadine,奥洛他定,olopatadinum,olopatadine,olopatadina,
ontazolast,昂唑司特,ontazolastum,ontazolast,antasmático,
orientiparcin,奥林帕星,orientiparcinum,orientiparcine,| --- |,
pegorgotein,培戈汀,pegorgoteinum,pégorgotéine,pegorgotein,
premafloxacin,沛马沙星,premafloxacinum,prémafloxacine,premafloxacino,
priliximab,普利昔单抗,priliximabum,priliximab,Inmunomodulador,
prulifloxacin,普芦沙星,prulifloxacinum,prulifloxacine,prulifloxacino,
quiflapon,喹夫拉朋,quiflaponum,inhibiteur de la protéine activant la 5-lipoxygénase (FLAP),quiflapon,
rofleponide,罗氟奈德,rofleponidum,samixogrel,sanfetrinem,
saprisartan,沙普立沙坦,saprisartanum,saprisartan,saprisartán,
seprilose,司普立糖,seprilosum,séprilose,setipafant,
tagorizine,他戈利嗪,tagorizinum,tagorizine,tagorizina,
talsaclidine,他沙利定,talsaclidinum,(3R)-3-(2-propynyloxy)quinuclidine,(3F)-3-(2-propiniloxi)quinuclidina,
toborinone,托波力农,toborinonum,toborinone,toborinona,
vedaprofen,维达洛芬,vedaprofenum,védaprofène,zanamivir,
candesartan,坎地沙坦,p. 6 candesartanum,candésartan,insértese el número del registro del CAS por el siguiente:,
apaflurane,阿帕氟烷,apafluranum,produit à usage diagnostique,apaffurano,
azalanstat,阿扎兰司他,azalanstatum,azalanstat,azalanstat,
bisnafide,双奈法德,bisnafidum,bisnafida,144849-63-B,
ilomastat,伊洛马司他,ilomastatum,antinéoplasique,Ilomastat,
lenapenem,来那培南,lenapenemum,antibiotique,lenapenem,
lepirudin,来匹芦定,lepirudinum,anticoagulant,minolteparina sodica,
mipitroban,米吡曲班,mipitrobanum,mipitroban,mipitrobán,
montelukast,孟鲁司特,montelukastum,napitano,y enantiómero,
nateplase,那替普酶,nateplasum,natéplase,mezcla dde:,
odulimomab,奥度利欧单抗,odulimomabum,odulimomab,odulimomab,
panamesine,帕那美新,panamesinum,panamésine,panamesine,
piclamilast,吡拉米司特,piclamilastum,piclamilast,antiasmático,
plusonermin,普鲁索纳明,plusonerminum,plusonermine,plusonermina,
rufinamide,芦非酰胺,rufinamidum,rufinamide,rufinamida,
salnacedin,沙那西定,salnacedinum,salnacédine,salnacedina,
stacofylline,司他可茶碱,stacofyllinum,estacofilina,susalimod,
tamibarotene,他米巴罗汀,tamibarotenum,tamibarotène,tamibaroteno,
thymalfasin,胸腺法新,thymalfasinum,thymalfasine,Ac-Ser-Asp-Ala-Ala-Val-Asp-Thr-Ser-Ser-Glu-,
tirofiban,替罗非班,tirofibanum,tirofiban,tirofibán,
trovafloxacin,曲伐沙星,trovafloxacinum,trovafloxacine,trovafloxacino,
abafungin,阿巴芬净,abafunginum,"antibactérien, antifongique",abafungina,
abiraterone,阿比特龙,abirateronum,abiratérone,"17-(3-piridil)androsta-5,16-dien-3β-ol antiandrógeno",
ranelic acid,雷奈酸,acidum ranelicum,acide ranélique,ácido ranélico,
alinastine,阿利那斯汀,alinastinum,alinastine,alinastina,
almurtide,阿木泰,almurtidum,almurtide,almurtida,
amelometasone,阿洛米松,amelometasonum,amélométasone,amelometasona,
apadoline,阿帕多林,apadolinum,apadoline,apadolina,
arcitumomab,阿西妥欧单抗,arcitumomabum,arcitumomab,arcitumomab,
arcitumomab,阿西妥欧单抗,arcitumomab,arcitumomab,agente de diagnóstico,
asimadoline,阿西马多林,asimadolinum,asimadoline,asimadolina,
atizoram,阿替唑仑,atizoramum,atizoram,atizoram,
atliprofen,阿利洛芬,atliprofenum,atliprofène,ácido $(\pm )$ $P$ -3-tienilhidratropico,
avorelin,阿伏瑞林,avorelinum,avorelina,agonista de la hormona de liberación de hormona luteinizante,
becaplermin,贝卡普勒明,becaplerminum,bécaplermine,becaplermina,
cariporide,卡立泊来德,cariporidum,cariporide,inhibidor del transporte activo $Na^{+}/H^{+}$,
cerivastatin,西立伐他汀,cerivastatinum,cérivastatine,cerivastatina,
cetermin,西特明,ceterminum,cétermine,cetermina,
ciaftalan zinc,赛他兰锌,ciaftalanum zincum,ciaftalane zinc,ciaftalán zinc,
dabelotine,达贝洛汀,dabelotinum,dabélotine,dabelotina,
danaparoid sodium,达那肝素钠,danaparoidum natricum,danaparoïde sodique,danaparoide sódico,
dapitant,达匹坦,dapitantum,"(3aS,4S,7aS)-hexahydro-2-[(αS)-o-methoxyhydratropoyl}-",dapitant,
dexsotalol,右索他洛尔,dexsotalolum,dexsotalol,dexsotalol,
droxinavir,屈昔那韦,droxinavirum,droxinavir,droxinavir,
edaravone,依达拉奉,edaravonum,édaravone,edaravona,
edrecolomab,艾瑞考欧单抗,edrecolomabum,édrécolomab,edrecolomab,
eletriptan,依来曲坦,eletriptanum,élétriptan,eletriptán,
emoctakin,依莫白介素,emoctakinum,emoctakin,| --- |,
fexofenadine,非索非那定,fexofenadinum,fexofénadine,fexofenadina,
furomine,呋罗明,furominum,produit à usage diagnostique,furomina,
glaspimod,格拉莫德,glaspimodum,glaspimod,glaspimod,
igovomab,伊格欧单抗,igovomabum,igovomab,igovomab,
indinavir,茚地那韦,indinavirum,indinavir,indinavir,
iroplact,伊罗普拉,iroplactum,Iroplact,| --- |,
levobupivacaine,左布比卡因,levobupivacainum,lévobupivacaïne,levobupivacaina,
linetastine,利奈他斯汀,linetastinum,linétastine,linetastina,
lirexapride,利沙必利,lirexapridum,lirexapride,lirexaprida,
melagatran,美拉加群,melagatranum,mélagatran,inhibidor de la trombina,
milameline,米拉美林,milamelinum,milaméline,nootrópico,
milodistim,米洛地司亭,milodistimum,miproxifeno,| APARSPSPST |  QPWEHVNAIQ |  EALRLLDLSR |  DTAAEMNEEV |,
nepaprazole,奈帕拉唑,nepaprazolum,népaprazole,y enantiómero,
pagoclone,帕戈克隆,pagoclonum,pagoclone,pagoclona,
pamaqueside,帕马奎苷,pamaquesidum,pamaquéside,pamaquesida,
peldesine,培地辛,peldesinum,peldésine,peldesina,
pramlintide,普兰林肽,pramlintidum,pramlintide,pramlintida,
raltitrexed,雷替曲塞,raltitrexedum,raltitrexed,raltitrexed,
revatropate,瑞伐托酯,revatropatum,révatropate,revatropato,
rismorelin,利莫瑞林,rismorelinum,rismoréline,rismorelina,
sildenafil,西地那非,sildenafilum,sildénafil,sildenafilo,
sinitrodil,西硝地尔,sinitrodilum,sinitrodil,sinitrodil,
sipatrigine,西帕曲近,sipatriginum,sipatrigine,sipatrigina,
tilnoprofen arbamel,替洛芬酯,tilnoprofenum arbamelum,tilnoprofène arbamel,tilnoprofeno arbamel,
trafermin,曲夫明,traferminum,trafermine,trafermina,
trifosmin,曲膦明,trifosminum,trifosmina,valnemulin,
xemilofiban,珍米洛非班,xemilofibanum,xémilofiban,xemilofibán,
zinostatin stimalamer,净司他丁酯,zinostatinum stimalamerum,antagoniste du récepteur du fibrinogène,zinostatina estimalámero,
zolmitriptan,佐米曲普坦,zolmitriptanum,zolmitriptan,zolmitriptán,
agomelatine,阿戈美拉汀,agomelatinum,agomélatine,alatrofloxacin,
aripiprazole,阿立哌唑,aripiprazolum,aripiprazole,aripiprazol,
arofylline,阿罗茶碱,arofyllinum,arofylline,antiasmático,
atiprimod,阿替莫德,atiprimodum,atiprimod,atiprimod,
bectumomab,贝妥欧单抗,bectumomabum,bectumomab,bectumomab,
beloxepin,贝洛塞平,beloxepinum,anticoagulant,bémiparine sodique,
donepezil,多奈哌齐,donepezilum,nootrope,donepezilo,
dronedarone,屈奈达隆,dronedaronum,dronédarone,"antianginoso, antiarrítmico",
ecamsule,依坎舒,ecamsulum,écamsule,ecamsul,
efepristin,依非普丁,efepristinum,efepristina,efepristina,
elinafide,依利奈法德,elinafidum,elinafida,antineoplásico,
filaminast,非明司特,filaminastum,filaminast,filaminast,
flibanserin,氟班色林,flibanserinum,flibansérine,subunidad β:,
fomivirsen,福米韦生,fomivirsenum,fomivirseno,fomivirsén,
foropafant,福罗帕泛,foropafantum,foropafant,foropafant,
ivabradine,伊伐布雷定,ivabradinum,Ivabradine,ivabradina,
landiolol,兰地洛尔,landiololum,landiolol,landiolol,
lefradafiban,来达非班,lefradafibanum,léfradafiban,lefradafibán,
marimastat,马立马司他,marimastatum,antinéoplasique,marimastat,
maxacalcitol,马沙骨化醇,maxacalcitolum,maxacalcitol,mazokalim,
pranazepide,普拉西派,pranazepidum,rizatriptan,rizatriptán,
saredutant,沙瑞度坦,saredutantum,sarédutant,saredutant,
taltirelin,他替瑞林,taltirelinum,taltiréline,taltirelina,
terbogrel,特波格雷,terbogrelum,terbogrel,terbogrel,
vinflunine,长春氟宁,vinfluninum,vinflunine,vinflunina,
abacavir,阿巴卡韦,abacavirum,abacavir,abacavir,
almotriptan,阿莫曲坦,almotriptanum,almotriptan,antidiabético,
avitriptan,阿维曲坦,avitriptanum,avitriptan,avitriptán,
bamaquimast,巴马司特,bamaquimastum,bamaquimast,bamaquimast,
bimoclomol,氯吡哌醇,bimoclomolum,adjuvant d'antidiabétiques,bimoclomol,
blonanserin,布南色林,blonanserinum,inhibiteur de l'anhydrase carbonique,Inhibidor de la anhidrasa carbónica,
cevimeline,西维美林,cevimelinum,céviméline,and enantiomer,
eldacimibe,依达麦布,eldaclmibum,eldacimibe,eldacimiba,
eperezolid,依哌唑胺,eperezolidum,eperezolida,antibacteriano,
esatenolol,艾沙替洛尔,esatenololum,ésaténolol,esatenolol,
faralimomab,凡瑞利欧单抗,faralimomabum,Immunomodulateur,faralimomab,
ganaxolone,加那索龙,ganaxolonum,ganaxolone,ganaxolona,
hemoglobin crosfumaril,交富血红蛋白,hemoglobinum crosfumarilum,hémoglobine crosfumaril,hemoglobina crosfumarilo,
insulin aspart,门冬胰岛素,insulinum aspartum,insuline asparte,insulina asparta,
insulin glargine,甘精胰岛素,insulinum glarginum,antidiabetic,$28^{B}$ -L-ácido aspártico-insulina(humana) antidiabético,
israpafant,伊拉帕泛,israpafantum,israpafant,"s-tnazolo[4,3-a][1,4]diazepina",
lanoteplase,拉诺普酶,lanoteplasum,lanotéplase,lanoteplasa,
ledoxantrone,来多生琼,ledoxantronum,ledoxantrona,antineoplásico,
linezolid,利奈唑胺,linezolidum,antibactérien,linezolid,
lintuzumab,林妥珠单抗,lintuzumabum,"Immunoglobuline G 1 {chaîne légère y1 de l'anticorps monoclonal de souris humanisé HuM195 dirigé contre l'antigène CD 33 humain), dimère du disulfure avec la chaîne k del'anticorps monoclonal humnain HuM195immunomodulateur",lintuzumab,
metesind,美替辛德,metesindum,antinéoplasique,metesind,
nagrestipen,那瑞替喷,nagrestipenum,nagrestipen,| --- |,
nelfinavir,奈非那韦,nelfinavirum,nelfinavir,nelfinavir,
nerelimomab,奈瑞利欧单抗,nerelimomabum,nerelimomab,inmunomodulador,
omiloxetine,奥米西汀,omiloxetinum,omiloxétine,y enantiómero,
opratonium iodide,奥普拉碘铵,opratonii iodidum,"iodure de N,N,N-triméthyl-3-(undéc-10-énoyiamino)propan-1-aminium antiseptique",ioduro de opratonio,
oprelvekin,奥普瑞白介素,oprelvekinum,oprelvékine,oprelvekina,
osutidine,奥舒替丁,osutidinum,osutidine,osutidina,
pelubiprofen,培比洛芬,pelubiprofenum,pélubiprofène,pelubiprofeno,
quilostigmine,喹洛斯的明,quilostigminum,quilostigmine,quilostigmina,
retigabine,瑞替加滨,retigabinum,rétigabine,retigabina,
sabcomeline,沙可美林,sabcomelinum,sabcoméline,nootropo,
scopinast,司考匹司特,scopinastum,scopinast,escopinast,
soretolide,索瑞托胺,soretolidum,| tasonerminum |  |,soretolida,
temiverine,替米维林,temiverinum,témivérine,temiverina,
anisatil,阿尼沙(基),anisatilum,anisatil,| --- | --- |,
ecamsule,依坎舒,ecamsulum,"pro-urokinase (activateur d'enzyme) (fraction protéique issue ddu clone humain pA3/pD2/pF1), glycosylée",insértese el número del registro del CAS siguiente:,
acreozast,阿瑞司特,acreozastum,acréozast,acreozast,
aseripide,阿色利匹,aseripidum,aséripide,aseripida,
cedelizumab,西地利珠单抗,cedelizumabum,cédélizumab,cedelizumab,
ceftizoxime alapivoxil,头孢唑肟酯,ceftizoximum alapivoxilum,immunomodulateur,inmunomodulador,
celgosivir,西戈斯韦,celgosivirum,celgosivir,celgosivir,
clenoliximab,克利昔单抗,clenoliximabum,clenoliximab,Inmunomodulador,
colesevelam,考来维仑,colesevelamum,colésévelam,colesevelam,
eniluracil,恩尿嘧啶,eniluracilum,eniluracil,59989-1B-3,
enlimomab pegol,培艾利欧单抗,enlimomabum pegolum,enlimomab pégol,inmunomodulador,
eplerenone,依普利酮,eplerenonum,eplerenona,felvizumab,
fudosteine,福多司坦,fudosteinum,fudostéine,fudosteína,
gavestinel,加维斯替奈,gavestinelum,"acide 4,6-dichloro-3-[(E-2-(phénylcarbamoyl)éthényl]-1H-indole-2-carboxylique",gavestinel,
glufosfamide,葡膦酰胺,glufosfamidum,"N,N'-bis(2-chloroéthyl)phosphorodiamidate de β-D-glucopyranosyle antinéoplasique",glufosfamide,
infliximab,英夫利西单抗,infliximabum,Infliximab,| MCDLPQTHSLG | NRRALILLAQ | MRRISPFSCL |  KDRHDFGFPQ |,
licostinel,利可替奈,licostinelum,licostinel,"6,7-dicloro-1,4-dihidro-5-nitro-2,3-quinoxalinadiona",
lumefantrine,本芴醇,lumefantrinum,lurnéfantrine,antipalúdico,
milacainide,米拉卡尼,milacainidum,mivobulina,nonacog alfa,
orazipone,奥拉齐酮,oraziponum,Immunosuppresseur,orazipona,
pegmusirudin,培莫西芦定,pegmusirudinum,pegmusirudine,pegmusirudina,
pleconaril,普来可那立,pleconarilum,pléconaril,pralmorelina,
rituximab,利妥昔单抗,rituximabum,rituximab,inmunomodulador,
rivastigmine,利斯的明,rivastigminum,rivastigmine,rivastigmina,
roflumilast,罗氟司特,roflumilastum,roxifiban,roxifibán,
sevelamer,司维拉姆,sevelamerum,sévélamer,sevelámero,
sibrafiban,西拉非班,sibrafibanum,sibrafiban,sibrafibán,
tazomeline,他唑美林,tazomelinum,"| upénazime | 3,3'-(butane-1,4-diyldrimino)bis(3-méthylbutan-2-one) (E,E)-dioxime<br>produit à usage diagnostique |",| upenazimum |  |,
vatanidipine,伐尼地平,vatanidipinum,acide ranélique,p. 8 dalteparinum natricum daltepann sodium,
fexofenadine,非索非那定,p. 14 fexofenadinum,fexofénadine,p 16 igovomabum,
abarelix,阿巴瑞克,abarelixum,abarelix,ácido minodrónico,
atreleuton,阿曲留通,atreleutonum,atréleuton,atreleutón,
bepotastine,贝普斯汀,bepotastinum,bépotastine,bepotastina,
bibapcitide,双巴西肽,bibapcitidum,bibapcitida,biricodar,
clevudine,克来夫定,clevudinum,clévudine,clevudina,
declopramide,地氯普胺,declopramidum,déclopramide,declopramida,
denileukin diftitox,地尼白介素2,denileukinum diftitoxum,denileukina diftitox,embusartan,
fidarestat,非达司他,fidarestatum fidarestat,fidarestat,inhibidor de la reductasa de aldosas,
frovatriptan,夫罗曲坦,frovatriptanum,frovatriptan,ibutamoreno,
levocetirizine,左西替利嗪,levocetirizinum,lévocétirizine,levocetirizina,
levosalbutamol,左沙丁胺醇,levosalbutamolum,lévosalbutamol,levosalbutamol,
mitiglinide,米格列奈,mitiglinidum,mitiglinide,mitiglinida,
moxilubant,莫昔芦班,moxilubantum,moxilubant,14739B-01-4,
nepafenac,奈帕芬胺,nepafenacum,népicastat,inhibidor de la dopamina β-hidroxilasa,
nitisinone,尼替西农,nitisinonum,nitisinone,nolatrexed,
pamiteplase,帕米普酶,pamiteplasum,pamitéplase,pamiteplasa,
paricalcitol,帕立骨化醇,paricalcitolum,paricalcitol,paricalcitol,
pemetrexed,培美曲塞,pemetrexedum,pémétrexed,pemetrexed,
perflenapent,全氟戊烷,perflenapentum,perflenapent,perflisopent,
pexiganan,培昔加南,pexigananum,pibutidine,pibutidina,
pregabalin,普瑞巴林,pregabalinum,prégabaline,pregabalina,
rapacuronium bromide,雷库溴铵,rapacuronii bromidum,antagoniste des récepteurs neuro-musculaires,androstan-16β-yl]-1-(prop-2-ényl)pipéridinium,
rifalazil,利福拉齐,rifalazilum,rifalazil,rifalazilo,
robalzotan,罗巴佐坦,robalzotanum,robalzotan,rosiglitazona,
seocalcitol,西奥骨化醇,seocalcitolum,séocalcitol,análogo de la vitamina D,
silperisone,西哌立松,silperisonum,silpérisone,silperisona,
sivelestat,西维来司他,sivelestatum,sivélestat,sivelestat,
tifacogin,替法可近,tifacoginum,tifacogine,| ADSEEDEEHT | IITDTELPPL | KLMHSFCAFK | ADDGPCKAIM |,
trastuzumab,曲妥珠单抗,trastuzumabum,immunomodulateur,inmunomodulador,
tremacamra,曲马坎拉,tremacamrum,tremacamra,tremacamra,
valganciclovir,缬更昔洛韦,valganciclovirum,xaliprodène,xaliprodeno,
alvameline,阿伐美林,alvamelinum,alvaméline,alvamelina,
amprenavir,氨普那韦,amprenavirum,amprénavir,amprenavir,
anatumomab mafenatox,马安妥欧单抗,anatumomabum mafenatoxum,anatumomab mafénatox,Inmunomodulador,
ancestim,安塞司亭,ancestimum,ancestim,gamolenato de ascorbilo,
calcobutrol,考布曲钙,calcobutrolum,defoslimod,dextiopronin,
eniporide,依泊来德,eniporidum,éniporide,Inhibidor del transporte activo $Na^{+}/H^{+}$,
esomeprazole,艾司奥美拉唑,esomeprazolum,ésonarimod,esonarimod,
iturelix,伊妥瑞克,iturelixum,Iturélix,iturelix,
midostaurin,米哚妥林,midostaurinum,midostaurina,antineoplásico,
natalizumab,那他利珠单抗,natalizumabum,natalizumab,natalizumab,
olamufloxacin,奥拉沙星,olamufloxacinum,palivizumab,palivizumab,
piboserod,哌波色罗,piboserodum,antagoniste de la sérotonine,piboserod,
repinotan,瑞匹诺坦,repinotanum,répinotan,repinotán,
sardomozide,沙多齐特,sardomozidum,sardomozide,antineoplásico,
stannsoporfin,锡泊芬,stannsoporfinum,estannsopoorfina,tegaserod,
tenecteplase,替奈普酶,tenecteplasum,ténectéplase,tenecteplasa,
biricodar,比立考达,p. 269 biricodarum,-olol,alcaloides de la vinca,
abaperidone,阿巴哌酮,abaperidonum,alitrétinoine,alitretinoína,
anecortave,阿奈可他,anecortavum,anécortave,anecortava,
artemotil,蒿乙醚,artemotilum,atorolimumab,inmunomodulador,
avasimibe,阿伐麦布,avasimibum,avasimibe,avasímiba,
bexarotene,贝沙罗汀,bexarotenum,bexarotène,bexaroteno,
carabersat,卡拉博沙,carabersatum,carabersate,carabersato,
ecopipam,依考匹泮,ecopipamum,antagoniste des récepleurs D1/D5 de la dopamine,ecopipam,
emtricitabine,恩曲他滨,emtricitabinum,emtricitabine,emtricitabina,
eplivanserin,依利色林,eplivanserinum,antagoniste de la sérotonine,eplivanserina,
gantofiban,更托非班,gantofibanum,gantofiban,gantofibán,
gimeracil,吉美拉西,gimeracilum,giméracil,gimeracilo,
hemoglobin glutamer,聚戊二醛血红蛋白,hemoglobinum glutamerum,"5-cloro-2,4-piridinadiol",oxygen carrier,
hyetellose,羟乙纤维素,hyetellosum,hyétellose,éter 2-hidroxietílico de celulosa,
hymetellose,羟乙甲纤维素,hymetellosum,hymétellose,éter 2-hidroxilico metílico de celulosa,
hyprolose,羟丙基纤维素,hyprolosum,hyprolose,hiprolosa,
insulin detemir,地特胰岛素,insulinum detemirum,itavastatine,Itavastatina,
lusupultide,芦舒普肽,lusupultidum,lusupultide,lusupultida,
minopafant,米诺帕泛,minopafantum,minopafant,minopafant,
minretumomab,明瑞妥欧单抗,minretumomabum,minrétumomab,minretumomab,
olmesartan,奥美沙坦,olmesartanum,olmésartan,olmesartán,
oseltamivir,奥司他韦,oseltamivirum,oséitamivir,oseltamivir,
oteracil,奥替拉西,oteracilum,otéracil,oteracilo,
parecoxib,帕瑞昔布,parecoxibum,parécoxib,inhibidor de la cicloxigenasa-2,
pegacaristim,培加司亭,pegacaristimum,pégacaristim,pegacaristim,
pegnartograstim,培格拉司亭,pegnartograstimum,immunomodulateur,pegnartograstim,
ponazuril,泊那珠利,ponazurilum,ponazuril,coccidiostático,
rofecoxib,罗非考昔,rofecoxibum,rofécoxib,rofecoxib,
sitamaquine,西他马喹,sitamaquinum,sitamaquine,sitamaquina,
solimastat,索利司他,matrix metalloproteinase inhibitor,inhibiteur de la métalloprotéinase de la matrice,solimastat,
sonepiprazole,索奈哌唑,sonepiprazolum,sonépiprazole,sonepiprazol,
tabimorelin,他莫瑞林,tabimorelinum,talampanel,talampanel,
telithromycin,替利霉素,telithromycinum,télithromycine,tótco,
timcodar,汀考达,timcodarum,timcodar,timcodar,
tipranavir,替拉那韦,tipranavirum,tipranavir,tipranavir,
tonabersat,托那博沙,tonabersatum,tonabersate,tonabersat,
tositumomab,托西妥欧单抗,tositumomabum,tositumomab,inmunomodulador,
travoprost,曲伏前列素,travoprostum,travoprost,travoprost,
upidosin,乌哌多辛,upidosinum,antagoniste $\alpha _{1}$  -adrénergique,upidosina,
valdecoxib,伐地考昔,valdecoxibum,valdécoxib,vangatalcite,
vepalimomab,维帕利欧单抗,vepalimomabum,immunomodulateur,vepalimomab,
vilazodone,维拉佐酮,vilazodonum,vilazodone,"(Crónica de la OMS, Vol. 21, No. 11, 1967)",
calcitonin,降钙素,p.22 calcitoninum,hormone polypeptidique qui abaisse le taux de calcium,"(Crónica de la OMS, Vol. 28, No. 3, 1974)",
satumomab,沙妥欧单抗,p. 16 satumomabum,remplacer la description par la suivante:,"(Información Farmacéutica OMS, Vol. 6, No. 4, 1992)",
capromab,卡普欧单抗,capromabum,capromab,capromab,
detumomab,德妥欧单抗,detumomabum,détumomab,detumomab,
enlimomab,艾利欧单抗,enlimomabum,enlimomab,enlimomab,
capromab,卡普欧单抗,capromabum,capromab,sustitúyase la descripción por la siguiente,
detumomab,德妥欧单抗,detumomabum,détumomab,sustitúyase la descripción por la siguiente:,
enlimomab,艾利欧单抗,enlimomabum,sustitúyase la descripción por la siguiente:,sustitúyase la descnpción por la siguiente:,
priliximab,普利昔单抗,p. 27 priliximabum,remplacer la descnption par la suivante:,sustitúyase la descnpción por la siguiente:,
abetimus,阿贝莫司,abetimusum,abétimus,inmunosupresor,
caloxetic acid,卡洛酸,acidum caloxeticum,acide caloxétique,ácido caloxético,
anidulafungin,阿尼芬净,anidulafunginum,anidulafungine,anidulafungina,
artenimol,青蒿醇,artenimolum,arténimol,antipalúdico,
bexlosteride,贝氯特来,bexlosteridum,bexlosterida,antineoplásico,
cadrofloxacin,卡屈沙星,cadrofloxacinum,cadrofloxacine,cadrofloxacino,
cilengitide,西仑吉肽,cilengitidum,cilengitide,| -Arg-Gly-Asp-D-Phe-MeVal  |,
cipemastat,西马司他,cipemastatum,cipémastat,cipemastat,
clamikalant,氯米卡兰,clamikalantum,antagoniste des canaux potassiques,clamikalant,
esketamine,艾司氯胺酮,esketaminum,eskétamine,esketamina,
etanercept,依那西普,etanerceptum,étanercept,| LPAQVAFTPY | APEPGSTCRL | REYYDQTAQM | CCSKCSPGQH |,
exatecan,依沙替康,exatecanum,antinéoplasique,exatecán,
falnidamol,氟尼达莫,falnidamolum,falnidamol,finrozolum,
fosfructose,二磷酸果糖,fosfructosum,fosfructose,fosfructosa,
frakefamide,氟雷法胺,frakefamidum,frakéfamide,frakefamida,
ganstigmine,更斯的明,ganstigminum,ganstigmina,inhibidor de la colinesterasa,
idremcinal,伊屈西那,idremcinalum,idremcinal,agonista de la motilina,
ilodecakin,伊洛白介素,ilodecakinum,immunosuppresseur,inmunosupresor,
izonsteride,艾宗特来,izonsteridum,izonsterida,antineoplásico,
lasofoxifene,拉索昔芬,lasofoxifenum,agoniste/antagoniste partiel des cestrogènes,lasofoxifeno,
liatermin,利阿特明,liaterminum,liatermine,liatermmina,
licarbazepine,利卡西平,licarbazepinum,licarbazépine,et énantiomère y enantiómero,
mepolizumab,美泊利珠单抗,mepolizumabum,mépolizumab,mepolizumab,
olanexidine,奥拉昔定,olanexidinum,olanexidine,olanexidina,
pibrozelesin,哌溴来新,pibrozelesinum,piborozelesina,pimécrolimus,
prazarelix,普拉瑞克,prazarelixum,prazarélix,tostdlhomodlódlodotop,
ranpirnase,豹蛙酶,ranpirnasum,ranpirnasa,| EDWLTFQKKH | ITNTRDVDCD | NIMSTNLFHC | KDKNTFIYSR |,
rasburicase,拉布立酶,rasburicasum,rasburicase,rasburicasa,
rovelizumab,罗维利珠单抗,rovelizumabum,rovelizumab,inmunomodulador,
sarakalim,沙拉卡林,sarakalimum,sarakalim,sarakalim,
sibrotuzumab,西芮妥珠单抗,sibrotuzumabum,immunomodulateur,sibrotuzumab,
siramesine,西拉美新,siramesinum,siramésine,siramesina,
talnetant,他奈坦,talnetantum,talnetant,talnetant,
tesmilifene,替米利芬,tesmilifenum,tesmilifène,tesmilifeno,
tocladesine,托拉地新,tocladesinum,tocladésine,tocladesina,
troxacitabine,曲沙他滨,troxacitabinum,antinéoplasique,troxacitabina,
adalimumab,阿达木单抗,adalimumabum,adalimumab,inmunomodulador,
alemcinal,阿兰西那,alemcinalum,alemcinal,altiniclinum,
amiglumide,阿米谷胺,amiglumidum,amiglumide,amiglumida,
anisperimus,阿尼莫司,anisperimusum,immunosuppresseur,inmunosupresor,
binetrakin,人白介素4,binetrakinum,binétrakine,binetrakina,
bulaquine,布拉喹,bulaquinum,bulaquine,antipalúdico,
cangrelor,坎格雷洛,cangrelorum,cangrélor,cangrelor,
cetuximab,西妥昔单抗,cetuximabum,cetuximab,inmunomodulador,
cilomilast,西洛司特,cilomilastum,cilomilast,cilomilast,
crobenetine,克罗奈汀,crobenetinum,crobenetina,antagonista del sodio,
cystine,胱氨酸,cystinum,acide aminée,L-cistina,
darusentan,达芦生坦,darusentanum,"(+)-acide (2S)-2-(4,6-diméthoxypyrimidin-2-yloxy)-3-méthoxy-",darusentán,
donitriptan,多尼曲坦,donitriptanum,"antimigraineux, agoniste de la sérotonine",donitriptán,
doxercalciferol,度骨化醇,doxercalciferolum,doxercalciferol,doxercalciferol,
emfilermin,恩非勒明,emfilerminum,emfilermine,emfilermina,
emivirine,乙米韦林,emivirinum,émivirine,emivirina,
entecavir,恩替卡韦,entecavirum,entécavir,entecavir,
epitumomab,依匹妥欧单抗,epitumomabum,epitumomab,antineoplásico,
epratuzumab,依帕妥珠单抗,epratuzumabum,épratuzumab,epratuzumab,
eptapirone,依他匹隆,eptapironum,eptapirona,"3,5(2H,4H)-diona",
escitalopram,艾司西酞普兰,escitalopramum,escitalopram,escitalopram,
evernimicin,依维米星,evernimicinum,évernimicine,evernimicina,
everolimus,依维莫司,everolimusum,immunosuppresseur,inmunosupresor,
implitapide,英普他派,implitapidum,implitapide,implitapida,
irampanel,伊仑帕奈,irampanelum,irampanel,antagonista del AMPA,
irofulven,伊罗夫文,irofulvenum,irofulveno,itriglumidum,
lusaperidone,芦沙哌酮,lusaperidonum,lusapéridone,lusaperidona,
metreleptin,美曲普汀,metreleptinum,metreleptina,metreleptina,
mitumomab,米妥欧单抗,mitumomabum,mitumomab,inmunomodulador,
motexafin,莫特沙芬,motexafinum,motéxafine,motexafina,
onercept,奥那西普,onerceptum,onercept,* glycosylation sites,
pegvisomant,培维索孟,pegvisomantum,antagoniste de l'hormone de croissance,pegvisomant,
perflexane,全氟己烷,perflexanum,perflexano,medio de contraste para análisis por ultrasonido,
perflutren,全氟丙烷,perflutrenum,perflutreno,76-19-7,
pinokalant,匹诺卡兰,pinokalantum,pinokalant,antifúngico,
prinomastat,普啉司他,prinomastatum,inhibiteur de la métalloprotéinase de la matrice,prinomastat,
relcovaptan,瑞考伐坦,relcovaptanum,relcovaptan,relcovaptán,
repifermin,雷匹夫明,repiferminum,répifermine,repifermina,
resiquimod,瑞喹莫德,resiquimodum,immunomodulateur,resiquimod,
risarestat,利沙司他,risarestatum,risarestat,risarestat,
sulamserod,舒兰色罗,sulamserodum,antagoniste de la sérotonine,sulamserod,
tanomastat,坦诺司他,tanomastatum,tanomastat,tanomastat,
valrocemide,丙戊塞胺,valrocemidum,valrocémide,valrocemida,
vardenafil,伐地那非,vardenafilum,vardénafil,vardenafilo,
soproxil,索罗(基),soproxilum,soproxil,soproxilo,
olmesartan,奥美沙坦,olmesartanum,olmésartan,olmesartán,
olmesartan,奥美沙坦,olmesartanum medoxomilum,olmésartan,olmesartán,
adekalant,阿地卡兰,adekalantum,adékalant,adekalant,
alemtuzumab,阿仑妥珠单抗,alemtuzumabum,alemtuzumab,alemtuzumab,
aliskiren,阿利吉仑,aliskirenum,aliskirène,inhibidor de la renina,
amiloxate,阿米洛酯,amiloxatum,amiloxate,amiloxato,
atrasentan,阿曲生坦,atrasentanum,atrasentan,atrasentán,
bevacizumab,贝伐珠单抗,bevacizumabum,bevacizumab,inmunomodulador,
bivatuzumab,比沃妥珠单抗,bivatuzumabum,bivatuzumab,bivatuzumab,
capravirine,卡拉韦林,capravirinum,capravirine,capravirina,
capromorelin,卡莫瑞林,capromorelinum,capromoréline,capromorelina,
cridanimod,克立莫德,cridanimodum,cridanimod,cridanimod,
dabigatran,达比加群,dabigatranum,dabigatran,inhibidor de la trombina,
doripenem,多立培南,doripenemum,doripenem,ecraprostum ecraprost,
ensulizole,恩磺唑,ensulizolum,ensulizole,ensulizol,
enzacamene,恩扎卡明,enzacamenum,enzacamène,y enantiómero,
eptaplatin,艾铂,eptaplatinum,eptaplatine,eptaplatino,
ezetimibe,依折麦布,ezetimibum,ézétimibe,ezetimiba,
fosamprenavir,呋山那韦,fosamprenavirum,gadofosveset,gemtuzumab,
idraparinux sodium,艾屈肝素钠,idraparinuxum natricum,idraparinux sodique,idraparinux sódico,
isatoribine,艾托立宾,isatoribinum,isatoribine,isatoribina,
labradimil,拉雷地米,labradimilum,labradimil,labradimil,
lerdelimumab,莱德利尤单抗,lerdelimumabum,lerdelimumab,lerdelimumab,
levmetamfetamine,左去氧麻黄碱,levmetamfetaminum,levmétamfétamine,levmetanfetamina,
lixivaptan,利赛伐坦,lixivaptanum,lixivaptan,o-toluanilida,
norelgestromin,诺孕曲明,norelgestrominum,norélgestromine,norelgestromina,
octisalate,奥替柳酯,octisalatum,octisalate,octisalato,
opaviraline,奥帕韦兰,opaviralinum,opaviraline,opaviralina,
opebacan,奥培巴康,opebacanum,opébacan,opebacán,
oritavancin,奥他凡星,oritavancinum,oritavancine,oritavancina,
paliperidone,帕利哌酮,paliperidonum,palipéridone,paliperidona,
ravuconazole,雷夫康唑,ravuconazolum,rimonabant,rimonabant,
rostaporfin,罗他泊芬,rostaporfinum,rostaporfine,rostaporfina,
rosuvastatin,瑞舒伐他汀,rosuvastatinum,rosuvastatine,rosuvastatina,
ruplizumab,芦利珠单抗,ruplizumabum,ruplizumab,inmunomodulador,
sitaxentan,西他生坦,sitaxentanum,sitaxentan,sitaxentán,
talaporfin,他拉泊芬,talaporfinum,talaporfine,talaporfina,
ticalopride,替卡必利,ticalopridum,ticalopride,ticaloprida,
abrineurin,阿立纽林,abrineurinum,abrineurine,abrineurina,
carglumic acid,卡谷氨酸,acidum carglumicum,acide carglumique,ácido carglúmico,
lidadronic acid,利达膦酸,acidum lidadronicum,acide lidadronique,ácido lidadrónico,
alefacept,阿来西普,alefaceptum,aléfacept,alefacept,
alfatradiol,阿法雌二醇,alfatradiolum,alfatradiol,alfatradiol,
aprepitant,阿瑞匹坦,aprepitantum,aprépitant,aprepitant,
balaglitazone,巴格列酮,balaglitazonum,balaglitazone,balaglitazona,
bimosiamose,比莫西糖,bimosiamosum,bimosiamose,bimosiamosa,
brostallicin,溴他利星,brostallicinum,brostalicina,antineoplásico,
diflomotecan,二氟替康,diflomotecanum,diflomotécan,diflomotecán,
edotreotide,依度曲肽,edotreotidum,antinéoplasique,edotreotida,
edronocaine,依屈卡因,edronocainum,edronocaina,edronocaina,
eflucimibe,依鲁麦布,eflucimibum,éflucimibe,eflucimiba,
eganoprost,依加前列素,eganoprostum,éganoprost,eganoprost,
emodepside,依吗德塞,emodepsidum,émodepside,RLRL RLRL í,
erlizumab,厄利珠单抗,erlizumabum,erlizumab,ertapenem,
etoricoxib,依托考昔,etoricoxibum,étoricoxib,etoricoxib,
farglitazar,法格列扎,farglitazarum,farglitazar,farglitazar,
gavilimomab,加维利欧单抗,gavilimomabum,gavilimomab,inmunomodulador,
gemopatrilat,吉莫曲拉,gemopatrilatum,gémopatrilate,imatinib,
lemalesomab,来马索单抗,lemalesomabum,lémalésomab,lemalesomab,
litomeglovir,利托洛韦,litomeglovirum,litoméglovir,litomeglovir,
micafungin,米卡芬净,micafunginum,micafungine,micafungina,
mozenavir,莫泽那韦,mozenavirum,mozénavir,mozenavir,
navuridine,那尿苷,navuridinum,navuridine,navuridina,
neramexane,奈拉美生,neramexanum,antagoniste des réccepteurs du NMDA,neramexano,
omaciclovir,奥马洛韦,omaciclovirum,omaciclovir,omaciclovir,
omalizumab,奥马珠单抗,omalizumabum,omalizumab,| CDLPQTHSLG | SRRTLMLLAQ | MRKISLFSCL | KDRHDFGFPQ |,
pipendoxifene,哌喷昔芬,pipendoxifenum,antinéoplasique,pipendoxifeno,
pradofloxacin,普拉沙星,pradofloxacinum,pradofloxacine,pradofloxacino,
reglitazar,瑞格列扎,reglitazarum,réglitazar,reglitazar,
rivoglitazone,利格列酮,rivoglitazonum,rivoglitazone,rivoglitazona,
sabiporide,沙泊来德,sabiporidum,sabiporida,inhibidor del transporte activo Na+/H+,
safinamide,沙非胺,safinamidum,safinamide,safinamida,
soblidotin,索利多丁,soblidotinum,antinéoplasique,soblidotina,
soneclosan,索奈氯生,soneclosanum,sonéclosan,soneclosán,
taplitumomab paptox,帕他利欧单抗,taplitumomabum paptoxum,taplitumomab paptox,inmunomodulador,
tezacitabine,替扎他滨,tezacitabinum,tezacitabina,antineoplásico,
tidembersat,替旦博沙,tidembersatum,tidembersat,antimigrañoso,
tilmacoxib,替马考昔,tilmacoxibum,tilmacoxib,tilmacoxib,
tomeglovir,托美洛韦,tomeglovirum,traxoprodil,traxoprodil,
tridolgosir,曲多高舍,tridolgosirum,tridolgosir,tridolgosir,
valomaciclovir,伐马洛韦,valomaciclovirum,valomaciclovir,valomaciclovir,
vatalanib,伐拉尼布,vatalanibum,vatalanib,vatalanib,
visilizumab,维西利珠单抗,visilizumabum,visilizumab,visilizumab,
ximelagatran,希美加群,ximelagatranum,ximélagatran,ximelagatrán,
zelandopam,泽兰多泮,zelandopamum,zelandopam,zelandopam,
ziralimumab,齐拉利尤单抗,ziralimumabum,ziralimumab,p. 9,
alfimeprase,阿非普酶,alfimeprasum,alfiméprase,alfimeprasa,
alicaforsen,阿利福生,alicaforsenum,alicaforsen,alicaforseno,
amdoxovir,氨多索韦,amdoxovirum,"[(2R,4R)-4-(2,6-diamino-9H-purin-9-y!)-1,3-dioxolan-2-yl]méthanol antiviral",amdoxovir,
amelubant,阿美芦班,amelubantum,amélubant,amelubant,
bimatoprost,贝美前列素,bimatoprostum,bimatoprost,bimatoprost,
caldaret,卡达瑞特,caldaretum,caldaret,caldaret,
ecalcidene,依卡西啶,ecalcidenum,efalizumab,antipsoriásico,
enfuvirtide,恩夫韦肽,enfuvirtidum,enfuvirtide,enfuvirtida,
epafipase,依帕非酶,epafipasum,épafipase,epafipasa,
febuxostat,非布司他,febuxostatum,febuxostat,febuxostat,
garnocestim,加诺司亭,garnocestimum,garnocestim,| TELRCQ | CLQTLQGIHL | KNIQSVKVKS | PGPHCAQTEV |,
iseganan,艾塞加南,isegananum,iseganán,antibacteriano,
labetuzumab,拉贝妥珠单抗,labetuzumabum,labétuzumab,labetuzumab,
lapisteride,拉匹雄胺,lapisteridum,lapisterida,inhibidor de la 5á-reductasa,
laquinimod,拉喹莫德,laquinimodum,laquinimod,inmunomodulador,
laronidase,拉罗尼酶,laronidasum,| livaraparin calcium | calcium salt of a low molecular mass heparin that is obtained by nitrous acid depolymerization of heparin from porcine intestinal mucosa; the majority of<br>the components have a 2-O-sulfo-α-L-idopyranosuronic acid structure at the non-reducing end and a 6-O-sulfo-structure at the reducing end of their<br>chain; the mass-average molecular mass ranges between 3000 and 5000<br>with 75% is less than 8000; the degree of sulfatation is approximately 2 per<br>disaccharidic unit<br>anticoagulant |,| --- | --- |,
manifaxine,马尼法辛,manifaxinum,manifaxine,manifaxina,
miglustat,麦格司他,miglustatum,miglustat,miglustat,
mirostipen,米罗替喷,mirostipenum,mureletecán,nasaruplasum beta,
netoglitazone,萘格列酮,netoglitazonum,nétoglitazone,netoglitazona,
ospemifene,奥培米芬,ospemifenum,ospémifène,antiestrógeno,
pegfilgrastim,培非司亭,pegfilgrastimum,pegfilgrastim,pexelizumab,
pralnacasan,普那卡生,pralnacasanum,pralnacasan,pralnacasán,
pratosartan,普拉沙坦,pratosartanum,pratosartan,pratosartán,
reslizumab,瑞斯利珠单抗,reslizumabum,immunomodulateur,reslizumab,
ruboxistaurin,芦布妥林,ruboxistaurinum,ruboxistaurina,inhibidor de la PKC,
semaxanib,司马尼布,semaxanibum,sémaxanib,semaxanib,
silodosin,赛洛多辛,silodosinum,silodosine,silodosina,
solifenacin,索利那新,solifenacinum,solifénacine,antagonista de los recepotores de la muscarinicos,
tadalafil,他达拉非,tadalafilum,tadalafil,tadalafilo,
telbermin,替柏明,telberminum,ténivastatine,tesaglitazar,
acolbifene,阿考比芬,acolbifenum,acolbifène,antiestrógeno,
asoprisnil,阿索立尼,asoprisnilum,asoprisnil,"4,9-ddien-3-ona",
bifarcept,比法西普,bifarceptum,bifarcept,| IPNTNYCVSV | YLEHSDEQAV | IKSPLKCTLL | PPGQESEFS |,
coluracetam,考拉西坦,coluracetamum,coluracetam,nootrópico,
dapivirine,达匹韦林,dapivirinum,dapivirine,dapivirina,
deferasirox,地拉罗司,deferasiroxum,déférasirox,deferasirox,
degarelix,地加瑞克,degarelixum,degarelix,dersalazine,
detiviciclovir,德昔洛韦,detiviciclovirum,détiviciclovir,detiviciclovir,
efaproxiral,乙法昔罗,efaproxiralum,éfaproxiral,efaproxiral,
flindokalner,氟林卡那,flindokalnerum,flindokalner,gimatecán,
icaridin,艾卡啶,icaridinum,immunomodulateur,iguratimod,
ilaprazole,艾普拉唑,ilaprazolum,indisulam,indisulam,
licofelone,利考非隆,licofelonum,licofélone,licofelona,
meldonium,美度铵,meldonium,meldonium,meldonio,
metelimumab,美替利尤单抗,metelimumabum,métélimumab,metelimumab,
mitemcinal,米坦西那,mitemcinalum,mitemcinal,agonista de la motilina,
oglufanide,奥谷法奈,oglufanidum,oglufanida,olcegepant,
oregovomab,奥谷欧单抗,oregovomabum,oregovomab,"(2R,3R)-2-(3-carbamimidoilbencil)-3-[[4-(1-oxidopiridin-",
palifermin,帕利夫明,paliferminum,palifermine,palifermina,
talibegron,他利贝隆,talibegronum,talibégron,talibegrón,
tariquidar,他立喹达,tariquidarum,tariquidar,tebanicline,
tecastemizole,替卡咪唑,tecastemizolum,técastémizole,tecastemizol,
tigecycline,替吉环素,tigecyclinum,tigécycline,tigeciclina,
tiviciclovir,替昔洛韦,tiviciclovirum,tiviciclovir,tiviciclovir,
tosagestin,托沙孕烯,tosagestinum,tosagestin,tosagestina,
igovomab,伊格欧单抗,p. 134 igovomabum,insert/insérer/insértese,sustituyase la descripción por la siguiente:,
afeletecan,阿非替康,p. 97 afeletecanum,remplacer la description par la suivante:,| --- | --- | --- |,
albaconazole,阿巴康唑,albaconazolum,albaconazole,albaconazol,
alvimopan,阿维莫泮,alvimopanum,alvimopan,alvimopán,
apaziquone,阿帕齐醌,apaziquonum,apaziquone,apazicuona,
apolizumab,阿泊利珠单抗,apolizumabum,apolizumab,apolizumab,
asenapine,阿塞那平,asenapinum,asénapine,asenapina,
axomadol,阿索马多,axomadolum,axomadol,axomadol,
bifeprunox,联苯芦诺,bifeprunoxum,biféprunox,bifeprunox,
canertinib,卡纽替尼,canertinibum,canertinib,canertinib,
cefovecin,头孢维星,cefovecinum,céfovécine,cefovecina,
cethromycin,塞红霉素,cethromycinum,céthromycine,cetromicina,
delucemine,德芦西明,deluceminum,délucémine,delucemina,
ecromeximab,依美昔单抗,ecromeximabum,écromeximab,ecromeximab,
eculizumab,依库珠单抗,eculizumabum,éculizumab,eculizumab,
edotecarin,艾特咔林,edotecarinum,édotécarine,edotecarina,
elzasonan,艾扎索南,elzasonanum,elzasonan,elzasonán,
enecadin,依奈卡定,enecadinum,énécadine,enecadina,
ertiprotafib,厄罗他非,ertiprotafibum,ertiprotafib,ertiprotafib,
eszopiclone,艾司佐匹克隆,eszopiclonum,eszopiclone,eszopiclona,
fandosentan,泛多生坦,fandosentanum,fandosentan,fandosentán,
fontolizumab,凡特利珠单抗,fontolizumabum,fontolizumab,fontolizumab,
garenoxacin,加诺沙星,garenoxacinum,garénoxacine,garenoxacina,
indiplon,英地普隆,indiplonum,indiplon,indiplón,
inecalcitol,依奈骨化醇,inecalcitolum,inécalcitol,inecalcitol,
iroxanadine,艾沙那定,iroxanadinum,iroxanadine,iroxanadina,
lidorestat,利多司他,lidorestatum,lidorestat,lidorestat,
liraglutide,利拉鲁肽,liraglutidum,liraglutide,liraglutida,
lubazodone,芦巴佐咚,lubazodonum,lubazodone,lubazodona,
lubiprostone,芦比前列酮,lubiprostonum,lubiprostone,lubiprostona,
lumiracoxib,芦米考昔,lumiracoxibum,lumiracoxib,lumiracoxib,
merimepodib,美泊地布,merimepodibum,mérimépodib,merimepodib,
mozavaptan,莫扎伐坦,mozavaptanum,mozavaptan,mozavaptán,
naminidil,纳米尼地尔,naminidilum,naminidil,naminidil,
nemifitide,奈米非肽,nemifitidum,némifitide,nemifitida,
nortopixantrone,诺托生琼,nortopixantronum,nortopixantrone,nortopixantrona,
oblimersen,奥利美生,oblimersenum,oblimersen,oblimerseno,
ortataxel,奥他赛,ortataxelum,ortataxel,ortataxel,
osemozotan,奥莫佐坦,osemozotanum,osémozotan,osemozotán,
pascolizumab,帕可利珠单抗,pascolizumabum,pascolizumab,pascolizumab,
pegaptanib,培加尼布,pegaptanibum,pégaptanib,pegaptanib,
pegsunercept,培那西普,pegsunerceptum,pegsunercept,pegsunercept,
perflubrodec,全氟溴癸烷,perflubrodecum,perflubrodec,perflubrodec,
picoplatin,吡铂,picoplatinum,picoplatine,picoplatino,
plevitrexed,普来曲塞,plevitrexedum,plévitrexed,plevitrexed,
pumosetrag,普莫曲格,pumosetragum,pumosétrag,pumosetrag,
siplizumab,西利珠单抗,siplizumabum,siplizumab,siplizumab,
soraprazan,索普拉生,soraprazanum,soraprazan,soraprazán,
tacapenem,他卡培南,tacapenemum,tacapénem,tacapenem,
tecadenoson,替卡诺生,tecadenosonum,técadénoson,tecadenosón,
tecalcet,替卡塞,tecalcetum,técalcet,tecalcet,
teneliximab,替奈利昔单抗,teneliximabum,ténéliximab,teneliximab,
topixantrone,托匹生琼,topixantronum,topixantrone,topixantrona,
toralizumab,托利珠单抗,toralizumabum,toralizumab,toralizumab,
torcetrapib,托塞曲匹,torcetrapibum,torcétrapib,torcetrapib,
torcitabine,托西他滨,torcitabinum,torcitabine,torcitabina,
trabectedin,曲贝替定,trabectedinum,trabectédine,trabectedina,
treprostinil,曲前列尼尔,treprostinilum,tréprostinil,treprostinilo,
tulathromycin,妥拉霉素,tulathromycinum,tulathromycinum,tulathromycinum,
vapaliximab,伐利昔单抗,vapaliximabum,vapaliximab,vapaliximab,
varespladib,伐瑞拉地,varespladibum,varespladib,varespladib,
alvocidib,阿伏西地,alvocidibum,alvocidib,alvocidib,
anatibant,阿替班特,anatibantum,anatibant,anatibant,
ardenermin,阿待奈明,ardenerminum,ardénermine,ardenermina,
arimoclomol,阿莫氯醇,arimoclomolum,arimoclomol,arimoclomol,
aselizumab,艾斯利珠单抗,aselizumabum,asélizumab,aselizumab,
ataciguat,阿他西呱,ataciguatum,ataciguat,ataciguat,
atazanavir,阿扎那韦,atazanavirum,atazanavir,atazanavir,
atocalcitol,阿托骨化醇,atocalcitolum,atocalcitol,atocalcitol,
barixibat,巴昔巴特,barixibatum,barixibat,barixibat,
barusiban,巴芦西班,barusibanum,barusiban,barusibán,
bertilimumab,柏替利尤单抗,bertilimumabum,bertilimumab,bertilimumab,
bortezomib,硼替佐米,bortezomibum,bortézomib,bortezomib,
cinacalcet,西那卡塞,cinacalcetum,cinacalcet,cinacalcet,
darunavir,达芦那韦,darunavirum,darunavir,darunavir,
dofequidar,多非喹达,dofequidarum,doféquidar,dofequidar,
doramapimod,度马莫德,doramapimodum,doramapimod,doramapimod,
etravirine,依曲韦林,etravirinum,étravirine,etravirina,
etriciguat,依曲西呱,etriciguatum,étriciguat,etriciguat,
fipamezole,非帕美唑,fipamezolum,fipamézole,fipamezol,
gemcabene,吉卡宾,gemcabenum,gemcabène,gemcabeno,
ibrolipim,艾溴利平,ibrolipimum,ibrolipim,ibrolipim,
iclaprim,艾拉普林,iclaprimum,iclaprime,iclaprim,
iosimenol,碘美醇,iosimenolum,iosiménol,iosimenol,
latidectin,拉替待克丁,latidectinum,latidectine,latidectina,
lurasidone,鲁拉西酮,lurasidonum,lurasidone,lurasidona,
mantabegron,金刚贝隆,mantabegronum,mantabégron,mantabegrón,
matuzumab,马妥珠单抗,matuzumabum,matuzumab,matuzumab,
oxeglitazar,奥格列扎,oxeglitazarum,oxéglitazar,oxeglitazar,
posizolid,泊西唑利德,posizolidum,posizolid,posizolid,
rafabegron,雷法贝隆,rafabegronum,rafabégron,rafabegrón,
rupintrivir,芦平曲韦,rupintrivirum,rupintrivir,rupintrivir,
sorafenib,索拉非尼,sorafenibum,sorafénib,sorafenib,
squalamine,司夸胺,squalaminum,squalamine,escualamina,
tacedinaline,他地那兰,tacedinalinum,tacédinaline,tacedinalina,
telbivudine,替比夫定,telbivudinum,telbivudine,telbivudina,
tolevamer,托来伐姆,tolevamerum,tolévamère,tolevámero,
alamifovir,阿拉福韦,alamifovirum,alamifovir,alamifovir,
aprinocarsen,阿普卡生,aprinocarsenum,aprinocarsen,aprinocarseno,
belimumab,贝利尤单抗,belimumabum,bélimumab,belimumab,
cimicoxib,西米考昔,cimicoxibum,cimicoxib,cimicoxib,
dabuzalgron,达扎格隆,dabuzalgronum,dabuzalgron,dabuzalgrón,
dacinostat,达西司他,dacinostatum,dacinostat,dacinostat,
desvenlafaxine,地文拉法辛,desvenlafaxinum,dèsvenlafaxine,desvenlafaxina,
diquafosol,地夸磷索,diquafosolum,diquafosol,dicuafosol,
disermolide,地舍莫来,disermolidum,disermolide,disermolida,
edifoligide,艾福来吉,edifoligidum,édifoligide,edifoligida,
edratide,依屈肽,edratidum,édratide,edratida,
elsilimomab,依斯利欧单抗,elsilimomabum,elsilimomab,elsilimomab,
elvucitabine,艾夫他滨,elvucitabinum,elvucitabine,elvucitabina,
exenatide,艾塞那肽,exenatidum,exénatide,exenatida,
firocoxib,非罗考昔,firocoxibum,firocoxib,firocoxib,
fispemifene,非培米芬,fispemifenum,fispémifène,fispemifeno,
freselestat,夫瑞司他,freselestatum,frésélestat,freselestat,
galiximab,格利昔单抗,galiximabum,galiximab,galiximab,
icofungipen,艾芬净喷,icofungipenum,icofungipen,icofungipeno,
icrocaptide,艾罗卡肽,icrocaptidum,icrocaptide,icrocaptida,
iferanserin,艾夫色林,iferanserinum,iféransérine,iferanserina,
istradefylline,伊曲茶碱,istradefyllinum,istradéfylline,istradefilina,
ixabepilone,伊沙匹隆,ixabepilonum,ixabépilone,ixabepilona,
ladostigil,拉多替吉,ladostigilum,ladostigil,ladostigilo,
lapatinib,拉帕替尼,lapatinibum,lapatinib,lapatinib,
lomeguatrib,洛美呱曲,lomeguatribum,lomeguatrib,lomeguatrib,
odiparcil,奥地帕西,odiparcilum,odiparcil,odiparcilo,
omiganan,奥米加南,omigananum,omiganan,omiganán,
pactimibe,帕替麦布,pactimibum,pactimibe,pactimiba,
patupilone,帕妥匹隆,patupilonum,patupilone,patupilona,
pertuzumab,帕妥珠单抗,pertuzumabum,pertuzumab,pertuzumab,
pixantrone,匹克生琼,pixantronum,pixantrone,pixantrona,
pritumumab,普林妥尤单抗,pritumumabum,pritumumab,pritumumab,
rebimastat,瑞马司他,rebimastatum,rébimastat,rebimastat,
segesterone,塞孕酮,segesteronum,ségestérone,segesterona,
semapimod,塞马莫德,semapimodum,sémapimod,semapimod,
sufugolix,舒夫戈利,sufugolixum,sufugolix,sufugolix,
tafluprost,他氟前列素,tafluprostum,tafluprost,tafluprost,
talizumab,他利珠单抗,talizumabum,talizumab,talizumab,
tesofensine,替索芬辛,tesofensinum,tésofensine,tesofensina,
tifenazoxide,泰芬那氧,tifenazoxidum,tifénazoxide,tifenazóxido,
tisocalcitate,替索骨化酯,tisocalcitatum,tisocalcitate,tisocalcitato,
ulifloxacin,尤利沙星,ulifloxacinum,ulifloxacin,ulifloxacino,
varenicline,伐尼克兰,vareniclinum,varénicline,vareniclina,
adecatumumab,阿德妥尤单抗,adecatumumabum,adécatumumab,adecatumumab,
arformoterol,阿福特罗,arformoterolum,arformotérol,arformoterol,
banoxantrone,巴诺蒽醌,banoxantronum,banoxantrone,banoxantrona,
batabulin,巴他布林,batabulinum,batabuline,batabulina,
becampanel,贝坎帕奈,becampanelum,bécampanel,becampanel,
beminafil,贝米那非,beminafilum,béminafil,beminafilo,
binodenoson,倍诺生,binodenosonum,binodénoson,binodenosón,
ciluprevir,西鲁瑞韦,ciluprevirum,ciluprévir,ciluprevir,
clazosentan,克拉生坦,clazosentanum,clazosentan,clazosentán,
clofarabine,氯法拉滨,clofarabinum,clofarabine,clofarabina,
daglutril,达格鲁曲,daglutrilum,daglutril,daglutrilo,
dextofisopam,右非索泮,dextofisopamum,dextofisopam,dextofisopam,
doranidazole,多拉达唑,doranidazolum,doranidazole,doranidazol,
ecopladib,艾考拉地,ecopladibum,écopladib,ecopladib,
emapunil,依马普尼,emapunilum,émapunil,emapunilo,
enzastaurin,恩扎妥林,enzastaurinum,enzastaurine,enzastaurina,
eslicarbazepine,艾司利卡西平,eslicarbazepinum,eslicarbazépine,eslicarbazepina,
esoxybutynin,艾司奥昔布宁,esoxybutyninum,ésoxybutynine,esoxybutynina,
imidafenacin,咪达那新,imidafenacinum,imidafénacine,imidafenacina,
lumiliximab,洛利昔单抗,lumiliximabum,lumiliximab,lumiliximab,
maropitant,马罗匹坦,maropitantum,maropitant,maropitant,
mubritinib,莫立替尼,mubritinibum,mubritinib,mubritinib,
muraglitazar,莫格列扎,muraglitazarum,muraglitazar,muraglitazar,
nebentan,奈苯坦,nebentanum,nébentan,nebentán,
omigapil,奥米加匹,omigapilum,omigapil,omigapilo,
pasireotide,帕瑞肽,pasireotidum,pasiréotide,pasireotida,
pelitrexol,吡利曲索,pelitrexolum,pélitrexol,pelitrexol,
pruvanserin,普凡色林,pruvanserinum,pruvansérine,pruvanserina,
ramelteon,雷美替安,ramelteonum,rameltéon,ramelteòn,
ranibizumab,雷珠单抗,ranibizumabum,ranibizumab,ranibizumab,
razaxaban,雷扎沙班,razaxabanum,razaxaban,razaxabán,
rivaroxaban,利伐沙班,rivaroxabanum,rivaroxaban,rivaroxabán,
sabarubicin,沙柔比星,sabarubicinum,sabarubicine,sabarubicina,
solabegron,索拉贝隆,solabegronum,solabégron,solabegrón,
tanaproget,他那罗吉,tanaprogetum,tanaproget,tanaproget,
taprizosin,他立唑嗪,taprizosinum,taprizosine,taprizosina,
teduglutide,替度鲁肽,teduglutidum,téduglutide,teduglutida,
tocilizumab,托珠单抗,tocilizumabum,tocilizumab,tocilizumab,
urtoxazumab,尤度珠单抗,urtoxazumabum,urtoxazumab,urtoxazumab,
valtorcitabine,伐托他滨,valtorcitabinum,valtorcitabine,valtorcitabina,
vildagliptin,维格列汀,vildagliptinum,vildagliptine,vildagliptina,
zanolimumab,扎利尤单抗,zanolimumabum,zanolimumab,zanolimumab,
abatacept,阿巴西普,abataceptum,abatacept,abatacept,
acotiamide,阿考替胺,acotiamidum,acotiamide,acotiamida,
armodafinil,阿莫非尼,armodafinilum,armodafinil,armodafinilo,
bamirastine,巴麦斯汀,bamirastinum,bamirastine,bamirastina,
befetupitant,贝非匹坦,befetupitantum,béfétupitant,befetupitant,
belotecan,贝洛替康,belotecanum,bélotécan,belotecán,
carmoterol,卡莫特罗,carmoterolum,carmotérol,carmoterol,
cetilistat,西替司他,cetilistatum,cétilistat,cetilistat,
dasantafil,达生他非,dasantafilum,dasantafil,dasantafilo,
daxalipram,达沙普兰,daxalipramum,daxalipram,daxalipram,
denufosol,地纽福索,denufosolum,dénufosol,denufosol,
depelestat,地来司他,depelestatum,dépélestat,depelestat,
dirlotapide,地洛他派,dirlotapidum,dirlotapide,dirlotapida,
edaglitazone,依格列宗,edaglitazonum,édaglitazone,edaglitazona,
exbivirumab,艾韦尤单抗,exbivirumabum,exbivirumab,exbivirumab,
fampronil,泛普罗尼,fampronilum,fampronil,fampronilo,
fidexaban,非德沙班,fidexabanum,fidexaban,fidexabán,
fingolimod,芬戈莫德,fingolimodum,fingolimod,fingolimod,
gadodenterate,钆登酯,gadodenteratum,gadodentérate,gadodenterato,
golimumab,戈利木单抗,golimumabum,golimumab,golimumab,
idronoxil,伊屈诺昔,idronoxilum,idronoxil,idronoxilo,
imiglitazar,伊格列扎,imiglitazarum,imiglitazar,imiglitazar,
indacaterol,茚达特罗,indacaterolum,indacaterol,indacaterol,
indibulin,吲地布林,indibulinum,indibuline,indibulina,
lanimostim,拉莫司亭,lanimostimum,lanimostim,lanimostim,
lemuteporfin,来莫泊芬,lemuteporfinum,lémutéporfine,lemuteporfina,
lenalidomide,来那度胺,lenalidomidum,lénalidomide,lenalidomide,
lestaurtinib,来妥替尼,lestaurtinibum,lestaurtinib,lestaurtinib,
libivirumab,利韦尤单抗,libivirumabum,libivirumab,libivirumab,
maraviroc,马拉韦罗,maravirocum,maraviroc,maraviroc,
milataxel,米拉他赛,milataxelum,milataxel,milataxel,
mirococept,米考西普,mirococeptum,mirococept,mirococept,
palosuran,帕洛舒仑,palosuranum,palosuran,palosurán,
panitumumab,帕妥尤单抗,panitumumabum,panitumumab,panitumumab,
pegamotecan,培加替康,pegamotecanum,pégamotécan,pegamotecán,
pelitinib,培利替尼,pelitinibum,pélitinib,pelitinib,
perflubutane,全氟丁烷,perflubutanum,perflubutane,perflubutano,
perzinfotel,培净福太,perzinfotelum,perzinfotel,perzinfotel,
prasugrel,普拉格雷,prasugrelum,prasugrel,prasugrel,
radafaxine,雷达法辛,radafaxinum,radafaxine,radafaxina,
ranirestat,雷尼司他,ranirestatum,ranirestat,ranirestat,
regadenoson,瑞加诺生,regadenosonum,régadénoson,regadenosón,
reparixin,瑞帕立辛,reparixinum,réparixine,reparixina,
retapamulin,瑞他莫林,retapamulinum,rétapamuline,retapamulina,
revaprazan,瑞普拉生,revaprazanum,révaprazan,revaprazán,
rilpivirine,利匹韦林,rilpivirineum,rilpivirine,rilpivirina,
ritobegron,利托贝隆,ritobegronum,ritobégron,ritobegrón,
robenacoxib,罗贝考昔,robenacoxibum,robénacoxib,robenacoxib,
rostafuroxin,罗他福辛,rostafuroxinum,rostafuroxine,rostafuroxina,
selodenoson,塞洛诺生,selodenosonum,sélodénoson,selodenosón,
taltobulin,他托布林,taltobulinum,taltobuline,taltobulina,
tandutinib,坦度替尼,tandutinibum,tandutinib,tandutinib,
teglicar,替格列卡,teglicarum,téglicar,teglicar,
telavancin,替拉凡星,telavancinum,télavancine,telavancina,
tetomilast,替托司特,tetomilastum,tétomilast,tetomilast,
tifuvirtide,替夫韦肽,tifuvirtidum,tifuvirtide,tifuvirtida,
topilutamide,托匹芦胺,topilutamidum,topilutamide,topilutamida,
torapsel,托拉普塞,torapselum,torapsel,torapsel,
trodusquemine,曲度奎明,trodusqueminum,trodusquémine,trodusquemina,
vandetanib,凡他尼布,vandetanibum,vandétanib,vandetanib,
vestipitant,维替匹坦,vestipitantum,vestipitant,vestipitant,
ancriviroc,安立韦克,ancrivirocum,ancriviroc,ancriviroc,
atilmotin,阿替莫汀,atilmotinum,atilmotine,atilmotina,
avanafil,阿伐那非,avanafilum,avanafil,avanafilo,
balicatib,巴利卡替,balicatibum,balicatib,balicatib,
becatecarin,贝特卡令,becatecarinum,bécatécarine,becatecarina,
becocalcidiol,贝骨化醇,becocalcidiolum,bécocalcidiol,becocalcidiol,
bemotrizinol,贝曲嗪诺,bemotrizinolum,bémotrizinol,bemotrizinol,
besilesomab,贝索单抗,besilesomabum,bésilésomab,besilesomab,
bisoctrizole,比索曲唑,bisoctrizolum,bisoctrizole,bisoctrizol,
canfosfamide,坎磷酰胺,canfosfamidum,canfosfamide,canfosfamida,
ceftobiprole,头孢比罗,ceftobiprolum,ceftobiprole,ceftobiprol,
davasaicin,达伐塞辛,davasaicinum,davasaïcine,davasaicina,
deferitrin,地夫立群,deferitrinum,déféritrine,deferitrina,
delmitide,地米肽,delmitidum,delmitide,delmitida,
deutolperisone,地托哌松,deutolperisonum,deutolpérisone,deutolperisona,
efipladib,艾非拉地,efipladibum,éfipladib,efipladib,
elomotecan,依洛替康,elomotecanum,élomotécan,elomotecán,
embeconazole,恩贝康唑,embeconazolum,embéconazole,embeconazol,
eritoran,依立托仑,eritoranum,éritoran,eritorán,
etalocib,艾他洛西,etalocibum,étalocib,etalocib,
farampator,法兰帕托,farampatorum,farampator,farampator,
forodesine,呋咯地辛,forodesinum,forodésine,forodesina,
galsulfase,戈硫酯酶,galsulfasum,galsulfase,galsulfasa,
glucarpidase,谷卡匹酶,glucarpidasum,glucarpidase,glucarpidasa,
iboctadekin,艾波白介素,iboctadekinum,iboctadékine,iboctadekina,
icomucret,艾考莫瑞,icomucretum,icomucret,icomucret,
isalmadol,伊沙马多,isalmadolum,isalmadol,isalmadol,
ispinesib,伊匹尼塞,ispinesibum,ispinésib,ispinesib,
levotofisopam,左托非索泮,levotofisopamum,lévotofisopam,levotofisopam,
linaprazan,利那拉生,linaprazanum,linaprazan,linaprazán,
naveglitazar,那格列扎,naveglitazarum,navéglitazar,naveglitazar,
omocianine,奥莫西宁,omocianinum,omocianine,omocianine,
peliglitazar,培格列扎,peliglitazarum,péliglitazar,peliglitazar,
pemaglitazar,培马格列扎,pemaglitazarum,pémaglitazar,pemaglitazar,
perflisobutane,全氟异丁烷,perflisobutanum,perflisobutane,perflisobutano,
piclozotan,吡氯佐坦,piclozotanum,piclozotan,piclozotán,
pralatrexate,普拉曲沙,pralatrexatum,pralatrexate,pralatrexato,
radotermin,雷多特明,radoterminum,radotermine,radotermina,
raxibacumab,雷昔巴尤单抗,raxibacumabum,raxibacumab,raxibacumab,
rimeporide,利泊来德,rimeporidum,riméporide,rimeporida,
saxagliptin,沙格列汀,saxagliptinum,saxagliptine,saxagliptina,
seliciclib,塞利西利,seliciclibum,séliciclib,seliciclib,
sugammadex,舒更葡糖,sugammadexum,sugammadex,sugammadex,
talabostat,他波司他,talabostatum,talabostat,talabostat,
talaglumetad,他谷美特,talaglumetadum,talaglumétad,talaglumetad,
tanogitran,他诺吉群,tanogitranum,tanogitran,tanogitrán,
tefibazumab,替非巴珠单抗,tefibazumabum,téfibazumab,tefibazumab,
tetraxetan,特昔坦,tetraxetanum,tétraxétan,tetraxetán,
apixaban,阿哌沙班,apixabanum,apixaban,apixabán,
apratastat,阿雷司他,apratastatum,apratastat,apratastat,
arasertaconazole,阿拉康唑,arasertaconazolum,arasertaconazole,arasertaconazol,
avosentan,阿伏生坦,avosentanum,avosentan,avosentán,
bapineuzumab,巴匹珠单抗,bapineuzumabum,bapineuzumab,bapineuzumab,
belatacept,贝拉西普,belataceptum,bélatacept,belatacept,
brivaracetam,布立西坦,brivaracetamum,brivaracétam,brivaracetam,
caricotamide,卡立酰胺,caricotamidum,caricotamide,caricotamida,
catumaxomab,卡妥欧单抗,catumaxomabum,catumaxomab,catumaxomab,
dapiclermin,达匹勒明,dapiclerminum,dapiclermine,dapiclermina,
dexlansoprazole,右兰索拉唑,dexlansoprazolum,dexlansoprazole,dexlansoprazol,
dianicline,二氮克兰,dianiclinum,dianicline,dianiclina,
ecallantide,艾卡仑肽,ecallantidum,écallantide,E,
ertumaxomab,厄马索单抗,ertumaxomabum,ertumaxomab,ertumaxomab,
esmirtazapine,艾司米氮平,esmirtazapinum,esmirtazapine,esmirtazapina,
ispronicline,异丙克兰,isproniclinum,ispronicline,isproniclina,
istaroxime,伊司他肟,istaroximum,istaroxime,istaroxima,
lecozotan,来考佐坦,lecozotanum,lécozotan,lecozotán,
levolansoprazole,左兰索拉唑,levolansoprazolum,lévolansoprazole,levolansoprazol,
manitimus,马尼莫司,manitimusum,manitimus,manitimús,
mapatumumab,玛帕妥尤单抗,mapatumumabum,mapatumumab,mapatumumab,
nerispirdine,奈立吡啶,nerispirdinum,nérispirdine,nerispirdina,
ofatumumab,奥法妥尤单抗,ofatumumabum,ofatumumab,ofatumumab,
olmesartan,奥美沙坦,olmesartanum,olmésartan,olmesartán,
padoporfin,帕度泊芬,padoporfinum,padoporfine,padoporfina,
pagibaximab,帕昔单抗,pagibaximabum,pagibaximab,pagibaximab,
paliroden,帕利罗登,palirodenum,palirodène,palirodeno,
peforelin,培福瑞林,peforelinum,péforéline,peforelina,
plerixafor,普乐沙福,plerixaforum,plérixafor,plerixafor,
plitidepsin,普利肽新,plitidepsinum,plitidepsine,plitidepsina,
pradefovir,普雷福韦,pradefovirum,pradéfovir,pradefovir,
rimacalib,利马卡利,rimacalibum,rimacalib,rimacalib,
rivanicline,利伐克兰,rivaniclinum,rivanicline,rivaniclina,
rivenprost,利文前列素,rivenprostum,rivenprost,rivenprost,
satavaptan,沙他伐坦,satavaptanum,satavaptan,satavaptán,
seletracetam,塞曲西坦,seletracetamum,sélétracétam,seletracetam,
sipoglitazar,西格列扎,sipoglitazarum,sipoglitazar,sipoglitazar,
sunitinib,舒尼替尼,sunitinibum,sunitinib,sunitinib,
surinabant,舒立纳班,surinabantum,surinabant,surinabant,
tasidotin,他西多丁,tasidotinum,tasidotine,tasidotina,
tasquinimod,他喹莫德,tasquinimodum,tasquinimod,tasquinimod,
terutroban,特芦曲班,terutrobanum,térutroban,terutrobán,
tesetaxel,替司他赛,tesetaxelum,tésétaxel,tesetaxel,
tretazicar,曲他齐卡,tretazicarum,trétazicar,tretazicar,
udenafil,乌地那非,udenafilum,udenafil,udenafilo,
valategrast,伐拉司特,valategrastum,valatégrast,valategrast,
valopicitabine,伐洛他滨,valopicitabinum,valopicitabine,valopicitabina,
volociximab,伏洛昔单抗,volociximabum,volociximab,volociximab,
zabofloxacin,扎波沙星,zabofloxacinum,zabofloxacine,zabofloxacino,
zalutumumab,泽妥尤单抗,zalutumumabum,zalutumumab,zalutumumab,
alcaftadine,阿卡他定,alcaftadinum,alcaftadine,alcaftadina,
amibegron,阿米贝隆,amibegronum,amibégron,amibegrón,
apadenoson,阿帕诺生,apadenosonum,apadénoson,apadenosón,
aplaviroc,阿拉韦罗,aplavirocum,aplaviroc,aplaviroc,
axitinib,阿昔替尼,axitinibum,axitinib,axitinib,
bosutinib,波舒替尼,bosutinibum,bosutinib,bosutinib,
brecanavir,布瑞那韦,brecanavirum,brécanavir,brecanavir,
capeserod,卡培色罗,capeserodum,capésérod,capeserod,
casopitant,卡索匹坦,casopitantum,casopitant,casopitant,
celivarone,塞利伐隆,celivaronum,célivarone,celivarona,
cevoglitazar,塞格列扎,cevoglitazarum,cévoglitazar,cevoglitazar,
darapladib,达拉地,darapladibum,darapladib,darapladib,
dasatinib,达沙替尼,dasatinibum,dasatinib,dasatinib,
denagliptin,地格列汀,denagliptinum,dénagliptine,denagliptina,
diaplasinin,地拉西宁,diaplasininum,diaplasinine,diaplasinina,
dilopetine,地洛培丁,dilopetinum,dilopétine,dilopetina,
disomotide,地索莫肽,disomotidum,disomotide,disomotida,
dutacatib,度他卡替,dutacatibum,dutacatib,dutacatib,
eltrombopag,艾曲泊帕,eltrombopagum,eltrombopag,eltrombopag,
eprodisate,依罗沙特,eprodisatum,éprodisate,eprodisato,
fimasartan,非马沙坦,fimasartanum,fimasartan,fimasartán,
fosaprepitant,福沙匹坦,fosaprepitantum,fosaprépitant,fosaprepitant,
fospropofol,磷丙泊酚,fospropofolum,fospropofol,fospropofol,
goxalapladib,戈沙拉地,goxalapladibum,goxalapladib,goxalapladib,
incyclinide,英环奈德,incyclinidum,incyclinide,inciclinida,
indantadol,茚他多,indantadolum,indantadol,indantadol,
larotaxel,拉罗他赛,larotaxelum,larotaxel,larotaxel,
lisdexamfetamine,利右苯丙胺,lisdexamfetaminum,lisdexamfétamine,lisdexanfetamina,
masilukast,马鲁司特,masilukastum,masilukast,masilukast,
mavacoxib,马伐考昔,mavacoxibum,mavacoxib,mavacoxib,
nilotinib,尼洛替尼,nilotinibum,nilotinib,nilotinib,
obatoclax,奥巴克拉,obatoclaxum,obatoclax,obatoclax,
oglemilast,奥米司特,oglemilastum,oglémilast,oglemilast,
olaparib,奥拉帕利,olaparibum,olaparib,olaparib,
orvepitant,奥维匹坦,orvepitantum,orvépitant,orvepitant,
ovemotide,奥维莫肽,ovemotidum,ovémotide,ovemotida,
ozarelix,奥扎瑞克,ozarelixum,ozarélix,ozarelix,
paquinimod,帕喹莫德,paquinimodum,paquinimod,paquinimod,
parogrelil,帕格雷利,parogrelilum,parogrélil,parogrelilo,
pazopanib,帕唑帕尼,pazopanibum,pazopanib,pazopanib,
relacatib,瑞拉卡替,relacatibum,rélacatib,relacatib,
rilapladib,利拉地,rilapladibum,rilapladib,rilapladib,
rolipoltide,罗利泊肽,rolipoltidum,rolipoltide,rolipoltida,
romidepsin,罗米地新,romidepsinum,romidepsine,romidepsina,
rotigaptide,罗替加肽,rotigaptidum,rotigaptide,rotigaptida,
sapacitabine,沙帕他滨,sapacitabinum,sapacitabine,sapacitabina,
simotaxel,西莫他赛,simotaxelum,simotaxel,simotaxel,
sitagliptin,西格列汀,sitagliptinum,sitagliptine,sitagliptina,
sontuzumab,松妥珠单抗,sontuzumabum,sontuzumab,sontuzumab,
sotirimod,索替莫德,sotirimodum,sotirimod,sotirimod,
tadocizumab,他度西珠单抗,tadocizumabum,tadocizumab,tadocizumab,
talotrexin,他洛曲新,talotrexinum,talotrexine,talotrexina,
telaprevir,替拉瑞韦,telaprevirum,télaprévir,telaprevir,
tiplasinin,替拉西宁,tiplasininum,tiplasinine,tiplasinina,
tramiprosate,曲米沙特,tramiprosatum,tramiprosate,tramiprosato,
velafermin,维拉夫明,velaferminum,vélafermin,velafermina,
vicriviroc,维立韦罗,vicrivirocum,vicriviroc,vicriviroc,
vorinostat,伏林司他,vorinostatum,vorinostat,vorinostat,
zibotentan,齐泊腾坦,zibotentanum,zibotentan,zibotentán,
zotarolimus,唑罗莫司,zotarolimusum,zotarolimus,zotarolimus,
afimoxifene,阿非昔芬,afimoxifenum,afimoxifène,afimoxifeno,
aleglitazar,阿格列扎,aleglitazarum,aléglitazar,aleglitazar,
apilimod,阿吡莫德,apilimodum,apilimod,apilimod,
apricitabine,阿立他滨,apricitabinum,apricitabine,apricitabina,
azilsartan,阿齐沙坦,azilsartanum,azilsartan,azilsartán,
bedoradrine,贝多拉君,bedoradrinum,bédoradrine,bedoradrina,
bremelanotide,布美诺肽,bremelanotidum,brémelanotide,bremelanotida,
camobucol,卡莫布可,camobucolum,camobucol,camobucol,
capadenoson,卡帕诺生,capadenosonum,capadénoson,capadenosón,
catramilast,卡曲司特,catramilastum,catramilast,catramilast,
cediranib,西地尼布,cediranibum,cédiranib,cediranib,
denibulin,德尼布林,denibulinum,dénibuline,denibulina,
dexelvucitabine,右艾夫他滨,dexelvucitabinum,dexelvucitabine,dexelvucitabina,
elacytarabine,艾西拉滨,elacytarabinum,élacytarabine,elacitarabina,
elocalcitol,艾洛骨化醇,elocalcitolum,élocalcitol,elocalcitol,
elsibucol,艾赛布可,elsibucolum,elsibucol,elsibucol,
ferroquine,二茂铁喹,ferroquinum,ferroquine,ferroquina,
gamithromycin,加米霉素,gamithromycinum,gamithromycin,gamitromicina,
ilepatril,艾尔帕曲,ilepatrilum,ilépatril,ilepatrilo,
inakalant,伊那卡兰,inakalantum,inakalant,inakalant,
lapaquistat,拉帕司他,lapaquistatum,lapaquistat,lapaquistat,
levonadifloxacin,左那氟沙星,levonadifloxacinum,lévonadifloxacine,levonadifloxacino,
lificiguat,利非西呱,lificiguatum,lificiguat,lificiguat,
lobeglitazone,洛贝格列酮,lobeglitazonum,lobéglitazone,lobeglitazona,
lorcaserin,氯卡色林,lorcaserinum,lorcasérine,lorcaserina,
mifamurtide,米法莫肽,mifamurtidum,mifamurtide,mifamurtida,
migalastat,米加司他,migalastatum,migalastat,migalastat,
mirodenafil,米罗那非,mirodenafilum,mirodénafil,mirodenafilo,
naproxcinod,萘普西诺,naproxcinodum,naproxcinod,naproxcinod,
omtriptolide,昂曲托来,omtriptolidum,omtriptolide,omtriptolida,
pafuramidine,帕呋拉定,pafuramidinum,pafuramidine,pafuramidina,
pramiconazole,普拉康唑,pramiconazolum,pramiconazole,pramiconazol,
prinaberel,普林贝瑞,prinaberelum,prinabérel,prinaberel,
rosabulin,罗沙布林,rosabulinum,rosabuline,rosabulina,
sagopilone,沙戈匹隆,sagopilonum,sagopilone,sagopilona,
sodelglitazar,索格列扎,sodelglitazarum,sodelglitazar,sodelglitazar,
sofigatran,索非加群,sofigatranum,sofigatran,sofigatrán,
succinobucol,琥珀布可,succinobucolum,succinobucol,succinobucol,
taribavirin,他立韦林,taribavirinum,taribavirine,taribavirina,
tezampanel,替占帕奈,tezampanelum,tézampanel,tezampanel,
ticagrelor,替格瑞洛,ticagrelorum,ticagrélor,ticagrelor,
tigapotide,替加泊肽,tigapotidum,tigapotide,tigapotida,
tipelukast,泰鲁司特,tipelukastum,tipélukast,tipelukast,
tomopenem,托莫培南,tomopenemum,tomopénem,tomopenem,
tylvalosin,泰伐洛星,tylvalosinum,tylvalosine,tilvalosina,
vabicaserin,戊卡色林,vabicaserinum,vabicasérine,vabicaserina,
vapitadine,伐匹他定,vapitadinum,vapitadine,vapitadina,
veliflapon,维夫拉朋,veliflaponum,véliflapon,veliflapón,
volinanserin,氟利色林,volinanserinum,volinansérine,volinanserina,
alogliptin,阿格列汀,alogliptinum,alogliptine,alogliptina,
alvespimycin,阿螺旋霉素,alvespimycinum,alvespimycine,alvespimycine,
amifampridine,二氨吡啶,amifampridinum,amifampridine,amifampridina,
balamapimod,巴拉莫德,balamapimodum,balamapimod,balamapimod,
bevirimat,贝韦立马,bevirimatum,bévirimat,bevirimat,
carisbamate,卡立氨酯,carisbamatum,carisbamate,carisbamato,
cevipabulin,西维布林,cevipabulinum,cévipabuline,cevipabulina,
dalcetrapib,达塞曲匹,dalcetrapibum,dalcétrapib,dalcetrapib,
firategrast,非拉司特,firategrastum,firatégrast,firategrast,
giripladib,吉立拉地,giripladibum,giripladib,giripladib,
imepitoin,伊匹妥英,imepitoinum,imépitoïne,imepitoina,
isavuconazole,艾沙康唑,isavuconazolum,isavuconazole,isavuconazol,
linaclotide,利那洛肽,linaclotidum,linaclotide,linaclotida,
litenimod,利尼莫德,litenimodum,liténimod,litenimod,
masitinib,马赛替尼,masitinibum,masitinib,masitinib,
nemonoxacin,奈诺沙星,nemonoxacinum,némonoxacine,nemonoxacino,
obinepitide,奥尼匹肽,obinepitidum,obinépitide,obinepitida,
ozenoxacin,奥泽沙星,ozenoxacinum,ozénoxacine,ozenoxacino,
padeliporfin,帕利泊芬,padeliporfinum,padéliporfine,padeliporfina,
pamapimod,帕吡莫德,pamapimodum,pamapimod,pamapimod,
panobinostat,帕比司他,panobinostatum,panobinostat,panobinostat,
pardoprunox,帕多芦诺,pardoprunoxum,pardoprunox,pardoprunox,
resatorvid,瑞沙托维,resatorvidum,résatorvid,resatorvid,
rusalatide,芦沙拉肽,rusalatidum,rusalatide,rusalatida,
senicapoc,塞尼卡泊,senicapocum,sénicapoc,senicapoc,
tanespimycin,坦螺旋霉素,tanespimycinum,tanespimycine,tanespimycine,
telatinib,替拉替尼,telatinibum,télatinib,telatinib,
tesamorelin,替莫瑞林,tesamorelinum,tésamoréline,tesamorelina,
vernakalant,维那卡兰,vernakalantum,vernakalant,vernakalant,
votucalis,伏妥卡利,votucalisum,votucalis,votucalis,
anamorelin,阿那瑞林,anamorelinum,anamoréline,anamorelina,
apremilast,阿普米司特,apremilastum,aprémilast,apremilast,
arterolane,青蒿氧烷,arterolanum,artérolane,arterolano,
begacestat,贝加司他,begacestatum,bégacestat,begacestat,
belinostat,贝林司他,belinostatum,bélinostat,belinostat,
boceprevir,波普瑞韦,boceprevirum,bocéprévir,boceprevir,
carfilzomib,卡非佐米,carfilzomibum,carfilzomib,carfilzomib,
cenersen,塞那生,cenersenum,cénersen,cenersén,
cinaciguat,西那西呱,cinaciguatum,cinaciguat,cinaciguat,
dapagliflozin,达格列净,dapagliflozinum,dapagliflozine,dapagliflozina,
delimotecan,德莫替康,delimotecanum,délimotécan,delimotecán,
dovitinib,度维替尼,dovitinibum,dovitinib,dovitinib,
eldecalcitol,艾地骨化醇,eldecalcitolum,eldécalcitol,eldecalcitol,
elvitegravir,艾维雷韦,elvitegravirum,elvitégravir,elvitegravir,
epetirimod,依泰莫德,epetirimodum,épétirimod,epetirimod,
eribulin,艾立布林,eribulinum,éribuline,eribulina,
faxeladol,法塞拉多,faxeladolum,faxéladol,faxeladol,
flovagatran,夫洛加群,flovagatranum,flovagatran,flovagatrán,
golotimod,戈洛莫德,golotimodum,golotimod,golotimod,
laropiprant,拉罗匹仑,laropiprantum,laropiprant,laropiprant,
levamlodipine,左氨氯地平,levamlodipinum,lévamlodipine,levamlodipino,
lonaprisan,洛那立生,lonaprisanum,lonaprisan,lonaprisán,
metenkefalin,美腾法林,metenkefalinum,métenkefaline,metencefalina,
milveterol,米维特罗,milveterolum,milvétérol,milveterol,
motesanib,莫替沙尼,motesanibum,motésanib,motesanib,
nepidermin,奈匹德明,nepiderminum,népidermine,nepidermina,
neratinib,奈拉替尼,neratinibum,nératinib,neratinib,
peretinoin,培维A酸,peretinoinum,pérétinoin,peretinoína,
pexacerfont,培沙舍封,pexacerfontum,pexacerfont,pexacerfont,
pimavanserin,哌马色林,pimavanserinum,pimavansérine,pimavanserina,
piragliatin,吡格列艾汀,piragliatinum,piragliatine,piragliatina,
pomalidomide,泊马度胺,pomalidomidum,pomalidomide,pomalidomida,
posaraprost,泊沙前列素,posaraprostum,posaraprost,posaraprost,
pyronaridine,吡萘啶,pyronaridinum,pyronaridine,pironaridina,
raltegravir,拉替拉韦,raltegravirum,raltégravir,raltegravir,
regrelor,瑞格瑞洛,regrelorum,régrélor,regrelor,
rolapitant,罗拉匹坦,rolapitantum,rolapitant,rolapitant,
ronacaleret,罗那卡瑞,ronacaleretum,ronacaléret,ronacaleret,
ropidoxuridine,罗匹尿苷,ropidoxuridinum,ropidoxuridine,ropidoxuridina,
rosonabant,罗索纳班,rosonabantum,rosonabant,rosonabant,
salirasib,沙利雷塞,salirasibum,salirasib,salirasib,
sotrastaurin,索曲妥林,sotrastaurinum,sotrastaurine,sotrastaurina,
taranabant,他拉纳班,taranabantum,taranabant,taranabant,
tarenflurbil,他氟比尔,tarenflurbilum,tarenflurbil,tarenflurbilo,
terameprocol,特拉罗考,terameprocolum,térameprocol,terameprocol,
totrombopag,托曲波帕,totrombopagum,totrombopag,totrombopag,
trabedersen,曲贝德生,trabedersenum,trabedersen,trabedersén,
trelanserin,曲兰色林,trelanserinum,trélansérine,trelanserina,
tropantiol,曲泮巯,tropantiolum,tropantiol,tropantiol,
voclosporin,伏环孢素,voclosporinum,voclosporine,voclosporina,
adipiplon,阿哌普隆,adipiplonum,adipiplon,adipiplón,
agatolimod,阿托莫德,agatolimodum,agatolimod,agatolimod,
aleplasinin,阿来西宁,aleplasininum,aléplasinine,aleplasinina,
almorexant,阿莫雷生,almorexantum,almorexant,almorexant,
amsilarotene,安拉罗汀,amsilarotenum,amsilarotène,amsilaroteno,
anacetrapib,安塞曲匹,anacetrapibum,anacétrapib,anacetrapib,
bentamapimod,贝马莫德,bentamapimodum,bentamapimod,bentamapimod,
berubicin,贝芦比星,berubicinum,bérubicine,berubicina,
besifloxacin,贝西沙星,besifloxacinum,bésifloxacine,besifloxacina,
betrixaban,贝曲沙班,betrixabanum,bétrixaban,betrixabán,
cabazitaxel,卡巴他赛,cabazitaxelum,cabazitaxel,cabazitaxel,
cariprazine,卡立哌嗪,cariprazinum,cariprazine,cariprazina,
carmegliptin,卡格列汀,carmegliptinum,carmégliptine,carmegliptina,
cobiprostone,考前列酮,cobiprostonum,cobiprostone,cobiprostona,
daporinad,达泊利那,daporinadum,daporinad,daporinad,
darinaparsin,达雷那新,darinaparsinum,darinaparsine,darinaparsina,
dexnebivolol,右奈必洛尔,dexnebivololum,dexnébivolol,dexnebivolol,
emricasan,恩利卡生,emricasanum,emricasan,emricasán,
eribaxaban,艾立沙班,eribaxabanum,éribaxaban,eribaxabán,
ezatiostat,艾泽司他,ezatiostatum,ézatiostat,ezatiostat,
fasobegron,法索贝隆,fasobegronum,fasobégron,fasobegrón,
favipiravir,法维拉韦,favipiravirum,favipiravir,favipiravir,
fermagate,铁镁加,fermagatum,fermagate,fermagato,
flopristin,氟洛普丁,flopristinum,flopristine,flopristina,
folitixorin,福酸林,folitixorinum,folitixorine,folitixorina,
ibodutant,艾波度坦,ibodutantum,ibodutant,ibodutant,
imeglimin,伊格列明,imegliminum,iméglimine,imeglimina,
laromustine,拉罗莫司汀,laromustinum,laromustine,laromustina,
levonebivolol,左奈必洛尔,levonebivololum,lévonébivolol,levonebivolol,
linopristin,利诺普丁,linopristinum,linopristine,linopristina,
mirabegron,米拉贝隆,mirabegronum,mirabégron,mirabegrón,
monepantel,莫奈太尔,monepantelum,monépantel,monepantel,
nelivaptan,奈利伐坦,nelivaptanum,nélivaptan,nelivaptán,
nesbuvir,奈司布韦,nesbuvirum,nesbuvir,nesbuvir,
odanacatib,奥达卡替,odanacatibum,odanacatib,odanacatib,
pegloticase,培戈洛酶,pegloticasum,pègloticase,pegloticasa,
preladenant,普瑞丁奈,preladenantum,préladénant,preladenant,
radiprodil,雷拉地尔,radiprodilum,radiprodil,radiprodil,
retosiban,瑞托西班,retosibanum,rétosiban,retosibán,
riociguat,利奥西呱,riociguatum,riociguat,riociguat,
rolofylline,罗咯茶碱,rolofyllinum,rolofylline,rolofyllina,
tertomotide,特托莫肽,tertomotidum,tertomotide,tertomotida,
viquidacin,维喹达星,viquidacinum,viquidacine,viquidacina,
aderbasib,艾德贝塞,aderbasibum,aderbasib,aderbasib,
adoprazine,阿度哌嗪,adoprazinum,adoprazine,adoprazina,
apricoxib,阿利考昔,apricoxibum,apricoxib,apricoxib,
bafetinib,巴氟替尼,bafetinibum,bafétinib,bafetinib,
bederocin,贝德罗星,bederocinum,bédérocine,bederocina,
befiradol,贝非拉多,befiradolum,béfiradol,befiradol,
bevasiranib,贝伐拉尼,bevasiranibum,bévasiranib,bevasiranib,
custirsen,卡司特生,custirsenum,custirsen,custirsén,
danusertib,达那色替,danusertibum,danusertib,danusertib,
demiditraz,德咪曲士,demiditrazum,démiditraz,demiditraz,
denenicokin,德尼白介素,denenicokinum,dénénicokine,denenicokina,
derquantel,德奎太尔,derquantelum,derquantel,derquantel,
disitertide,地司特肽,disitertidum,disitertide,disitertida,
drinabant,德立纳班,drinabantum,drinabant,drinabant,
dulanermin,度拉奈明,dulanerminum,dulanermine,dulanermina,
edoxaban,艾多沙班,edoxabanum,édoxaban,edoxabán,
elagolix,艾拉戈克,elagolixum,élagolix,elagolix,
elesclomol,伊来司莫,elesclomolum,élesclomol,elesclomol,
entinostat,恩替司他,entinostatum,entinostat,entinostat,
eprotirome,伊泊替罗,eprotiromum,éprotirome,eprotiromo,
esreboxetine,埃巴西汀,esreboxetinum,esréboxétine,esreboxetina,
ibipinabant,伊匹纳班,ibipinabantum,ibipinabant,ibipinabant,
lancovutide,兰可夫肽,lancovutidum,lancovutide,lancovutida,
larazotide,拉雷佐肽,larazotidum,larazotide,larazotida,
lensiprazine,来司哌嗪,lensiprazinum,lensiprazine,lensiprazina,
levomilnacipran,左米那普仑,levomilnacipranum,lévomilnacipran,levomilnaciprán,
linagliptin,利格列汀,linagliptinum,linagliptine,linagliptina,
lixisenatide,利司那肽,lixisenatidum,lixisénatide,lixisenatida,
macitentan,马昔腾坦,macitentanum,macitentan,macitentan,
melogliptin,美格列汀,melogliptinum,mélogliptine,melogliptina,
mimopezil,米莫哌齐,mimopezilum,mimopézil,mimopezil,
mipomersen,米泊美生,mipomersenum,mipomersen,mipomersén,
olesoxime,奥索来肟,olesoximum,olésoxime,olesoxima,
ombrabulin,奥拉布林,ombrabulinum,ombrabuline,ombrabulina,
otenabant,奥太纳班,otenabantum,oténabant,otenabant,
palifosfamide,帕磷酰胺,palifosfamidum,palifosfamide,palifosfamida,
palovarotene,帕拉罗汀,palovarotenum,palovarotène,palovarotena,
radezolid,雷德唑胺,radezolidum,radézolid,radezolid,
retaspimycin,瑞螺旋霉素,retaspimycinum,rétaspimycine,retaspimicina,
saracatinib,沙拉替尼,saracatinibum,saracatinib,saracatinib,
semagacestat,塞美司他,semagacestatum,sémagacestat,semagacestat,
sivifene,西维芬,sivifenum,sivifène,sivifeno,
talarozole,他拉罗唑,talarozolum,talarozole,talarozol,
talmapimod,他美莫德,talmapimodum,talmapimod,talmapimod,
tasimelteon,他美替安,tasimelteonum,tasimeltéon,tasimelteón,
tasisulam,他司磺胺,tasisulamum,tasisulam,tasisulam,
taspoglutide,他泊鲁肽,taspoglutidum,taspoglutide,taspoglutida,
tecovirimat,替韦立马,tecovirimatum,técovirimat,tecovirimat,
teneligliptin,替格列汀,teneligliptinum,ténéligliptine,teneligliptina,
tildipirosin,替匹罗星,tildipirosinum,tildipirosine,tildipirosina,
tosedostat,托多司他,tosedostatum,tosédostat,tosedostat,
vadimezan,伐地美生,vadimezanum,vadimézan,vadimezán,
velneperit,维奈哌利,velneperitum,velnépérit,velneperit,
adarotene,阿达罗汀,adarotenum,adarotène,adaroteno,
afamelanotide,阿法诺肽,afamelanotidum,afamélanotide,afamelanotida,
alisporivir,阿拉泊韦,alisporivirum,alisporivir,alisporivir,
amenamevir,阿莫奈韦,amenamevirum,aménamévir,amenamevir,
atigliflozin,阿格列净,atigliflozinum,atigliflozine,atigliflozina,
balapiravir,巴拉匹韦,balapiravirum,balapiravir,balapiravir,
beloranib,贝洛拉尼,beloranibum,béloranib,beloranib,
blinatumomab,贝林妥欧单抗,blinatumomabum,blinatumomab,blinatumomab,
canosimibe,卡诺麦布,canosimibum,canosimibe,canosimiba,
cixutumumab,西妥尤单抗,cixutumumabum,cixutumumab,cixutumumab,
coleneuramide,可来奈胺,coleneuramidum,coléneuramide,coleneuramida,
cositecan,可司替康,cositecanum,cositécan,cositecán,
cutamesine,库他美新,cutamesinum,cutamésine,cutamesina,
davunetide,达夫奈肽,davunetidum,davunétide,davunetida,
delafloxacin,德拉沙星,delafloxacinum,délafloxacine,delafloxacino,
dirucotide,地瑞考肽,dirucotidum,dirucotide,dirucotida,
dutogliptin,度格列汀,dutogliptinum,dutogliptine,dutogliptina,
elotuzumab,依洛珠单抗,elotuzumabum,elotuzumab,elotuzumab,
farletuzumab,法利珠单抗,farletuzumabum,farletuzumab,farletuzumab,
fidaxomicin,非达米星,fidaxomicinum,fidaxomicine,fidaxomicina,
figitumumab,芬妥尤单抗,figitumumabum,figitumumab,figitumumab,
fosbretabulin,福他布林,fosbretabulinum,fosbrétabuline,fosbretabulina,
fostamatinib,福他替尼,fostamatinibum,fostamatinib,fostamatinib,
indeglitazar,英格列扎,indeglitazarum,indéglitazar,indeglitazar,
laninamivir,拉尼米韦,laninamivirum,laninamivir,laninamivir,
lesogaberan,氟膦丙胺,lesogaberanum,lésogabéran,lesogaberán,
limiglidole,林格列哚,limiglidolum,limiglidole,limiglidol,
lotilibcin,洛替利星,lotilibcinum,lotilibcine,lotilibcina,
macimorelin,马昔瑞林,macimorelinum,macimoréline,macimorelina,
namitecan,那米替康,namitecanum,namitécan,namitecán,
necitumumab,奈妥尤单抗,necitumumabum,necitumumab,necitumumab,
panobacumab,帕巴西尤单抗,panobacumabum,panobacumab,panobacumab,
pozanicline,帕扎克兰,pozaniclinum,pozanicline,pozaniclina,
ramucirumab,雷莫西尤单抗,ramucirumabum,ramucirumab,ramucirumab,
regorafenib,瑞戈非尼,regorafenibum,régorafénib,regorafenib,
robatumumab,罗妥尤单抗,robatumumabum,robatumumab,robatumumab,
racotumomab,雷妥欧单抗,racotumomabum,racotumomab,racotumomab,
selumetinib,司美替尼,selumetinibum,sélumétinib,selumetinib,
serlopitant,司洛匹坦,serlopitantum,serlopitant,serlopitant,
siltuximab,司妥昔单抗,siltuximabum,siltuximab,siltuximab,
sobetirome,苏比替罗,sobetiromum,sobétirome,sobetiroma,
sofinicline,苏非克兰,sofiniclinum,sofinicline,sofiniclina,
solanezumab,苏兰奈珠单抗,solanezumabum,solanezumab,solanezumab,
tarafenacin,他利那新,tarafenacinum,tarafénacine,tarafenacina,
telcagepant,替卡吉泮,telcagepantum,telcagépant,telcagepant,
tilivapram,替伐普兰,tilivapramum,tilivapram,tilivapram,
toceranib,托西尼布,toceranibum,tocéranib,toceranib,
tozasertib,托泽色替,tozasertibum,tozasertib,tozasertib,
vedolizumab,维得利珠单抗,vedolizumabum,védolizumab,vedolizumab,
zicronapine,齐洛那平,zicronapinum,zicronapine,zicronapina,
afacifenacin,阿法那新,afacifenacinum,afacifénacine,afacifenacina,
afegostat,阿戈司他,afegostatum,afégostat,afegostat,
aganirsen,阿加尼生,aganirsenum,aganirsen,aganirsén,
arhalofenate,阿洛芬酯,arhalofenatum,arhalofénate,arhalofenato,
ataluren,阿他卢仑,atalurenum,ataluren,atalureno,
atiratecan,阿利替康,atiratecanum,atiratécan,atiratecán,
bardoxolone,巴多索隆,bardoxolonum,bardoxolone,bardoxolona,
beclanorsen,贝拉诺生,beclanorsenum,béclanorsen,beclanorsén,
bixalomer,比沙洛姆,bixalomerum,bixalomère,bixalómero,
briakinumab,布雷奇尤单抗,briakinumabum,briakinumab,briakinumab,
budiodarone,布碘酮,budiodaronum,budiodarone,budiodarona,
burapitant,布拉匹坦,burapitantum,burapitant,burapitant,
danegaptide,达奈加肽,danegaptidum,danégaptide,danegaptida,
daratumumab,达雷妥尤单抗,daratumumabum,daratumumab,daratumumab,
davalintide,达伐林肽,davalintidum,davalintide,davalintida,
elinogrel,依利格雷,elinogrelum,élinogrel,elinogrel,
elisidepsin,依利地新,elisidepsinum,élisidepsine,elisidepsina,
elpetrigine,艾培三嗪,elpetriginum,elpétrigine,elpetrigina,
etamicastat,依米司他,etamicastatum,étamicastat,etamicastat,
evatanepag,依凡坦帕,evatanepagum,évatanépag,evatanepag,
fezakinumab,弗泽奇尤单抗,fezakinumabum,fézakinumab,fezakinumab,
filibuvir,非利布韦,filibuvirum,filibuvir,filibuvir,
fonturacetam,芳妥西坦,fonturacetamum,fonturacétam,fonturacetam,
fresolimumab,瑞索利尤单抗,fresolimumabum,frésolimumab,fresolimumab,
girentuximab,吉妥昔单抗,girentuximabum,girentuximab,girentuximab,
gisadenafil,吉沙那非,gisadenafilum,gisadénafil,gisadenafilo,
givinostat,吉维司他,givinostatum,givinostat,givinostat,
gosogliptin,戈格列汀,gosogliptinum,gosogliptine,gosogliptina,
imagabalin,胺甲辛酸,imagabalinum,imagabaline,imagabalina,
imetelstat,伊美司他,imetelstatum,imételstat,imetelstat,
intetumumab,英妥尤单抗,intetumumabum,intétumumab,intetumumab,
lagociclovir,拉昔洛韦,lagociclovirum,lagociclovir,lagociclovir,
lebrikizumab,来瑞奇珠单抗,lebrikizumabum,lébrikizumab,lebrikizumab,
lersivirine,来司韦林,lersivirinum,lersivirine,lersivirina,
levomequitazine,左美喹他嗪,levomequitazinum,lévoméquitazine,levomequitazina,
litronesib,利曲尼塞,litronesibum,litronésib,litronesib,
lomitapide,洛美他派,lomitapidum,lomitapide,lomitapida,
losmapimod,洛吡莫德,losmapimodum,losmapimod,losmapimod,
miravirsen,米拉韦生,miravirsenum,miravirsen,miravirsén,
mocetinostat,莫西司他,mocetinostatum,mocétinostat,mocetinostat,
modithromycin,莫红霉素,modithromycinum,modithromycine,moditromicina,
naluzotan,纳鲁佐坦,naluzotanum,naluzotan,naluzotán,
nelotanserin,奈坦色林,nelotanserinum,nélotansérine,nelotanserina,
ocriplasmin,奥克纤溶酶,ocriplasminum,ocriplasmine,ocriplasmina,
olodaterol,奥达特罗,olodaterolum,olodatérol,olodaterol,
razupenem,雷珠培南,razupenemum,razupénem,razupenem,
rilotumumab,利洛妥尤单抗,rilotumumabum,rilotumumab,rilotumumab,
rontalizumab,罗利珠单抗,rontalizumabum,rontalizumab,rontalizumab,
semaglutide,司美格鲁肽,semaglutidum,sémaglutide,semaglutida,
serdemetan,色德美坦,serdemetanum,serdémétan,serdemetán,
setileuton,司替鲁彤,setileutonum,sétileuton,setileutón,
sifalimumab,西法利尤单抗,sifalimumabum,sifalimumab,sifalimumab,
sonedenoson,索地诺生,sonedenosonum,sonédénoson,sonedenosón,
tafamidis,氯苯唑酸,tafamidisum,tafamidis,tafamidis,
tecarfarin,替卡法林,tecarfarinum,técarfarine,tecarfarina,
teprotumumab,替妥尤单抗,teprotumumabum,téprotumumab,teprotumumab,
velusetrag,维司曲格,velusetragum,vélusétrag,velusetrag,
zaurategrast,札雷司特,zaurategrastum,zauratégrast,zaurategrast,
afatinib,马来酸阿法替尼,afatinibum,afatinib,afatinib,
atagabalin,阿加巴林,atagabalinum,atagabaline,atagabalina,
barasertib,巴拉色替,barasertibum,barasertib,barasertib,
benralizumab,卡比曲西,benralizumabum,benralizumab,benralizumab,
cabiotraxetan,卡比奥坦,cabiotraxetanum,cabiotraxétan,cabiotraxetán,
canagliflozin,卡格列净,canagliflozinum,canagliflozine,canagliflozina,
carotegrast,卡罗司特,carotegrastum,carotégrast,carotegrast,
condoliase,坎多立酶,condoliasum,condoliase,condoliasa,
dalotuzumab,达罗妥珠单抗,dalotuzumabum,dalotuzumab,dalotuzumab,
danoprevir,达诺瑞韦,danoprevirum,danoprévir,danoprevir,
derenofylline,地瑞茶碱,derenofyllinum,dérénofylline,derenofilina,
dilmapimod,地尔莫德,dilmapimodum,dilmapimod,dilmapimod,
dinaciclib,地那西利,dinaciclibum,dinaciclib,dinaciclib,
dipraglurant,地派谷兰,dipraglurantum,dipraglurant,dipraglurant,
duvoglustat,多格司他,duvoglustatum,duvoglustat,duvoglustat,
emicerfont,依咪舍封,emicerfontum,emicerfont,emicerfont,
foretinib,福瑞替尼,foretinibum,forétinib,foretinib,
glembatumumab,格巴妥尤单抗,glembatumumabum,glembatumumab,glembatumumab,
guaraprolose,呱雷罗糖,guaraprolosum,guaraprolose,guaraprolosa,
lasmiditan,拉米地坦,lasmiditanum,lasmiditan,lasmiditán,
latrepirdine,拉曲吡啶,latrepirdinum,latrépirdine,latrepirdina,
linifanib,林法尼布,linifanibum,linifanib,linifanib,
lunacalcipol,鲁那卡泊醇,lunacalcipolum,lunacalcipol,lunacalcipol,
mapracorat,玛普可瑞特,mapracoratum,mapracorat,mapracorat,
marizomib,马利佐米,marizomibum,marizomib,marizomib,
mavrilimumab,玛利尤单抗,mavrilimumabum,mavrilimumab,mavrilimumab,
narlaprevir,那拉瑞韦,narlaprevirum,narlaprévir,narlaprevir,
omadacycline,奥马环素,omadacyclinum,omadacycline,O,
plinabulin,普那布林,plinabulinum,plinabuline,plinabulina,
pridopidine,磺丙吡啶,pridopidinum,pridopidine,pridopidina,
raseglurant,拉司谷兰,raseglurantum,raséglurant,raseglurant,
resminostat,瑞诺司他,resminostatum,resminostat,resminostat,
revamilast,瑞米司特,revamilastum,révamilast,revamilast,
rintatolimod,林托莫德,rintatolimodum,rintatolimod,rintatolimod,
secukinumab,司库奇尤单抗,secukinumabum,sécukinumab,secukinumab,
selexipag,司来帕格,selexipagum,sélexipag,selexipag,
sotatercept,索特西普,sotaterceptum,sotatercept,sotatercept,
suvizumab,舒韦珠单抗,suvizumabum,suvizumab,suvizumab,
tenifatecan,特尼替康,tenifatecanum,ténifatécan,tenifatecán,
tideglusib,替徳格塞,tideglusibum,tidéglusib,tideglusib,
tivozanib,替伏扎尼,tivozanibum,tivozanib,tivozanib,
tonapofylline,托那茶碱,tonapofyllinum,tonapofylline,tonapofilina,
topiroxostat,托吡司特,topiroxostatum,topiroxostat,topiroxostat,
tralokinumab,曲罗奇尤单抗,tralokinumabum,tralokinumab,tralokinumab,
varlitinib,伐利替尼,varlitinibum,varlitinib,varlitinib,
veliparib,维立帕利,veliparibum,véliparib,veliparib,
verucerfont,维芦舍封,verucerfontum,vérucerfont,verucerfont,
volasertib,伏拉色替,volasertibum,volasertib,volasertib,
zoleprodolol,唑利洛尔,zoleprodololum,zoléprodolol,zoleprodolol,
amuvatinib,阿莫替尼,amuvatinibum,amuvatinib,amuvatinib,
anagliptin,阿拉格列汀,anagliptinum,anagliptine,anagliptina,
atecegatran,阿替加群,atecegatranum,atécégatran,atecegatrán,
avibactam,阿维巴坦,avibactamum,avibactam,avibactam,
bavisant,巴夫艾生,bavisantum,bavisant,bavisant,
bedaquiline,富马酸贝达喹啉,bedaquilinum,bédaquiline,bedaquilina,
cenicriviroc,西尼韦罗,cenicrivirocum,cénicriviroc,cenicriviroc,
cobicistat,考比司他,cobicistatum,cobicistat,cobicistat,
crizotinib,克唑替尼,crizotinibum,crizotinib,crizotinib,
dacomitinib,达可替尼,dacomitinibum,dacomitinib,dacomitinib,
dexpramipexole,右普拉克索,dexpramipexolum,dexpramipexole,dexpramipexol,
drozitumab,卓齐妥单抗,drozitumabum,drozitumab,drozitumab,
dulaglutide,度拉糖肽,dulaglutidum,dulaglutide,dulaglutida,
eliglustat,艾格司他,eliglustatum,éliglustat,eliglustat,
elpamotide,埃帕莫肽,elpamotidum,elpamotide,elpamotida,
ensituximab,恩司妥昔单抗,ensituximabum,ensituximab,ensituximab,
eteplirsen,依普勒森,eteplirsenum,étéplirsen,eteplirsén,
fedovapagon,非度帕戈,fedovapagonum,fédovapagon,fedovapagón,
foralumab,福雷利尤单抗,foralumabum,foralumab,foralumab,
fosdevirine,福德韦林,fosdevirinum,fosdévirine,fosdevirina,
ganitumab,加尼妥尤单抗,ganitumabum,ganitumab,ganitumab,
gataparsen,加他帕生,gataparsenum,gataparsen,gataparsén,
gemigliptin,吉米格列汀,gemigliptinum,gémigliptine,gemigliptina,
iniparib,伊尼帕利,iniparibum,iniparib,iniparib,
ioforminol,碘福醇,ioforminolum,ioforminol,ioforminol,
ipragliflozin,伊格列净,ipragliflozinum,ipragliflozine,ipragliflozina,
itolizumab,依特利珠单抗,itolizumabum,itolizumab,itolizumab,
maraciclatide,马环拉肽,maraciclatidum,maraciclatide,maraciclatida,
mibampator,米班帕托,mibampatorum,mibampator,mibampator,
navitoclax,那维克拉,navitoclaxum,navitoclax,navitoclax,
olaratumab,奥拉妥单抗,olaratumabum,olaratumab,olaratumab,
olokizumab,奥洛奇珠单抗,olokizumabum,olokizumab,olokizumab,
orantinib,奥仑替尼,orantinibum,orantinib,orantinib,
oxelumab,奥西利尤单抗,oxelumabum,oxélumab,oxelumab,
pegdinetanib,培地他尼,pegdinetanibum,pegdinétanib,pegdinetanib,
peginesatide,培吉沙肽,peginesatidum,péginésatide,peginesatida,
ponesimod,泊沙莫德,ponesimodum,ponésimod,ponesimod,
rezatomidine,瑞扎咪定,rezatomidinum,rézatomidine,rezatomidina,
roledumab,洛来尤单抗,roledumabum,rolédumab,roledumab,
ruxolitinib,芦可替尼,ruxolitinibum,ruxolitinib,ruxolitinib,
samalizumab,沙马利珠单抗,samalizumabum,samalizumab,samalizumab,
silmitasertib,西米色替,silmitasertibum,silmitasertib,silmitasertib,
simenepag,西美帕格,simenepagum,siménépag,simenepag,
taprenepag,他瑞帕格,taprenepagum,taprénépag,taprenepag,
tedalinab,替达利纳,tedalinabum,tédalinab,tedalinab,
tegobuvir,替戈布韦,tegobuvirum,tégobuvir,tegobuvir,
telapristone,替拉司酮,telapristonum,télapristone,telapristona,
temanogrel,替马格雷,temanogrelum,témanogrel,temanogrel,
tiprelestat,替来司他,tiprelestatum,tiprélestat,tiprelestat,
tivantinib,特凡替尼,tivantinibum,tivantinib,tivantinib,
tofogliflozin,托格列净,tofogliflozinum,tofogliflozine,tofogliflozina,
ulimorelin,尤利瑞林,ulimorelinum,ulimoréline,ulimorelina,
umifenovir,尤米诺韦,umifenovirum,umifénovir,umifenovir,
umirolimus,乌罗莫司,umirolimusum,umirolimus,umirolimús,
vaniprevir,伐尼瑞韦,vaniprevirum,vaniprévir,vaniprevir,
vemurafenib,维莫非尼,vemurafenibum,vémurafénib,vemurafenib,
verubulin,维芦布林,verubulinum,vérubuline,verubulina,
vidofludimus,维多莫司,vidofludimusum,vidofludimus,vidofludimús,
vilanterol,维兰特罗,vilanterolum,vilantérol,vilanterol,
vipadenant,维帕地奈,vipadenantum,vipadénant,vipadenant,
vismodegib,维莫德吉,vismodegibum,vismodégib,vismodegib,
vorapaxar,硫酸沃拉帕沙,vorapaxarum,vorapaxar,vorapaxar,
abediterol,阿贝特罗,abediterolum,abéditérol,abediterol,
aganepag,阿加帕格,aganepagum,aganépag,aganepag,
alisertib,阿利色替,alisertibum,alisertib,alisertib,
alvelestat,阿维司他,alvelestatum,alvélestat,alvelestat,
amatuximab,阿麦妥昔单抗,amatuximabum,amatuximab,amatuximab,
arbaclofen,阿巴氯芬,arbaclofenum,arbaclofène,arbaclofeno,
atinumab,阿替奈尤单抗,atinumabum,atinumab,atinumab,
atopaxar,阿托帕沙,atopaxarum,atopaxar,atopaxar,
avagacestat,阿加司他,avagacestatum,avagacestat,avagacestat,
bisegliptin,贝格列汀,bisegliptinum,biségliptine,bisegliptina,
burixafor,布利沙福,burixaforum,burixafor,burixafor,
cadazolid,卡达唑利德,cadazolidum,cadazolid,cadazolid,
carlumab,卡利尤单抗,carlumabum,carlumab,carlumab,
cenisertib,塞尼色替,cenisertibum,cénisertib,cenisertib,
crolibulin,克罗布林,crolibulinum,crolibuline,crolibulina,
delamanid,德拉马尼,delamanidum,délamanid,delamanid,
edivoxetine,艾地西汀,edivoxetinum,édivoxétine,edivoxetina,
efinaconazole,艾非康唑,efinaconazolum,éfinaconazole,efinaconazol,
elobixibat,依洛昔巴特,elobixibatum,élobixibat,elobixibat,
elsiglutide,艾西糖肽,elsiglutidum,elsiglutide,elsiglutida,
empagliflozin,恩格列净,empagliflozinum,empagliflozine,empagliflozina,
enavatuzumab,依那妥珠单抗,enavatuzumabum,énavatuzumab,enavatuzumab,
enokizumab,恩诺奇珠单抗,enokizumabum,énokizumab,enokizumab,
erteberel,厄替贝瑞,erteberelum,ertébérel,erteberel,
etrolizumab,依曲利珠单抗,etrolizumabum,étrolizumab,etrolizumab,
forigerimod,福瑞莫德,forigerimodum,forigérimod,forigerimod,
fulranumab,福拉奈尤单抗,fulranumabum,fulranumab,fulranumab,
gaxilose,乳木糖,gaxilosum,gaxilose,gaxilosa,
gevokizumab,吉沃奇珠单抗,gevokizumabum,gévokizumab,gevokizumab,
granotapide,格拉他派,granotapidum,granotapide,granotapida,
icrucumab,艾芦西尤单抗,icrucumabum,icrucumab,icrucumab,
irosustat,艾芦司他,irosustatum,irosustat,irosustat,
ivacaftor,艾伐卡托,ivacaftorum,ivacaftor,ivacaftor,
ixazomib,伊沙佐米,ixazomibum,ixazomib,ixazomib,
lenvatinib,仑伐替尼,lenvatinibum,lenvatinib,lenvatinib,
letaxaban,来他沙班,letaxabanum,létaxaban,letaxabán,
letermovir,来特莫韦,letermovirum,létermovir,letermovir,
levoglucose,左旋葡萄糖,levoglucosum,lévoglucose,levoglucosa,
linsitinib,林西替尼,linsitinibum,linsitinib,linsitinib,
luseogliflozin,芦格列净,luseogliflozinum,luséogliflozine,luseogliflozina,
lusutrombopag,芦曲泊帕,lusutrombopagum,lusutrombopag,lusutrombopag,
mavoglurant,马伏谷兰,mavoglurantum,mavoglurant,mavoglurant,
mericitabine,美西他滨,mericitabinum,méricitabine,mericitabina,
mogamulizumab,莫格利珠单抗,mogamulizumabum,mogamulizumab,mogamulizumab,
namilumab,那美利尤单抗,namilumabum,namilumab,namilumab,
naronapride,那罗必利,naronapridum,naronapride,naronaprida,
onartuzumab,奥那妥珠单抗,onartuzumabum,onartuzumab,onartuzumab,
ordopidine,奥度哌啶,ordopidinum,ordopidine,ordopidina,
orteronel,奥特罗奈,orteronelum,ortéronel,orteronel,
pacritinib,帕瑞替尼,pacritinibum,pacritinib,pacritinib,
plecanatide,普卡那肽,plecanatidum,plécanatide,plecanatida,
ponatinib,泊那替尼,ponatinibum,ponatinib,ponatinib,
ponezumab,泊奈珠单抗,ponezumabum,ponezumab,ponezumab,
pracinostat,普雷司他,pracinostatum,pracinostat,pracinostat,
quizartinib,奎扎替尼,quizartinibum,quizartinib,quizartinib,
radotinib,雷度替尼,radotinibum,radotinib,radotinib,
radretumab,雷曲妥尤单抗,radretumabum,radrétumab,radretumab,
selurampanel,司芦帕奈,selurampanelum,sélurampanel,selurampanel,
seridopidine,赛度哌啶,seridopidinum,séridopidine,seridopidina,
setipiprant,塞替匹仑,setipiprantum,sétipiprant,setipiprant,
solithromycin,索利霉素,solithromycinum,solithromycine,solitromicina,
telotristat,替洛司他,telotristatum,télotristat,telotristat,
tregalizumab,曲利珠单抗,tregalizumabum,trégalizumab,tregalizumab,
ublituximab,乌妥昔单抗,ublituximabum,ublituximab,ublituximab,
urelumab,乌瑞利尤单抗,urelumabum,urélumab,urelumab,
usistapide,乌西他派,usistapidum,usistapide,usistapida,
vesencumab,维森西尤单抗,vesencumabum,vésencumab,vesencumab,
vidupiprant,维度匹仑,vidupiprantum,vidupiprant,vidupiprant,
abexinostat,阿贝司他,abexinostatum,abexinostat,abexinostat,
amilomotide,阿米莫肽,amilomotidum,amilomotide,amilomotida,
anivamersen,阿尼美生,anivamersenum,anivamersen,anivamersén,
asunaprevir,阿舒瑞韦,asunaprevirum,asunaprévir,asunaprevir,
besifovir,贝西福韦,besifovirum,bésifovir,besifovir,
blosozumab,布索珠单抗,blosozumabum,blosozumab,blosozumab,
brodalumab,布罗利尤单抗,brodalumabum,brodalumab,brodalumab,
cabozantinib,卡波替尼,cabozantinibum,cabozantinib,cabozantinib,
ceftolozane,头孢洛生,ceftolozanum,ceftolozane,ceftolozano,
cenderitide,生德利肽,cenderitidum,cendéritide,cenderitida,
conbercept,康柏西普,conberceptum,conbercept,conbercept,
crenezumab,克瑞奈珠单抗,crenezumabum,crénezumab,crenezumab,
crenolanib,克拉尼布,crenolanibum,crénolanib,crenolanib,
dabrafenib,达拉非尼,dabrafenibum,dabrafénib,dabrafenib,
daclatasvir,达拉他韦,daclatasvirum,daclatasvir,daclatasvir,
dalantercept,达兰西普,dalanterceptum,dalantercept,dalantercept,
dasolampanel,达兰帕奈,dasolampanelum,dasolampanel,dasolampanel,
delanzomib,德兰佐米,delanzomibum,délanzomib,delanzomib,
delcasertib,德卡色替,delcasertibum,delcasertib,delcasertib,
dolutegravir,多替拉韦,dolutegravirum,dolutégravir,dolutegravir,
encaleret,恩卡瑞,encaleretum,encaléret,encaleret,
epelsiban,依派西班,epelsibanum,épelsiban,epelsibán,
etoxybamide,依司米特,etoxybamidum,étoxybamide,etoxibamida,
evacetrapib,依塞曲匹,evacetrapibum,évacétrapib,evacetrapib,
facinicline,法欣克兰,faciniclinum,facinicline,faciniclina,
fiboflapon,非夫拉朋,fiboflaponum,fiboflapon,fiboflapón,
ficlatuzumab,非拉妥珠单抗,ficlatuzumabum,ficlatuzumab,ficlatuzumab,
galeterone,加来特龙,galeteronum,galétérone,galeterona,
ganetespib,加特司匹,ganetespibum,ganétespib,ganetespib,
irdabisant,伊达吡生,irdabisantum,irdabisant,irdabisant,
ixekizumab,依奇珠单抗,ixekizumabum,ixékizumab,ixekizumab,
ladarixin,拉达立辛,ladarixinum,ladarixine,ladarixina,
lenomorelin,来诺瑞林,lenomorelinum,lénomoréline,lenomorelina,
lesinurad,来司诺雷,lesinuradum,lésinurad,lesinurad,
lexibulin,来西布林,lexibulinum,lexibuline,lexibulina,
lipegfilgrastim,利培非格司亭,lipegfilgrastimum,lipegfilgrastim,lipegfilgrastim,
lorediplon,罗利普隆,lorediplonum,lorédiplon,lorediplón,
lumacaftor,芦马卡托,lumacaftorum,lumacaftor,lumacaftor,
lurbinectedin,芦比替定,lurbinectedinum,lurbinectédine,lurbinectedina,
milciclib,嘧西利,milciclibum,milciclib,milciclib,
naldemedine,纳地美定,naldemedinum,naldémédine,naldemedina,
naloxegol,纳洛醇醚,naloxegolum,naloxégol,naloxegol,
narnatumab,纳奈妥单抗,narnatumabum,narnatumab,narnatumab,
navarixin,那伐立辛,navarixinum,navarixine,navarixina,
nelociguat,奈洛西呱,nelociguatum,nélociguat,nelociguat,
nivocasan,尼氟卡生,nivocasanum,nivocasan,nivocasán,
oclacitinib,奥拉替尼,oclacitinibum,oclacitinib,oclacitinib,
olcorolimus,奥罗莫司,olcorolimusum,olcorolimus,olcorolimús,
ozoralizumab,奥利珠单抗,ozoralizumabum,ozoralizumab,ozoralizumab,
pateclizumab,帕特利珠单抗,pateclizumabum,patéclizumab,pateclizumab,
pegnivacogin,培尼伐可近,pegnivacoginum,pégnivacogin,pegnivacogina,
pimasertib,派吗色替,pimasertibum,pimasertib,pimasertib,
recoflavone,瑞可黄酮,recoflavonum,récoflavone,recoflavona,
rucaparib,芦卡帕利,rucaparibum,rucaparib,rucaparib,
safotibant,沙替班特,safotibantum,safotibant,safotibant,
selepressin,塞立加压素,selepressinum,sélépressine,selepresina,
serelaxin,塞松弛素,serelaxinum,sérélaxine,serelaxina,
simeprevir,西美瑞韦,simeprevirum,siméprévir,simeprevir,
siponimod,西尼莫德,siponimodum,siponimod,siponimod,
sirukumab,西鲁奇尤单抗,sirukumabum,sirukumab,sirukumab,
sprifermin,司瑞夫明,spriferminum,sprifermine,esprifermina,
tabalumab,他贝利尤单抗,tabalumabum,tabalumab,tabalumab,
tefinostat,特诺司他,tefinostatum,téfinostat,tefinostat,
trametinib,曲莫替尼,trametinibum,tramétinib,trametinib,
upamostat,乌帕司他,upamostatum,upamostat,upamostat,
vatelizumab,伐利珠单抗,vatelizumabum,vatélizumab,vatelizumab,
amitifadine,阿米发定,amitifadinum,amitifadine,amitifadina,
bamosiran,巴莫司瑞,bamosiranum,bamosiran,bamosirán,
brexpiprazole,布瑞哌唑,brexpiprazolum,brexpiprazole,brexpiprazol,
buparlisib,布帕利塞,buparlisibum,buparlisib,buparlisib,
camicinal,卡米西那,camicinalum,camicinal,camicinal,
caplacizumab,卡拉西珠单抗,caplacizumabum,caplacizumab,caplacizumab,
cerlapirdine,舍拉匹定,cerlapirdinum,cerlapirdine,cerlapirdina,
dexmecamylamine,右美卡拉明,dexmecamylaminum,dexmécamylamine,dexmecamilamina,
drisapersen,屈沙培生,drisapersenum,drisapersen,drisapersén,
faldaprevir,法达瑞韦,faldaprevirum,faldaprévir,faldaprevir,
flanvotumab,夫仑妥尤单抗,flanvotumabum,flanvotumab,flanvotumab,
inclacumab,英克西尤单抗,inclacumabum,inclacumab,inclacumab,
lucerastat,芦舍司他,lucerastatum,lucérastat,lucerastat,
naltalimide,那他米特,naltalimidum,naltalimide,naltalimida,
niraparib,尼拉帕利,niraparibum,niraparib,niraparib,
ondelopran,昂德洛仑,ondelopranum,ondélopran,ondeloprán,
patritumab,帕曲妥尤单抗,patritumabum,patritumab,patritumab,
plazomicin,普拉米星,plazomicinum,plazomicine,plazomicina,
pradigastat,普拉司他,pradigastatum,pradigastat,pradigastat,
pritelivir,普瑞利韦,pritelivirum,pritélivir,pritelivir,
quilizumab,奎利珠单抗,quilizumabum,quilizumab,quilizumab,
radavirsen,拉达韦生,radavirsenum,radavirsen,radavirsén,
rafigrelide,拉非格雷,rafigrelidum,rafigrélide,rafigrelida,
refametinib,瑞法替尼,refametinibum,réfamétinib,refametinib,
rigosertib,利戈色替,rigosertibum,rigosertib,rigosertib,
romosozumab,罗莫索珠单抗,romosozumabum,romosozumab,romosozumab,
samidorphan,沙米啡烷,samidorphanum,samidorphan,samidorfano,
sapitinib,沙普替尼,sapitinibum,sapitinib,sapitinib,
sarilumab,沙利尤单抗,sarilumabum,sarilumab,sarilumab,
selisistat,司来司他,selisistatum,sélisistat,selisistat,
setrobuvir,色曲布韦,setrobuvirum,sétrobuvir,setrobuvir,
solitomab,索利妥欧单抗,solitomabum,solitomab,solitomab,
sovaprevir,索伐瑞韦,sovaprevirum,sovaprévir,sovaprevir,
sutezolid,舒特唑利德,sutezolidum,sutézolid,sutezolid,
tanzisertib,坦齐色替,tanzisertibum,tanzisertib,tanzisertib,
tavaborole,他伐硼罗,tavaborolum,tavaborole,tavaborol,
tedatioxetine,替达西汀,tedatioxetinum,tédatioxétine,tedatioxetina,
tipiracil,替匹嘧啶,tipiracilum,tipiracil,tipiracilo,
tirasemtiv,泰拉生替,tirasemtivum,tirasemtiv,tirasemtiv,
tozadenant,托扎地南,tozadenantum,tozadénant,tozadenant,
trebananib,曲巴尼布,trebananibum,trébananib,trebananib,
trelagliptin,曲格列汀,trelagliptinum,trélagliptine,trelagliptina,
vapendavir,伐彭达韦,vapendavirum,vapendavir,vapendavir,
vonoprazan,伏诺拉生,vonoprazanum,vonoprazan,vonoprazán,
vortioxetine,伏硫西汀,vortioxetinum,vortioxétine,vortioxetina,
actoxumab,阿卡度尤单抗,actoxumabum,actoxumab,actoxumab,
aladorian,阿拉立安,aladorianum,aladorian,aladorián,
alirocumab,阿利西尤单抗,alirocumabum,alirocumab,alirocumab,
asudemotide,阿舒莫肽,asudemotidum,asudémotide,asudemotida,
avatrombopag,阿伐曲泊帕,avatrombopagum,avatrombopag,avatrombopag,
balugrastim,巴芦格司亭,balugrastimum,balugrastim,balugrastim,
baricitinib,巴瑞替尼,baricitinibum,baricitinib,baricitinib,
bevenopran,贝文诺仑,bevenopranum,bévénopran,bevenoprán,
bezlotoxumab,贝洛度尤单抗,bezlotoxumabum,bezlotoxumab,bezlotoxumab,
birinapant,比瑞那帕,birinapantum,birinapant,birinapant,
blisibimod,布利莫德,blisibimodum,blisibimod,blisibimod,
burlulipase,博卢脂酶,burlulipasum,burlulipase,burlulipasa,
cebranopadol,西博帕多,cebranopadolum,cébranopadol,cebranopadol,
cindunistat,辛度司他,cindunistatum,cindunistat,cindunistat,
clazakizumab,克泽奇珠单抗,clazakizumabum,clazakizumab,clazakizumab,
cobimetinib,可美替尼,cobimetinibum,cobimétinib,cobimetinib,
crisantaspase,克瑞他酶,crisantaspasum,crisantaspase,crisantaspasa,
dactolisib,达托利塞,dactolisibum,dactolisib,dactolisib,
danirixin,达尼立辛,danirixinum,danirixine,danirixina,
demcizumab,德姆西珠单抗,demcizumabum,demcizumab,demcizumab,
elubrixin,依芦立辛,elubrixinum,élubrixine,elubrixina,
empegfilgrastim,恩培非格司亭,empegfilgrastimum,empegfilgrastim,empegfilgrastim,
enobosarm,依诺波沙,enobosarmum,énobosarm,enobosarm,
enoticumab,依诺西尤单抗,enoticumabum,énoticumab,enoticumab,
ensereptide,恩舍瑞肽,ensereptidum,enséreptide,ensereptida,
enzalutamide,恩扎卢胺,enzalutamidum,enzalutamide,enzalutamida,
ertugliflozin,艾托格列净,ertugliflozinum,ertugliflozine,ertugliflozina,
evogliptin,依格列汀,evogliptinum,évogliptine,evogliptina,
fasiglifam,法格列凡,fasiglifamum,fasiglifam,fasiglifam,
fasinumab,法昔奈尤单抗,fasinumabum,fasinumab,fasinumab,
fluralaner,氟雷拉纳,fluralanerum,fluralaner,fluralaner,
futuximab,夫妥昔单抗,futuximabum,futuximab,futuximab,
giminabant,吉米纳班,giminabantum,giminabant,giminabant,
golvatinib,戈伐替尼,golvatinibum,golvatinib,golvatinib,
ibrutinib,伊布替尼,ibrutinibum,ibrutinib,ibrutinib,
idelalisib,伊德利塞,idelalisibum,idélalisib,idelalisib,
imgatuzumab,英戈妥珠单抗,imgatuzumabum,imgatuzumab,imgatuzumab,
lampalizumab,兰帕利珠单抗,lampalizumabum,lampalizumab,lampalizumab,
latromotide,拉曲莫肽,latromotidum,latromotide,latromotida,
lifitegrast,利非司特,lifitegrastum,lifitégrast,lifitegrast,
ligelizumab,莱戈利珠单抗,ligelizumabum,ligélizumab,ligelizumab,
lirilumab,莱瑞利尤单抗,lirilumabum,lirilumab,lirilumab,
lomibuvir,洛米布韦,lomibuvirum,lomibuvir,lomibuvir,
lucitanib,卢他尼布,lucitanibum,lucitanib,lucitanib,
momelotinib,莫美替尼,momelotinibum,momélotinib,momelotinib,
nivolumab,纳武利尤单抗,nivolumabum,nivolumab,nivolumab,
ocaratuzumab,奥卡妥珠单抗,ocaratuzumabum,ocaratuzumab,ocaratuzumab,
omarigliptin,奥格列汀,omarigliptinum,omarigliptine,omarigliptina,
oprozomib,奥泼佐米,oprozomibum,oprozomib,oprozomib,
orticumab,奥替西尤单抗,orticumabum,orticumab,orticumab,
parsatuzumab,帕沙妥珠单抗,parsatuzumabum,parsatuzumab,parsatuzumab,
pefcalcitol,五氟骨化醇,pefcalcitolum,pefcalcitol,pefcalcitol,
perakizumab,贝拉奇珠单抗,perakizumabum,pérakizumab,perakizumab,
placulumab,普库利尤单抗,placulumabum,placulumab,placulumab,
pocapavir,泊卡帕韦,pocapavirum,pocapavir,pocapavir,
pradimotide,普雷莫肽,pradimotidum,pradimotide,pradimotida,
quisinostat,奎诺司他,quisinostatum,quisinostat,quisinostat,
rabusertib,雷布色替,rabusertibum,rabusertib,rabusertib,
relugolix,瑞卢戈利,relugolixum,rélugolix,relugolix,
senrebotase,生瑞波酶,senrebotasum,senrébotase,senrebotasa,
sepranolone,塞帕诺隆,sepranolonum,sépranolone,sepranolona,
simtuzumab,欣妥珠单抗,simtuzumabum,simtuzumab,simtuzumab,
sonolisib,索诺利塞,sonolisibum,sonolisib,sonolisib,
surotomycin,舒罗托霉素,surotomycinum,surotomycine,surotomicina,
tenapanor,替那帕诺,tenapanorum,ténapanor,tenapanor,
trabodenoson,曲博诺生,trabodenosonum,trabodénoson,trabodenosón,
trempamotide,曲帕莫肽,trempamotidum,trempamotide,trempamotida,
trifarotene,曲法罗汀,trifarotenum,trifarotène,trifaroteno,
vercirnon,维西孟,vercirnonum,vercirnon,vercirnón,
vintafolide,长春福肽,vintafolidum,vintafolide,vintafolida,
vorsetuzumab,伏司妥珠单抗,vorsetuzumabum,vorsétuzumab,vorsetuzumab,
afoxolaner,阿福拉纳,afoxolanerum,afoxolaner,afoxolaner,
afuresertib,阿氟色替,afuresertibum,afurésertib,afuresertib,
aldoxorubicin,阿多索比星（阿多柔比星，阿多比星）,aldoxorubicinum,aldoxorubicine,aldoxorubicina,
alectinib,阿来替尼,alectinibum,alectinib,alectinib,
apitolisib,阿哌利塞,apitolisibum,apitolisib,apitolisib,
belnacasan,贝那卡生,belnacasanum,belnacasan,belcanasán,
bimagrumab,比麦古尤单抗,bimagrumabum,bimagrumab,bimagrumab,
brilacidin,布拉菌素,brilacidinum,brilacidine,brilacidina,
concizumab,考恩西珠单抗,concizumabum,concizumab,concizumab,
copanlisib,可泮利塞,copanlisibum,copanlisib,copanlisib,
deferitazole,去铁他唑,deferitazolum,déféritazole,deferitazol,
deleobuvir,德莱布韦,deleobuvirum,déléobuvir,deleobuvir,
delparantag,德帕他格,delparantagum,delparantag,delparantag,
dupilumab,度普利尤单抗,dupilumabum,dupilumab,dupilumab,
dusigitumab,多斯妥尤单抗,dusigitumabum,dusigitumab,dusigitumab,
emixustat,艾米司他,emixustatum,émixustat,emixustat,
entolimod,恩托莫德,entolimodum,entolimod,entolimod,
eravacycline,依拉环素,eravacyclinum,éravacycline,eravaciclina,
evodenoson,依伏诺生,evodenosonum,évodénoson,evodenosón,
evolocumab,依洛尤单抗,evolocumabum,évolocumab,evolocumab,
fedratinib,非屈替尼,fedratinibum,fédratinib,fedratinib,
filgotinib,非戈替尼,filgotinibum,filgotinib,filgotinib,
filorexant,非罗雷生,filorexantum,filorexant,filorexant,
finerenone,非奈利酮,finerenonum,finérénone,finerenona,
gandotinib,更度替尼,gandotinibum,gandotinib,gandotinib,
ilorasertib,伊洛色替,ilorasertibum,ilorasertib,ilorasertib,
ipatasertib,帕他色替,ipatasertibum,ipatasertib,ipatasertib,
lodelcizumab,洛德西珠单抗,lodelcizumabum,lodelcizumab,lodelcizumab,
luminespib,芦米司匹,luminespibum,luminespib,luminespib,
molidustat,莫立司他,molidustatum,molidustat,molidustat,
nesvacumab,那司西尤单抗,nesvacumabum,nesvacumab,nesvacumab,
ompinamer,昂匹纳姆,ompinamerum,ompinamère,ompinámero,
ozanezumab,奥泽奈珠单抗,ozanezumabum,ozanezumab,ozanezumab,
pidilizumab,匹利珠单抗,pidilizumabum,pidilizumab,pidilizumab,
pilaralisib,匹拉利塞,pilaralisibum,pilaralisib,pilaralisib,
piromelatine,匹罗美拉汀,piromelatinum,piromélatine,piromelatina,
poziotinib,泊齐替尼,poziotinibum,poziotinib,poziotinib,
pritoxaximab,瑞度昔单抗,pritoxaximabum,pritoxaximab,pritoxaximab,
ramatercept,瑞马西普,ramaterceptum,ramatercept,ramatercept,
rebastinib,瑞巴替尼,rebastinibum,rébastinib,rebastinib,
recilisib,瑞西利塞,recilisibum,récilisib,recilisib,
revexepride,瑞司必利,revexepridum,révexépride,revexeprida,
roxadustat,罗沙司他,roxadustatum,roxadustat,roxadustat,
saroglitazar,沙罗格列扎,saroglitazarum,saroglitazar,saroglitazar,
seribantumab,赛本妥尤单抗,seribantumabum,séribantumab,seribantumab,
setoxaximab,斯度昔单抗,setoxaximabum,sétoxaximab,setoxaximab,
sofosbuvir,索磷布韦,sofosbuvirum,sofosbuvir,sofosbuvir,
tecemotide,替西莫肽,tecemotidum,técémotide,tecemotida,
telmapitant,替莫匹坦,telmapitantum,telmapitant,telmapitant,
tildrakizumab,替瑞奇珠单抗,tildrakizumabum,tildrakizumab,tildrakizumab,
tomicorat,托米可特,tomicoratum,tomicorat,tomicorat,
ulodesine,优洛地新,ulodesinum,ulodésine,ulodesina,
vibegron,维贝隆,vibegronum,vibégron,vibegrón,
voxtalisib,伏他利塞,voxtalisibum,voxtalisib,voxtalisib,
zamicastat,扎米司他,zamicastatum,zamicastat,zamicastat,
abaloparatide,巴罗旁肽,abaloparatidum,abaloparatide,abaloparatida,
abecomotide,阿贝莫肽,abecomotidum,abécomotide,abecomotida,
abituzumab,阿比妥珠单抗,abituzumabum,abituzumab,abituzumab,
acalisib,阿卡利塞,acalisibum,acalisib,acalisib,
aftobetin,阿托贝丁,aftobetinum,aftobétine,aftobetina,
alicdamotide,阿达莫肽,alicdamotidum,alicdamotide,alicdamotida,
anifrolumab,阿伏利尤单抗,anifrolumabum,anifrolumab,anifrolumab,
artefenomel,阿泰诺美,artefenomelum,artéfénomel,artefenomel,
asapiprant,艾沙匹仑,asapiprantum,asapiprant,asapiprant,
axelopran,阿西洛仑,axelopranum,axélopran,axeloprán,
basimglurant,贝昔谷兰,basimglurantum,basimglurant,basimglurant,
binimetinib,贝美替尼,binimetinibum,binimétinib,binimetinib,
ceralifimod,赛拉莫德,ceralifimodum,céralifimod,ceralifimod,
ceritinib,塞瑞替尼,ceritinibum,céritinib,ceritinib,
codrituzumab,克佐妥珠单抗,codrituzumabum,codrituzumab,codrituzumab,
dasabuvir,达塞布韦,dasabuvirum,dasabuvir,dasabuvir,
decoglurant,地可谷兰,decoglurantum,décoglurant,decoglurant,
dianexin,达艾克新,dianexinum,dianexine,dianexina,
dinutuximab,达妥昔单抗,dinutuximabum,dinutuximab,dinutuximab,
doravirine,多拉韦林,doravirinum,doravirine,doravirina,
eldelumab,艾地利尤单抗,eldelumabum,eldélumab,eldelumab,
eluxadoline,艾沙多林,eluxadolinum,éluxadoline,eluxadolina,
encorafenib,恩考芬尼,encorafenibum,encorafénib,encorafenib,
fevipiprant,非维匹仑,fevipiprantum,févipiprant,fevipiprant,
filanesib,非兰尼塞,filanesibum,filanésib,filanesib,
galunisertib,加卢色替,galunisertibum,galunisertib,galunisertib,
guselkumab,古塞奇尤单抗,guselkumabum,guselkumab,guselkumab,
idarucizumab,依达赛珠单抗,idarucizumabum,idarucizumab,idarucizumab,
ipafricept,依帕西普,ipafriceptum,ipafricept,ipafricept,
ledipasvir,来迪派韦,ledipasvirum,lédipasvir,ledipasvir,
lexanopadol,雷沙帕多,lexanopadolum,lexanopadol,lexanopadol,
liafensine,利阿芬辛,liafensinum,liafensine,liafensina,
lubabegron,卢巴贝隆,lubabegronum,lubabégron,lubabegrón,
margetuximab,马吉妥昔单抗,margetuximabum,margétuximab,margetuximab,
mavatrep,玛伐曲普,mavatrepum,mavatrep,mavatrep,
mirogabalin,美洛加巴林,mirogabalinum,mirogabaline,mirogabalina,
nebotermin,奈波特明,neboterminum,nébotermine,nebotermina,
nobiprostolan,诺必前列酯,nobiprostolanum,nobiprostolan,nobiprostolán,
ombitasvir,奥比他韦,ombitasvirum,ombitasvir,ombitasvir,
ontuxizumab,昂妥昔珠单抗,ontuxizumabum,ontuxizumab,ontuxizumab,
palbociclib,哌柏西利,palbociclibum,palbociclib,palbociclib,
panulisib,帕奴利塞,panulisibum,panulisib,panulisib,
patisiran,帕替司瑞,patisiranum,patisiran,patisirán,
pegbovigrastim,培牛格司亭,pegbovigrastimum,pegbovigrastim,pegbovigrastim,
pegteograstim,培特格司亭,pegteograstimum,pegtéograstim,pegteograstim,
pevonedistat,派伏司他,pevonedistatum,pévonédistat,pevonedistat,
ralimetinib,雷利替尼,ralimetinibum,ralimétinib,ralimetinib,
remeglurant,瑞美谷兰,remeglurantum,réméglurant,remeglurant,
ricolinostat,瑞考司他,ricolinostatum,ricolinostat,ricolinostat,
rimegepant,瑞美吉泮,rimegepantum,rimégépant,rimegepant,
ripasudil,利舒地尔,ripasudilum,ripasudil,ripasudil,
riviciclib,利维西利,riviciclibum,riviciclib,riviciclib,
rivipansel,利维泮塞,rivipanselum,rivipansel,rivipansel,
roniciclib,罗尼西利,roniciclibum,roniciclib,roniciclib,
sacubitril,沙库巴曲,sacubitrilum,sacubitril,sacubitrilo,
sarecycline,沙瑞环素,sarecyclinum,sarécycline,sareciclina,
sarsagenin,沙赛吉宁,sarsageninum,sarsagénine,sarsagenina,
sisapronil,西普罗尼,sisapronilum,sisapronil,sisapronilo,
smilagenin,斯马吉宁,smilageninum,smilagénine,esmilagenina,
tanurmotide,坦罗莫肽,tanurmotidum,tanurmotide,tanurmotida,
tarextumab,它瑞妥尤单抗,tarextumabum,tarextumab,tarextumab,
taselisib,他司利塞,taselisibum,tasélisib,taselisib,
topsalysin,托普来新,topsalysinum,topsalysine,topsalisina,
tosatoxumab,托沙度尤单抗,tosatoxumabum,tosatoxumab,tosatoxumab,
tovetumab,托维妥尤单抗,tovetumabum,tovétumab,tovetumab,
ubrogepant,乌布吉泮,ubrogepantum,ubrogépant,ubrogepant,
valbenazine,缬苯那嗪,valbenazinum,valbénazine,valbenazina,
vantictumab,泛替妥尤单抗,vantictumabum,vantictumab,vantictumab,
vatiquinone,伐替苯醌,vatiquinonum,vatiquinone,vatiquinona,
vedroprevir,维曲瑞韦,vedroprevirum,védroprévir,vedroprevir,
vericiguat,维立西呱,vericiguatum,vériciguat,vericiguat,
vilaprisan,维拉立生,vilaprisanum,vilaprisan,vilaprisán,
voruciclib,伏罗西利,voruciclibum,voruciclib,voruciclib,
abametapir,阿巴甲吡,abametapirum,abamétapir,abametapir,
aclerastide,阿勒司肽,aclerastidum,aclérastide,aclerastida,
aducanumab,阿度埃尤单抗,aducanumabum,aducanumab,aducanumab,
alpelisib,阿吡利塞,alpelisibum,alpélisib,alpelisib,
apabetalone,阿贝他酮,apabetalonum,apabétalone,apabetalona,
apatorsen,阿帕妥生,apatorsenum,apatorsen,apatorsén,
astodrimer,阿特聚姆,astodrimerum,astodrimère,astodrímero,
batefenterol,巴芬特罗,batefenterolum,batéfentérol,batefenterol,
bimekizumab,比奇珠单抗,bimekizumabum,bimékizumab,bimekizumab,
bococizumab,波西珠单抗,bococizumabum,bococizumab,bococizumab,
brincidofovir,布林西多福韦,brincidofovirum,brincidofovir,brincidofovir,
canoctakin,卡诺白介素,canoctakinum,canoctakine,canoctakina,
censavudine,辛沙夫定,censavudinum,censavudine,censavudina,
cipargamin,西帕加明,cipargaminum,cipargamine,cipargamina,
dasotraline,达索曲林,dasotralinum,dasotraline,dasotralina,
duvelisib,度维利塞,duvelisibum,duvélisib,duvelisib,
elbasvir,艾尔巴韦,elbasvirum,elbasvir,elbasvir,
entasobulin,恩他布林,entasobulinum,entasobuline,entasobulina,
entospletinib,恩托替尼,entospletinibum,entosplétinib,entospletinib,
etiguanfacine,乙胍法辛,etiguanfacinum,étiguanfacine,etiguanfacina,
fimaporfin,法马泊芬,fimaporfinum,fimaporfine,fimaporfina,
fletikumab,伏替奇尤单抗,fletikumabum,flétikumab,fletikumab,
fosravuconazole,磷雷夫康唑,fosravuconazolum,fosravuconazole,fosravuconazol,
gemilukast,吉鲁司特,gemilukastum,gémilukast,gemilukast,
grapiprant,格拉匹仑,grapiprantum,grapiprant,grapiprant,
grazoprevir,格拉瑞韦,grazoprevirum,grazoprévir,grazoprevir,
idalopirdine,依达匹定,idalopirdinum,idalopirdine,idalopirdina,
lefamulin,来法莫林,lefamulinum,léfamuline,lefamulina,
lerimazoline,来玛唑啉,lerimazolinum,lérimazoline,lerimazolina,
lotilaner,洛替拉纳,lotilanerum,lotilaner,lotilaner,
luspatercept,罗特西普,luspaterceptum,luspatercept,luspatercept,
mipsagargin,美沙格净,mipsagarginum,mipsagargine,mipsagargina,
osilodrostat,奥唑司他,osilodrostatum,osilodrostat,osilodrostat,
otlertuzumab,奥特妥珠单抗,otlertuzumabum,otlertuzumab,otlertuzumab,
pexmetinib,派美替尼,pexmetinibum,pexmétinib,pexmetinib,
pretomanid,普托马尼,pretomanidum,prétomanid,pretomanid,
ralpancizumab,雷西珠单抗,ralpancizumabum,ralpancizumab,ralpancizumab,
relamorelin,雷拉瑞林,relamorelinum,rélamoréline,relamorelina,
ribuvaptan,瑞布伐坦,ribuvaptanum,ribuvaptan,ribuvaptán,
samatasvir,沙玛他韦,samatasvirum,samatasvir,samatasvir,
selinexor,塞利尼索,selinexorum,sélinexor,selinexor,
sepetaprost,塞他前列素,sepetaprostum,sépétaprost,sepetaprost,
sotagliflozin,索格列净,sotagliflozinum,sotagliflozine,sotagliflozina,
taladegib,他拉德吉,taladegibum,taladégib,taladegib,
talazoparib,他拉唑帕利,talazoparibum,talazoparib,talazoparib,
tilapertin,替拉哌汀,tilapertinum,tilapertine,tilapertina,
ulocuplumab,乌洛利尤单抗,ulocuplumabum,ulocuplumab,ulocuplumab,
veledimex,维迪美克,veledimexum,vélédimex,veledimex,
verdinexor,凡迪尼索,verdinexorum,verdinexor,verdinexor,
zastumotide,扎妥莫肽,zastumotidum,zastumotide,zastumotida,
abrilumab,阿贝利尤单抗,abrilumabum,abrilumab,abrilumab,
acumapimod,阿库马莫德,acumapimodum,acumapimod,acumapimod,
albenatide,阿贝那肽,albenatidum,albénatide,albenatide,
asvasiran,阿伐司兰,asvasiranum,asvasiran,asvasirán,
azeliragon,阿齐瑞格,azeliragonum,azéliragon,azeliragón,
basmisanil,巴米沙尼,basmisanilum,basmisanil,basmisanil,
beclabuvir,贝拉布韦,beclabuvirum,béclabuvir,beclabuvir,
begelomab,贝戈利欧单抗,begelomabum,bégélomab,begelomab,
benzhydrocodone,苯氢可酮,benzhydrocodonum,benzhydrocodone,benzhidrocodona,
bradanicline,布达克兰,bradaniclinum,bradanicline,bradaniclina,
briciclib,布瑞西利,briciclibum,briciclib,briciclib,
brontictuzumab,布替妥珠单抗,brontictuzumabum,brontictuzumab,brontictuzumab,
butylphthalide,丁苯酞,butylphthalidum,butylphthalide,butylphthalide,
cabotegravir,卡替拉韦,cabotegravirum,cabotégravir,cabotegravir,
capmatinib,卡马替尼,capmatinibum,capmatinib,capmatinib,
cefilavancin,头孢拉凡星,cefilavancinum,céfilavancine,cefilavancina,
cerdulatinib,赛度替尼,cerdulatinibum,cerdulatinib,cerdulatinib,
dagrocorat,达格考特,dagrocoratum,dagrocorat,dagrocorat,
dalazatide,达拉扎肽,dalazatidum,dalazatide,dalazatida,
dapaconazole,达帕康唑,dapaconazolum,dapaconazole,dapaconazol,
defactinib,地法替尼,defactinibum,défactinib,defactinib,
dianhydrogalactitol,二脱水卫矛醇,dianhydrogalactitolum,dianhydrogalactitol,dianhidrogalactitol,
diridavumab,迪瑞韦尤单抗,diridavumabum,diridavumab,diridavumab,
eflapegrastim,艾法培格司亭,eflapegrastimum,éflapégrastim,eflapegrastim,
emactuzumab,伊马妥珠单抗,emactuzumabum,émactuzumab,emactuzumab,
emibetuzumab,艾米妥珠单抗,emibetuzumabum,émibétuzumab,emibetuzumab,
enadenotucirev,恩腺妥西瑞,enadenotucirevum,énadénotucirev,enadenotucirev,
encenicline,恩森克兰,enceniclinum,encénicline,enceniclina,
esuberaprost,艾司贝前列素,esuberaprostum,ésubéraprost,esuberaprost,
evofosfamide,艾伏磷酰胺,evofosfamidum,évofosfamide,evofosfamida,
filociclovir,菲络昔洛韦,filociclovirum,filociclovir,filociclovir,
firivumab,菲瑞韦尤单抗,firivumabum,firivumab,firivumab,
fosdagrocorat,福达考特,fosdagrocoratum,fosdagrocorat,fosdagrocorat,
funapide,呋纳匹特,funapidum,funapide,funapide,
furaprevir,伏拉瑞韦,furaprevirum,furaprévir,furaprevir,
gedatolisib,吉达利塞,gedatolisibum,gedatolisib,gedatolisib,
glasdegib,格拉德吉,glasdegibum,glasdégib,glasdegib,
idasanutlin,依达奴林,idasanutlinum,idasanutline,idasanutlina,
imalumab,艾马利尤单抗,imalumabum,imalumab,imalumab,
indoximod,吲哚莫德,indoximodum,indoximod,indoximod,
lemborexant,莱博雷生,lemborexantum,lemborexant,lemborexant,
lenzilumab,兰泽利尤单抗,lenzilumabum,lenzilumab,lenzilumab,
lumretuzumab,芦瑞妥珠单抗,lumretuzumabum,lumrétuzumab,lumretuzumab,
merotocin,美洛缩宫素,merotocinum,mérotocine,merotocina,
mibenratide,美贝拉肽,mibenratidum,mibenratide,mibenratida,
modimelanotide,莫迪美诺肽,modimelanotidum,modimélanotide,modimelanotida,
mongersen,蒙格生,mongersenum,mongersen,mongersén,
napabucasin,那布卡辛,napabucasinum,napabucasine,napabucasina,
odalasvir,奥达拉韦,odalasvirum,odalasvir,odalasvir,
omipalisib,奥米利塞,omipalisibum,omipalisib,omipalisib,
orilotimod,奥瑞莫德,orilotimodum,orilotimod,orilotimod,
pasotuxizumab,帕索妥昔珠单抗,pasotuxizumabum,pasotuxizumab,pasotuxizumab,
peficitinib,吡西替尼,peficitinibum,péficitinib,peficitinib,
pegargiminase,培精氨酸酶,pegargiminasum,pégargiminase,pegargiminasa,
pegcrisantaspase,培克瑞他酶,pegcrisantaspasum,pegcrisantaspase,pegcrisantaspasa,
pegvaliase,培伐利酶,pegvaliasum,pegvaliase,pegvaliasa,
polmacoxib,帕马考昔,polmacoxibum,polmacoxib,polmacoxib,
presatovir,普沙托韦,presatovirum,présatovir,presatovir,
rabacfosadine,雷巴沙定,rabacfosadinum,rabacfosadine,rabacfosadina,
rapastinel,雷帕替奈,rapastinelum,rapastinel,rapastinel,
relenopride,瑞诺必利,relenopridum,rélénopride,relenoprida,
revusiran,瑞伏司兰,revusiranum,révusiran,revusirán,
ribociclib,瑞波西利,ribociclibum,ribociclib,ribociclib,
rimiducid,利米多赛,rimiducidum,rimiducid,rimiducid,
rociletinib,罗西替尼,rociletinibum,rocilétinib,rociletinib,
sarolaner,沙罗拉纳,sarolanerum,sarolaner,sarolaner,
savolitinib,赛沃替尼,savolitinibum,savolitinib,savolitinib,
sembragiline,赛博吉兰,sembragilinum,sembragiline,sembragilina,
tepotinib,特泊替尼,tepotinibum,tépotinib,tepotinib,
tradipitant,曲地匹坦,tradipitantum,tradipitant,tradipitant,
transcrocetin,反式藏红花酸,transcrocetinum,transcrocétine,transcrocetina,
ulixertinib,优立替尼,ulixertinibum,ulixertinib,ulixertinib,
uprosertib,优普色替,uprosertibum,uprosertib,uprosertib,
vanucizumab,伐诺西珠单抗,vanucizumabum,vanucizumab,vanucizumab,
varlilumab,法利尤单抗,varlilumabum,varlilumab,varlilumab,
velpatasvir,维帕他韦,velpatasvirum,velpatasvir,velpatasvir,
venetoclax,维奈克拉,venetoclaxum,vénétoclax,venetoclax,
verinurad,维立诺雷,verinuradum,vérinurad,verinurad,
vonapanitase,伏纳胰弹性酶,vonapanitasum,vonapanitase,vonapanitasa,
abemaciclib,阿贝西利,abemaciclibum,abémaciclib,abemaciclib,
amiselimod,阿米莫德,amiselimodum,amisélimod,amiselimod,
atezolizumab,阿替利珠单抗,atezolizumabum,atézolizumab,atezolizumab,
avoralstat,阿伏司他,avoralstatum,avoralstat,avoralstat,
balixafortide,巴利福肽,balixafortidum,balixafortide,balixafortida,
brolucizumab,布西珠单抗,brolucizumabum,brolucizumab,brolucizumab,
centanafadine,赛他发定,centanafadinum,centanafadine,centanafadina,
crisaborole,克立硼罗,crisaborolum,crisaborole,crisaborol,
dectrekumab,德克奇尤单抗,dectrekumabum,dectrékumab,dectrekumab,
desfesoterodine,地非索罗定,desfesoterodinum,desfésotérodine,desfesoterodina,
deutetrabenazine,氘丁苯那嗪,deutetrabenazinum,deutétrabénazine,deutetrabenazina,
durvalumab,度伐利尤单抗,durvalumabum,durvalumab,durvalumab,
elafibranor,依非兰诺,elafibranorum,élafibranor,elafibranor,
eleclazine,依来克秦,eleclazinum,éléclazine,eleclazina,
elgemtumab,艾吉妥尤单抗,elgemtumabum,elgemtumab,elgemtumab,
emeramide,艾美酰胺,emeramidum,éméramide,emeramida,
epetraborole,依培硼罗,epetraborolum,épétraborole,epetraborol,
eprociclovir,依昔洛韦,eprociclovirum,éprociclovir,eprociclovir,
evinacumab,依维西尤单抗,evinacumabum,évinacumab,evinacumab,
gepotidacin,吉泊达星,gepotidacinum,gépotidacine,gepotidacina,
gilteritinib,吉瑞替尼,gilteritinibum,giltéritinib,gilteritinib,
indimilast,英米司特,indimilastum,indimilast,indimilast,
indusatumab,英多妥尤单抗,indusatumabum,indusatumab,indusatumab,
infigratinib,英非替尼,infigratinibum,infigratinib,infigratinib,
isatuximab,艾沙妥昔单抗,isatuximabum,isatuximab,isatuximab,
lanopepden,拉诺培登,lanopepdenum,lanopepdène,lanopepdén,
lascufloxacin,拉库沙星,lascufloxacinum,lascufloxacine,lascufloxacino,
lavamilast,拉米司特,lavamilastum,lavamilast,lavamilast,
lilotomab,利洛托欧单抗,lilotomabum,lilotomab,lilotomab,
lokivetmab,洛凯维单抗,lokivetmabum,lokivetmab,lokivetmab,
motolimod,莫托莫德,motolimodum,motolimod,motolimod,
necuparanib,奈库帕拉尼,necuparanibum,nécuparanib,necuparanib,
nelonicline,奈洛克兰,neloniclinum,nélonicline,neloniclina,
nemolizumab,奈莫利珠单抗,nemolizumabum,némolizumab,nemolizumab,
nusinersen,诺西那生,nusinersenum,nusinersen,nusinersén,
onalespib,奥那司匹,onalespibum,onalespib,onalespib,
ozanimod,奥扎莫德,ozanimodum,ozanimod,ozanimod,
pegpleranib,培乐拉尼,pegpleranibum,pegpléranib,pegpleranib,
pexidartinib,吡昔替尼,pexidartinibum,pexidartinib,pexidartinib,
pinometostat,匹诺司他,pinometostatum,pinométostat,pinometostat,
radalbuvir,瑞达布韦,radalbuvirum,radalbuvir,radalbuvir,
ralinepag,雷利帕格,ralinepagum,ralinépag,ralinepag,
relebactam,瑞来巴坦,relebactamum,rélébactam,relebactam,
ridinilazole,利地利唑,ridinilazolum,ridinilazole,ridinilazol,
roneparstat,罗奈帕司他,roneparstatum,ronéparstat,roneparstat,
sacrosidase,呋喃果糖苷酶,sacrosidasum,sacrosidase,sacrosidasa,
sapanisertib,沙帕色替,sapanisertibum,sapanisertib,sapanisertib,
seletalisib,司来利塞,seletalisibum,sélétalisib,seletalisib,
setmelanotide,司美诺肽,setmelanotidum,setmélanotide,setmelanotida,
solcitinib,索西替尼,solcitinibum,solcitinib,solcitinib,
somapacitan,帕西生长素,somapacitanum,somapacitan,somapacitán,
somavaratan,伐拉生长激素,somavaratanum,somavaratan,somavaratán,
spanlecortemlocel,司半珂干赛,spanlecortemlocelum,spanlécortemlocel,espanlecortemlocel,
spebrutinib,司培替尼,spebrutinibum,spébrutinib,espebrutinib,
tazemetostat,他泽司他,tazemetostatum,tazémétostat,tazemetostat,
temsavir,坦姆沙韦,temsavirum,temsavir,temsavir,
tesidolumab,替西利尤单抗,tesidolumabum,tésidolumab,tesidolumab,
toreforant,托瑞仑特,toreforantum,toréforant,toreforant,
trofinetide,曲非奈肽,trofinetidum,trofinétide,trofinetida,
verosudil,维罗舒地尔,verosudilum,vérosudil,verosudil,
verubecestat,维罗司他,verubecestatum,vérubécestat,verubecestat,
vosoritide,伏索利肽,vosoritidum,vosoritide,vosoritida,
acalabrutinib,阿可替尼,acalabrutinibum,acalabrutinib,acalabrutinib,
afasevikumab,阿伐奇尤单抗,afasevikumabum,afasévikumab,afasevikumab,
alofanib,阿洛尼布,alofanibum,alofanib,alofanib,
altiratinib,阿特替尼,altiratinibum,altiratinib,altiratinib,
amcasertib,安卡舍替,amcasertibum,amcasertib,amcasertib,
apalutamide,阿帕他胺,apalutamidum,apalutamide,apalutamida,
ascrinvacumab,阿司西尤单抗,ascrinvacumabum,ascrinvacumab,ascrinvacumab,
avelumab,阿维利尤单抗,avelumabum,avélumab,avelumab,
belizatinib,贝扎替尼,belizatinibum,bélizatinib,belizatinib,
bexagliflozin,贝沙格列净,bexagliflozinum,bexagliflozine,bexagliflozina,
bictegravir,比克替拉韦,bictegravirum,bictégravir,bictegravir,
bleselumab,布来利尤单抗,bleselumabum,blésélumab,bleselumab,
brigatinib,布格替尼,brigatinibum,brigatinib,brigatinib,
capsaicin,辣椒碱,capsaicinum,capsaïcine,capsaicina,
cenerimod,西奈莫德,cenerimodum,cénérimod,cenerimod,
cenobamate,西诺氨酯,cenobamatum,cénobamate,cenobamato,
ciraparantag,西帕他格,ciraparantagum,ciraparantag,ciraparantag,
cobitolimod,可比托莫德,cobitolimodum,cobitolimod,cobitolimod,
daprodustat,达普司他,daprodustatum,daprodustat,daprodustat,
difelikefalin,地非法林,difelikefalinum,difélikéfaline,difelicefalina,
dusquetide,度司奎肽,dusquetidum,dusquétide,dusquetida,
efpegsomatropin,依培生长激素,efpegsomatropinum,efpegsomatropine,efpegsomatropina,
elamipretide,依拉雷肽,elamipretidum,élamiprétide,elamipretida,
emicizumab,艾美赛珠单抗,emicizumabum,émicizumab,emicizumab,
enasidenib,伊那尼布,enasidenibum,énasidénib,enasidenib,
enerisant,艾奈瑞生,enerisantum,énérisant,enerisant,
entrectinib,恩曲替尼,entrectinibum,entrectinib,entrectinib,
erdafitinib,厄达替尼,erdafitinibum,erdafitinib,erdafitinib,
etripamil,艾曲帕米,etripamilum,étripamil,etripamilo,
evenamide,依维那胺,evenamidum,événamide,evenamida,
evocalcet,依伏卡塞,evocalcetum,évocalcet,evocalcet,
ezutromid,依珠曲米,ezutromidum,ézutromid,ezutromid,
fitusiran,费妥赛仑,fitusiranum,fitusiran,fitusirán,
fosnetupitant,磷奈匹坦,fosnetupitantum,fosnétupitant,fosnetupitant,
graunimotide,格劳莫肽,graunimotidum,graunimotide,graunimotida,
guadecitabine,鸟地西他滨,guadecitabinum,guadécitabine,guadecitabina,
inebilizumab,伊奈利珠单抗,inebilizumabum,inébilizumab,inebilizumab,
isunakinra,依舒白滞素,isunakinrum,isunakinra,isunakinra,
landogrozumab,兰度古珠单抗,landogrozumabum,landogrozumab,landogrozumab,
lefitolimod,来菲托莫德,lefitolimodum,léfitolimod,lefitolimod,
mecapegfilgrastim,硫培非格司亭,mecapegfilgrastimum,mécapegfilgrastim,mecapegfilgrastim,
merestinib,美乐替尼,merestinibum,mérestinib,merestinib,
monalizumab,莫那利珠单抗,monalizumabum,monalizumab,monalizumab,
murepavadin,莫瑞伐定,murepavadinum,murépavadine,murepavadina,
nadorameran,那度美仑,nadorameranum,nadoraméran,nadoramerán,
nastorazepide,那托西派,nastorazepidum,nastorazépide,nastorazepida,
navivumab,奈韦尤单抗,navivumabum,navivumab,navivumab,
netarsudil,奈舒地尔,netarsudilum,nétarsudil,netarsudil,
obiltoxaximab,奥必托昔单抗,obiltoxaximabum,obiltoxaximab,obiltoxaximab,
omaveloxolone,奥马索龙,omaveloxolonum,omavéloxolone,omaveloxolona,
opicinumab,奥匹奈尤单抗,opicinumabum,opicinumab,opicinumab,
pamrevlumab,帕瑞利尤单抗,pamrevlumabum,pamrevlumab,pamrevlumab,
pegcantratinib,培坎替尼,pegcantratinibum,pegcantratinib,pegcantratinib,
pemafibrate,佩玛贝特,pemafibratum,pémafibrate,pemafibrato,
piclidenoson,匹利诺生,piclidenosonum,piclidénoson,piclidenosón,
plozalizumab,普洛利珠单抗,plozalizumabum,plozalizumab,plozalizumab,
ravidasvir,拉维达韦,ravidasvirum,ravidasvir,ravidasvir,
rinucumab,利诺西尤单抗,rinucumabum,rinucumab,rinucumab,
risankizumab,利生奇珠单抗,risankizumabum,risankizumab,risankizumab,
ronopterin,罗诺蝶呤,ronopterinum,ronoptérine,ronopterina,
rovalpituzumab,罗伐妥珠单抗,rovalpituzumabum,rovalpituzumab,rovalpituzumab,
sacubitrilat,沙库曲拉,sacubitrilatum,sacubitrilate,sacubitrilat,
selonsertib,司隆色替,selonsertibum,sélonsertib,selonsertib,
solnatide,索那肽,solnatidum,solnatide,solnatida,
sparsentan,司帕生坦,sparsentanum,sparsentan,esparsentán,
tavilermide,他维乐肽,tavilermidum,tavilermide,tavilermida,
tegoprazan,替戈拉生,tegoprazanum,tégoprazan,tegoprazán,
tesevatinib,特伐替尼,tesevatinibum,tésévatinib,tesevatinib,
tezepelumab,特泽利尤单抗,tezepelumabum,tézépélumab,tezepelumab,
tisotumab,替索妥尤单抗,tisotumabum,tisotumab,tisotumab,
trevogrumab,曲沃古尤单抗,trevogrumabum,trévogrumab,trevogrumab,
vaborbactam,法硼巴坦,vaborbactamum,vaborbactam,vaborbactam,
vesatolimod,维托莫德,vesatolimodum,vésatolimod,vesatolimod,
vistusertib,维妥色替,vistusertibum,vistusertib,vistusertib,
volanesorsen,伏拉索生,volanesorsenum,volanésorsen,volanesorsén,
volixibat,伏昔巴特,volixibatum,volixibat,volixibat,
voxilaprevir,伏西瑞韦,voxilaprevirum,voxilaprévir,voxilaprevir,
zidebactam,齐特巴坦,zidebactamum,zidébactam,zidebactam,
acebilustat,阿西鲁司特,acebilustatum,acébilustat,acebilustat,
alalevonadifloxacin,丙左那氟沙星,alalevonadifloxacinum,alalévonadifloxacine,alalevonadifloxacino,
albusomatropin,阿布生长激素,albusomatropinum,albusomatropine,albusomatropina,
avacopan,阿伐可泮,avacopanum,avacopan,avacopán,
bazlitoran,巴利托仑,bazlitoranum,bazlitoran,bazlitorán,
blontuvetmab,布隆妥维单抗,blontuvetmabum,blontuvetmab,blontuvetmab,
brimapitide,布立匹肽,brimapitidum,brimapitide,brimapitida,
cabiralizumab,卡比利珠单抗,cabiralizumabum,cabiralizumab,cabiralizumab,
carotuximab,卡罗妥昔单抗,carotuximabum,carotuximab,carotuximab,
cefiderocol,头孢德罗,cefiderocolum,céfidérocol,cefiderocol,
cemdisiran,塞迪司瑞,cemdisiranum,cemdisiran,cemdisirán,
cibinetide,西比奈肽,cibinetidum,cibinétide,cibinetida,
crotedumab,卡度尤单抗,crotedumabum,crotédumab,crotedumab,
dapansutrile,达泮舒腈,dapansutrilum,dapansutrile,dapansutrilo,
deudextromethorphan,氘右美沙芬,deudextromethorphanum,deudextromethorphane,deudextrometorfano,
dolcanatide,度卡那肽,dolcanatidum,dolcanatide,dolcanatida,
domagrozumab,多古珠单抗,domagrozumabum,domagrozumab,domagrozumab,
edasalonexent,艾得奈生,edasalonexentum,édasalonexent,edasalonexento,
edonerpic,艾多奈匹,edonerpicum,édonerpic,edonerpico,
enoblituzumab,依布妥组单抗,enoblituzumabum,énoblituzumab,enoblituzumab,
epacadostat,艾卡哚司他,epacadostatum,épacadostat,epacadostat,
esaxerenone,艾沙利酮,esaxerenonum,ésaxérénone,esaxerenona,
fexapotide,菲沙泊肽,fexapotidum,fexapotide,fexapotida,
fonadelpar,福那德帕,fonadelparum,fonadelpar,fonadelpar,
galcanezumab,加卡奈珠单抗,galcanezumabum,galcanézumab,galcanezumab,
galidesivir,加利司韦,galidesivirum,galidésivir,galidesivir,
givosiran,吉伏司瑞,givosiranum,givosiran,givosirán,
glecaprevir,格卡瑞韦,glecaprevirum,glécaprévir,glecaprevir,
glesatinib,格来替尼,glesatinibum,glésatinib,glesatinib,
inclisiran,英克司兰,inclisiranum,inclisiran,inclisirán,
intepirdine,英特匹定,intepirdinum,intépirdine,intepirdina,
ivosidenib,艾伏尼布,ivosidenibum,ivosidénib,ivosidenib,
lanadelumab,拉那利尤单抗,lanadelumabum,lanadélumab,lanadelumab,
laprituximab,拉瑞妥昔单抗,laprituximabum,laprituximab,laprituximab,
leniolisib,莱尼利塞,leniolisibum,léniolisib,leniolisib,
levoketoconazole,左酮康唑,levoketoconazolum,lévokétoconazole,levoketoconazol,
lorlatinib,洛拉替尼,lorlatinibum,lorlatinib,lorlatinib,
lumateperone,卢美哌隆,lumateperonum,lumatépérone,lumateperona,
mirvetuximab,米妥昔单抗,mirvetuximabum,mirvétuximab,mirvetuximab,
mizagliflozin,米扎格列净,mizagliflozinum,mizagliflozine,mizagliflozina,
nafithromycin,纳非霉素,nafithromycinum,nafithromycine,nafitromicina,
naratuximab,那拉妥昔单抗,naratuximabum,naratuximab,naratuximab,
navamepent,那伐美喷,navamepentum,navamépent,navamepent,
navicixizumab,那维赛昔组单抗,navicixizumabum,navicixizumab,navicixizumab,
nazartinib,那扎替尼,nazartinibum,nazartinib,nazartinib,
nicodicosapent,尼可沙喷,nicodicosapentum,nicodicosapent,nicodicosapent,
oliceridine,奥塞利定,oliceridinum,olicéridine,oliceridina,
olmutinib,奥莫替尼,olmutinibum,olmutinib,olmutinib,
omidenepag,奥米帕格,omidenepagum,omidénépag,omidenepag,
oteseconazole,奥特康唑,oteseconazolum,otéséconazole,oteseconazol,
pibrentasvir,哌仑他韦,pibrentasvirum,pibrentasvir,pibrentasvir,
prexasertib,普瑞色替,prexasertibum,prexasertib,prexasertib,
prexigebersen,普瑞柏生,prexigebersenum,prexigébersen,prexigebersén,
prezalumab,普利尤单抗,prezalumabum,prézalumab,prezalumab,
redaporfin,瑞达泊芬,redaporfinum,rédaporfine,redaporfina,
refanezumab,瑞奈珠单抗,refanezumabum,réfanézumab,refanezumab,
revefenacin,瑞维那新,revefenacinum,révéfénacine,revefenacina,
rivabazumab,利巴珠单抗,rivabazumabum,rivabazumab,rivabazumab,
ruclosporin,罗环孢素,ruclosporinum,ruclosporine,ruclosporina,
ruzasvir,鲁扎韦,ruzasvirum,ruzasvir,ruzasvir,
seviteronel,赛维罗奈,seviteronelum,sevitéronel,seviteronel,
sitravatinib,司曲替尼,sitravatinibum,sitravatinib,sitravatinib,
talinexomer,他利索姆,talinexomerum,talinexomère,talinexómero,
tamtuvetmab,坦妥维单抗,tamtuvetmabum,tamtuvetmab,tamtuvetmab,
tenalisib,泰那利塞,tenalisibum,ténalisib,tenalisib,
tetrodotoxin,特曲妥辛,tetrodotoxinum,tétrodotoxine,tetrodotoxina,
tezacaftor,替扎卡托,tezacaftorum,tezacaftor,tezacaftor,
timolumab,替利尤单抗,timolumabum,timolumab,timolumab,
vadadustat,伐达度司他,vadadustatum,vadadustat,vadadustat,
vadastuximab,伐妥昔单抗,vadastuximabum,vadastuximab,vadastuximab,
verdiperstat,维地泊司他,verdiperstatum,verdiperstat,verdiperstat,
vobarilizumab,沃利珠单抗,vobarilizumabum,vobarilizumab,vobarilizumab,
xentuzumab,施妥珠单抗,xentuzumabum,xentuzumab,xentuzumab,
zoliflodacin,唑利氟达星,zoliflodacinum,zoliflodacine,zoliflodacina,
adegramotide,阿德莫肽,adegramotidum,adégramotide,adegramotida,
adomeglivant,阿度格列凡,adomeglivantum,adoméglivant,adomeglivant,
afabicin,阿法比星,afabicinum,afabicine,afabicina,
agerafenib,阿格尼布,agerafenibum,agérafénib,agerafenib,
alicapistat,阿利卡司他,alicapistatum,alicapistat,alicapistat,
andecaliximab,安德利昔单抗,andecaliximabum,andécaliximab,andecaliximab,
apararenone,阿帕利酮,apararenonum,apararénone,apararenona,
apimostinel,阿匹替奈,apimostinelum,apimostinel,apimostinel,
aprutumab,阿芦妥尤单抗,aprutumabum,aprutumab,aprutumab,
asciminib,阿思尼布,asciminibum,asciminib,asciminib,
atuveciclib,阿维西利,atuveciclibum,atuvéciclib,atuveciclib,
audencel,安登赛,audencelum,audencel,audencel,
birabresib,比拉瑞塞,birabresibum,birabrésib,birabresib,
branaplam,布拉扑兰,branaplamum,branaplam,branaplam,
brazikumab,瑞奇尤单抗,brazikumabum,brazikumab,brazikumab,
brilanestrant,布林司群,brilanestrantum,brilanestrant,brilanestrant,
burosumab,布罗索尤单抗,burosumabum,burosumab,burosumab,
camrelizumab,卡瑞利珠单抗,camrelizumabum,camrélizumab,camrelizumab,
casimersen,卡西美生,casimersenum,casimersen,casimersén,
cenegermin,塞奈吉明,cenegerminum,cénégermine,cenegermina,
cenplacel,森盘赛,cenplacelum,cenplacel,cenplacel,
crizanlizumab,克利珠单抗,crizanlizumabum,crizanlizumab,crizanlizumab,
cupabimod,库帕莫德,cupabimodum,cupabimod,cupabimod,
darolutamide,达罗他胺,darolutamidum,darolutamide,darolutamida,
depatuxizumab,德帕妥昔珠单抗,depatuxizumabum,dépatuxizumab,depatuxizumab,
dexisometheptene,右异美汀,dexisometheptenum,dexisométhéptène,dexisometepteno,
dezamizumab,德泽埃珠单抗,dezamizumabum,dézamizumab,dezamizumab,
elacestrant,艾拉司群,elacestrantum,élacestrant,elacestrant,
elapegademase,艾拉培加酶,elapegademasum,élapégadémase,elapegademasa,
elezanumab,艾泽奈尤单抗,elezanumabum,élézanumab,elezanumab,
eltrapuldencel,艾曲登赛,eltrapuldencelum,eltrapuldencel,eltrapuldencel,
emapalumab,依马利尤单抗,emapalumabum,émapalumab,emapalumab,
ensartinib,恩沙替尼,ensartinibum,ensartinib,ensartinib,
enzaplatovir,恩扎托韦,enzaplatovirum,enzaplatovir,enzaplatovir,
epertinib,艾培替尼,epertinibum,épertinib,epertinib,
eptinezumab,依普奈珠单抗,eptinezumabum,eptinezumab,eptinezumab,
erenumab,依瑞奈尤单抗,erenumabum,érénumab,erenumab,
evobrutinib,依伏替尼,evobrutinibum,évobrutinib,evobrutinib,
fezolinetant,非唑奈坦,fezolinetantum,fézolinétant,fezolinetant,
flurdihydroergotamine,氟二氢麦角胺,flurdihydroergotaminum,flurdihydroergotamine,flurdihidroergotamina,
fostemsavir,磷坦姆沙韦,fostemsavirum,fostemsavir,fostemsavir,
fremanezumab,夫瑞奈珠单抗,fremanezumabum,frémanezumab,fremanezumab,
golodirsen,戈洛地生,golodirsenum,golodirsen,golodirsén,
imlatoclax,伊姆托克拉,imlatoclaxum,imlatoclax,imlatoclax,
inotersen,伊诺特生,inotersenum,inotersen,inotersén,
itacitinib,伊他替尼,itacitinibum,itacitinib,itacitinib,
larotrectinib,拉罗替尼,larotrectinibum,larotrectinib,larotrectinib,
lisavanbulin,利沙布林,lisavanbulinum,lisavanbuline,lisavanbulina,
lumicitabine,卢米西他滨,lumicitabinum,lumicitabine,lumicitabina,
lupartumab,芦帕妥尤单抗,lupartumabum,lupartumab,lupartumab,
lutikizumab,卢替奇珠单抗,lutikizumabum,lutikizumab,lutikizumab,
miridesap,米地沙普,miridesapum,miridésap,miridesap,
mivebresib,米维布塞,mivebresibum,mivébrésib,mivebresib,
nacubactam,那库巴坦,nacubactamum,nacubactam,nacubactam,
naquotinib,那考替尼,naquotinibum,naquotinib,naquotinib,
navoximod,那伏莫德,navoximodum,navoximod,navoximod,
nelatimotide,奈拉莫肽,nelatimotidum,nélatimotide,nelatimotida,
nirogacestat,尼罗司他,nirogacestatum,nirogacéstat,nirogacestat,
obicetrapib,奥比塞曲匹,obicetrapibum,obicétrapib,obicetrapib,
padsevonil,帕西伏尼,padsevonilum,padsévonil,padsevonil,
palucorcel,帕罗珂赛,palucorcelum,palucorcel,palucorcel,
pimodivir,吡莫地韦,pimodivirum,pimodivir,pimodivir,
poseltinib,泊塞替尼,poseltinibum,poseltinib,poseltinib,
ranevetmab,雷奈维单抗,ranevetmabum,ranévetmab,ranevetmab,
ravoxertinib,拉伏替尼,ravoxertinibum,ravoxertinib,ravoxertinib,
recanaclotide,瑞卡洛肽,recanaclotidum,récanaclotide,recanaclotida,
reltecimod,瑞替莫德,reltecimodum,reltécimod,reltecimod,
remetinostat,瑞美司他,remetinostatum,rémétinostat,remetinostat,
remtolumab,仑托利尤单抗,remtolumabum,remtolumab,remtolumab,
rogaratinib,罗加替尼,rogaratinibum,rogaratinib,rogaratinib,
rosiptor,罗西普托,rosiptorum,rosiptor,rosiptor,
rosmantuzumab,罗曼妥珠单抗,rosmantuzumabum,rosmantuzumab,rosmantuzumab,
rosomidnar,罗索米那,rosomidnarum,rosomidnar,rosomidnar,
rozanolixizumab,罗泽利昔珠单抗,rozanolixizumabum,rozanolixizumab,rozanolixizumab,
sacituzumab,沙妥珠单抗,sacituzumabum,sacituzumab,sacituzumab,
satoreotide,沙托瑞肽,satoreotidum,satoréotide,satoreotida,
seladelpar,司拉德帕,seladelparum,séladelpar,seladelpar,
seltorexant,赛托雷生,seltorexantum,seltorexant,seltorexant,
serabelisib,色雷利塞,serabelisibum,sérabélisib,serabelisib,
somatrogon,曲更生长素,somatrogonum,somatrogon,somatrogón,
suptavumab,舒帕韦尤单抗,suptavumabum,suptavumab,suptavumab,
telisotuzumab,特立妥珠单抗,telisotuzumabum,télisotuzumab,telisotuzumab,
tirabrutinib,泰卢替尼,tirabrutinibum,tirabrutinib,tirabrutinib,
tonabacase,托那巴酶,tonabacasum,tonabacase,tonabacasa,
tonogenconcel,特基库赛,tonogenconcelum,tonogenconcel,tonogenconcel,
tozuleristide,托珠来肽,tozuleristidum,tozuléristide,tozuleristida,
tucidinostat,妥西司他,tucidinostatum,tucidinostat,tucidinostat,
upadacitinib,乌帕替尼,upadacitinibum,upadacitinib,upadacitinib,
uprifosbuvir,乌磷布韦,uprifosbuvirum,uprifosbuvir,uprifosbuvir,
utomilumab,托米利尤单抗,utomilumabum,utomilumab,utomilumab,
valnivudine,伐尼夫定,valnivudinum,valnivudine,valnivudina,
vamorolone,伐莫洛龙,vamorolonum,vamorolone,vamorolona,
vandefitemcel,瓦迪干赛,vandefitemcelum,vandéfitemcel,vandefitemcel,
velagliflozin,维拉格列净,velagliflozinum,vélagliflozine,velagliflozina,
vorolanib,伏罗尼布,vorolanibum,vorolanib,vorolanib,
vunakizumab,夫那奇珠单抗,vunakizumabum,vunakizumab,vunakizumab,
efpegsomatropin,依培生长激素,efpegsomatropinum,efpègsomatropine,efpegsomatropina,
acoziborole,阿考硼罗,acoziborolum,acoziborole,acoziborol,
acrizanib,阿克尼布,acrizanibum,acrizanib,acrizanib,
aprocitentan,阿普昔腾坦,aprocitentanum,aprocitentan,aprocitentán,
atelocantel,阿特洛太尔,atelocantelum,atélocantel,atelocantel,
atesidorsen,阿赛多生,atesidorsenum,atésidorsen,atesidorsén,
atogepant,阿托吉泮,atogepantum,atogépant,atogepant,
azeloprazole,阿洛拉唑,azeloprazolum,azéloprazole,azeloprazol,
azintuxizumab,阿辛妥昔珠单抗,azintuxizumabum,azintuxizumab,azintuxizumab,
baliforsen,巴利福生,baliforsenum,baliforsen,baliforsén,
balipodect,巴利泊德,balipodectum,balipodect,balipodect,
balovaptan,巴洛伐坦,balovaptanum,balovaptan,balovaptán,
baltaleucel,巴尔仑赛,baltaleucelum,baltaleucel,baltaleucel,
bimiralisib,比米利塞,bimiralisibum,bimiralisib,bimiralisib,
brivoligide,布瑞来吉,brivoligidum,brivoligide,brivoligida,
cavosonstat,卡伏索司他,cavosonstatum,cavosonstat,cavosonstat,
ceclazepide,塞可拉西派,ceclazepidum,céclazépide,ceclazepida,
citarinostat,西诺司他,citarinostatum,citarinostat,citarinostat,
cosdosiran,考多司兰,cosdosiranum,cosdosiran,cosdosirán,
cosfroviximab,科弗韦昔单抗,cosfroviximabum,cosfroviximab,cosfroviximab,
dasiglucagon,达西高血糖素,dasiglucagonum,dasiglucagon,dasiglucagón,
delpazolid,德帕唑胺,delpazolidum,delpazolid,delpazolid,
dematirsen,地马特生,dematirsenum,dématirsen,dematirsén,
derazantinib,德拉替尼,derazantinibum,dérazantinib,derazantinib,
dezapelisib,德扎利塞,dezapelisibum,dézapélisib,dezapelisib,
dorzagliatin,多格列艾汀,dorzagliatinum,dorzagliatine,dorzagliatina,
dotinurad,多替诺雷,dotinuradum,dotinurad,dotinurad,
duvortuxizumab,杜渥妥昔珠单抗,duvortuxizumabum,duvortuxizumab,duvortuxizumab,
eltanexor,艾他尼索,eltanexorum,eltanexor,eltanexor,
empesertib,恩培色替,empesertibum,empésertib,empesertib,
estetrol,雌四醇,estetrolum,estétrol,estetrol,
etrasimod,艾曲莫德,etrasimodum,étrasimod,etrasimod,
evagenretcel,伊基锐赛,evagenretcelum,évagenretcel,evagenretcel,
firuglipel,非格列培,firuglipelum,firuglipel,firuglipel,
fosmetpantotenate,磷甲泛酸酯,fosmetpantotenatum,fosmetpantoténate,fosmetpantotenato,
frunevetmab,弗奈维单抗,frunevetmabum,frunévetmab,frunevetmab,
fruquintinib,呋喹替尼,fruquintinibum,fruquintinib,fruquintinib,
gatipotuzumab,格替妥珠单抗,gatipotuzumabum,gatipotuzumab,gatipotuzumab,
gedivumab,格地韦尤单抗,gedivumabum,gédivumab,gedivumab,
gilvetmab,格依维单抗,gilvetmabum,gilvetmab,gilvetmab,
glepaglutide,吉莱格鲁肽,glepaglutidum,glépaglutide,glepaglutida,
ilixadencel,伊萨登赛,ilixadencelum,ilixadencel,ilixadencel,
imarikiren,伊马吉仑,imarikirenum,imarikirène,imarikireno,
inositol,肌醇,inositolum,inositol,inositol,
itanapraced,伊他普赛德,itanapracedum,itanapraced,itanapraced,
lacnotuzumab,拉肯妥珠单抗,lacnotuzumabum,lacnotuzumab,lacnotuzumab,
lanabecestat,拉那倍司他,lanabecestatum,lanabécestat,lanabecestat,
landipirdine,兰地匹定,landipirdinum,landipirdine,landipirdina,
lanifibranor,拉尼兰诺,lanifibranorum,lanifibranor,lanifibranor,
larcaviximab,拉卡韦昔单抗,larcaviximabum,larcaviximab,larcaviximab,
lesofavumab,莱沙韦尤单抗,lesofavumabum,lésofavumab,lesofavumab,
letolizumab,莱托利珠单抗,letolizumabum,létolizumab,letolizumab,
losatuxizumab,罗萨妥昔珠单抗,losatuxizumabum,losatuxizumab,losatuxizumab,
mavacamten,玛伐凯泰,mavacamtenum,mavacamten,mavacamten,
midomafetamine,米度非他明,midomafetaminum,midomafétamine,midomafetamina,
miransertib,米仑色替,miransertibum,miransertib,miransertib,
mitapivat,米他匹伐,mitapivatum,mitapivat,mitapivat,
mocravimod,摩拉莫德,mocravimodum,mocravimod,mocravimod,
molibresib,莫利布塞,molibresibum,molibrésib,molibresib,
neflamapimod,奈拉莫德,neflamapimodum,néflamapimod,neflamapimod,
nemiralisib,奈米利塞,nemiralisibum,némiralisib,nemiralisib,
olamkicept,奥拉奇西普,olamkiceptum,olamkicept,olamkicept,
oleclumab,欧乐利尤单抗,oleclumabum,oléclumab,oleclumab,
olodanrigan,奥洛立更,olodanriganum,olodanrigan,olodanrigán,
pegapamodutide,培阿帕度肽,pegapamodutidum,pégapamodutide,pegapamodutida,
porgaviximab,帕伽韦昔单抗,porgaviximabum,porgaviximab,porgaviximab,
praliciguat,普拉西呱,praliciguatum,praliciguat,praliciguat,
quilseconazole,奎司康唑,quilseconazolum,quilséconazole,quilseconazol,
razuprotafib,雷罗他非,razuprotafibum,razuprotafib,razuprotafib,
relacorilant,瑞拉可兰,relacorilantum,rélacorilant,relacorilant,
remdesivir,瑞德西韦,remdesivirum,remdésivir,remdesivir,
ribaxamase,利巴沙酶,ribaxamasum,ribaxamase,ribaxamasa,
rimigorsen,利米戈生,rimigorsenum,rimigorsen,rimigorsén,
rislenemdaz,利莱南达,rislenemdazum,rislénemdaz,rislenemdaz,
selicrelumab,塞利尤单抗,selicrelumabum,sélicrélumab,selicrelumab,
solriamfetol,索安非托,solriamfetolum,solriamfétol,solriamfetol,
suvratoxumab,舒瓦度尤单抗,suvratoxumabum,suvratoxumab,suvratoxumab,
tapinarof,他匹那罗,tapinarofum,tapinarof,tapinarof,
teprasiran,替拉赛仑,teprasiranum,téprasiran,teprasirán,
teslexivir,替来昔韦,teslexivirum,teslexivir,teslexivir,
timapiprant,替马匹仑,timapiprantum,timapiprant,timapiprant,
timigutuzumab,替米妥珠单抗,timigutuzumabum,timigutuzumab,timigutuzumab,
tinostamustine,替诺坦司汀,tinostamustinum,tinostamustine,tinostamustina,
tivanisiran,替伐赛仑,tivanisiranum,tivanisiran,tivanisirán,
tomuzotuximab,托姆妥昔单抗,tomuzotuximabum,tomuzotuximab,tomuzotuximab,
tropifexor,曲匹法索,tropifexorum,tropifexor,tropifexor,
tulinercept,妥那西普,tulinerceptum,tulinercept,tulinercept,
tulrampator,妥兰帕托,tulrampatorum,tulrampator,tulrampator,
varisacumab,瓦瑞西尤单抗,varisacumabum,varisacumab,varisacumab,
varodarsen,伐罗达生,varodarsenum,varodarsen,varodarsén,
voxelotor,伏塞洛托,voxelotorum,voxélotor,voxelotor,
adafosbuvir,阿达磷布韦,adafosbuvirum,adafosbuvir,adafosbuvir,
adarigiline,阿达吉兰,adarigilinum,adarigiline,adarigilina,
adavosertib,阿达色替,adavosertibum,adavosertib,adavosertib,
adimlecleucel,阿定仑赛,adimlecleucelum,adimlecleucel,adimlecleucel,
alirinetide,阿利奈肽,alirinetidum,alirinétide,alirinetida,
alobresib,阿罗布塞,alobresibum,alobrésib,alobresib,
arfolitixorin,阿尔福酸林,arfolitixorinum,arfolitixorine,arfolitixorina,
asivatrep,阿司伐曲普,asivatrepum,asivatrep,asivatrep,
atabecestat,阿塔倍司他,atabecestatum,atabécestat,atabecestat,
atidortoxumab,阿度尤单抗,atidortoxumabum,atidortoxumab,atidortoxumab,
avadomide,阿伐度胺,avadomidum,avadomide,avadomida,
avapritinib,阿伐替尼,avapritinibum,avapritinib,avapritinib,
beinaglutide,贝那格鲁肽,beinaglutidum,béinaglutide,beinaglutida,
bemarituzumab,贝玛妥珠单抗,bemarituzumabum,bémarituzumab,bemarituzumab,
bemcentinib,贝森替尼,bemcentinibum,bemcentinib,bemcentinib,
berlimatoxumab,贝度尤单抗,berlimatoxumabum,berlimatoxumab,berlimatoxumab,
berzosertib,柏唑色替,berzosertibum,berzosertib,berzosertib,
brexanolone,布瑞诺龙,brexanolonum,brexanolone,brexanolona,
camidanlumab,卡利尤单抗,camidanlumabum,camidanlumab,camidanlumab,
canerpaturev,坎那妥瑞,canerpaturevum,canerpaturev,canerpaturev,
capivasertib,卡匹色替,capivasertibum,capivasertib,capivasertib,
cobomarsen,可博迈生,cobomarsenum,cobomarsen,cobomarsén,
cofetuzumab,可妥珠单抗,cofetuzumabum,cofétuzumab,cofetuzumab,
crenigacestat,克瑞加司他,crenigacestatum,crénigacestat,crenigacestat,
danvatirsen,丹伐特生,danvatirsenum,danvatirsen,danvatirsén,
darvadstrocel,达伐赛,darvadstrocelum,darvadstrocel,darvadstrocel,
delgocitinib,德戈替尼,delgocitinibum,delgocitinib,delgocitinib,
desidustat,德昔度司他,desidustatum,désidustat,desidustat,
desmetramadol,去甲曲马多,desmetramadolum,desmétramadol,desmetramadol,
elenbecestat,依仑倍司他,elenbecestatum,élenbécestat,elenbecestat,
elsulfavirine,依磺韦林,elsulfavirinum,elsulfavirine,elsulfavirina,
emiplacel,艾米盘赛,emiplacelum,émiplacel,emiplacel,
enarodustat,恩那度司他,enarodustatum,énarodustat,enarodustat,
exebacase,依塞巴酶,exebacasum,exébacase,exebacasa,
fenebrutinib,非奈替尼,fenebrutinibum,fénébrutinib,fenebrutinib,
firibastat,非立巴司他,firibastatum,firibastat,firibastat,
foliglurax,弗利格卢拉,foligluraxum,foliglurax,foliglurax,
fulacimstat,氟拉司他,fulacimstatum,fulacimstat,fulacimstat,
garvagliptin,加瓦格列汀,garvagliptinum,garvagliptine,garvagliptina,
gimsilumab,净利尤单抗,gimsilumabum,gimsilumab,gimsilumab,
ianalumab,伊利尤单抗,ianalumabum,ianalumab,ianalumab,
iberdomide,伊柏米特,iberdomidum,iberdomide,iberdomida,
iladatuzumab,艾妥珠单抗,iladatuzumabum,iladatuzumab,iladatuzumab,
imlifidase,伊姆利酶,imlifidasum,imlifidase,imlifidasa,
istiratumab,伊妥尤单抗,istiratumabum,istiratumab,istiratumab,
ladiratuzumab,拉妥珠单抗,ladiratuzumabum,ladiratuzumab,ladiratuzumab,
lazertinib,兰泽替尼,lazertinibum,lazertinib,lazertinib,
leflutrozole,来氟曲唑,leflutrozolum,léflutrozole,leflutrozol,
lifirafenib,利非尼布,lifirafenibum,lifirafénib,lifirafenib,
lonapegsomatropin,隆培促生长素,lonapegsomatropinum,lonapegsomatropine,lonapegsomatropina,
loncastuximab,朗妥昔单抗,loncastuximabum,loncastuximab,loncastuximab,
lumasiran,鲁玛赛仑,lumasiranum,lumasiran,lumasirán,
mardepodect,马地泊德,mardepodectum,mardépodect,mardepodect,
milademetan,米拉美坦,milademetanum,miladémétan,milademetán,
minesapride,米沙必利,minesapridum,minésapride,minesaprida,
mirikizumab,米吉珠单抗,mirikizumabum,mirikizumab,mirikizumab,
mosunetuzumab,莫妥珠单抗,mosunetuzumabum,mosunétuzumab,mosunetuzumab,
namodenoson,那莫诺生,namodenosonum,namodénoson,namodenosón,
nangibotide,南吉博肽,nangibotidum,nangibotide,nangibotida,
olinciguat,奥林西呱,olinciguatum,olinciguat,olinciguat,
olorofim,奥洛罗芬,olorofimum,olorofim,olorofim,
omberacetam,昂贝西坦,omberacetamum,ombéracétam,omberacetam,
opaganib,奥帕尼布,opaganibum,opaganib,opaganib,
opiranserin,奥匹色林,opiranserinum,opiransérine,opiranserina,
pamiparib,帕米帕利,pamiparibum,pamiparib,pamiparib,
parsaclisib,帕沙利塞,parsaclisibum,parsaclisib,parsaclisib,
pegilodecakin,培吉白介素,pegilodecakinum,pégilodécakine,pegilodecakina,
pegzilarginase,培齐拉酶,pegzilarginasum,pegzilarginase,pegzilarginasa,
petesicatib,派特卡替,petesicatibum,pétésicatib,petesicatib,
pixatimod,比沙莫德,pixatimodum,pixatimod,pixatimod,
plocabulin,普洛布林,plocabulinum,plocabuline,plocabulina,
prasinezumab,普尼珠单抗,prasinezumabum,prasinezumab,prasinezumab,
ralaniten,雷拉尼腾,ralanitenum,ralaniten,ralanitén,
ravulizumab,瑞利珠单抗,ravulizumabum,ravulizumab,ravulizumab,
redasemtide,瑞达生肽,redasemtidum,rédasemtide,redasemtida,
relmapirazin,瑞玛比嗪,relmapirazinum,relmapirazine,relmapirazina,
reloxaliase,瑞洛利酶,reloxaliasum,réloxaliase,reloxaliasa,
remlarsen,瑞姆拉生,remlarsenum,remlarsen,remlarsén,
riamilovir,利米洛韦,riamilovirum,riamilovir,riamilovir,
rivoceranib,利伏尼布,rivoceranibum,rivocéranib,rivoceranib,
rivogenlecleucel,芮孚仑赛,rivogenlecleucelum,rivogenlecleucel,rivogenlecleucel,
rovazolac,罗伐唑酸酯,rovazolacum,rovazolac,rovazolac,
seliforant,塞利仑特,seliforantum,séliforant,seliforant,
setrusumab,曲索尤单抗,setrusumabum,sétrusumab,setrusumab,
sirtratumab,斯妥尤单抗,sirtratumabum,sirtratumab,sirtratumab,
spartalizumab,司利珠单抗,spartalizumabum,spartalizumab,spartalizumab,
tabelecleucel,他贝仑赛,tabelecleucelum,tabélecleucel,tabelecleucel,
talacotuzumab,塔妥珠单抗,talacotuzumabum,talacotuzumab,talacotuzumab,
tasadenoturev,塔沙妥瑞,tasadenoturevum,tasadénoturev,tasadenoturev,
tasipimidine,他司咪定,tasipimidinum,tasipimidine,tasipimidina,
telacebec,特雷贝克,telacebecum,télacébec,telacebec,
temavirsen,特马韦生,temavirsenum,témavirsen,temavirsén,
tibulizumab,替利珠单抗,tibulizumabum,tibulizumab,tibulizumab,
tigolaner,替戈拉纳,tigolanerum,tigolaner,tigolaner,
tilsotolimod,替索莫德,tilsotolimodum,tilsotolimod,tilsotolimod,
tiragolumab,替瑞利尤单抗,tiragolumabum,tiragolumab,tiragolumab,
tisagenlecleucel,替沙仑赛,tisagenlecleucelum,tisagenlecleucel,tisagenlecleucel,
tislelizumab,替雷利珠单抗,tislelizumabum,tislélizumab,tislelizumab,
trilaciclib,曲拉西利,trilaciclibum,trilaciclib,trilaciclib,
vactosertib,伐托色替,vactosertibum,vactosertib,vactosertib,
valziflocept,伐洛西普,valzifloceptum,valziflocept,valziflocept,
vatinoxan,伐替克生,vatinoxanum,vatinoxan,vatinoxán,
vecabrutinib,维卡替尼,vecabrutinibum,vécabrutinib,vecabrutinib,
veldoreotide,维度瑞肽,veldoreotidum,veldoréotide,veldoreotida,
vorasidenib,伏昔尼布,vorasidenibum,vorasidénib,vorasidenib,
zanubrutinib,扎奴替尼,zanubrutinibum,zanubrutinib,zanubrutinib,
zenocutuzumab,泽妥珠单抗,zenocutuzumabum,zénocutuzumab,zenocutuzumab,
zolbetuximab,佐妥昔单抗,zolbetuximabum,zolbétuximab,zolbetuximab,
abrezekimab,阿泽奇单抗,abrezekimabum,abrézékimab,abrezekimab,
apraglutide,阿帕格鲁肽,apraglutidum,apraglutide,apraglutida,
arazasetron,阿拉司琼,arazasetronum,arazasétron,arazasetrón,
belantamab,贝兰妥单抗,belantamabum,bélantamab,belantamab,
belvarafenib,贝伐尼布,belvarafenibum,belvarafénib,belvarafenib,
bersanlimab,博司利单抗,bersanlimabum,bersanlimab,bersanlimab,
bulevirtide,布乐韦肽,bulevirtidum,bulévirtide,bulevirtida,
cedazuridine,西达尿苷,cedazuridinum,cédazuridine,cedazuridina,
cetrelimab,西利单抗,cetrelimabum,cétrélimab,cetrelimab,
cevidoplenib,塞维尼布,cevidoplenibum,cévidoplénib,cevidoplenib,
cibisatamab,赛必妥单抗,cibisatamabum,cibisatamab,cibisatamab,
ciforadenant,昔福地南,ciforadenantum,ciforadénant,ciforadenant,
cilofexor,昔洛法克索,cilofexorum,cilofexor,cilofexor,
cligosiban,克利西班,cligosibanum,cligosiban,cligosibán,
conteltinib,康特替尼,conteltinibum,conteltinib,conteltinib,
contezolid,康替唑胺,contezolidum,contézolid,contezolid,
cusatuzumab,古妥珠单抗,cusatuzumabum,cusatuzumab,cusatuzumab,
deutivacaftor,氘替卡托,deutivacaftorum,deutivacaftor,deutivacaftor,
difamilast,地法米司特,difamilastum,difamilast,difamilast,
domatinostat,度马诺司他,domatinostatum,domatinostat,domatinostat,
edicotinib,艾地替尼,edicotinibum,édicotinib,edicotinib,
efinopegdutide,伊诺培度肽,efinopegdutidum,éfinopégdutide,efinopegdutida,
elismetrep,依利曲普,elismetrepum,élismétrep,elismetrep,
enapotamab,恩泊妥单抗,enapotamabum,enapotamabum,enapotamab,
enexasogaol,依奈索加,enexasogaolum,énexasogaol,enexasogaol,
epaminurad,艾帕优雷特,epaminuradum,épaminurad,epaminurad,
epeleuton,艾培利顿,epeleutonum,épéleuton,epeleutón,
etidaligide,依泰来吉,etidaligidum,étidaligide,etidaligida,
etigilimab,艾替利单抗,etigilimabum,étigilimab,etigilimab,
faricimab,法瑞西单抗,faricimabum,faricimab,faricimab,
fimepinostat,非美诺司他,fimepinostatum,fimépinostat,fimepinostat,
firsocostat,非索考司他,firsocostatum,firsocostat,firsocostat,
flotetuzumab,伏妥珠单抗,flotetuzumabum,flotétuzumab,flotetuzumab,
gadopiclenol,钆吡醇,gadopiclenolum,gadopiclénol,gadopiclenol,
ganaplacide,加那西特,ganaplacidum,ganaplacide,ganaplacida,
gefapixant,吉法匹生,gefapixantum,géfapixant,gefapixant,
ibrexafungerp,艾瑞芬净,ibrexafungerpum,ibrexafungerp,ibrexafungerp,
imaprelimab,伊普利单抗,imaprelimabum,imaprélimab,imaprelimab,
iscalimab,伊卡利单抗,iscalimabum,iscalimab,iscalimab,
lanraplenib,兰拉尼布,lanraplenibum,lanraplénib,lanraplenib,
lenabasum,来那巴舒,lenabasumum,lénabasum,lenabasum,
lenvervimab,伦韦单抗,lenvervimabum,lenvervimab,lenvervimab,
leronlimab,乐利单抗,leronlimabum,léronlimab,leronlimab,
licogliflozin,利可格列净,licogliflozinum,licogliflozine,licogliflozina,
lifileucel,立非仑赛,lifileucelum,lifileucel,lifileucel,
linerixibat,利奈昔巴特,linerixibatum,linérixibat,linerixibat,
linzagolix,林扎戈利,linzagolixum,linzagolix,linzagolix,
livoletide,利伏来肽,livoletidum,livolétide,livoletida,
lotamilast,洛他米司特,lotamilastum,lotamilast,lotamilast,
macozinone,马考齐酮,macozinonum,macozinone,macozinona,
mavelertinib,马维替尼,mavelertinibum,mavélertinib,mavelertinib,
mavorixafor,马伏沙福,mavorixaforum,mavorixafor,mavorixafor,
mosedipimod,莫司莫德,mosedipimodum,mosédipimod,mosedipimod,
netakimab,尼塔奇单抗,netakimabum,nétakimab,netakimab,
nidufexor,尼度法克索,nidufexorum,nidufexor,nidufexor,
onvatilimab,奥瓦利单抗,onvatilimabum,onvatilimab,onvatilimab,
opinercept,欧那西普,opinerceptum,opinercept,opinercept,
otaplimastat,奥普马司他,otaplimastatum,otaplimastat,otaplimastat,
parimifasor,帕立伐索,parimifasorum,parimifasor,parimifasor,
pavinetant,帕维奈坦,pavinetantum,pavinétant,pavinetant,
pegcetacoplan,培西考布仑,pegcetacoplanum,pegcétacoplan,pegcetacoplán,
pemigatinib,佩米替尼,pemigatinibum,pémigatinib,pemigatinib,
ravagalimab,瑞瓦利单抗,ravagalimabum,ravagalimab,ravagalimab,
revosimeline,瑞伏司美林,revosimelinum,révosiméline,revosimelina,
risdiplam,利司扑兰,risdiplamum,risdiplam,risdiplam,
roblitinib,罗布替尼,roblitinibum,roblitinib,roblitinib,
romilkimab,若奇单抗,romilkimabum,romilkimab,romilkimab,
samrotamab,沙马妥单抗,samrotamabum,samrotamab,samrotamab,
seclidemstat,塞利德司他,seclidemstatum,séclidemstat,seclidemstat,
setafrastat,塞特拉司他,setafrastatum,sétafrastat,setafrastat,
surufatinib,索凡替尼,surufatinibum,surufatinib,surufatinib,
sutimlimab,舒利单抗,sutimlimabum,sutimlimab,sutimlimab,
tagraxofusp,他拉芙普,tagraxofuspum,tagraxofusp,tagraxofusp,
tebentafusp,替本芙普,tebentafuspum,tébentafusp,tebentafusp,
tegavivint,替加文特,tegavivintum,tégavivint,tegavivint,
telratolimod,替拉莫德,telratolimodum,telratolimod,telratolimod,
tengonermin,腾格纳明,tengonerminum,tengonermine,tengonermina,
tepoditamab,特迪妥单抗,tepoditamabum,tépoditamab,tepoditamab,
timbetasin,胸腺倍他新,timbetasinum,timbétasine,timbetasina,
tomivosertib,托米色替,tomivosertibum,tomivosertib,tomivosertib,
tricaprilin,三辛酸甘油酯,tricaprilinum,tricapriline,tricaprilina,
umbralisib,厄布利塞,umbralisibum,umbralisib,umbralisib,
upacicalcet,尤帕卡塞,upacicalcetum,upacicalcet,upacicalcet,
uproleselan,乌罗色仑,uproleselanum,uprolésélan,uproleselán,
valemetostat,伐美妥司他,valemetostatum,valémétostat,valemetostat,
viltolarsen,维托拉生,viltolarsenum,viltolarsen,viltolarsén,
vopratelimab,伏派利单抗,vopratelimabum,vopratélimab,vopratelimab,
zilucoplan,泽卢克布仑,zilucoplanum,zilucoplan,zilucoplán,
abelacimab,阿贝西单抗,abelacimabum,abélacimab,abelacimab,
abivertinib,阿比替尼,abivertinibum,abivertinib,abivertinib,
adriforant,阿屈仑特,adriforantum,adriforant,adriforant,
alteminostat,阿特诺司他,alteminostatum,altéminostat,alteminostat,
amelparib,阿美帕利,amelparibum,amelparib,amelparib,
amlivirsen,阿木利韦生,amlivirsenum,amlivirsen,amlivirsén,
ampreloxetine,阿普罗西汀,ampreloxetinum,ampréloxétine,ampreloxetina,
asalhydromorphone,阿柳氢吗啡酮,asalhydromorphonum,asalhydromorphone,asalhidromorfona,
aticaprant,阿替卡仑,aticaprantum,aticaprant,aticaprant,
avoplacel,阿沃盘赛,avoplacelum,avoplacel,avoplacel,
azelaprag,阿泽普拉格,azelapragum,azélaprag,azelaprag,
bamadutide,巴度肽,bamadutidum,bamadutide,bamadutida,
bempegaldesleukin,贝培阿地白介素,bempegaldesleukinum,bempégaldesleukine,bempegaldesleukina,
bevifimod,贝弗莫德,bevifimodum,bévifimod,bevifimod,
birtamimab,泊特埃单抗,birtamimabum,birtamimab,birtamimab,
brilaroxazine,布瑞拉沙秦,brilaroxazinum,brilaroxazine,brilaroxazina,
budigalimab,布格利单抗,budigalimabum,budigalimab,budigalimab,
camsirubicin,坎西柔比星,camsirubicinum,camsirubicine,camsirubicina,
cemiplimab,西普利单抗,cemiplimabum,cémiplimab,cemiplimab,
cenupatide,申尤泊肽,cenupatidum,cénupatide,cenupatida,
ceralasertib,塞拉色替,ceralasertibum,céralasertib,ceralasertib,
cimlanod,西拉诺德,cimlanodum,cimlanod,cimlanod,
cintirorgon,辛特罗格,cintirorgonum,cintirorgon,cintirorgón,
coblopasvir,可洛派韦,coblopasvirum,coblopasvir,coblopasvir,
cotadutide,可妥度肽,cotadutidum,cotadutide,cotadutida,
crovalimab,可伐利单抗,crovalimabum,crovalimab,crovalimab,
danicopan,达尼可泮,danicopanum,danicopan,danicopán,
dersimelagon,德思美莱戈,dersimelagonum,dersimélagon,dersimelagón,
dilanubicel,地拉鲁珂赛,dilanubicelum,dilanubicel,dilanubicel,
dilpacimab,迪帕西单抗,dilpacimabum,dilpacimab,dilpacimab,
dostarlimab,多塔利单抗,dostarlimabum,dostarlimab,dostarlimab,
durlobactam,度洛巴坦,durlobactamum,durlobactam,durlobactam,
elopultide,艾洛普肽,elopultidum,élopultide,elopultida,
eluforsen,艾卢福生,eluforsenum,éluforsen,eluforsén,
encequidar,恩塞喹达,encequidarum,encéquidar,encequidar,
ensifentrine,恩司芬群,ensifentrinum,ensifentrine,ensifentrina,
exicorilant,艾昔可兰,exicorilantum,exicorilant,exicorilant,
foslinanib,磷那尼布,foslinanibum,foslinanib,foslinanib,
fosmanogepix,磷马吉匹,fosmanogepixum,fosmanogépix,fosmanogepix,
frovocimab,弗洛西单抗,frovocimabum,frovocimab,frovocimab,
futibatinib,福巴替尼,futibatinibum,futibatinib,futibatinib,
galicaftor,加利卡托,galicaftorum,galicaftor,galicaftor,
gancotamab,甘妥单抗,gancotamabum,gancotamab,gancotamab,
golexanolone,戈来诺隆,golexanolonum,golexanolone,golexanolona,
gosuranemab,戈奈单抗,gosuranemabum,gosuranémab,gosuranemab,
hydromethylthionine,氢甲硫堇,hydromethylthioninum,hydrométhylthionine,H,
iadademstat,伊阿德司他,iadademstatum,iadademstat,iadademstat,
ilginatinib,伊吉替尼,ilginatinibum,ilginatinib,ilginatinib,
lenzumestrocel,伦迈托赛,lenzumestrocelum,lenzumestrocel,lenzumestrocel,
leriglitazone,乐立格列酮,leriglitazonum,lériglitazone,leriglitazona,
linrodostat,林罗司他,linrodostatum,linrodostat,linrodostat,
marstacimab,马塔西单抗,marstacimabum,marstacimab,marstacimab,
masupirdine,马舒匹定,masupirdinum,masupirdine,masupirdina,
miricorilant,米立可兰,miricorilantum,miricorilant,miricorilant,
mivavotinib,米伐替尼,mivavotinibum,mivavotinib,mivavotinib,
murlentamab,莫伦妥单抗,murlentamabum,murlentamab,murlentamab,
nerinetide,尼瑞奈肽,nerinetidum,nérinétide,nerinetida,
nevanimibe,奈伐麦布,nevanimibum,névanimibe,nevanimiba,
nirsevimab,尼塞韦单抗,nirsevimabum,nirsévimab,nirsevimab,
nomacopan,诺玛库安,nomacopanum,nomacopan,nomacopán,
obexelimab,奥贝利单抗,obexelimabum,obéxélimab,obexelimab,
odevixibat,奥德昔巴特,odevixibatum,odévixibat,odevixibat,
olacaftor,奥拉卡托,olacaftorum,olacaftor,olacaftor,
olinvacimab,奥伐西单抗,olinvacimabum,olinvacimab,olinvacimab,
olorinab,奥洛利纳,olorinabum,olorinab,olorinab,
omburtamab,奥博妥单抗,omburtamabum,omburtamab,omburtamab,
ontamalimab,昂塔利单抗,ontamalimabum,ontamalimab,ontamalimab,
orilanolimab,奥诺利单抗,orilanolimabum,orilanolimab,orilanolimab,
osocimab,奥索西单抗,osocimabum,osocimab,osocimab,
otilimab,奥替利单抗,otilimabum,otilimab,otilimab,
prolgolimab,帕洛利单抗,prolgolimabum,prolgolimab,prolgolimab,
redipultide,瑞地普肽,redipultidum,rédipultide,redipultida,
relatlimab,瑞拉利单抗,relatlimabum,rélatlimab,relatlimab,
reldesemtiv,瑞地生替,reldesemtivum,reldésemtiv,reldesemtiv,
reproxalap,瑞罗塞拉,reproxalapum,réproxalap,reproxalap,
resmetirom,瑞司美替罗,resmetiromum,resmétirom,resmetirom,
ripretinib,瑞派替尼,ripretinibum,riprétinib,ripretinib,
rocacetrapib,罗卡塞曲匹,rocacetrapibum,rocacétrapib,rocacetrapib,
rodatristat,罗达曲司他,rodatristatum,rodatristat,rodatristat,
rolinsatamab,洛林妥单抗,rolinsatamabum,rolinsatamab,rolinsatamab,
roluperidone,罗鲁哌酮,roluperidonum,rolupéridone,roluperidona,
ruxotemitide,鲁特米肽,ruxotemitidum,ruxotémitide,ruxotemitida,
selatogrel,塞拉格雷,selatogrelum,sélatogrel,selatogrel,
sintilimab,信迪利单抗,sintilimabum,sintilimab,sintilimab,
siremadlin,思瑞德林,siremadlinum,sirémadline,siremadlina,
soticlestat,索替司他,soticlestatum,soticlestat,soticlestat,
spesolimab,佩索利单抗,spesolimabum,spésolimab,espesolimab,
tabituximab,坦比妥昔单抗,tabituximabum,tabituximab,tabituximabum,
tafasitamab,坦昔妥单抗,tafasitamabum,tafasitamab,tafasitamab,
taniborbactam,他尼硼巴坦,taniborbactamum,taniborbactam,taniborbactam,
tavapadon,他伐帕敦,tavapadonum,tavapadon,tavapadón,
telaglenastat,泰莱司他,telaglenastatum,télaglénastat,telaglenastat,
temelimab,替莫利单抗,temelimabum,témélimab,temelimab,
teserpaturev,特西妥若,teserpaturevum,téserpaturev,teserpaturev,
tildacerfont,替达舍封,tildacerfontum,tildacerfont,tildacerfont,
tirbanibulin,特班布林,tirbanibulinum,tirbanibuline,tirbanibulina,
tirzepatide,替尔泊肽,tirzepatidum,tirzépatide,tirzepatida,
tofersen,托夫生,tofersenum,tofersen,tofersén,
toripalimab,特瑞普利单抗,toripalimabum,toripalimab,toripalimab,
umibecestat,乌姆塞司他,umibecestatum,umibécestat,umibecestat,
vafidemstat,伐非德司他,vafidemstatum,vafidemstat,vafidemstat,
valecobulin,伐莱布林,valecobulinum,valécobuline,valecobulina,
zampilimab,佐比利单抗,zampilimabum,zampilimab,zampilimab,
abrocitinib,阿布昔替尼,abrocitinibum,abrocitinib,abrocitinib,
aclimostat,阿克莫司他,aclimostatum,aclimostat,aclimostat,
afizagabar,阿非加巴,afizagabarum,afizagabar,afizagabar,
aldafermin,奥达夫明,aldaferminum,aldafermine,aldafermina,
amcipatricin,阿昔帕曲星,amcipatricinum,amcipatricine,amcipatricina,
aspacytarabine,门冬阿糖胞苷,aspacytarabinum,aspacytarabine,aspacitarabina,
atoltivimab,阿替韦单抗,atoltivimabum,atoltivimab,atoltivimab,
avanbulin,阿凡布林,avanbulinum,avanbuline,avanbulina,
avexitide,阿维昔肽,avexitidum,avexitide,avexitida,
baloramotide,巴洛莫肽,baloramotidum,baloramotide,baloramotida,
balstilimab,巴替利单抗,balstilimabum,balstilimab,balstilimab,
bedinvetmab,贝汀维单抗,bedinvetmabum,bédinvetmab,bedinvetmab,
bermekimab,贝迈奇单抗,bermekimabum,bermékimab,bermekimab,
berotralstat,贝罗曲司他,berotralstatum,bérotralstat,berotralstat,
blarcamesine,布拉美森,blarcamesinum,blarcamésine,blarcamesina,
cendakimab,申达奇单抗,cendakimabum,cendakimab,cendakimab,
cinpanemab,辛帕奈单抗,cinpanemabum,cinpanémab,cinpanemab,
clascoterone,柯拉特龙,clascoteronum,clascotérone,clascoterona,
cobolimab,考伯利单抗,cobolimabum,cobolimab,cobolimab,
crinecerfont,可瑞舍封,crinecerfontum,crinécerfont,crinecerfont,
crisdesalazine,可瑞沙拉秦,crisdesalazinum,crisdésalazine,crisdesalazina,
cytisinicline,赛替尼克兰,cytisiniclinum,cytisinicline,citisiniclina,
danicamtiv,达尼卡替,danicamtivum,danicamtiv,danicamtiv,
devimistat,德韦米司他,devimistatum,dévimistat,devimistat,
disitamab,迪西妥单抗,disitamabum,disitamab,disitamab,
donanemab,多奈单抗,donanemabum,donanémab,donanemab,
dubermatinib,度博替尼,dubermatinibum,dubermatinib,dubermatinib,
elipovimab,依帕韦单抗,elipovimabum,élipovimab,elipovimab,
envafolimab,恩沃利单抗,envafolimabum,envafolimab,envafolimab,
esafoxolaner,艾司索拉纳,esafoxolanerum,ésafoxolaner,esafoxolaner,
etokimab,艾托奇单抗,etokimabum,étokimab,etokimab,
fadaltran,伐达尔群,fadaltranum,fadaltran,fadaltran,
fisogatinib,非索替尼,fisogatinibum,fisogatinib,fisogatinib,
foscarbidopa,磷卡比多巴,foscarbidopum,foscarbidopa,foscarbidopa,
foslevodopa,磷左多巴,foslevodopum,foslévodopa,foslevodopa,
fuzapladib,夫札拉地,fuzapladibum,fuzapladib,fuzapladib,
garadacimab,加达西单抗,garadacimabum,garadacimab,garadacimab,
garetosmab,加托索单抗,garetosmabum,garétosmab,garetosmab,
glenzocimab,格仑西单抗,glenzocimabum,glenzocimab,glenzocimab,
gusacitinib,谷沙昔替尼,gusacitinibum,gusacitinib,gusacitinib,
ieramilimab,埃拉利单抗,ieramilimabum,iéramilimab,ieramilimab,
inbakicept,因奇西普,inbakiceptum,inbakicept,inbakicept,
islatravir,艾拉曲韦,islatravirum,islatravir,islatravir,
lacutamab,拉可妥单抗,lacutamabum,lacutamab,lacutamab,
lademirsen,拉德米生,lademirsenum,lademirsen,lademirsen,
lapretolimod,拉瑞托莫德,lapretolimodum,laprétolimod,lapretolimod,
lerociclib,来罗西利,lerociclibum,lérociclib,lerociclib,
levilimab,乐维利单抗,levilimabum,lévilimab,levilimab,
maftivimab,玛替韦单抗,maftivimabum,maftivimab,maftivimab,
magrolimab,莫洛利单抗,magrolimabum,magrolimab,magrolimab,
mocemestrocel,莫西迈托赛,mocemestrocelum,mocémestrocel,mocemestrocel,
motixafortide,莫替福肽,motixafortidum,motixafortide,motixafortida,
nanatinostat,奈替诺司他,nanatinostatum,nanatinostat,nanatinostat,
naxitamab,那昔妥单抗,naxitamabum,naxitamab,naxitamab,
nimacimab,尼迈西单抗,nimacimabum,nimacimab,nimacimab,
olutasidenib,奥卢特尼布,olutasidenibum,olutasidénib,olutasidenib,
pecavaptan,派克伐坦,pecavaptanum,pécavaptan,pecavaptan,
pegbelfermin,培贝夫明,pegbelferminum,pegbelfermine,pegbelfermina,
pegloprastide,培罗司肽,pegloprastidum,pegloprastide,pegloprastida,
pepinemab,派比奈单抗,pepinemabum,pépinémab,pepinemab,
pizuglanstat,匹组格司他,pizuglanstatum,pizuglanstat,pizuglanstat,
plamotamab,帕拉莫妥单抗,plamotamabum,plamotamab,plamotamab,
pozelimab,帕泽利单抗,pozelimabum,pozélimab,pozelimab,
pralsetinib,普拉替尼,pralsetinibum,pralsétinib,pralsetinib,
pravibismane,普拉铋孟,pravibismanum,pravibismane,pravibismano,
quetmolimab,奎莫利单抗,quetmolimabum,quetmolimab,quetmolimab,
relfovetmab,瑞弗维单抗,relfovetmabum,relfovetmab,relfovetmab,
repotrectinib,瑞普替尼,repotrectinibum,répotrectinib,repotrectinib,
risuteganib,利舒尼布,risuteganibum,risutéganib,risuteganib,
runcaciguat,仑卡西呱,runcaciguatum,runcaciguat,runcaciguat,
selgantolimod,塞兰托莫德,selgantolimodum,selgantolimod,selgantolimod,
selitrectinib,塞利曲替尼,selitrectinibum,sélitrectinib,selitrectinib,
selpercatinib,塞普替尼,selpercatinibum,selpercatinib,selpercatinib,
semorinemab,西瑞奈单抗,semorinemabum,sémorinémab,semorinemab,
serclutamab,思诺妥单抗,serclutamabum,serclutamab,serclutamab,
serdexmethylphenidate,丝右哌甲酯,serdexmethylphenidatum,serdexméthylphénidate,serdexmetilfenidato,
setanaxib,塞他纳昔,setanaxibum,sétanaxib,setanaxib,
sibofimloc,西波洛可,sibofimlocum,sibofimloc,sibofimloc,
simurosertib,西马洛色替,simurosertibum,simurosertib,simurosertib,
sonlicromanol,索里迈诺,sonlicromanolum,sonlicromanol,sonlicromanol,
taminadenant,塔那地南,taminadenantum,taminadénant,taminadenant,
tamrintamab,他林妥单抗,tamrintamabum,tamrintamab,tamrintamab,
tanfanercept,特那西普,tanfanerceptum,tanfanercept,tanfanercept,
teclistamab,特立妥单抗,teclistamabum,téclistamab,teclistamab,
telitacicept,泰它西普,telitaciceptum,télitacicept,telitacicept,
tidutamab,泰妥单抗,tidutamabum,tidutamab,tidutamab,
tilavonemab,替拉奈单抗,tilavonemabum,tilavonémab,tilavonemab,
tomaralimab,托拉利单抗,tomaralimabum,tomaralimab,tomaralimab,
triheptanoin,三庚酸甘油酯,triheptanoinum,triheptanoïne,triheptanoína,
troriluzole,曲利鲁唑,troriluzolum,troriluzole,troriluzole,
tuvatexib,妥伐特昔,tuvatexibum,tuvatexib,tuvatexib,
vibecotamab,维克妥单抗,vibecotamabum,vibécotamab,vibecotamab,
vimirogant,维米更特,vimirogantum,vimirogant,vimirogant,
vofatamab,沃凡妥单抗,vofatamabum,vofatamab,vofatamab,
volagidemab,沃拉德单抗,volagidemabum,volagidémab,volagidemab,
voluloride,伏鲁瑞德,voluloridum,voluloride,volulorida,
zalifrelimab,泽弗利单抗,zalifrelimabum,zalifrélimab,zalifrelimab,
ziresovir,齐瑞索韦,ziresovirum,zirésovir,ziresovir,
ziritaxestat,齐利泰司他,ziritaxestatum,ziritaxestat,ziritaxestat,
zotatifin,佐他替非,zotatifinum,zotatifine,zotatifina,
zuranolone,珠兰诺隆,zuranolonum,zuranolone,zuranolone,
amivantamab,埃万妥单抗,amivantamabum,amivantamab,amivantamab,
arpraziquantel,阿尔吡喹酮,arpraziquantelum,arpraziquantel,arprazicuantel,
astegolimab,艾特利单抗,astegolimabum,astégolimab,astegolimab,
atleradstrocel,奥拉阿托赛,atleradstrocelum,atléradstrocel,atleradstrocel,
avdoralimab,艾朵利单抗,avdoralimabum,avdoralimab,avdoralimab,
avizakimab,艾维奇单抗,avizakimabum,avizakimab,avizakimab,
axatilimab,艾克利单抗,axatilimabum,axatilimab,axatilimab,
bamocaftor,巴莫卡托,bamocaftorum,bamocaftor,bamocaftor,
batoclimab,巴托利单抗,batoclimabum,batoclimab,batoclimab,
befovacimab,贝弗西单抗,befovacimabum,béfovacimab,befovacimab,
benufutamab,贝奴妥单抗,benufutamabum,bénufutamab,benufutamab,
branebrutinib,伯来布替尼,branebrutinibum,branébrutinib,branebrutinib,
brensocatib,布索卡替,brensocatibum,brensocatib,brensocatib,
brepocitinib,布瑞昔替尼,brepocitinibum,brépocitinib,brepocitinib,
catequentinib,卡奎替尼,catequentinibum,catéquentinib,catequentinib,
centhaquine,赛萨奎,centhaquinum,centhaquine,centhaquina,
cosibelimab,柯希利单抗,cosibelimabum,cosibélimab,cosibelimab,
dovanvetmab,度伐维单抗,dovanvetmabum,dovanvetmab,dovanvetmab,
elexacaftor,依来卡托,elexacaftorum,élexacaftor,elexacaftor,
elsubrutinib,依苏布替尼,elsubrutinibum,elsubrutinib,elsubrutinib,
enavogliflozin,依伏格列净,enavogliflozinum,énavogliflozine,enavogliflozina,
encelimab,安沙利单抗,encelimabum,encelimab,encelimab,
enmetazobactam,甲他唑巴坦,enmetazobactamum,enmétazobactam,enmetazobactam,
epcoritamab,艾可瑞妥单抗,epcoritamabum,épcoritamab,epcoritamab,
fadraciclib,法卓西利,fadraciclibum,fadraciclib,fadraciclib,
felcisetrag,非司曲格,felcisetragum,felcisétrag,felcisetrag,
felezonexor,非佐尼索,felezonexorum,félézonexor,felezonexor,
fianlimab,弗安利单抗,fianlimabum,fianlimab,fianlimab,
firzotemcel,菲佐干赛,firzotemcelum,firzotemcel,firzotemcel,
fosdenopterin,福德蝶呤,fosdenopterinum,fosdénoptérine,fosdenopterina,
gatralimab,格曲利单抗,gatralimabum,gatralimab,gatralimab,
glofitamab,格菲妥单抗,glofitamabum,glofitamab,glofitamab,
gontivimab,格替韦单抗,gontivimabum,gontivimab,gontivimab,
gremubamab,格瑞巴单抗,gremubamabum,grémubamab,gremubamab,
imifoplatin,伊米磷铂,imifoplatinum,imifoplatine,imifoplatino,
imnopitant,伊诺匹坦,imnopitantum,imnopitant,imnopitant,
ivaltinostat,伊伐诺司他,ivaltinostatum,ivaltinostat,ivaltinostat,
ivuxolimab,艾沃利单抗,ivuxolimabum,ivuxolimab,ivuxolimab,
izencitinib,伊森昔替尼,izencitinibum,izencitinib,izencitinib,
lenacapavir,来那帕韦,lenacapavirum,lénacapavir,lenacapavir,
linperlisib,林普利塞,linperlisibum,linperlisib,linperlisib,
lodapolimab,洛达利单抗,lodapolimabum,lodapolimab,lodapolimab,
lomardexamfetamine,洛右苯丙胺,lomardexamfetaminum,lomardexamfétamine,lomardexamfetamina,
lonodelestat,罗诺来司他,lonodelestatum,lonodélestat,lonodelestat,
manelimab,玛奈利单抗,manelimabum,manélimab,manelimab,
mesdopetam,美度培坦,mesdopetamum,mesdopétam,mesdopetam,
mevociclib,美伏西利,mevociclibum,mévociclib,mevociclib,
mezagitamab,迈泽妥单抗,mezagitamabum,mézagitamab,mezagitamab,
milategrast,米拉司特,milategrastum,milatégrast,milategrast,
mirzotamab,米佐妥单抗,mirzotamabum,mirzotamab,mirzotamab,
mobocertinib,莫博赛替尼,mobocertinibum,mobocertinib,mobocertinib,
narsoplimab,纳索利单抗,narsoplimabum,narsoplimab,narsoplimab,
navafenterol,那瓦特罗,navafenterolum,navafentérol,navafenterol,
navocaftor,那伏卡托,navocaftorum,navocaftor,navocaftor,
nelonemdaz,奈罗南达,nelonemdazum,nélonemdaz,nelonemdaz,
nerindocianine,奈瑞昔宁,nerindocianinum,nérindocianine,nerindocianina,
numidargistat,诺美精司他,numidargistatum,numidargistat,numidargistat,
nurulimab,诺瑞利单抗,nurulimabum,nurulimab,nurulimab,
obafistat,奥巴非司他,obafistatum,obafistat,obafistat,
odesivimab,奥西韦单抗,odesivimabum,odésivimab,odesivimab,
odronextamab,奥尼妥单抗,odronextamabum,odronextamab,odronextamab,
olafertinib,奥拉夫替尼,olafertinibum,olafertinib,olafertinib,
olpasiran,奥帕司兰,olpasiranum,olpasiran,olpasirán,
omidubicel,奥米珂赛,omidubicelum,omidubicel,omidubicel,
onvansertib,昂凡色替,onvansertibum,onvansertib,onvansertib,
orismilast,奥瑞米司特,orismilastum,orismilast,orismilast,
otenaproxesul,奥萘普塞尔,otenaproxesulum,oténaproxésul,otenaproxesul,
pacmilimab,帕克米利单抗,pacmilimabum,pacmilimab,pacmilimab,
paltusotine,帕尔索汀,paltusotinum,paltusotine,paltusotina,
pamufetinib,帕姆替尼,pamufetinibum,pamufétinib,pamufetinib,
paxalisib,帕克利塞,paxalisibum,paxalisib,paxalisib,
petosemtamab,派森妥单抗,petosemtamabum,pétosemtamab,petosemtamab,
pimitespib,派米司匹,pimitespibum,pimitespib,pimitespib,
praluzatamab,普罗妥单抗,praluzatamabum,praluzatamab,praluzatamab,
ralmitaront,拉米隆特,ralmitarontum,ralmitaront,ralmitaront,
remestemcel,瑞米干赛,remestemcelum,rémestemcel,remestemcel,
remibrutinib,瑞米布替尼,remibrutinibum,rémibrutinib,remibrutinib,
retifanlimab,瑞弗利单抗,retifanlimabum,rétifanlimab,retifanlimab,
rilzabrutinib,利扎布替尼,rilzabrutinibum,rilzabrutinib,rilzabrutinib,
rimtuzalcap,利托卡普,rimtuzalcapum,rimtuzalcap,rimtuzalcap,
ritlecitinib,利特昔替尼,ritlecitinibum,ritlécitinib,ritlecitinib,
ropocamptide,罗普坎肽,ropocamptidum,ropocamptide,ropocamptida,
rovaleucel,诺瓦仑赛,rovaleucelum,rovaleucel,rovaleucel,
samotolisib,沙托利塞,samotolisibum,samotolisib,samotolisib,
sasanlimab,萨善利单抗,sasanlimabum,sasanlimab,sasanlimab,
sepofarsen,塞普法生,sepofarsenum,sépofarsen,sepofarsén,
serplulimab,斯鲁利单抗,serplulimabum,serplulimab,serplulimab,
setamevetcel,司他维赛,setamevetcelum,sétamévetcel,setamevetcel,
sinbaglustat,辛巴格司他,sinbaglustatum,sinbaglustat,sinbaglustat,
sonelokimab,索洛奇单抗,sonelokimabum,sonélokimab,sonelokimab,
sovateltide,索伐德肽,sovateltidum,sovateltide,sovateltida,
stapuldencel,司普登赛,stapuldencelum,stapuldencel,estapuldencel,
suvodirsen,舒沃地生,suvodirsenum,suvodirsen,suvodirsén,
tafolecimab,托莱西单抗,tafolecimabum,tafolécimab,tafolecimab,
talquetamab,塔奎妥单抗,talquetamabum,talquétamab,talquetamab,
tanimilast,坦尼米司特,tanimilastum,tanimilast,tanimilast,
tapotoclax,他普托克拉,tapotoclaxum,tapotoclax,tapotoclax,
tilvestamab,替卫妥单抗,tilvestamabum,tilvestamab,tilvestamab,
tinlarebant,替拉瑞班特,tinlarebantum,tinlarébant,tinlarebant,
tinurilimab,替奴瑞利单抗,tinurilimabum,tinurilimab,tinurilimab,
toludesvenlafaxine,托鲁地文拉法辛,toludesvenlafaxinum,toludesvenlafaxine,toludesvenlafaxina,
tominersen,托米那生,tominersenum,tominersen,tominersén,
trazpiroben,曲比罗本,trazpirobenum,trazpirobène,trazpirobén,
velsecorat,维塞考特,velsecoratum,velsécorat,velsecorat,
veverimer,维瑞聚姆,veverimerum,vévérimère,veverímero,
vibostolimab,维博利单抗,vibostolimabum,vibostolimab,vibostolimab,
vupanorsen,瓦帕诺生,vupanorsenum,vupanorsen,vupanorsén,
xiliertinib,希乐替尼,xiliertinibum,xiliertinib,xiliertinib,
zagotenemab,泽格特奈单抗,zagotenemabum,zagoténémab,zagotenemab,
zanidatamab,泽尼达妥单抗,zanidatamabum,zanidatamab,zanidatamab,
zelminemab,泽米奈单抗,zelminemabum,zelminémab,zelminemab,
zelquistinel,泽奎替奈,zelquistinelum,zelquistinel,zelquistinel,
ziltivekimab,泽韦奇单抗,ziltivekimabum,ziltivékimab,ziltivekimab,
zorifertinib,佐利替尼,zorifertinibum,zorifertinib,zorifertinib,
cintirorgon,辛特罗格,cintirorgonum,cintirorgon,cintirorgón,
acoramidis,阿考米迪,acoramidisum,acoramidis,acoramidis,
adebrelimab,阿得贝利单抗,adebrelimabum,adébrélimab,adebrelimab,
alsevalimab,艾司沃利单抗,alsevalimabum,alsévalimab,alsevalimab,
amcenestrant,安森司群,amcenestrantum,amcénestrant,amcenestrant,
amdakefalin,安达法林,amdakefalinum,amdakéfaline,amdakefalina,
aramisulpride,阿尔氨磺必利,aramisulpridum,aramisulpride,aramisulprida,
azemiglitazone,阿泽格列酮,azemiglitazonum,azémiglitazone,azemiglitazona,
belzutifan,贝组替凡,belzutifanum,belzutifan,belzutifán,
bepranemab,贝瑞奈单抗,bepranemabum,bépranémab,bepranemab,
bersacapavir,柏沙卡韦,bersacapavirum,bersacapavir,bersacapavir,
bexmarilimab,贝马瑞利单抗,bexmarilimabum,bexmarilimab,bexmarilimab,
bomedemstat,泊美德司他,bomedemstatum,bomédemstat,bomedemstat,
cevostamab,泽沃斯妥单抗,cevostamabum,cévostamab,cevostamab,
conendostatin,考恩司汀,conendostatinum,conendostatine,conendostatina,
cudarolimab,库达利单抗,cudarolimabum,cudarolimab,cudarolimab,
datopotamab,达博妥单抗,datopotamabum,datopotamab,datopotamab,
demupitamab,迪木匹妥单抗,demupitamabum,démupitamab,de,
docaravimab,多可瑞韦单抗,docaravimabum,docaravimab,docaravimab,
ebopiprant,依博匹仑,ebopiprantum,ébopiprant,ebopiprant,
eliapixant,依林匹生,eliapixantum,éliapixant,eliapixant,
elinzanetant,依林奈坦,elinzanetantum,élinzanétant,elinzanetant,
enflicoxib,恩利昔布,enflicoxibum,enflicoxib,enflicoxib,
esamisulpride,艾司氨磺必利,esamisulpridum,ésamisulpride,esamisulprida,
exaluren,依莎卢仑,exalurenum,exalurène,exalureno,
ezabenlimab,埃本利单抗,ezabenlimabum,ézabenlimab,ezabenlimab,
ezeprogind,依波吉德,ezeprogindum,ézéprogind,ezeprogind,
feladilimab,菲阿迪利单抗,feladilimabum,féladilimab,feladilimab,
felzartamab,菲泽妥单抗,felzartamabum,felzartamab,felzartamab,
filapixant,非拉匹生,filapixantum,filapixant,filapixant,
fosciclopirox,磷环吡酮,fosciclopiroxum,fosciclopirox,fosciclopirox,
fosifidancitinib,磷伊达昔替尼,fosifidancitinibum,fosifidancitinib,fosifidancitinib,
genistein,吉尼司腾,genisteinum,génistéine,genisteína,
giloralimab,格洛瑞利单抗,giloralimabum,giloralimab,giloralimab,
giredestrant,吉雷司群,giredestrantum,girédestrant,giredestrant,
icenticaftor,艾思卡托,icenticaftorum,icenticaftor,icenticaftor,
icerguastat,伊胍司他,icerguastatum,icerguastat,icerguastat,
idetrexed,伊德曲塞,idetrexedum,idétrexed,idetrexed,
ifidancitinib,伊达昔替尼,ifidancitinibum,ifidancitinib,ifidancitinib,
imaradenant,伊玛地南,imaradenantum,imaradénant,imaradenant,
inavolisib,伊那利塞,inavolisibum,inavolisib,inavolisib,
iptacopan,伊普可泮,iptacopanum,iptacopan,iptacopán,
isecarosmab,艾司卡索单抗,isecarosmabum,isécarosmab,isecarosmab,
itacnosertib,伊塔色替,itacnosertibum,itacnosertib,itacnosertib,
itepekimab,依特吉单抗,itepekimabum,itépékimab,itepekimab,
izokibep,依泽吉贝普,izokibepum,izokibep,izokibep,
lazuvapagon,拉组伐帕戈,lazuvapagonum,lazuvapagon,lazuvapagón,
lecanemab,仑卡奈单抗,lecanemabum,lécanémab,lecanemab,
lorpucitinib,洛普昔替尼,lorpucitinibum,lorpucitinib,lorpucitinib,
luvadaxistat,鲁瓦西司他,luvadaxistatum,luvadaxistat,luvadaxistat,
miptenalimab,迈纳利单抗,miptenalimabum,mipténalimab,miptenalimab,
mirdametinib,莫达美替尼,mirdametinibum,mirdamétinib,mirdametinib,
miromavimab,迈洛韦单抗,miromavimabum,miromavimab,miromavimab,
murizatoclax,莫利托克拉,murizatoclaxum,murizatoclax,murizatoclax,
nesolicaftor,奈索卡托,nesolicaftorum,nésolicaftor,nesolicaftor,
nipocalimab,尼卡利单抗,nipocalimabum,nipocalimab,nipocalimab,
olverembatinib,奥雷巴替尼,olverembatinibum,olvérembatinib,olverembatinib,
onatasertib,昂那色替,onatasertibum,onatasertib,onatasertib,
ongericimab,昂戈瑞西单抗,ongericimabum,ongéricimab,ongericimab,
ontorpacept,昂托瑞泊西普,ontorpaceptum,ontorpacept,ontorpacept,
opucolimab,欧可利单抗,opucolimabum,opucolimab,opucolimab,
orelabrutinib,奥布替尼,orelabrutinibum,orélabrutinib,orelabrutinib,
osoresnontrine,奥索纳群,osoresnontrinum,osoresnontrine,osoresnontrina,
pelacarsen,佩拉卡生,pelacarsenum,pélacarsen,pelacarsén,
pelcitoclax,佩希托克拉,pelcitoclaxum,pelcitoclax,pelcitoclax,
pexopiprant,派可索匹仑,pexopiprantum,pexopiprant,pexopiprant,
pimurutamab,匹姆瑞妥单抗,pimurutamabum,pimurutamab,pimurutamab,
posenacaftor,泊森卡托,posenacaftorum,posénacaftor,posenacaftor,
quavonlimab,齐沃利单抗,quavonlimabum,quavonlimab,quavonlimab,
ragifilimab,拉格芙利单抗,ragifilimabum,ragifilimab,ragifilimab,
recifercept,瑞夫明西普,reciferceptum,récifercept,recifercept,
relzomostat,瑞佐莫司他,relzomostatum,relzomostat,relzomostat,
revdofilimab,瑞芙利单抗,revdofilimabum,revdofilimab,revdofilimab,
rezivertinib,瑞齐替尼,rezivertinibum,rézivertinib,rezivertinib,
rilematovir,利雷托韦,rilematovirum,rilématovir,rilematovir,
ripertamab,瑞帕妥单抗,ripertamabum,ripertamab,ripertamab,
rosopatamab,罗索帕妥单抗,rosopatamabum,rosopatamab,rosopatamab,
sabatolimab,沙巴托利单抗,sabatolimabum,sabatolimab,sabatolimab,
samelisant,沙美利生,samelisantum,samélisant,samelisant,
samuraciclib,沙马莱西利,samuraciclibum,samuraciclib,samuraciclib,
seralutinib,塞拉替尼,seralutinibum,séralutinib,seralutinib,
sisunatovir,西司托韦,sisunatovirum,sisunatovir,sisunatovir,
sovesudil,索维舒地尔,sovesudilum,sovésudil,sovesudil,
sugemalimab,舒格利单抗,sugemalimabum,sugémalimab,sugemalimab,
suvecaltamide,舒韦酰胺,suvecaltamidum,suvécaltamide,suvecaltamida,
tebotelimab,特泊利单抗,tebotelimabum,tébotélimab,tebotelimab,
telazorlimab,特拉佐利单抗,telazorlimabum,télazorlimab,telazorlimab,
tesnatilimab,特司纳利单抗,tesnatilimabum,tesnatilimab,tesnatilimab,
tifalibep,替法利贝普,tifalibepum,tifalibep,tifalibep,
tilogotamab,替罗格妥单抗,tilogotamabum,tilogotamab,tilogotamab,
tolebrutinib,托来布替尼,tolebrutinibum,tolébrutinib,tolebrutinib,
tovinontrine,托韦纳群,tovinontrinum,tovinontrine,tovinontrina,
udonitrectag,乌曲他可,udonitrectagum,udonitrectag,udonitrectag,
urabrelimab,厄比瑞利单抗,urabrelimabum,urabrélimab,urabrelimab,
uzansertib,乌赞色替,uzansertibum,uzansertib,uzansertib,
vebicorvir,维比可韦,vebicorvirum,vébicorvir,vebicorvir,
velmupressin,维莫加压素,velmupressinum,velmupressine,velmupresina,
velufenacin,维鲁非那新,velufenacinum,vélufénacine,velufenacina,
vilobelimab,韦洛利单抗,vilobelimabum,vilobélimab,vilobelimab,
vonafexor,伏那法克索,vonafexorum,vonafexor,vonafexor,
vosilasarm,伏司拉姆,vosilasarmum,vosilasarm,vosilasarm,
vulinacimab,弗林西单抗,vulinacimabum,vulinacimab,vulinacimab,
xevinapant,珍维那泮,xevinapantum,xévinapant,xevinapant,
zandelisib,扎德利塞,zandelisibum,zandélisib,zandelisib,
zoligratinib,佐格拉替尼,zoligratinibum,zoligratinib,zoligratinib,
zotiraciclib,佐替莱西利,zotiraciclibum,zotiraciclib,zotiraciclib,
zuberitamab,泽贝妥单抗,zuberitamabum,zubéritamab,zuberitamab,
ademetionine,腺苷甲硫氨酸,ademetioninum,adémétionine,ademetionina,
acapatamab,艾卡帕妥单抗,acapatamabum,acapatamab,acapatamab,
aldumastat,艾度马司他,aldumastatum,aldumastat,aldumastat,
alnuctamab,阿奴卡妥单抗,alnuctamabum,alnuctamab,alnuctamab,
ancremonam,安克莫南,ancremonamum,ancrémonam,ancremonam,
apitegromab,阿匹特古单抗,apitegromabum,apitégromab,apitegromab,
asundexian,阿舒德克森,asundexianum,asundexian,asundexián,
avotaciclib,阿伏他西利,avotaciclibum,avotaciclib,avotaciclib,
bapotulimab,巴泊妥利单抗,bapotulimabum,bapotulimab,bapotulimab,
barecetamab,巴瑞赛妥单抗,barecetamabum,barécétamab,barecetamab,
batiraxcept,巴替瑞西普,batiraxceptum,batiraxcept,batiraxcept,
befotertinib,贝福替尼,befotertinibum,béfotertinib,befotertinib,
belumosudil,贝舒地尔,belumosudilum,bélumosudil,belumosudil,
bentracimab,贝曲西单抗,bentracimabum,bentracimab,bentracimab,
bepirovirsen,贝普若韦生,bepirovirsenum,bépirovirsen,bépirovirsen,
cagrilintide,卡瑞林肽,cagrilintidum,cagrilintide,cagrilintida,
cantharidin,斑蝥素,cantharidinum,cantharidine,cantaridina,
carfloglitazar,卡伏格列扎,carfloglitazarum,carfloglitazar,carfloglitazar,
cedirogant,西地洛更特,cedirogantum,cédirogant,cedirogant,
cirtuvivint,西托文特,cirtuvivintum,cirtuvivint,cirtuvivint,
coprelotamab,库洛妥单抗,coprelotamabum,coprélotamab,coprelotamab,
cotosudil,可托舒地尔,cotosudilum,cotosudil,cotosudil,
dafsolimab,达索利单抗,dafsolimabum,dafsolimab,dafsolimab,
dalosirvat,达罗塞特,dalosirvatum,dalosirvat,dalosirvat,
dalpiciclib,达尔西利,dalpiciclibum,dalpiciclib,dalpiciclib,
danavorexton,达那雷顿,danavorextonum,danavorexton,danavorextón,
dapiglutide,达匹格鲁肽,dapiglutidum,dapiglutide,dapiglutida,
daplusiran,达普鲁司瑞,daplusiranum,daplusiran,daplusirán,
darigabat,达立加巴特,darigabatum,darigabat,darigabat,
darovasertib,达洛色替,darovasertibum,darovasertib,darovasertib,
daxdilimab,达司迪利单抗,daxdilimabum,daxdilimab,daxdilimab,
dazodalibep,达佐利贝普,dazodalibepum,dazodalibep,dazodalibep,
depemokimab,德莫奇单抗,depemokimabum,dépémokimab,depemokimab,
deucravacitinib,氘可来昔替尼,deucravacitinibum,deucravacitinib,deucravacitinib,
dirocaftor,地罗卡托,dirocaftorum,dirocaftor,dirocaftor,
divozilimab,迪沃利单抗,divozilimabum,divozilimab,divozilimab,
ebronucimab,伊努西单抗,ebronucimabum,ébronucimab,ebronucimab,
edralbrutinib,依曲布替尼,edralbrutinibum,édralbrutinib,edralbrutinib,
elimusertib,依木色替,elimusertibum,élimusertib,elimusertib,
emerfetamab,艾迈妥单抗,emerfetamabum,émerfétamab,emerfetamab,
enibarcimab,恩巴瑞西单抗,enibarcimabum,énibarcimab,enibarcimab,
enomimeran,依诺米瑞,enomimeranum,énomiméran,enomimerán,
eplontersen,依普隆特生,eplontersenum,éplontersen,eplontersén,
eprenetapopt,依兰泊特,eprenetapoptum,éprénétapopt,eprenetapopt,
etevritamab,艾替瑞妥单抗,etevritamabum,étévritamab,etevritamab,
fanotaprim,法诺普林,fanotaprimum,fanotaprim,fanotaprim,
firazorexton,非拉雷顿,firazorextonum,firazorexton,firazorextón,
flubentylosin,氟苯泰乐菌素,flubentylosinum,flubentylosine,flubentilosina,
garivulimab,戈瑞沃利单抗,garivulimabum,garivulimab,garivulimab,
garveleucel,戈维仑赛,garveleucelum,garvéleucel,garveleucel,
geptanolimab,杰洛利单抗,geptanolimabum,geptanolimab,geptanolimab,
gindameran,基达米瑞,gindameranum,gindaméran,gindamerán,
grisnilimab,格尼利单抗,grisnilimabum,grisnilimab,grisnilimab,
hepcidin,肝菌素,hepcidinum,hepcidin-25,hepcidine,
ibezapolstat,伊贝泊司他,ibezapolstatum,ibézapolstat,ibezapolstat,
icapamespib,伊卡司匹,icapamespibum,icapamespib,icapamespib,
idactamab,伊达妥单抗,idactamabum,idactamab,idactamab,
ilacirnon,伊拉西孟,ilacirnonum,ilacirnon,ilacirnón,
inupadenant,伊帕地南,inupadenantum,inupadénant,inupadenant,
invimestrocel,英韦迈托赛,invimestrocelum,invimestrocel,invimestrocel,
ipivivint,伊匹文特,ipivivintum,ipivivint,ipivivint,
izuralimab,艾珠利单抗,izuralimabum,izuralimab,izuralimab,
laduviglusib,拉度格塞,laduviglusibum,laduviglusib,laduviglusib,
lazucirnon,拉珠西孟,lazucirnonum,lazucirnon,lazucirnón,
lerodalcibep,莱达西贝普,lerodalcibepum,lérodalcibep,lerodalcibep,
letaplimab,莱特利单抗,letaplimabum,létaplimab,letaplimab,
lirametostat,利雷美妥司他,lirametostatum,liramétostat,lirametostat,
ludaterone,卢达特龙,ludateronum,ludatérone,ludaterona,
melrilimab,迈瑞利单抗,melrilimabum,melrilimab,melrilimab,
milvexian,米维克森,milvexianum,milvexian,milvexián,
mipasetamab,米帕妥单抗,mipasetamabum,mipasétamab,mipasetamab,
modoflaner,莫多拉纳,modoflanerum,modoflaner,modoflaner,
mosliciguat,莫利西呱,mosliciguatum,mosliciguat,mosliciguat,
naporafenib,纳普拉非尼,naporafenibum,naporafénib,naporafenib,
nedosiran,尼德司瑞,nedosiranum,nédosiran,nedosirán,
obrindatamab,奥瑞达妥单抗,obrindatamabum,obrindatamab,obrindatamab,
ociperlimab,欧司珀利单抗,ociperlimabum,ociperlimab,ociperlimab,
omodenbamab,奥莫德巴单抗,omodenbamabum,omodenbamab,omodenbamab,
onametostat,昂那美妥司他,onametostatum,onamétostat,onametostat,
ontasameran,欧塔斯米瑞,ontasameranum,ontasaméran,ontasamerán,
oplunofusp,奥伦诺芙普,oplunofuspum,oplunofusp,oplunofusp,
pacanalotamab,帕卡那妥单抗,pacanalotamabum,pacanalotamab,pacanalotamab,
pavurutamab,帕沃瑞妥单抗,pavurutamabum,pavurutamab,pavurutamab,
pegtibatinase,培替巴泰酶,pegtibatinasum,pegtibatinase,pegtibatinasa,
pegulicianine,培谷昔宁,pegulicianinum,pégulicianine,pegulicianina,
pelabresib,佩莱瑞塞,pelabresibum,pélabrésib,pelabresib,
pemrametostat,哌雷美妥司他,pemrametostatum,pemramétostat,pemrametostat,
penpulimab,派安普利单抗,penpulimabum,penpulimab,penpulimab,
pidnarulex,匹德鲁克,pidnarulexum,pidnarulex,pidnarulex,
pimivalimab,匹米利单抗,pimivalimabum,pimivalimab,pimivalimab,
pirepemat,匹瑞麦特,pirepematum,pirépémat,pirepemat,
pomulmeran,泊莫米瑞,pomulmeranum,pomulméran,pomulmerán,
posoleucel,泊索仑赛,posoleucelum,posoleucel,posoleucel,
radgocitabine,雷戈西他滨,radgocitabinum,radgocitabine,radgocitabina,
rebonuputemcel,瑞泊普干赛,rebonuputemcelum,rébonuputemcel,rebonuputemcel,
recaticimab,瑞卡西单抗,recaticimabum,récaticimab,recaticimab,
resiniferatoxin,瑞尼毒素,resiniferatoxinum,résinifératoxine,resiniferatoxina,
rezvilutamide,瑞维鲁胺,rezvilutamidum,rezvilutamide,rezvilutamida,
rineterkib,林特吉贝,rineterkibum,rinéterkib,rineterkib,
rintodestrant,林托司群,rintodestrantum,rintodestrant,rintodestrant,
roducitabine,罗度西他滨,roducitabinum,roducitabine,roducitabina,
senaparib,塞纳帕利,senaparibum,sénaparib,senaparib,
sivopixant,西沃匹生,sivopixantum,sivopixant,sivopixant,
sizavaleucel,司佐沃仑赛,sizavaleucelum,sizavaleucel,sizavaleucel,
sotigalimab,索替利单抗,sotigalimabum,sotigalimab,sotigalimab,
sotorasib,索托雷塞,sotorasibum,sotorasib,sotorasib,
sulanemadlin,舒兰德林,sulanemadlinum,sulanémadline,sulanemadlina,
suntinorexton,苏替雷顿,suntinorextonum,suntinorexton,suntinorextón,
suratadenoturev,舒拉艾若,suratadenoturevum,suratadénoturev,suratadenoturev,
taletrectinib,他雷替尼,taletrectinibum,talétrectinib,taletrectinib,
taniraleucel,坦尼瑞仑赛,taniraleucelum,taniraleucel,taniraleucel,
tarlatamab,塔拉妥单抗,tarlatamabum,tarlatamab,tarlatamab,
telpegfilgrastim,拓培非格司亭,telpegfilgrastimum,telpegfilgrastim,telpegfilgrastim,
tenvumestrocel,替沃迈托赛,tenvumestrocelum,tenvumestrocel,tenvumestrocel,
teplinovivint,替诺文特,teplinovivintum,téplinovivint,teplinovivint,
terevalefim,特瑞非姆,terevalefimum,térévaléfim,terevalefim,
tilpisertib,泰普色替,tilpisertibum,tilpisertib,tilpisertib,
tusamitamab,特赛妥单抗,tusamitamabum,tusamitamab,tusamitamab,
ursodoxicoltaurine,熊去氧胆酰牛磺酸,ursodoxicoltaurinum,ursodoxicoltaurine,ursodoxicoltaurina,
vamifeport,伐米菲卟特,vamifeportum,vamiféport,vamifeport,
venadaparib,文达帕利,venadaparibum,vénadaparib,venadaparib,
vevorisertib,维沃色替,vevorisertibum,vévorisertib,vevorisertib,
vibosameran,维泊沙米瑞,vibosameranum,vibosaméran,vibosamerán,
vidutolimod,韦度利莫德,vidutolimodum,vidutolimod,vidutolimod,
vimseltinib,维塞替尼,vimseltinibum,vimseltinib,vimseltinib,
vixarelimab,韦克瑞利单抗,vixarelimabum,vixarélimab,vixarelimab,
vocacapsaicin,伏卡赛辛,vocacapsaicinum,vocacapsaïcine,vocacapsaícina,
vodobatinib,沃多巴替尼,vodobatinibum,vodobatinib,vodobatinib,
vudalimab,沃达利单抗,vudalimabum,vudalimab,vudalimab,
zatolmilast,赞托米司特,zatolmilastum,zatolmilast,zatolmilast,
zelavespib,泽拉司匹,zelavespibum,zélavespib,zelavespib,
zimberelimab,赛帕利单抗,zimberelimabum,zimbérélimab,zimberelimab,
abdavomeran,阿达沃米瑞,abdavomeranum,abdavoméran,abdavomerán,
atibuclimab,阿替布利单抗,atibuclimabum,atibuclimab,atibuclimab,
bamlanivimab,巴尼韦单抗,bamlanivimabum,bamlanivimab,bamlanivimab,
casirivimab,卡斯瑞韦单抗,casirivimabum,casirivimab,casirivimab,
cilgavimab,西加韦单抗,cilgavimabum,cilgavimab,cilgavimab,
dazcapistat,达卡司他,dazcapistatum,dazcapistat,dazcapistat,
eclitasertib,依克色替,eclitasertibum,éclitasertib,eclitasertib,
enpatoran,恩帕托仑,enpatoranum,enpatoran,enpatorán,
etesevimab,埃特司韦单抗,etesevimabum,étésévimab,etesevimab,
ganulameran,戈奴拉米瑞,ganulameranum,ganulaméran,ganulamerán,
goflikicept,戈夫利奇西普,goflikiceptum,goflikicept,goflikicept,
imdevimab,依米得韦单抗,imdevimabum,imdévimab,imdevimab,
molnupiravir,莫诺拉韦,molnupiravirum,molnupiravir,molnupiravir,
nezulcitinib,奈唑昔替尼,nezulcitinibum,nézulcitinib,nezulcitinib,
pemziviptadil,普米肽地尔,pemziviptadilum,pemziviptadil,pemziviptadil,
pidacmeran,匹达卡米瑞,pidacmeranum,pidacméran,pidacmerán,
regdanvimab,瑞达韦单抗,regdanvimabum,regdanvimab,regdanvimab,
sotrovimab,索托韦单抗,sotrovimabum,sotrovimab,sotrovimab,
subasumstat,索巴舒司他,subasumstatum,subasumstat,subasumstat,
tixagevimab,替沙格韦单抗,tixagevimabum,tixagévimab,tixagevimab,
tozinameran,托兹奈米瑞,tozinameranum,tozinaméran,tozinamerán,
zansecimab,赞塞西单抗,zansecimabum,zansécimab,zansecimab,
zorecimeran,佐西米瑞,zorecimeranum,zoréciméran,zorecimerán,
abequolixron,阿贝奎利隆,abequolixronum,abéquolixron,abecuolixron,
abrucomstat,阿布鲁可司他,abrucomstatum,abrucomstat,abrucomstat,
acasunlimab,艾卡苏利单抗,acasunlimabum,acasunlimab,acasunlimab,
acavameran,艾卡沃米瑞,acavameranum,acavaméran,acavamerán,
acazicolcept,艾卡泽西普,acazicolceptum,acazicolcept,acazicolcept,
adagrasib,阿达雷塞,adagrasibum,adagrasib,adagrasib,
adezmapimod,阿地马莫德,adezmapimodum,adezmapimod,adezmapimod,
aficamten,阿夫凯泰,aficamtenum,aficamtène,aficamten,
afimetoran,阿美托仑,afimetoranum,afimétoran,afimetorán,
alomfilimab,艾洛利单抗,alomfilimabum,alomfilimab,alomfilimab,
amlitelimab,艾莫特利单抗,amlitelimabum,amlitélimab,amlitelimab,
anbenitamab,安尼妥单抗,anbenitamabum,anbénitamab,anbenitamab,
ansuvimab,安舒韦单抗,ansuvimabum,ansuvimab,ansuvimab,
atamparib,阿他帕利,atamparibum,atamparib,atamparib,
atuzaginstat,阿托净司他,atuzaginstatum,atuzaginstat,atuzaginstat,
aumolertinib,阿美替尼,aumolertinibum,aumolertinib,aumolertinib,
botensilimab,博特利单抗,botensilimabum,botensilimab,botensilimab,
cadonilimab,卡度尼利单抗,cadonilimabum,cadonilimab,cadonilimab,
caficrestat,卡菲瑞司他,caficrestatum,caficrestat,caficrestat,
cavrotolimod,卡罗托莫德,cavrotolimodum,cavrotolimod,cavrotolimod,
cimpuciclib,西普西利,cimpuciclibum,cimpuciclib,cimpuciclib,
clesacostat,克雷考司他,clesacostatum,clésacostat,clesacostat,
cofirasersen,考伏莱生,cofirasersenum,cofirasersen,cofirasersén,
danuglipron,达那格列隆,danuglipronum,danuglipron,danugliprón,
defosbarasertib,地福色替,defosbarasertibum,défosbarasertib,defosbarasertib,
deudomperidone,氘代多潘立酮,deudomperidonum,deudompéridone,deudomperidona,
deuruxolitinib,氘代芦可替尼,deuruxolitinibum,deuruxolitinib,deuruxolitinib,
deutarserine,氘代丝氨酸,deutarserinum,deutarsérine,deutarserina,
domvanalimab,度纳利单抗,domvanalimabum,domvanalimab,domvanalimab,
donidalorsen,多尼达生,donidalorsenum,donidalorsen,donidalorsén,
ebaresdax,依巴达可,ebaresdaxum,ébaresdax,ebaresdax,
ebdarokimab,依若奇单抗,ebdarokimabum,ebdarokimab,ebdarokimab,
ebvaciclib,依伐西利,ebvaciclibum,ebvaciclib,ebvaciclib,
ecubectedin,依可替定,ecubectedinum,écubectédine,ecubectedina,
edaxeterkib,依达特基,edaxeterkibum,édaxeterkib,edaxeterkib,
efruxifermin,依鲁西夫明,efruxiferminum,éfruxifermine,efruxifermina,
eganelisib,依加利塞,eganelisibum,éganélisib,eganelisib,
elraglusib,艾拉格塞,elraglusibum,elraglusib,elraglusib,
emavusertib,依马色替,emavusertibum,émavusertib,emavusertib,
emvododstat,艾福多司他,emvododstatum,emvododstat,emvododstat,
ensovibep,恩韦贝普,ensovibepum,ensovibep,ensovibep,
enuvaptan,艾诺伐坦,enuvaptanum,énuvaptan,enuvaptán,
erfonrilimab,依瑞利单抗,erfonrilimabum,erfonrilimab,erfonrilimab,
ervogastat,依沃戈司他,ervogastatum,ervogastat,ervogastat,
etavopivat,依塔匹伐,etavopivatum,étavopivat,etavopivat,
etrumadenant,依曲地南,etrumadenantum,étrumadénant,etrumadenant,
fesomersen,非索美生,fesomersenum,fésomersen,fesomersén,
finotonlimab,菲诺利单抗,finotonlimabum,finotonlimab,finotonlimab,
firzacorvir,福兹可韦,firzacorvirum,firzacorvir,firzacorvir,
foscenvivint,磷塞文特,foscenvivintum,foscenvivint,foscenvivint,
govorestat,戈沃瑞司他,govorestatum,govorestat,govorestat,
guretolimod,固瑞托莫德,guretolimodum,gurétolimod,guretolimod,
ibrigampar,伊泊伽帕,ibrigamparum,ibrigampar,ibrigampar,
iltamiocel,依塔麦赛,iltamiocelum,iltamiocel,iltamiocel,
imsidolimab,艾米司利单抗,imsidolimabum,imsidolimab,imsidolimab,
isuzinaxib,伊舒纳昔,isuzinaxibum,isuzinaxib,isuzinaxib,
labuvirtide,莱布韦肽,labuvirtidum,labuvirtide,labuvirtida,
larsucosterol,拉舒胆醇,larsucosterolum,larsucostérol,larsucosterol,
latozinemab,拉泽奈单抗,latozinemabum,latozinémab,latozinemab,
lemzoparlimab,来佐利单抗,lemzoparlimabum,lemzoparlimab,lemzoparlimab,
lenrispodun,兰利泊顿,lenrispodunum,lenrispodun,lenrispodun,
libvatrep,利泊伐曲普,libvatrepum,libvatrep,libvatrep,
licaminlimab,林卡利单抗,licaminlimabum,licaminlimab,licaminlimab,
lirentelimab,莱瑞利单抗,lirentelimabum,lirentélimab,lirentelimab,
locnartecan,洛那替康,locnartecanum,locnartécan,locnartecán,
lonigutamab,罗尼妥单抗,lonigutamabum,lonigutamab,lonigutamabum,
lusvertikimab,芦维奇单抗,lusvertikimabum,lusvertikimab,lusvertikimab,
mevidalen,美维达仑,mevidalenum,mévidalène,mevidaleno,
mibavademab,米瓦德单抗,mibavademabum,mibavadémab,mibavademab,
mipicoledine,米匹考来丁,mipicoledinum,mipicolédine,mipicoledina,
nadecnemab,那迪奈单抗,nadecnemabum,nadecnémab,nadecnemab,
nanvuranlat,南夫兰特,nanvuranlatum,nanvuranlat,nanvuranlat,
navtemadlin,那特德林,navtemadlinum,navtémadline,navtemadlina,
nemtabrutinib,奈他布替尼,nemtabrutinibum,nemtabrutinib,nemtabrutinib,
nendratareotide,奈曲瑞肽,nendratareotidum,nendrataréotide,nendratareotida,
nilofabicin,尼洛法比星,nilofabicinum,nilofabicine,nilofabicina,
ninerafaxstat,尼奈伐司他,ninerafaxstatum,ninérafaxstat,ninerafaxstat,
nivadstrocel,尼沃阿托赛,nivadstrocelum,nivadstrocel,nivadstrocel,
nivatrotamab,恩依妥单抗,nivatrotamabum,nivatrotamab,nivatrotamab,
ocarocoxib,奥卡罗昔布,ocarocoxibum,ocarocoxib,ocarocoxib,
onilcamotide,昂尼卡莫肽,onilcamotidum,onilcamotide,onilcamotida,
onzigolide,昂兹高莱,onzigolidum,onzigolide,onzigolida,
opelconazole,奥派康唑,opelconazolum,opelconazole,opelconazol,
ordesekimab,奥司奇单抗,ordesekimabum,ordésékimab,ordesekimab,
orludodstat,奥鲁多司他,orludodstatum,orludodstat,orludodstat,
osugacestat,奥舒伽司他,osugacestatum,osugacestat,osugacestat,
pafolacianine,帕叶昔宁,pafolacianinum,pafolacianine,pafolacianina,
palopegteriparatide,帕罗培特立帕肽,palopegteriparatidum,palopegtériparatide,palopegteriparatida,
plazinemdor,帕拉奈多,plazinemdorum,plazinemdor,plazinemdor,
plonmarlimab,普那利单抗,plonmarlimabum,plonmarlimab,plonmarlimab,
ponsegromab,珀塞古单抗,ponsegromabum,ponségromab,ponsegromab,
prusogliptin,普卢格列汀,prusogliptinum,prusogliptine,prusogliptina,
pucotenlimab,普特利单抗,pucotenlimabum,pucotenlimab,pucotenlimab,
pulrodemstat,普罗德司他,pulrodemstatum,pulrodemstat,pulrodemstat,
quemliclustat,奎利克鲁司他,quemliclustatum,quémliclustat,quemliclustat,
ropanicant,罗帕尼坎,ropanicantum,ropanicant,ropanicant,
runimotamab,芦莫妥单抗,runimotamabum,runimotamab,runimotamab,
sapablursen,沙帕鲁生,sapablursenum,sapablursen,sapablursén,
sibeprenlimab,斯贝利单抗,sibeprenlimabum,sibéprenlimab,sibeprenlimab,
simpinicline,西比尼克林,simpiniclinum,simpinicline,simpiniclina,
sudubrilimab,舒度利单抗,sudubrilimabum,sudubrilimab,sudubrilimab,
sunobinop,舒比诺普,sunobinopum,sunobinop,sunobinop,
surzebiclimab,舒泽利单抗,surzebiclimabum,surzébiclimab,surzebiclimab,
tadnersen,他达奈生,tadnersenum,tadnersen,tadnersén,
tasurgratinib,他舒替尼,tasurgratinibum,tasurgratinib,tasurgratinib,
temgicoluril,替吉鲁瑞,temgicolurilum,temgicoluril,temgicoluril,
tigulixostat,替古索司他,tigulixostatum,tigulixostat,tigulixostat,
tirnovetmab,替尔维单抗,tirnovetmabum,tirnovetmab,tirnovetmab,
tolinapant,托利那泮,tolinapantum,tolinapant,tolinapant,
tomligisiran,托立司兰,tomligisiranum,tomligisiran,tomligisirán,
torudokimab,托芦奇单抗,torudokimabum,torudokimab,torudokimab,
tozorakimab,托雷奇单抗,tozorakimabum,tozorakimab,tozorakimab,
ulevostinag,乌伏司亭那,ulevostinagum,ulévostinag,ulevostinag,
uliledlimab,尤莱利单抗,uliledlimabum,ulilédlimab,uliledlimab,
ulotaront,乌洛他隆,ulotarontum,ulotaront,ulotaront,
umifoxolaner,尤米氟拉纳,umifoxolanerum,umifoxolaner,umifoxolaner,
unasnemab,尤那奈单抗,unasnemabum,unasnémab,unasnemab,
unesbulin,乌奈布林,unesbulinum,unesbuline,unesbulina,
usmarapride,乌司拉必利,usmarapridum,usmarapride,usmaraprida,
varoglutamstat,伐罗谷司他,varoglutamstatum,varoglutamstat,varoglutamstat,
vemircopan,维莫可泮,vemircopanum,vémircopan,vemircopán,
vixtimotamab,维莫妥单抗,vixtimotamabum,vixtimotamab,vixtimotamab,
zabedosertib,扎贝色替,zabedosertibum,zabédosertib,zabedosertib,
zaloglanstat,扎罗列司他,zaloglanstatum,zaloglanstat,zaloglanstat,
zavegepant,扎维吉泮,zavegepantum,zavégépant,zavegepant,
zeluvalimab,泽瓦利单抗,zeluvalimabum,zéluvalimab,zeluvalimab,
zeteletinib,泽雷替尼,zeteletinibum,zétélétinib,zeteletinib,
zilebesiran,齐贝司兰,zilebesiranum,zilébésiran,zilebesirán,
zilovertamab,泽罗妥单抗,zilovertamabum,zilovertamab,zilovertamab,
adintrevimab,艾定韦单抗,adintrevimabum,adintrévimab,adintrevimab,
alogabat,阿罗加巴特,alogabatum,alogabat,alogabat,
alrefimotide,阿瑞莫肽,alrefimotidum,alréfimotide,alrefimotida,
alrizomadlin,阿利德林,alrizomadlinum,alrizomadline,alrizomadlina,
amdizalisib,安迪利塞,amdizalisibum,amdizalisib,amdizalisib,
amubarvimab,安巴韦单抗,amubarvimabum,amubarvimab,amubarvimab,
anselamimab,安赛埃单抗,anselamimabum,ansélamimab,anselamimab,
anumigilimab,安米利单抗,anumigilimabum,anumigilimab,anumigilimab,
atuliflapon,阿妥夫拉朋,atuliflaponum,atuliflapon,atuliflapón,
atuzabrutinib,阿图布替尼,atuzabrutinibum,atuzabrutinib,atuzabrutinib,
bafisontamab,巴弗妥单抗,bafisontamabum,bafisontamab,bafisontamab,
barzolvolimab,巴佐利单抗,barzolvolimabum,barzolvolimab,barzolvolimab,
bavdegalutamide,巴德鲁胺,bavdegalutamidum,bavdégalutamide,bavdegalutamida,
baxdrostat,巴卓司他,baxdrostatum,baxdrostat,baxdrostat,
belcesiran,贝尔司兰,belcesiranum,belcésiran,belcesirán,
beludavimab,贝芦达韦单抗,beludavimabum,béludavimab,beludavimab,
bemnifosbuvir,贝尼磷布韦,bemnifosbuvirum,bemnifosbuvir,bemnifosbuvir,
bevurogant,贝福洛更特,bevurogantum,bévurogant,bevurogant,
bofelisimer,博非司美,bofelisimerum,bofélisimère,bofelisímero,
camizestrant,卡米司群,camizestrantum,camizestrant,camizestrant,
cimdelirsen,西地利生,cimdelirsenum,cimdélirsen,cimdelirsén,
davoceticept,达替西普,davoceticeptum,davocéticept,davoceticept,
dazucorilant,达组可兰,dazucorilantum,dazucorilant,dazucorilant,
denifanstat,地尼法司他,denifanstatum,dénifanstat,denifanstat,
dexepicatechin,右表儿茶素,dexepicatechinum,dexépicatéchine,dexepicatechina,
doxecitine,多塞西亭,doxecitinum,doxécitine,doxecitina,
doxribtimine,多西替明,doxribtiminum,doxribtimine,doxribtimina,
dresbuxelimab,佐斯利单抗,dresbuxelimabum,dresbuxélimab,dresbuxelimab,
eblasakimab,伊沙奇单抗,eblasakimabum,éblasakimab,eblasakimab,
ecleralimab,艾克莱利单抗,ecleralimabum,écléralimab,ecleralimab,
efzofitimod,依佐莫德,efzofitimodum,efzofitimod,efzofitimod,
elranatamab,埃纳妥单抗,elranatamabum,elranatamab,elranatamab,
elunonavir,依鲁那韦,elunonavirum,élunonavir,elunonavir,
emlenoflast,恩利司特,emlenoflastum,emlénoflast,emlenoflast,
emraclidine,恩瑞利定,emraclidinum,emraclidine,emraclidina,
enuzovimab,恩佐韦单抗,enuzovimabum,énuzovimab,enuzovimab,
eragidomide,依瑞度胺,eragidomidum,éragidomide,eragidomida,
ersemadromcel,艾斯阿托赛,ersemadromcelum,ersémadromcel,ersemadromcel,
escibenzoline,艾司西苯唑啉,escibenzolinum,escibenzoline,escibenzolina,
evexomostat,艾维莫司他,evexomostatum,évexomostat,evexomostat,
evifacotrep,艾法曲普,evifacotrepum,évifacotrep,evifacotrep,
evixapodlin,艾克普地林,evixapodlinum,évixapodline,evixapodlina,
exidavnemab,埃西达奈单抗,exidavnemabum,exidavnémab,exidavnemab,
ezurpimtrostat,依珠司他,ezurpimtrostatum,ézurpimtrostat,ezurpimtrostat,
famitinib,法米替尼,famitinibum,famitinib,famitinib,
farudodstat,法鲁德司他,farudodstatum,farudodstat,farudodstat,
fazulemeran,法莱米瑞,fazulemeranum,fazuléméran,fazulemerán,
fidasimtamab,菲达斯妥单抗,fidasimtamabum,fidasimtamab,fidasimtamab,
flumbatinib,氟马替尼,flumbatinib,flumbatinib,flumbatinib,
fobrepodacin,福波达星,fobrepodacinum,fobrépodacine,fobrepodacina,
fosgonimeton,福格美通,fosgonimetonum,fosgoniméton,fosgonimetón,
frenlosirsen,福仑塞生,frenlosirsenum,frenlosirsen,frenlosirsén,
fuzuloparib,氟唑帕利,fuzuloparibum,fuzuloparib,fuzuloparib,
gadoquatrane,钆四胺烷,gadoquatranum,gadoquatrane,gadoquatrane,
galegenimab,戈莱恩尼单抗,galegenimabum,galégénimab,galegenimab,
gartisertib,加特色替,gartisertibum,gartisertib,gartisertib,
gemnelatinib,吉奈替尼,gemnelatinibum,gemnélatinib,gemnelatinib,
ginisortamab,吉司妥单抗,ginisortamabum,ginisortamab,ginisortamab,
golidocitinib,戈利昔替尼,golidocitinibum,golidocitinib,golidocitinib,
gresonitamab,格瑞妥单抗,gresonitamabum,grésonitamab,gresonitamab,
gumokimab,古莫奇单抗,gumokimabum,gumokimab,gumokimab,
gunagratinib,古那替尼,gunagratinibum,gunagratinib,gunagratinib,
iclepertin,依克哌汀,iclepertinum,iclépertine,iclepertina,
idrevloride,伊屈瑞德,idrevloridum,idrévloride,idrevlorida,
ilunocitinib,伊鲁昔替尼,ilunocitinibum,ilunocitinib,ilunocitinib,
inaxaplin,伊那培林,inaxaplinum,inaxapline,inaxaplina,
inobrodib,伊诺布地,inobrodibum,inobrodib,inobrodib,
iparomlimab,艾帕洛利单抗,iparomlimabum,iparomlimab,iparomlimab,
irsenontrine,伊森纳群,irsenontrinum,irsénontrine,irsenontrina,
ivicentamab,依维妥单抗,ivicentamabum,ivicentamab,ivicentamab,
ivonescimab,依沃西单抗,ivonescimabum,ivonescimab,ivonescimab,
ivospemin,伊伏司培明,ivospeminum,ivospémine,ivospemina,
ledaborbactam,来硼巴坦,ledaborbactamum,lédaborbactam,ledaborbactam,
lerapolturev,莱锐妥若,lerapolturevum,lérapolturev,lerapolturev,
lexanersen,来卡那生,lexanersenum,lexanersen,lexanersén,
ligufalimab,莱法利单抗,ligufalimabum,ligufalimab,ligufalimab,
lisaftoclax,利沙托克拉,lisaftoclaxum,lisaftoclax,lisaftoclax,
livmoniplimab,莱莫尼利单抗,livmoniplimabum,livmoniplimab,livmoniplimab,
lixadesiran,利沙司兰,lixadesiranum,lixadésiran,lixadesirán,
lomtegovimab,洛替韦单抗,lomtegovimabum,lomtégovimab,lomtegovimab,
lorigerlimab,洛瑞格利单抗,lorigerlimabum,lorigerlimab,lorigerlimab,
lotazadromcel,洛它阿托赛,lotazadromcelum,lotazadromcel,lotazadromcel,
lufepirsen,卢非哌生,lufepirsenum,lufépirsen,lufepirsén,
lufotrelvir,卢夫特韦,lufotrelvirum,lufotrelvir,lufotrelvir,
luxeptinib,鲁可替尼,luxeptinibum,luxeptinib,luxeptinib,
manfidokimab,曼多奇单抗,manfidokimabum,manfidokimab,manfidokimab,
mazorelvimab,玛佐瑞韦单抗,mazorelvimabum,mazorelvimab,mazorelvimab,
mezigdomide,美泽度胺,mezigdomidum,mézigdomide,mezigdomida,
mivorilaner,米伏拉纳,mivorilanerum,mivorilaner,mivorilaner,
morponidazole,吗啉硝唑,morponidazolum,morponidazole,morponidazol,
movronersen,莫罗那生,movronersenum,movronersen,movronersén,
mupadolimab,莫帕利单抗,mupadolimabum,mupadolimab,mupadolimab,
nafimestrocel,那非迈托赛,nafimestrocelum,nafimestrocel,nafimestrocel,
nizaracianine,尼扎昔宁,nizaracianinum,nizaracianine,nizaracianina,
nofazinlimab,诺法利单抗,nofazinlimabum,nofazinlimab,nofazinlimab,
obefazimod,奥贝莫德,obefazimodum,obéfazimod,obefazimod,
ocedurenone,奥昔利酮,ocedurenonum,océdurénone,ocedurenona,
odatroltide,奥达丘肽,odatroltidum,odatroltide,odatroltida,
olezarsen,奥来泽生,olezarsenum,olezarsen,olezarsén,
omilancor,奥米兰可,omilancorum,omilancor,omilancor,
omzotirome,奥唑替罗,omzotiromum,omzotirome,omzotiroma,
onternabez,昂特纳贝,onternabezum,onternabez,onternabez,
orenetide,奥瑞奈肽,orenetidum,orénétide,orenetida,
ormutivimab,奥木替韦单抗,ormutivimabum,ormutivimab,ormutivimab,
pegipanermin,培吉奈明,pegipanerminum,péguipanermine,pegipanermina,
pegloxenatide,培洛塞那肽,pegloxenatidum,pégloxénatide,pegloxenatida,
pegmolesatide,培莫沙肽,pegmolesatidum,pegmolésatide,pegmolesatida,
pegsitacianine,培司昔宁,pegsitacianinum,pegsitacianine,pegsitacianina,
pirtobrutinib,匹妥布替尼,pirtobrutinibum,pirtobrutinib,pirtobrutinib,
pivekimab,匹维奇单抗,pivekimabum,pivékimab,pivekimab,
pruxelutamide,普克鲁胺,pruxelutamidum,pruxélutamide,pruxelutamida,
pulocimab,普络西单抗,pulocimabum,pulocimab,pulocimab,
quisovalimab,奎索利单抗,quisovalimabum,quisovalimab,quisovalimab,
rebemadlin,瑞贝德林,rebemadlinum,rébémadline,rebemadlina,
rencofilstat,瑞可菲司他,rencofilstatum,rencofilstat,rencofilstat,
riletamotide,利来莫肽,riletamotidum,rilétamotide,riletamotida,
rimteravimab,瑞特韦单抗,rimteravimabum,rimtéravimab,rimteravimab,
rocatinlimab,诺卡替利单抗,rocatinlimabum,rocatinlimab,rocatinlimab,
romlusevimab,罗米司韦单抗,romlusevimabum,romlusévimab,romlusevimab,
ropsacitinib,罗昔替尼,ropsacitinibum,ropsacitinib,ropsacitinib,
rovanersen,罗伐那生,rovanersenum,rovanersen,rovanersén,
rugonersen,鲁格那生,rugonersenum,rugonersen,rugonersén,
rulonilimab,洛奈利单抗,rulonilimabum,rulonilimab,rulonilimab,
rusfertide,鲁司菲肽,rusfertidum,rusfertide,rusfertida,
ruzinurad,鲁兹诺雷,ruzinuradum,ruzinurad,ruzinurad,
sabizabulin,沙泊布林,sabizabulinum,sabizabuline,sabizabulina,
sebetralstat,色贝阿司他,sebetralstatum,sébétralstat,sebetralstat,
selnoflast,塞诺司特,selnoflastum,selnoflast,selnoflast,
simridarlimab,斯瑞利单抗,simridarlimabum,simridarlimab,simridarlimab,
simufilam,西莫非兰,simufilamum,simufilam,simufilam,
sirexatamab,司瑞妥单抗,sirexatamabum,sirexatamab,sirexatamab,
sirpiglenastat,色匹谷司他,sirpiglenastatum,sirpiglénastat,sirpiglenastat,
socazolimab,索卡佐利单抗,socazolimabum,socazolimab,socazolimab,
sotevtamab,索泰妥单抗,sotevtamabum,sotévtamab,sotevtamab,
sotuletinib,索妥替尼,sotuletinibum,sotulétinib,sotuletinib,
sovilnesib,索维尼塞,sovilnesibum,sovilnésib,sovilnesib,
suciraslimab,舒西利单抗,suciraslimabum,suciraslimab,suciraslimab,
sucunamostat,舒可莫司他,sucunamostatum,sucunamostat,sucunamostat,
sunvozertinib,舒沃替尼,sunvozertinibum,sunvozertinib,sunvozertinib,
tagitanlimab,塔戈利单抗,tagitanlimabum,tagitanlimab,tagitanlimab,
tamgiblimab,塔米利单抗,tamgiblimabum,tamgiblimab,tamgiblimab,
tapderimotide,他德莫肽,tapderimotidum,tapdérimotide,tapderimotida,
tarcocimab,塔珂西单抗,tarcocimabum,tarcocimab,tarcocimab,
tecaginlimab,替卡利单抗,tecaginlimabum,técaginlimab,tecaginlimab,
temuterkib,替莫特吉,temuterkibum,témuterkib,temuterkib,
teropavimab,替洛帕韦单抗,teropavimabum,téropavimab,teropavimab,
timtraxanib,替曲尼布,timtraxanibum,timtraxanib,timtraxanib,
timufermin,替莫夫明,timuferminum,timufermine,timufermina,
tizaterkib,替泽特吉,tizaterkibum,tizaterkib,tizaterkib,
trinbelimab,曲柏利单抗,trinbelimabum,trinbélimab,trinbelimab,
trotabresib,曲他布塞,trotabresibum,trotabrésib,trotabresib,
tunlametinib,妥拉美替尼,tunlametinibum,tunlamétinib,tunlametinib,
tuvonralimab,托沃瑞利单抗,tuvonralimabum,tuvonralimab,tuvonralimab,
tuxobertinib,托索替尼,tuxobertinibum,tuxobertinib,tuxobertinib,
ubamatamab,乌巴妥单抗,ubamatamabum,ubamatamab,ubamatamab,
ulenistamab,尤尼妥单抗,ulenistamabum,ulénistamab,ulenistamab,
upanovimab,尤帕韦单抗,upanovimabum,upanovimab,upanovimab,
utreloxastat,优曲奥司他,utreloxastatum,utréloxastat,utreloxastat,
vebreltinib,伯瑞替尼,vebreltinibum,vébreltinib,vebreltinib,
vepafestinib,韦帕替尼,vepafestinibum,vépafestinib,vepafestinib,
vepsitamab,维斯妥单抗,vepsitamabum,vepsitamab,vepsitamab,
vesleteplirsen,维来利生,vesleteplirsenum,veslétéplirsen,vesleteplirsén,
vibozilimod,韦博莫德,vibozilimodum,vibozilimod,vibozilimod,
vimdemer,韦米德姆,vimdemerum,vimdémère,vimdémero,
vornorexant,福诺雷生,vornorexantum,vornorexant,vornorexant,
voxalatamab,沃昔莱妥单抗,voxalatamabum,voxalatamab,voxalatamab,
xeligekimab,赛立奇单抗,xeligekimabum,xéligékimab,xeligekimab,
xeruborbactam,西硼巴坦,xeruborbactamum,xéruborbactam,xeruborbactam,
zalunfiban,泽仑非班,zalunfibanum,zalunfiban,zalunfibán,
zamerovimab,泽美洛韦单抗,zamerovimabum,zamérovimab,zamerovimab,
zapnometinib,泽诺美替尼,zapnometinibum,zapnométinib,zapnometinib,
zastaprazan,泽他普拉生,zastaprazanum,zastaprazan,zastaprazán,
zavacorilant,泽瓦可兰,zavacorilantum,zavacorilant,zavacorilant,
zectivimod,泽可莫德,zectivimodum,zectivimod,zectivimod,
zedenoleucel,泽德诺仑赛,zedenoleucelum,zédénoleucel,zedenoleucel,
zegocractin,泽格瑞廷,zegocractinum,zégocractine,zegocractina,
zenuzolac,泽努唑酸,zenuzolacum,zénuzolac,zenuzolac,
zetomipzomib,泽托佐米,zetomipzomibum,zétomipzomib,zetomipzomib,
zifanocycline,齐法环素,zifanocyclinum,zifanocycline,zifanocycline,
ziftomenib,齐托美尼布,ziftomenibum,ziftoménib,ziftomenib,
zimlovisertib,齐洛色替,zimlovisertibum,zimlovisertib,zimlovisertib,
zorevunersen,佐瑞那生,zorevunersenum,zorévunersen,zorevunersén,
zunsemetinib,组恩美替尼,zunsemetinibum,zunsémétinib,zunsemetinib,
elasomeran,艾拉索米瑞,elasomeranum,élasoméran,elasomerán,
ecteribulin,埃柯布林,ecteribulinum,ectéribuline,ecteribulina,
acrixolimab,阿柯瑞利单抗,acrixolimabum,acrixolimab,acrixolimab,
amredobresib,安瑞布塞,amredobresibum,amrédobrésib,amredobresib,
anivovetmab,阿尼沃维单抗,anivovetmabum,anivovetmab,anivovetmab,
atinvicitinib,阿汀昔替尼,atinvicitinibum,atinvicitinib,atinvicitinib,
avutometinib,艾沃美替尼,avutometinibum,avutométinib,avutometinib,
bafrekalant,巴瑞卡兰,bafrekalantum,bafrékalant,bafrekalant,
balcinrenone,巴昔利酮,balcinrenonum,balcinrénone,balcinrenona,
benzgalantamine,苯加兰他敏,benzgalantaminum,benzgalantamine,benzgalantamina,
bersiporocin,博西泊辛,bersiporocinum,bersiporocine,bersiporocina,
betifisolimab,贝替索利单抗,betifisolimabum,bétifisolimab,betifisolimab,
bexirestrant,贝西瑞司群,bexirestrantum,béxirestrant,bexirestrant,
bexotegrast,贝索司特,bexotegrastum,béxotégrast,bexotegrast,
bezuclastinib,贝佐克替尼,bezuclastinibum,bézuclastinib,bezuclastinib,
bliretrigine,布利曲近,bliretriginum,blirétrigine,bliretrigina,
bocidelpar,博西德帕,bocidelparum,bocidelpar,bocidelpar,
briquilimab,贝瑞曲利单抗,briquilimabum,briquilimab,briquilimab,
burfiralimab,布雷利单抗,burfiralimabum,burfiralimab,burfiralimab,
cabamiquine,卡巴米喹,cabamiquinum,cabamiquine,cabamiquina,
camoteskimab,卡莫斯奇单抗,camoteskimabum,camoteskimab,camoteskimab,
cemdomespib,赛多司匹,cemdomespibum,cemdomespib,cemdomespib,
cifurtilimab,希呋替利单抗,cifurtilimabum,cifurtilimab,cifurtilimab,
cipepofol,环泊酚,cipepofolum,cipépofol,cipepofol,
cirevetmab,希芮维单抗,cirevetmabum,cirévetmab,cirevetmab,
claficapavir,克拉卡帕韦,claficapavirum,claficapavir,claficapavir,
clesrovimab,克莱罗韦单抗,clesrovimabum,clesrovimab,clesrovimab,
crefmirlimab,可瑞米利单抗,crefmirlimabum,crefmirlimab,crefmirlimab,
cudetaxestat,库泰司他,cudetaxestatum,cudétaxestat,cudetaxestat,
deucrictibant,氘克替班特,deucrictibantum,deucrictibant,deucrictibant,
deutenzalutamide,氘恩扎鲁胺,deutenzalutamidum,deutenzalutamide,deutenzalutamida,
dexfadrostat,右伐卓司他,dexfadrostatum,dexfadrostat,dexfadrostat,
eciruciclib,艾罗西利,eciruciclibum,éciruciclib,eciruciclib,
ecnoglutide,埃诺格鲁肽,ecnoglutidum,ecnoglutide,ecnoglutida,
efocipegtrutide,依福培肽,efocipegtrutidum,éfocipégtrutide,efocipegtrutida,
elapomestrocel,依莱迈托赛,elapomestrocelum,élapomestrocel,elapomestrocel,
elarekibep,依瑞奇贝普,elarekibepum,élarékibep,elarekibep,
elcubragistat,艾克吉司他,elcubragistatum,elcubragistat,elcubragistat,
elzovantinib,艾唑凡替尼,elzovantinibum,elzovantinib,elzovantinib,
emfizatamab,恩菲妥单抗,emfizatamabum,emfizatamab,emfizatamab,
emirodatamab,恩洛达妥单抗,emirodatamabum,émirodatamab,emirodatamab,
emprumapimod,艾普马莫德,emprumapimodum,emprumapimod,emprumapimod,
emrusolmin,艾鲁索敏,emrusolminum,emrusolmine,emrusolmina,
enbezotinib,恩贝唑替尼,enbezotinibum,enbézotinib,enbezotinib,
enitociclib,恩托西利,enitociclibum,énitociclib,enitociclib,
envonalkib,依奉阿克,envonalkibum,envonalkib,envonalkib,
esmethadone,艾司美沙酮,esmethadonum,esméthadone,esmetadona,
evencaleucel,艾文卡仑赛,evencaleucelum,évencaleucel,evencaleucel,
evorpacept,艾沃帕西普,evorpaceptum,évorpacept,evorpacept,
fasedienol,法西地诺,fasedienolum,fasédiénol,fasedienol,
fazirsiran,伐泽司兰,fazirsiranum,fazirsiran,fazirsirán,
fazpilodemab,法匹罗单抗,fazpilodemabum,fazpilodémab,fazpilodemab,
feniralstat,菲尼阿司他,feniralstatum,féniralstat,feniralstat,
fidrisertib,菲瑞色替,fidrisertibum,fidrisertib,fidrisertib,
fipaxalparant,非普帕兰,fipaxalparantum,fipaxalparant,fipaxalparant,
fipravirimat,非泊韦立马,fipravirimatum,fipravirimat,fipravirimat,
fiztasovimab,菲特韦单抗,fiztasovimabum,fiztasovimab,fiztasovimab,
frexalimab,伏沙利单抗,frexalimabum,frexalimab,frexalimab,
garsorasib,格索雷塞,garsorasibum,garsorasib,garsorasib,
gebasaxturev,吉帕萨若,gebasaxturevum,gébasaxturev,gebasaxturev,
gefurulimab,戈鲁利单抗,gefurulimabum,géfurulimab,gefurulimab,
gersizangitide,格司安吉肽,gersizangitidum,gersizangitide,gersizangitida,
gilmelisib,吉美利塞,gilmelisibum,gilmélisib,gilmelisib,
golocdacimab,谷洛西单抗,golocdacimabum,golocdacimab,golocdacimab,
ifinatamab,伊菲妥单抗,ifinatamabum,ifinatamab,ifinatamab,
imlunestrant,依仑司群,imlunestrantum,imlunestrant,imlunestrant,
imvotamab,依沃妥单抗,imvotamabum,imvotamab,imvotamab,
inezetamab,英泽妥单抗,inezetamabum,inézétamab,inezetamab,
iruplinalkib,伊鲁阿克,iruplinalkibum,iruplinalkib,iruplinalkib,
itruvone,伊曲酮,itruvonum,itruvone,itruvona,
ivarmacitinib,艾玛昔替尼,ivarmacitinibum,ivarmacitinib,ivarmacitinib,
izalontamab,依隆妥单抗,izalontamabum,izalontamab,izalontamab,
izenivetmab,依尼维单抗,izenivetmabum,izénivetmab,izenivetmab,
izilendustat,依兰度司他,izilendustatum,izilendustat,izilendustat,
izorlisib,依佐利塞,izorlisibum,izorlisib,izorlisib,
lafadofensine,拉法芬辛,lafadofensinum,lafadofensine,lafadofensina,
latikafusp,莱替芙普,latikafuspum,latikafusp,latikafusp,
lesabelimab,莱萨利单抗,lesabelimabum,lésabélimab,lesabelimab,
linvencorvir,林凡可韦,linvencorvirum,linvencorvir,linvencorvir,
linvoseltamab,林沃妥单抗,linvoseltamabum,linvoseltamab,linvoseltamab,
litifilimab,替菲利单抗,litifilimabum,litifilimab,litifilimab,
mazdutide,玛仕度肽,mazdutidum,mazdutide,mazdutida,
mecbotamab,米博妥单抗,mecbotamabum,mecbotamab,mecbotamab,
minzasolmin,米扎索敏,minzasolminum,minzasolmine,minzasolmina,
mitiperstat,米替泊司他,mitiperstatum,mitiperstat,mitiperstat,
motugivatrep,莫妥伐曲普,motugivatrepum,motugivatrep,motugivatrep,
mufemilast,莫米司特,mufemilastum,mufémilast,mufemilast,
mulnitorsen,莫尼妥生,mulnitorsenum,mulnitorsen,mulnitorsén,
narazaciclib,那拉西利,narazaciclibum,narazaciclib,narazaciclib,
navepegritide,那韦培肽,navepegritidum,navépégritide,navepegritida,
nesuparib,奈苏帕利,nesuparibum,nésuparib,nesuparib,
nomlabofusp,诺拉博芙普,nomlabofuspum,nomlabofusp,nomlabofusp,
obeversen,奥贝凡生,obeversenum,obéversen,obeversén,
olitigaltin,奥利戈丁,olitigaltinum,olitigaltine,olitigaltina,
onfasprodil,昂伐司地尔,onfasprodilum,onfasprodil,onfasprodil,
onradivir,昂拉地韦,onradivirum,onradivir,onradivir,
osemitamab,奥斯米妥单抗,osemitamabum,osémitamab,osemitamab,
ozuriftamab,奥珠瑞妥单抗,ozuriftamabum,ozuriftamab,ozuriftamab,
padnarsertib,帕奈色替,padnarsertibum,padnarsertib,padnarsertib,
paltimatrectinib,帕玛曲替尼,paltimatrectinibum,paltimatrectinib,paltimatrectinib,
palupiprant,帕鲁匹仑,palupiprantum,palupiprant,palupiprant,
peceleganan,培来加南,pecelegananum,pécéléganan,peceleganán,
pegenzileukin,培吉仑白介素,pegenzileukinum,pégenzileukine,pegenzileukina,
pelgifatamab,派妥单抗,pelgifatamabum,pelgifatamab,pelgifatamab,
pemvidutide,派维度肽,pemvidutidum,pemvidutide,pemvidutida,
peresolimab,帕瑞索利单抗,peresolimabum,pérésolimab,peresolimab,
pesampator,派萨帕托,pesampatorum,pésampator,pesampator,
pezadeftide,派扎德肽,pezadeftidum,pézadeftide,pezadeftida,
pirmitegravir,吡米替拉韦,pirmitegravirum,pirmitégravir,pirmitegravir,
posdinemab,博迪奈单抗,posdinemabum,posdinémab,posdinemab,
posovolone,泊索沃隆,posovolonum,posovolone,posovolona,
povorcitinib,泊沃昔替尼,povorcitinibum,povorcitinib,povorcitinib,
quabodepistat,喹博司他,quabodepistatum,quabodépistat,quabodepistat,
rafutrombopag,瑞福曲泊帕,rafutrombopagum,rafutrombopag,rafutrombopag,
raguneprocel,瑞奈乐赛,raguneprocelum,ragunéprocel,raguneprocel,
remumiocel,瑞莫麦赛,remumiocelum,rémumiocel,remumiocel,
reozalimab,雷泽利单抗,reozalimabum,réozalimab,reozalimab,
retezorogant,瑞替洛更特,retezorogantum,rétézorogant,retezorogant,
revumenib,瑞伏美尼布,revumenibum,révuménib,revumenib,
riminkefon,利敏克芬,riminkefonum,riminkéfon,riminkefón,
rimtoregtide,利妥瑞格肽,rimtoregtidum,rimtorégtide,rimtoregtida,
rosnilimab,罗司利单抗,rosnilimabum,rosnilimab,rosnilimab,
ruzotolimod,鲁唑托莫德,ruzotolimodum,ruzotolimod,ruzotolimod,
safimaltib,沙非马替,safimaltibum,safimaltib,safimaltib,
safusidenib,沙福昔尼布,safusidenibum,safusidénib,safusidenib,
selcopintide,赛考匹肽,selcopintidum,selcopintide,selcopintida,
semzuvolimab,司珠伏利单抗,semzuvolimabum,semzuvolimab,semzuvolimab,
sepiapterin,塞匹蝶呤,sepiapterinum,sépiaptérine,sepiapterina,
sirpefenicol,色哌苯尼考,sirpefenicolum,sirpéfénicol,sirpefenicol,
sovleplenib,索乐匹尼布,sovleplenibum,sovléplénib,sovleplenib,
sozinibercept,索兹贝西普,soziniberceptum,sozinibercept,sozinibercept,
tanuxiciclib,他克西利,tanuxiciclibum,tanuxiciclib,tanuxiciclib,
tegileridine,泰吉利定,tegileridinum,tégiléridine,tegileridina,
tinengotinib,替恩戈替尼,tinengotinibum,tinengotinib,tinengotinib,
tovorafenib,妥拉非尼,tovorafenibum,tovorafénib,tovorafenib,
trisdecanoin,三癸酸甘油酯,trisdecanoinum,trisdécanoïne,trisdecanoína,
trontinemab,曲替奈单抗,trontinemabum,trontinémab,trontinemab,
tulmimetostat,托米美妥司他,tulmimetostatum,tulmimétostat,tulmimetostat,
ulixacaltamide,乌沙卡胺,ulixacaltamidum,ulixacaltamide,ulixacaltamida,
utatrectinib,乌他曲替尼,utatrectinibum,utatrectinib,utatrectinib,
utreglutide,尤曲格鲁肽,utreglutidum,utréglutide,utreglutida,
valiltramiprosate,缬曲米沙特,valiltramiprosatum,valiltramiprosate,valiltramiprosato,
vanzacaftor,万泽卡托,vanzacaftorum,vanzacaftor,vanzacaftor,
vicasinabin,维卡纳宾,vicasinabinum,vicasinabine,vicasinabina,
visugromab,维舒古单抗,visugromabum,visugromab,visugromab,
vobramitamab,沃瑞妥单抗,vobramitamabum,vobramitamab,vobramitamab,
voxvoganan,弗沃加南,voxvogananum,voxvoganan,voxvoganán,
vurolenatide,乌洛那肽,vurolenatidum,vurolénatide,vurolenatida,
vutiglabridin,夫替格瑞丁,vutiglabridinum,vutiglabridine,vutiglabridina,
xalnesiran,沙奈司兰,xalnesiranum,xalnésiran,xalnesirán,
zagociguat,泽格西呱,zagociguatum,zagociguat,zagociguat,
zamaglutenase,泽格替酶,zamaglutenasum,zamagluténase,zamaglutenasa,
zendusortide,珍度索肽,zendusortidum,zendusortide,zendusortida,
zevaquenabant,泽瓦纳班,zevaquenabantum,zévaquénabant,zevaquenabant,
zilganersen,泽甘那生,zilganersenum,zilganersen,zilganersén,
zilurgisertib,泽勒色替,zilurgisertibum,zilurgisertib,zilurgisertib,
zinlirvimab,泽茵韦单抗,zinlirvimabum,zinlirvimab,zinlirvimab,
zipalertinib,泽帕艾替尼,zipalertinibum,zipalertinib,zipalertinib,
abimtrelvir,阿比特韦,abimtrelvirum,abimtrelvir,abimtrelvir,
bebtelovimab,贝特韦单抗,bebtelovimabum,bebtélovimab,bebtelovimab,
crexavibart,可沙韦拜单抗,crexavibartum,crexavibart,crexavibart,
ensitrelvir,恩昔特韦,ensitrelvirum,ensitrelvir,ensitrelvir,
masavibart,玛萨韦拜单抗,masavibartum,masavibart,masavibart,
nepuvibart,纳普韦拜单抗,nepuvibartum,népuvibart,nepuvibart,
nirmatrelvir,奈玛特韦,nirmatrelvirum,nirmatrelvir,nirmatrelvir,
ogalvibart,格韦拜单抗,ogalvibartum,ogalvibart,ogalvibart,
paridiprubart,帕迪扑拜单抗,paridiprubartum,paridiprubart,paridiprubart,
plutavimab,布特韦单抗,plutavimabum,plutavimab,plutavimab,
polvitolimod,泊托莫德,polvitolimodum,polvitolimod,polvitolimod,
riltozinameran,瑞托兹奈米瑞,riltozinameranum,riltozinaméran,riltozinamerán,
acloproxalap,艾克罗塞拉,acloproxalapum,acloproxalap,acloproxalap,
acoltremon,阿考曲孟,acoltremonum,acoltrémon,acoltremón,
alpibectir,阿匹贝克,alpibectirum,alpibectir,alpibectir,
amelenodor,阿美诺多,amelenodorum,amélénodor,amelenodor,
anizatrectinib,阿尼曲替尼,anizatrectinibum,anizatrectinib,anizatrectinib,
anrikefon,安瑞克芬,anrikefonum,anrikéfon,anrikefón,
ansornitinib,安索替尼,ansornitinibum,ansornitinib,ansornitinib,
anzurstobart,安苏拜单抗,anzurstobartum,anzurstobart,anzurstobart,
apinocaltamide,阿匹卡胺,apinocaltamidum,apinocaltamide,apinocaltamida,
aroxybutynin,阿尔奥昔布宁,aroxybutyninum,aroxybutynine,aroxibutinina,
asnuciclib,阿司西利,asnuciclibum,asnuciclib,asnuciclib,
atisnolerbart,阿诺莱拜单抗,atisnolerbartum,atisnolerbart,atisnolerbart,
azenosertib,阿森色替,azenosertibum,azénosertib,azenosertib,
basroparib,巴斯帕利,basroparibum,basroparib,basroparib,
batoprotafib,巴罗他非,batoprotafibum,batoprotafib,batoprotafib,
becotatug,贝柯妥塔单抗,becotatugum,bécotatug,becotatug,
belrestotug,贝瑞苏塔单抗,belrestotugum,belrestotug,belrestotug,
bemdaneprocel,贝尼乐赛,bemdaneprocelum,bemdanéprocel,bemdaneprocel,
bempikibart,贝奇拜单抗,bempikibartum,bempikibart,bempikibart,
bezeparsen,贝泽巴生,bezeparsenum,bézéparsen,bezeparsén,
bizaxofusp,比索芙普,bizaxofuspum,bizaxofusp,bizaxofusp,
boserolimab,博斯利单抗,boserolimabum,bosérolimab,boserolimab,
bremzalerbart,瑞泽莱拜单抗,bremzalerbartum,bremzalerbart,bremzalerbart,
brogidirsen,布罗地生,brogidirsenum,brogidirsen,brogidirsén,
buntanetap,布坦奈普,buntanetapum,buntanetap,buntanetap,
cadisegliatin,卡迪格列艾汀,cadisegliatinum,cadiségliatine,cadisegliatina,
calpurbatug,凯鲁巴塔单抗,calpurbatugum,calpurbatug,calpurbatug,
camlipixant,凯立匹生,camlipixantum,camlipixant,camlipixant,
camonsertib,卡莫色替,camonsertibum,camonsertib,camonsertib,
canocapavir,科诺卡帕韦,canocapavirum,canocapavir,canocapavir,
cavutilide,卡伏利特,cavutilidum,cavutilide,cavutilida,
cenzileucel,西泽仑赛,cenzileucelum,cenzileucel,cenzileucel,
certepetide,西替贝肽,certepetidum,certépétide,certepetida,
ciduvectamig,西度妥米单抗,ciduvectamigum,ciduvectamig,ciduvectamig,
cofrogliptin,考格列汀,cofrogliptinum,cofrogliptine,cofrogliptina,
crozbaciclib,克罗西利,crozbaciclibum,crozbaciclib,crozbaciclib,
culmerciclib,库莫西利,culmerciclibum,culmerciclib,culmerciclib,
dalmelitinib,达麦利替尼,dalmelitinibum,dalmélitinib,dalmelitinib,
dalnicastobart,达尼苏拜单抗,dalnicastobartum,dalnicastobart,dalnicastobart,
dalzanemdor,达尔奈多,dalzanemdorum,dalzanemdor,dalzanemdor,
danburstotug,达布苏塔单抗,danburstotugum,danburstotug,danburstotug,
danvilostomig,达维苏米单抗,danvilostomigum,danvilostomig,danvilostomig,
dargistotug,达吉苏塔单抗,dargistotugum,dargistotug,dargistotug,
dazdotuftide,达兹托肽,dazdotuftidum,dazdotuftide,dazdotuftida,
delpacibart,地帕西拜单抗,delpacibartum,delpacibart,de,
denecimig,迪纳西米单抗,denecimigum,dénécimig,denecimig,
denfivontinib,地非伏替尼,denfivontinibum,denfivontinib,denfivontinib,
depulfavirine,德普韦林,depulfavirinum,dépulfavirine,depulfavirina,
devextinetug,迪维奈塔单抗,devextinetugum,dévextinetug,devextinetug,
dimdazenil,地达西尼,dimdazenilum,dimdazénil,dimdazenil,
divarasib,地伐雷塞,divarasibum,divarasib,divarasib,
dordaviprone,多达普酮,dordavipronum,dordaviprone,dordaviprona,
dovramilast,多雷米司特,dovramilastum,dovramilast,dovramilast,
edecesertib,艾德色替,edecesertibum,édécésertib,edecesertib,
eglatoprutug,格莱扑塔单抗,eglatoprutugum,églatoprutug,eglatoprutug,
eldocasiran,恩多卡司兰,eldocasiranum,eldocasiran,eldocasirán,
elebsiran,依来司兰,elebsiranum,élebsiran,elebsirán,
empasiprubart,恩扑拜单抗,empasiprubartum,empasiprubart,empasiprubart,
eneboparatide,恩奈帕肽,eneboparatidum,énéboparatide,eneboparatida,
epacmarstobart,依迈苏拜单抗,epacmarstobartum,epacmarstobart,epacmarstobart,
erepdekinra,艾瑞白滞素,erepdekinrum,érepdékinra,erepdekinra,
etrinabdione,伊曲大麻二酮,etrinabdionum,étrinabdione,etrinabdiona,
evazarsen,依伐泽生,evazarsenum,évazarsen,evazarsén,
evunzekibart,文泽奇拜单抗,evunzekibartum,évunzékibart,evunzekibart,
exarafenib,艾克拉非尼,exarafenibum,exarafénib,exarafenib,
exlinkibart,艾林奇拜单抗,exlinkibartum,exlinkibart,exlinkibart,
famzeretcel,法泽锐赛,famzeretcelum,famzéretcel,famzeretcel,
fepixnebart,非奈拜单抗,fepixnebartum,fépixnebart,fepixnebart,
fequesetide,非克塞肽,fequesetidum,féquésétide,fequesetida,
forimtamig,伏利妥米单抗,forimtamigum,forimtamig,forimtamig,
freneslerbart,伏瑞莱拜单抗,freneslerbartum,fréneslerbart,freneslerbart,
froniglutide,弗洛格鲁肽,froniglutidum,froniglutide,froniglutida,
fulimetibant,呋美替班特,fulimetibantum,fulimétibant,fulimetibant,
funobactam,福诺巴坦,funobactamum,funobactam,funobactam,
golcadomide,戈可度胺,golcadomidum,golcadomide,golcadomida,
gumarontinib,谷玛洛替尼,gumarontinibum,gumarontinib,gumarontinib,
ibcasertib,伊卡色替,ibcasertibum,ibcasertib,ibcasertib,
icanbelimod,依坎莫德,icanbelimodum,icanbélimod,icanbelimod,
inaleucel,艾纳仑赛,inaleucelum,inaleucel,inaleucel,
inixaciclib,依尼西利,inixaciclibum,inixaciclib,inixaciclib,
izeltabart,伊妥拜单抗,izeltabartum,izeltabart,izeltabart,
izuforant,依珠仑特,izuforantum,izuforant,izuforant,
lefleuganan,来伏加南,lefleugananum,léfleuganan,lefleuganán,
linavonkibart,利沃奇拜单抗,linavonkibartum,linavonkibart,linavonkibart,
lipustobart,利普苏拜单抗,lipustobartum,lipustobart,lipustobart,
lomvastomig,洛苏米单抗,lomvastomigum,lomvastomig,lomvastomig,
lorundrostat,劳仑卓司他,lorundrostatum,lorundrostat,lorundrostat,
luvixasertib,鲁韦色替,luvixasertibum,luvixasertib,luvixasertib,
maplirpacept,美帕西普,maplirpaceptum,maplirpacept,maplirpacept,
masofaniten,玛索尼腾,masofanitenum,masofanitène,masofanitén,
mavodelpar,玛沃德帕,mavodelparum,mavodelpar,mavodelpar,
mebufotenin,美布特宁,mebufoteninum,mébufoténine,mebufotenina,
mevonlerbart,美莱拜单抗,mevonlerbartum,mévonlerbart,mevonlerbart,
milpocitide,米珀西肽,milpocitidum,milpocitide,milpocitida,
misetionamide,米塞酰胺,misetionamidum,misétionamide,misetionamida,
mizacorat,米泽考特,mizacoratum,mizacorat,mizacorat,
nadravaleucel,纳瓦仑赛,nadravaleucelum,nadravaleucel,nadravaleucel,
narlumosbart,纳鲁索拜单抗,narlumosbartum,narlumosbart,narlumosbart,
neltependocel,奈特恩赛,neltependocelum,neltépendocel,neltependocel,
nelutroctiv,奈鲁曲克替,nelutroctivum,nélutroctiv,nelutroctiv,
nenocorilant,尼诺可兰,nenocorilantum,nénocorilant,nenocorilant,
nexiguran,奈昔谷瑞,nexiguranum,néxiguran,nexigurán,
nisevokitug,尼斯奇塔单抗,nisevokitugum,nisévokitug,nisevokitug,
nivasorexant,尼伐雷生,nivasorexantum,nivasorexant,nivasorexant,
ocifisertib,奥西色替,ocifisertibum,ocifisertib,ocifisertib,
odetiglucan,奥替格鲁康,odetiglucanum,odétiglucane,odetiglucano,
omesdafexor,奥美法克索,omesdafexorum,omesdafexor,omesdafexor,
ompenaclid,奥培可利德,ompenaclidum,ompénaclid,ompenaclid,
pegozafermin,培泽夫明,pegozaferminum,pégozafermine,pegozafermina,
pegsebrenatide,培色瑞那肽,pegsebrenatidum,pegsébrénatide,pegsebrenatida,
pegtarviliase,培拓利酶,pegtarviliasum,pegtarviliase,pegtarviliasa,
pelecopan,培来可泮,pelecopanum,pélécopan,pelecopán,
perenostobart,派瑞苏拜单抗,perenostobartum,pérénostobart,perenostobart,
pifusertib,匹福色替,pifusertibum,pifusertib,pifusertib,
plogosertib,普洛色替,plogosertibum,plogosertib,plogosertib,
pociredir,泊西艾地,pociredirum,pocirédir,pociredir,
polzastobart,普泽苏拜单抗,polzastobartum,polzastobart,polzastobart,
porustobart,普鲁苏拜单抗,porustobartum,porustobart,porustobart,
povafonidine,泊伐乐定,povafonidinum,povafonidine,povafonidina,
povetacicept,普维他西普,povetaciceptum,povétacicept,povetacicept,
pradusinstobart,普拉苏拜单抗,pradusinstobartum,pradusinstobart,pradusinstobart,
prafnosbart,帕拉索拜单抗,prafnosbartum,prafnosbart,prafnosbart,
puliginurad,普利诺雷,puliginuradum,puliginurad,puliginurad,
raludotatug,瑞鲁妥塔单抗,raludotatugum,raludotatug,raludotatug,
ralzapastotug,雷帕苏塔单抗,ralzapastotugum,ralzapastotug,ralzapastotug,
razpipadon,拉匹帕敦,razpipadonum,razpipadon,razpipadón,
resomelagon,瑞索美莱戈,resomelagonum,résomélagon,resomelagón,
resugosbart,瑞苏拜单抗,resugosbartum,résugosbart,resugosbart,
rezpegaldesleukin,瑞培仑白介素-2,rezpegaldesleukinum,rezpégaldesleukine,rezpegaldesleukina,
rifaquizinone,利福喹酮,rifaquizinonum,rifaquizinone,rifaquizinona,
rifasutenizol,利福特尼唑,rifasutenizolum,rifasuténizol,rifasutenizol,
rilparencel,尼帕壬赛,rilparencelum,rilparencel,rilparencel,
riltovetbart,雷托维拜单抗,riltovetbartum,riltovetbart,riltovetbart,
rilvegostomig,雷格苏米单抗,rilvegostomigum,rilvégostomig,rilvegostomig,
ruserontinib,罗塞替尼,ruserontinibum,rusérontinib,ruserontinib,
sacibertinib,沙昔艾替尼,sacibertinibum,sacibertinib,sacibertinib,
selvigaltin,塞韦戈丁,selvigaltinum,selvigaltine,selvigaltina,
sipagladenant,司哌地南,sipagladenantum,sipagladénant,sipagladenant,
tamnorzatinib,他诺泽替尼,tamnorzatinibum,tamnorzatinib,tamnorzatinib,
taragarestrant,泰瑞司群,taragarestrantum,taragarestrant,taragarestrant,
tarperprumig,他扑米单抗,tarperprumigum,tarperprumig,tarperprumig,
tebideutorexant,氘特比雷生,tebideutorexantum,tébideutorexant,tebideutorexant,
tinlorafenib,替洛拉非尼,tinlorafenibum,tinlorafénib,tinlorafenib,
tobemstomig,托贝苏米单抗,tobemstomigum,tobemstomig,tobemstomig,
tobevibart,托韦拜单抗,tobevibartum,tobévibart,tobevibart,
tonlamarsen,托拉玛生,tonlamarsenum,tonlamarsen,tonlamarsén,
tulisokibart,图索奇拜单抗,tulisokibartum,tulisokibart,tulisokibart,
tunodafil,妥诺达非,tunodafilum,tunodafil,tunodafilo,
tuparstobart,图帕苏拜单抗,tuparstobartum,tuparstobart,tuparstobart,
tuspetinib,妥哌替尼,tuspetinibum,tuspétinib,tuspetinib,
tuvusertib,妥伏色替,tuvusertibum,tuvusertib,tuvusertib,
ulecaciclib,优克西利,ulecaciclibum,ulécaciclib,ulecaciclib,
ulonivirine,优洛韦林,ulonivirinum,ulonivirine,ulonivirina,
ultevursen,乌特沃生,ultevursenum,ultévursen,ultevursén,
ulviprubart,尤扑拜单抗,ulviprubartum,ulviprubart,ulviprubart,
umesolerbart,美索莱拜单抗,umesolerbartum,umésolerbart,umesolerbart,
umizortamig,尤妥米单抗,umizortamigum,umizortamig,umizortamig,
unecritinib,优瑞替尼,unecritinibum,unécritinib,unecritinib,
vamotinib,凡莫替尼,vamotinibum,vamotinib,vamotinib,
varokibart,沃诺奇拜单抗,varokibartum,varokibart,varokibart,
vepdegestrant,韦德格司群,vepdegestrantum,vepdégestrant,vepdegestrant,
vilamakitug,维拉奇塔单抗,vilamakitugum,vilamakitug,vilamakitug,
vimnerixin,韦奈立辛,vimnerixinum,vimnérixine,vimnerixina,
vipoglanstat,韦珀格司他,vipoglanstatum,vipoglanstat,vipoglanstat,
vociprotafib,伏西罗他非,vociprotafibum,vociprotafib,vociprotafib,
vodudeutentan,氘沃度恩坦,vodudeutentanum,vodudeutentan,vodudeutentán,
volrustomig,沃苏米单抗,volrustomigum,volrustomig,volrustomig,
vulolisib,伏洛利塞,vulolisibum,vulolisib,vulolisib,
xaluritamig,埃克妥米单抗,xaluritamigum,xaluritamig,xaluritamig,
xelaglifam,塞拉格列凡,xelaglifamum,xélaglifam,xelaglifam,
xempritolimod,昔瑞托莫德,xempritolimodum,xempritolimod,xempritolimod,
xilmenolone,希美诺隆,xilmenolonum,xilménolone,xilmenolona,
xininurad,西尼诺雷,xininuradum,xininurad,xininurad,
zabadinostat,泽贝诺司他,zabadinostatum,zabadinostat,zabadinostat,
zandatrigine,赞达曲近,zandatriginum,zandatrigine,zandatrigina,
zanzalintinib,赞林替尼,zanzalintinibum,zanzalintinib,zanzalintinib,
zegruvirimat,泽鲁韦立马,zegruvirimatum,zégruvirimat,zegruvirimat,
zeripatamig,泽帕妥米单抗,zeripatamigum,zéripatamig,zeripatamig,
zerlasiran,泽拉司兰,zerlasiranum,zerlasiran,zerlasirán,
ziclumeran,兹鲁米瑞,ziclumeranum,zicluméran,ziclumerán,
zifcasiran,齐夫卡司兰,zifcasiranum,zifcasiran,zifcasirán,
zifibancimig,泽非西米单抗,zifibancimigum,zifibancimig,zifibancimig,
zigakibart,泽戈奇拜单抗,zigakibartum,zigakibart,zigakibart,
zolunicant,佐鲁尼坎,zolunicantum,zolunicant,zolunicant,
zosurabalpin,佐苏巴平,zosurabalpinum,zosurabalpine,zosurabalpina,
fosimdesonide,磷依地奈德,fosimdesonidum,fosimdésonide,fosimdesonida,
tapatansine,他帕坦新,tapatansinum,tapatansine,tapatansina,
imelasomeran,伊美索米瑞,imelasomeranum,imélasoméran,imelasomerán,
bofutrelvir,博福特韦,bofutrelvirum,bofutrelvir,bofutrelvir,
buloxibutid,布罗替德,buloxibutidum,buloxibutid,buloxibutid,
carocovatein,卡诺冠泰因,carocovateinum,carocovatéine,carocovateína,
gorivitug,戈韦塔单抗,gorivitugum,gorivitug,gorivitug,
ibacovavec,艾冠维克,ibacovavecum,ibacovavec,ibacovavec,
nisfevitug,尼菲韦塔单抗,nisfevitugum,nisfévitug,nisfevitug,
obeldesivir,奥贝德司韦,obeldesivirum,obeldésivir,obeldesivir,
pomotrelvir,泊莫特韦,pomotrelvirum,pomotrelvir,pomotrelvir,
simaravibart,司雷韦拜单抗,simaravibartum,simaravibart,simaravibart,
ufrenmeran,尤伏米瑞,ufrenmeranum,ufrenméran,ufrenmerán,
zapomeran,泽波米瑞,zapomeranum,zapoméran,zapomerán,
zeldesmeran,泽迪米瑞,zeldesmeranum,zeldesméran,zeldesmerán,
acimtamig,艾西妥米单抗,acimtamigum,acimtamig,acimtamig,
adrixetinib,阿曲舍替尼,adrixetinibum,adrixétinib,adrixetinib,
alintegimod,阿林莫德,alintegimodum,alintégimod,alintegimod,
anpocogin,阿珀可近,anpocoginum,anpocogine,anpocogina,
benmelstobart,贝莫苏拜单抗,benmelstobartum,benmelstobart,benmelstobart,
bevonescein,贝沃荧光素,bevonesceinum,bévonescéine,bevonesceína,
bidoleucel,比度仑赛,bidoleucelum,bidoleucel,bidoleucel,
boditrectinib,博迪曲替尼,boditrectinibum,boditrectinib,boditrectinib,
brenetafusp,布耐芙普,brenetafuspum,brénétafusp,brenetafusp,
brigimadlin,泊利德林,brigimadlinum,brigimadline,brigimadlina,
cemavafusp,西玛芙普,cemavafuspum,cémavafusp,cemavafusp,
cemsidomide,赛司度胺,cemsidomidum,cemsidomide,cemsidomida,
crisugabalin,克利加巴林,crisugabalinum,crisugabaline,crisugabalina,
daniluromer,达尼洛姆,daniluromerum,daniluromère,danilurómero,
darizmetinib,达瑞美替尼,darizmetinibum,darizmétinib,darizmetinib,
davutamig,达伏妥米单抗,davutamigum,davutamig,davutamig,
dazostinag,达卓司亭那,dazostinagum,dazostinag,dazostinag,
dazukibart,达组奇拜单抗,dazukibartum,dazukibart,dazukibart,
debamestrocel,迪巴迈托赛,debamestrocelum,débamestrocel,de,
deupirfenidone,氘吡非尼酮,deupirfenidonum,deupirfénidone,deupirfenidona,
dibutepinephrine,双丁肾上腺素,dibutepinephrinum,dibutépinéphrine,dibutepinefrina,
duvakitug,度伐奇塔单抗,duvakitugum,duvakitug,duvakitug,
ederimotide,艾德莫肽,ederimotidum,édérimotide,ederimotida,
elenestinib,艾伦替尼,elenestinibum,élénestinib,elenestinib,
elritercept,埃瑞西普,elriterceptum,elritercept,elritercept,
emzeltrectinib,安泽曲替尼,emzeltrectinibum,emzeltrectinib,emzeltrectinib,
enlonstobart,恩朗苏拜单抗,enlonstobartum,enlonstobart,enlonstobart,
ersodetug,埃索德塔单抗,ersodetugum,ersodétug,ersodetug,
erzotabart,埃泽妥拜单抗,erzotabartum,erzotabart,erzotabart,
etimumotide,艾替莫肽,etimumotidum,étimumotide,etimumotida,
eurestobart,尤瑞苏拜单抗,eurestobartum,eurestobart,eurestobart,
falbikitug,法比奇塔单抗,falbikitugum,falbikitug,falbikitug,
fazamorexant,法赞雷生,fazamorexantum,fazamorexant,fazamorexant,
faznolutamide,法诺鲁胺,faznolutamidum,faznolutamide,faznolutamida,
ficonalkib,菲考阿克,ficonalkibum,ficonalkib,ficonalkib,
firastotug,费苏塔单抗,firastotugum,firastotug,firastotug,
flizasertib,氟利色替,flizasertibum,flizasertib,flizasertib,
foslevcromakalim,磷左色满卡林,foslevcromakalimum,foslevcromakalim,foslevcromakalim,
fulzerasib,氟泽雷塞,fulzerasibum,fulzérasib,fulzerasib,
ganfeborole,更非硼罗,ganfeborolum,ganfeborole,ganfeborol,
gemlapodect,吉拉泊德,gemlapodectum,gemlapodect,gemlapodect,
gotistobart,戈替苏拜单抗,gotistobartum,gotistobart,gotistobart,
gumelutamide,格美鲁胺,gumelutamidum,gumélutamide,gumelutamida,
hypericin,金丝桃素,hypericinum,hypéricine,hipericina,
ifebemtinib,依贝替尼,ifebemtinibum,ifébemtinib,ifebemtinib,
iluzanebart,艾佐奈拜单抗,iluzanebartum,iluzanebart,iluzanebart,
imsamotide,依沙莫肽,imsamotidum,imsamotide,imsamotida,
inpegsomatropin,怡培生长激素,inpegsomatropinum,inpegsomatropine,inpegsomatropina,
izumerogant,伊佐洛更特,izumerogantum,izumérogant,izumerogant,
lafuvitug,拉伏韦塔单抗,lafuvitugum,lafuvitug,lafuvitug,
lartesertib,拉特色替,lartesertibum,lartésertib,lartesertib,
lenumlostat,莱卢司他,lenumlostatum,lénumlostat,lenumlostat,
lirafugratinib,利拉戈替尼,lirafugratinibum,lirafugratinib,lirafugratinib,
lixudebart,立尤德拜单抗,lixudebartum,lixudébart,lixudebart,
maridebart,玛瑞德拜单抗,maridebartum,maridébart,maridebartum,
marlumotide,玛鲁莫肽,marlumotidum,marlumotide,marlumotida,
merigolix,美瑞戈利,merigolixum,mérigolix,merigolix,
mifanertinib,美凡艾替尼,mifanertinibum,mifanertinib,mifanertinib,
migoprotafib,米戈罗他非,migoprotafibum,migoprotafib,migoprotafib,
monzosertib,莫佐色替,monzosertibum,monzosertib,monzosertib,
murcidencel,沐西登赛,murcidencelum,murcidencel,murcidencel,
muvalaplin,莫伐倍林,muvalaplinum,muvalapline,muvalaplina,
muzastotug,莫泽苏塔单抗,muzastotugum,muzastotug,muzastotug,
narmafotinib,那玛弗替尼,narmafotinibum,narmafotinib,narmafotinib,
navacaprant,那伐卡仑,navacaprantum,navacaprant,navacaprant,
nebratamig,尼布妥米单抗,nebratamigum,nébratamig,nebratamig,
nelistotug,尼利苏塔单抗,nelistotugum,nélistotug,nelistotug,
neracorvir,奈瑞可韦,neracorvirum,néracorvir,neracorvir,
nezutatug,尼组妥塔单抗,nezutatugum,nézutatug,nezutatug,
nimucitinib,尼木昔替尼,nimucitinibum,nimucitinib,nimucitinib,
nizubaglustat,尼佐格司他,nizubaglustatum,nizubaglustat,nizubaglustat,
nolavetbart,诺莱维拜单抗,nolavetbartum,nolavetbart,nolavetbart,
oberotatug,雷坦欧罗妥塔单抗,oberotatugum,obérotatug,oberotatug,
obertamig,奥倍妥米单抗,obertamigum,obertamig,obertamig,
oditrasertib,奥德色替,oditrasertibum,oditrasertib,oditrasertib,
oloctinebart,奥洛奈拜单抗,oloctinebartum,oloctinebart,oloctinebart,
opnurasib,奥普雷塞,opnurasibum,opnurasib,opnurasib,
orforglipron,奥氟格列隆,orforglipronum,orforglipron,orforgliprón,
osivelotor,奥司洛托,osivelotorum,osivélotor,osivelotor,
ozekibart,奥泽奇拜单抗,ozekibartum,ozékibart,ozekibart,
palazestrant,帕拉司群,palazestrantum,palazestrant,palazestrant,
patecibart,帕特西拜单抗,patecibartum,patécibart,patecibart,
pegtarazimod,培他莫德,pegtarazimodum,pegtarazimod,pegtarazimod,
picankibart,匹康奇拜单抗,picankibartum,picankibart,picankibart,
plixorafenib,普克拉非尼,plixorafenibum,plixorafénib,plixorafenib,
pocenbrodib,泊森布地,pocenbrodibum,pocenbrodib,pocenbrodib,
pralurbactam,普纳巴坦,pralurbactamum,pralurbactam,pralurbactam,
pumecitinib,普美昔替尼,pumecitinibum,pumécitinib,pumecitinib,
puxitatug,普西妥塔单抗,puxitatugum,puxitatug,puxitatug,
quazomotide,库佐莫肽,quazomotidum,quazomotide,quazomotida,
rademikibart,乐德奇拜单抗,rademikibartum,rademikibart,rademikibart,
relutrigine,瑞卢曲近,relutriginum,rélutrigine,relutrigina,
remternetug,瑞美奈塔单抗,remternetugum,remternetug,remternetug,
renvistobart,瑞纬苏拜单抗,renvistobartum,renvistobart,renvistobart,
resencatinib,瑞森替尼,resencatinibum,résencatinib,resencatinib,
retatrutide,瑞他曲肽,retatrutidum,rétatrutide,retatrutida,
rildinadstrocel,瑞地阿托赛,rildinadstrocelum,rildinadstrocel,rildinadstrocel,
riliprubart,瑞扑拜单抗,riliprubartum,riliprubart,riliprubart,
risovalisib,瑞索利塞,risovalisibum,risovalisib,risovalisib,
risvodetinib,利沃德替尼,risvodetinibum,risvodétinib,risvodetinib,
ritivixibat,瑞泰昔巴特,ritivixibatum,ritivixibat,ritivixibat,
rizedisben,利泽司本,rizedisbenum,rizédisbène,rizedisbén,
rolistobart,洛苏拜单抗,rolistobartum,rolistobart,rolistobart,
rolusafine,洛鲁萨芬,rolusafinum,rolusafine,rolusafina,
rovadicitinib,罗伐昔替尼,rovadicitinibum,rovadicitinib,rovadicitinib,
sabestomig,萨苏米单抗,sabestomigum,sabestomig,sabestomig,
sabirnetug,萨柏奈塔单抗,sabirnetugum,sabirnetug,sabirnetug,
saruparib,沙鲁帕利,saruparibum,saruparib,saruparib,
sevasemten,司伐赛泰,sevasemtenum,sévasemten,sevasemtén,
sofnobrutinib,索诺布替尼,sofnobrutinibum,sofnobrutinib,sofnobrutinib,
sonrotoclax,索托克拉,sonrotoclaxum,sonrotoclax,sonrotoclax,
sovipostobart,索纬苏拜单抗,sovipostobartum,sovipostobart,sovipostobart,
stapokibart,司普奇拜单抗,stapokibartum,stapokibart,stapokibart,
survodutide,索弗度肽,survodutidum,survodutide,survodutida,
suvemcitug,苏维西塔单抗,suvemcitugum,suvemcitug,suvemcitug,
suzetrigine,舒泽曲近,suzetriginum,suzétrigine,suzetrigina,
tamuzimod,他兹莫德,tamuzimodum,tamuzimod,tamuzimod,
tegoprubart,特古扑拜单抗,tegoprubartum,tégoprubart,tegoprubart,
temtokibart,替托奇拜单抗,temtokibartum,temtokibart,temtokibart,
timdarpacept,替达派西普,timdarpaceptum,T,timdarpacept,
tinodasertib,替诺色替,tinodasertibum,tinodasertib,tinodasertib,
tivumecirnon,替沃西孟,tivumecirnonum,tivumécirnon,tivumecirnón,
trabikibart,曲比奇拜单抗,trabikibartum,trabikibart,trabikibart,
udifitimod,尤地莫德,udifitimodum,udifitimod,udifitimod,
upleganan,厄普加南,uplegananum,upléganan,upleganán,
vabametkib,法巴美吉,vabametkibum,vabametkib,vabametkib,
vamikibart,伐米奇拜单抗,vamikibartum,vamikibart,vamikibart,
veligrotug,维古塔单抗,veligrotugum,véligrotug,veligrotug,
vemtoberant,文托贝仑,vemtoberantum,vemtobérant,vemtoberant,
verzistobart,维苏拜单抗,verzistobartum,verzistobart,verzistobart,
vididencel,维地登赛,vididencelum,vididencel,vididencel,
vonifimod,沃尼莫德,vonifimodum,vonifimod,vonifimod,
vonsetamig,沃司妥米单抗,vonsetamigum,vonsétamig,vonsetamig,
vopikitug,沃匹奇塔单抗,vopikitugum,vopikitug,vopikitug,
vorumotide,伏罗莫肽,vorumotidum,vorumotide,vorumotida,
zasocitinib,泽索昔替尼,zasocitinibum,zasocitinib,zasocitinib,
zatonacaftor,扎特卡托,zatonacaftorum,zatonacaftor,zatonacaftor,
zavondemstat,赞德司他,zavondemstatum,zavondemstat,zavondemstat,
zelasudil,泽拉舒地尔,zelasudilum,zélasudil,zelasudil,
zelnecirnon,泽奈西孟,zelnecirnonum,zelnécirnon,zelnecirnón,
zenidolol,泽尼洛尔,zenidololum,zénidolol,zenidolol,
zidesamtinib,兹德沙替尼,zidesamtinibum,zidésamtinib,zidesamtinib,
zongertinib,宗艾替尼,zongertinibum,zongertinib,zongertinib,
zotizalkib,佐替阿克,zotizalkibum,zotizalkib,zotizalkib,
zovostotug,佐瓦苏塔单抗,zovostotugum,zovostotug,zovostotug,
zurletrectinib,佐来曲替尼,zurletrectinibum,zurlétrectinib,zurletrectinib,
secelasomeran,斯莱米瑞,secelasomeranum,sécélasoméran,secelasomerán,
davesomeran,达维米瑞,davesomeranum,davésoméran,davesomerán,
famtozinameran,法托米瑞,famtozinameranum,famtozinaméran,famtozinamerán,
aderamastat,艾德马司他,aderamastatum,adéramastat,aderamastat,
alsecovatein,艾丝冠泰因,alsecovateinum,alsécovatéine,alsecovateína,
canrivitug,坎瑞韦塔单抗,canrivitugum,canrivitug,canrivitug,
enlicovatein,恩立冠泰因,enlicovateinum,enlicovatéine,enlicovateína,
laricovatein,莱依冠泰因,laricovateinum,laricovatéine,laricovateína,
mindeudesivir,氘敏德司韦,mindeudesivirum,mindeudésivir,mindeudesivir,
riticovatein,锐替冠泰因,riticovateinum,riticovatéine,riticovateína,
selvacovatein,丝伐冠泰因,selvacovateinum,selvacovatéine,selvacovateína,
sorimcovatein,索锐冠泰因,sorimcovateinum,sorimcovatéine,sorimcovateína,
talfirastide,妥非司肽,talfirastidum,talfirastide,talfirastida,
tibrecovatein,缇瑞冠泰因,tibrecovateinum,tibrécovatéine,tibrecovateína,
abiprubart,埃比扑拜单抗,abiprubartum,abiprubart,abiprubart,
alextatug,阿莱妥塔单抗,alextatugum,alextatug,alextatug,
alisvetcel,阿历维赛,alisvetcelum,alisvetcel,alisvetcel,
aneratrigine,艾那曲近,aneratriginum,anératrigine,aneratrigina,
arbemnifosbuvir,阿贝尼磷布韦,arbemnifosbuvirum,arbemnifosbuvir,arbemnifosbuvir,
avenciguat,艾文西呱,avenciguatum,avenciguat,avenciguat,
bavtavirine,巴塔韦林,bavtavirinum,bavtavirine,bavtavirina,
bemfivastatin,贝菲伐他汀,bemfivastatinum,bemfivastatine,bemfivastatina,
bevemipretide,贝米雷肽,bevemipretidum,bévémiprétide,bevemipretida,
bexicaserin,贝卡色林,bexicaserinum,bexicasérine,bexicaserina,
bezetabart,贝泽妥拜单抗,bezetabartum,bézétabart,bezetabart,
bezisterim,贝泽司特林,bezisterimum,bézistérim,bezisterim,
bivamelagon,比伐美莱戈,bivamelagonum,bivamélagon,bivamelagón,
bleximenib,布西美尼布,bleximenibum,bleximénib,bleximenib,
bocodepsin,波克地新,bocodepsinum,bocodepsine,bocodepsina,
budoprutug,布度扑塔单抗,budoprutugum,budoprutug,budoprutug,
cabotamig,凯波妥米单抗,cabotamigum,cabotamig,cabotamig,
canlitinib,卡恩替尼,canlitinibum,canlitinib,canlitinib,
cepeprubart,西派扑拜单抗,cepeprubartum,cépéprubart,cepeprubart,
cibotercept,赛波特西普,ciboterceptum,cibotercept,cibotercept,
cibrigirsen,昔瑞格生,cibrigirsenum,cibrigirsen,cibrigirsén,
cinsebrutinib,欣赛布替尼,cinsebrutinibum,cinsébrutinib,cinsebrutinib,
civorebrutinib,希布替尼,civorebrutinibum,civorébrutinib,civorebrutinib,
clofutriben,克洛曲本,clofutribenum,clofutribène,clofutribén,
coramitug,珂瑞塔单抗,coramitugum,coramitug,coramitug,
dasminapant,达米那泮,dasminapantum,dasminapant,dasminapant,
davelizomib,达维佐米,davelizomibum,davélizomib,davelizomib,
demannose,德尔甘露糖,demannosum,démannose,demanosa,
deupsilocin,氘普司洛辛,deupsilocinum,deupsilocine,deupsilocina,
digadoglucitol,二钆葡糖醇,digadoglucitolum,digadoglucitol,digadoglucitol,
donzakimig,多泽奇米单抗,donzakimigum,donzakimig,donzakimig,
dorocubicel,度洛珂赛,dorocubicelum,dorocubicel,dorocubicel,
edelinontrine,艾地纳群,edelinontrinum,édélinontrine,edelinontrina,
efpegerglucagon,依戈胰高血糖素,efpegerglucagonum,efpégerglucagon,efpegerglucagón,
elfucose,埃尔岩藻糖,elfucosum,elfucose,elfucosa,
eltrekibart,厄奇拜单抗,eltrekibartum,eltrékibart,eltrekibart,
emidurdar,艾米度达,emidurdarum,émidurdar,emidurdar,
emilumenib,依米美尼布,emilumenibum,émiluménib,emilumenib,
emzadirib,艾赞地利,emzadiribum,emzadirib,emzadirib,
enavermotide,艾纳莫肽,enavermotidum,énavermotide,enavermotida,
enristomig,恩苏米单抗,enristomigum,enristomig,enristomig,
envuretcel,恩伏锐赛,envuretcelum,envuretcel,envuretcel,
evalstotug,埃沃苏塔单抗,evalstotugum,évalstotug,evalstotug,
evruleucel,厄鲁仑赛,evruleucelum,évruleucel,evruleucel,
fanastomig,法那苏米单抗,fanastomigum,fanastomig,fanastomig,
fexagratinib,菲格拉替尼,fexagratinibum,fexagratinib,fexagratinib,
firmonertinib,伏美替尼,firmonertinibum,firmonertinib,firmonertinib,
fosigotifator,磷西替法托,fosigotifatorum,fosigotifator,fosigotifator,
friluglanstat,伏瑞格司他,friluglanstatum,friluglanstat,friluglanstat,
frunexian,伏奈克森,frunexianum,frunéxian,frunexián,
galvokimig,加罗奇米单抗,galvokimigum,galvokimig,galvokimig,
gamcemetinib,加司美替尼,gamcemetinibum,gamcémétinib,gamcemetinib,
ganipatide,甘尼帕肽,ganipatidum,ganipatide,ganipatida,
gengleucel,基格仑赛,gengleucelum,gengleucel,gengleucel,
givastomig,吉伐苏米单抗,givastomigum,givastomig,givastomig,
glecirasib,戈来雷塞,glecirasibum,glécirasib,glecirasib,
golmestrocel,古迈托赛,golmestrocelum,golmestrocel,golmestrocel,
gruticibart,古瑞西拜单抗,gruticibartum,gruticibart,gruticibart,
ibentatug,艾本妥塔单抗,ibentatugum,ibentatug,ibentatug,
icalcaprant,依凯卡仑,icalcaprantum,icalcaprant,icalcaprant,
igermetostat,依格美妥司他,igermetostatum,igermétostat,igermetostat,
imdatifan,依达替凡,imdatifanum,imdatifan,imdatifán,
invopressin,依沃加压素,invopressinum,invopressine,invopresina,
irpagratinib,依帕戈替尼,irpagratinibum,irpagratinib,irpagratinib,
irucalantide,依卡仑肽,irucalantidum,irucalantide,irucalantida,
izastobart,依泽苏拜单抗,izastobartum,izastobart,izastobart,
labuxtinib,拉博替尼,labuxtinibum,labuxtinib,labuxtinib,
lacutoclax,乐托克拉,lacutoclaxum,lacutoclax,lacutoclax,
lancastotug,兰卡苏塔单抗,lancastotugum,lancastotug,lancastotug,
latovetcel,拉特维赛,latovetcelum,latovetcel,latovetcel,
lepzacitinib,来普昔替尼,lepzacitinibum,lepzacitinib,lepzacitinib,
leramistat,雷拉米司他,leramistatum,léramistat,leramistat,
lerzeparib,乐泽帕利,lerzeparibum,lerzéparib,lerzeparib,
limaresiquimod,利玛瑞喹莫德,limaresiquimodum,limarésiquimod,limaresiquimod,
lingdolinurad,林多诺雷,lingdolinuradum,lingdolinurad,lingdolinurad,
lixumistat,利克米司他,lixumistatum,lixumistat,lixumistat,
londamocitinib,仑莫昔替尼,londamocitinibum,londamocitinib,londamocitinib,
lotiglipron,洛替格列隆,lotiglipronum,lotiglipron,lotigliprón,
lucicebtide,卢赛布肽,lucicebtidum,lucicebtide,lucicebtida,
lumrotatug,罗美妥塔单抗,lumrotatugum,lumrotatug,lumrotatug,
lunsekimig,芦塞奇米单抗,lunsekimigum,lunsékimig,lunsekimig,
luvagrobart,芦伐古拜单抗,luvagrobartum,luvagrobart,luvagrobart,
luxdegalutamide,卢克德鲁胺,luxdegalutamidum,luxdégalutamide,luxdegalutamida,
migaldendranib,米戈卓尼布,migaldendranibum,migaldendranib,migaldendranib,
mivelsiran,米维司兰,mivelsiranum,mivelsiran,mivelsirán,
monlunabant,莫鲁纳班,monlunabantum,monlunabant,monlunabant,
mosnodenvir,莫司丹韦,mosnodenvirum,mosnodenvir,mosnodenvir,
nedometinib,奈多美替尼,nedometinibum,nédométinib,nedometinib,
negalstobart,奈加苏拜单抗,negalstobartum,négalstobart,negalstobart,
nelmastobart,耐玛苏拜单抗,nelmastobartum,nelmastobart,nelmastobart,
nerandomilast,那米司特,nerandomilastum,nérandomilast,nerandomilast,
nerigliatin,奈格列艾汀,nerigliatinum,nérigliatine,nerigliatina,
nesvategrast,奈瓦替司特,nesvategrastum,nesvatégrast,nesvategrast,
nevadistinel,那瓦替奈,nevadistinelum,névadistinel,nevadistinel,
nezastomig,奈泽苏米单抗,nezastomigum,nézastomig,nezastomig,
nisotirostide,尼索诺司肽,nisotirostidum,nisotirostide,nisotirostida,
omoprubart,欧莫扑拜单抗,omoprubartum,omoprubart,omoprubart,
omramotide,奥拉莫肽,omramotidum,omramotide,omramotida,
onacrisantaspase,恩可瑞冬酶,onacrisantaspasum,onacrisantaspase,onacrisantaspasa,
opelkibart,欧倍奇拜单抗,opelkibartum,opelkibart,opelkibart,
opemalirsen,奥派立生,opemalirsenum,opémalirsen,opemalirsén,
opevesostat,奥贝索司他,opevesostatum,opévésostat,opevesostat,
orziloben,奥兹罗本,orzilobenum,orzilobène,orzilobén,
osavampator,奥沙帕托,osavampatorum,osavampator,osavampator,
osunprotafib,奥森罗他非,osunprotafibum,osunprotafib,osunprotafib,
oximbomotide,奥昔博莫肽,oximbomotidum,oximbomotide,oximbomotida,
pamvatamig,帕瓦妥米单抗,pamvatamigum,pamvatamig,pamvatamig,
pegmispotide,培米泊肽,pegmispotidum,pegmispotide,pegmispotida,
perfluorohexyloctane,全氟己基辛烷,perfluorohexyloctanum,perfluorohexyloctane,perfluorohexiloctano,
petrelintide,派曲林肽,petrelintidum,pétrélintide,petrelintida,
pimicotinib,匹米替尼,pimicotinibum,pimicotinib,pimicotinib,
pozdeutinurad,氘泊替诺雷,pozdeutinuradum,pozdeutinurad,pozdeutinurad,
ragistomig,雷吉苏米单抗,ragistomigum,ragistomig,ragistomig,
rapirosiran,瑞匹司兰,rapirosiranum,rapirosiran,rapirosirán,
redafamdastat,瑞达伐司他,redafamdastatum,rédafamdastat,redafamdastat,
reflocibart,瑞伏西拜单抗,reflocibartum,réflocibart,reflocibart,
repicericel,瑞匹昔赛,repicericelum,répicéricel,repicericel,
resigratinib,瑞斯戈替尼,resigratinibum,résigratinib,resigratinib,
rezatapopt,瑞泽泊特,rezatapoptum,rézatapopt,rezatapopt,
rezetamig,雷泽妥米单抗,rezetamigum,rézétamig,rezetamig,
rezorstobart,瑞佐苏拜单抗,rezorstobartum,rézorstobart,rezorstobart,
risevistinel,利赛替奈,risevistinelum,risévistinel,risevistinel,
rocbrutinib,洛布替尼,rocbrutinibum,rocbrutinib,rocbrutinib,
roconkibart,偌考奇拜单抗,roconkibartum,roconkibart,roconkibart,
roginolisib,罗吉利塞,roginolisibum,roginolisib,roginolisib,
seniprutug,司尼扑塔单抗,seniprutugum,séniprutug,seniprutug,
sifarobocept,司伐博西普,sifaroboceptum,sifarobocept,sifarobocept,
sigvotatug,司沃妥塔单抗,sigvotatugum,sigvotatug,sigvotatug,
silevimig,斯乐韦米单抗,silevimigum,silévimig,silevimig,
sipavibart,斯帕韦拜单抗,sipavibartum,sipavibart,sipavibart,
solbinsiran,索平司兰,solbinsiranum,solbinsiran,solbinsirán,
solizmestrocel,索利兹迈托赛,solizmestrocelum,solizmestrocel,solizmestrocel,
solrikitug,索瑞奇塔单抗,solrikitugum,solrikitug,solrikitug,
sontigidomide,松替度胺,sontigidomidum,sontigidomide,sontigidomida,
sucantomotide,苏卡托莫肽,sucantomotidum,sucantomotide,sucantomotida,
tacaciclib,他卡西利,tacaciclibum,tacaciclib,tacaciclib,
tarumase,塔鲁酶,tarumasum,tarumase,tarumasa,
tebapivat,泰巴匹伐,tebapivatum,tébapivat,tebapivat,
tegeprotafib,特格罗他非,tegeprotafibum,tégéprotafib,tegeprotafib,
tesrivetcel,泰西维赛,tesrivetcelum,tesrivetcel,tesrivetcel,
tisolagiline,替索吉兰,tisolagilinum,tisolagiline,tisolagilina,
traxivitug,曲西韦塔单抗,traxivitugum,traxivitug,traxivitug,
troculeucel,托古仑赛,troculeucelum,troculeucel,troculeucel,
ucenprubart,尤森扑拜单抗,ucenprubartum,ucenprubart,ucenprubart,
uplarafenib,优普拉非尼,uplarafenibum,uplarafénib,uplarafenib,
uprevstobart,尤若苏拜单抗,uprevstobartum,uprevstobart,uprevstobart,
usilnetug,尤奈塔单抗,usilnetugum,usilnetug,usilnetug,
usnoflast,优诺司特,usnoflastum,usnoflast,usnoflast,
vamagloxistat,凡戈西司他,vamagloxistatum,vamagloxistat,vamagloxistat,
venanprubart,维纳扑拜单抗,venanprubartum,vénanprubart,venanprubart,
verekitug,韦瑞奇塔单抗,verekitugum,vérékitug,verekitug,
vevoctadekin,维沃他德白介素,vevoctadekinum,vévoctadékine,vevoctadekina,
vicatertide,维卡特肽,vicatertidum,vicatertide,vicatertida,
vilastobart,韦拉苏拜单抗,vilastobartum,vilastobart,vilastobart,
vimekofusp,韦迈奇芙普,vimekofuspum,vimékofusp,vimekofusp,
vipalanebart,韦帕奈拜单抗,vipalanebartum,vipalanebart,vipalanebart,
visepegenatide,维培那肽,visepegenatidum,visépégénatide,visepegenatida,
vorbipiprant,沃比匹仑,vorbipiprantum,vorbipiprant,vorbipiprant,
votoplam,沃妥扑兰,votoplamum,votoplam,votoplam,
xirestomig,西雷苏米单抗,xirestomigum,xirestomig,xirestomig,
zalfermin,泽拉夫明,zalferminum,zalfermine,zalfermina,
zaloganan,赞洛加南,zalogananum,zaloganan,zaloganán,
zamaporvint,泽玛文特,zamaporvintum,zamaporvint,zamaporvint,
zelatriazin,泽拉曲嗪,zelatriazinum,zélatriazine,zelatriazina,
zeleciment,泽莱西茉单抗,zelecimentum,zéléciment,zeleciment,
zelenectide,泽奈克肽,zelenectidum,zélénectide,zelenectida,
zelicapavir,泽利卡帕韦,zelicapavirum,zélicapavir,zelicapavir,
zevotrelvir,泽沃特韦,zevotrelvirum,zévotrelvir,zevotrelvir,
zimislecel,兹美岛赛,zimislecelum,zimislecel,zimislecel,
zotresiran,佐曲司兰,zotresiranum,zotrésiran,zotresirán,
andusomeran,安度索米瑞,andusomeranum,andusoméran,andusomerán,
pitozinameran,匹托兹奈米瑞,pitozinameranum,pitozinaméran,pitozinamerán,
raxtozinameran,雷托兹奈米瑞,raxtozinameranum,raxtozinaméran,raxtozinamerán,
tegrenmeran,特格米瑞,tegrenmeranum,tégrenméran,tegrenmerán,
upalsecovatein,尤佩冠泰因,upalsecovateinum,upalsécovatéine,upalsecovateína,
vintesomeran,文替索米瑞,vintesomeranum,vintésoméran,vintesomerán,
atilotrelvir,阿泰特韦,atilotrelvirum,atilotrelvir,atilotrelvir,
canvircept,坎韦西普,canvirceptum,canvircept,canvircept,
deunirmatrelvir,氘奈玛特韦,deunirmatrelvirum,deunirmatrelvir,deunirmatrelvir,
ibuzatrelvir,伊布特韦,ibuzatrelvirum,ibuzatrelvir,ibuzatrelvir,
olgotrelvir,奥格特韦,olgotrelvirum,olgotrelvir,olgotrelvir,
pemivibart,哌米韦拜单抗,pemivibartum,pémivibart,pemivibart,
rovunaptabin,罗万普泰滨,rovunaptabinum,rovunaptabine,rovunaptabina,
talovirtide,他洛韦肽,talovirtidum,talovirtide,talovirtida,
timcevibart,替塞韦拜单抗,timcevibartum,timcévibart,timcevibart,
tirfipiravir,特非匹拉韦,tirfipiravirum,tirfipiravir,tirfipiravir,
vecilmeran,维塞米瑞,vecilmeranum,vécilméran,vecilmerán,
velucovacap,维鲁冠克贝,velucovacapum,vélucovacap,velucovacap,
abenacianine,阿苯昔宁,abenacianinum,abénacianine,abenacianina,
adakitug,埃达奇塔单抗,adakitugum,adakitug,adakitug,
admilparant,艾德帕兰,admilparantum,admilparant,admilparant,
aldastotug,奥德苏塔单抗,aldastotugum,aldastotug,aldastotug,
amlenetug,艾莱奈塔单抗,amlenetugum,amlénetug,amlenetug,
amostomig,艾茉苏米单抗,amostomigum,amostomig,amostomig,
ansipastobart,安帕苏拜单抗,ansipastobartum,ansipastobart,ansipastobart,
aplitabart,艾利妥拜单抗,aplitabartum,aplitabart,aplitabart,
asandeutertinib,氘阿生替尼,asandeutertinibum,asandeutertinib,asandeutertinib,
asengeprast,艾生吉司特,asengeprastum,asengéprast,asengeprast,
ateganosine,阿特甘诺新,ateganosinum,atéganosine,ateganosina,
atigotatug,阿替妥塔单抗,atigotatugum,atigotatug,atigotatug,
atumelnant,阿妥美南,atumelnantum,atumelnant,atumelnant,
avitotamig,埃维妥米单抗,avitotamigum,avitotamig,avitotamig,
azirkitug,阿泽奇塔单抗,azirkitugum,à,azirkitug,
beretemcel,比瑞干赛,beretemcelum,bérétemcel,beretemcel,
bexatamig,比克妥米单抗,bexatamigum,bexatamig,bexatamig,
bimokalner,比莫卡纳,bimokalnerum,bimokalner,bimokalner,
bofanglutide,博凡格鲁肽,bofanglutidum,bofanglutide,bofanglutida,
bosakitug,博沙奇塔单抗,bosakitugum,bosakitug,bosakitug,
brezivaptan,布瑞伐坦,brezivaptanum,brézivaptan,brezivaptán,
brimarafenib,布玛拉菲尼,brimarafenibum,brimarafénib,brimarafenib,
brivekimig,布维奇米单抗,brivekimigum,brivékimig,brivekimig,
cafelkibart,克非奇拜单抗,cafelkibartum,cafelkibart,cafelkibart,
calotatug,卡洛妥塔单抗,calotatugum,calotatug,calotatug,
camibirstat,卡比司他,camibirstatum,camibirstat,camibirstat,
claziprotamide,克拉普胺,claziprotamidum,claziprotamide,claziprotamida,
comekibart,柯美奇拜单抗,comekibartum,comékibart,comekibart,
crebankitug,可贝奇塔单抗,crebankitugum,crébankitug,crebankitug,
crelosidenib,克瑞特尼布,crelosidenibum,crélosidénib,crelosidenib,
cugrastomig,库格苏米单抗,cugrastomigum,cugrastomig,cugrastomig,
dapolsertib,达泊色替,dapolsertibum,dapolsertib,dapolsertib,
darbinurad,达比诺雷,darbinuradum,darbinurad,darbinurad,
denikitug,德尼奇塔单抗,denikitugum,dénikitug,denikitug,
dibotatug,迪博妥塔单抗,dibotatugum,dibotatug,dibotatug,
dimethyltryptamine,二甲色胺,dimethyltryptaminum,diméthyltryptamine,dimetiltriptamina,
donitabart,多尼妥拜单抗,donitabartum,donitabart,donitabart,
ebrasodebart,伊艾德拜单抗,ebrasodebartum,ébrasodébart,ebrasodebart,
elsunersen,艾苏那生,elsunersenum,elsunersen,elsunersén,
emiltatug,恩米妥塔单抗,emiltatugum,emiltatug,emiltatugum,
envudeucitinib,氘恩伏昔替尼,envudeucitinibum,envudeucitinib,envudeucitinib,
enzomenib,恩佐美尼布,enzomenibum,enzoménib,enzomenib,
epsametostat,艾普美妥司他,epsametostatum,epsamétostat,epsametostat,
etentamig,艾坦妥米单抗,etentamigum,étentamig,etentamig,
ezobresib,艾佐布塞,ezobresibum,ézobrésib,ezobresib,
flezurafenib,氟佐拉非尼,flezurafenibum,flezurafenib,flezurafenib,
flezurafenib,氟佐拉非尼,flezurafenibum,flézurafénib,flezurafenib,
foselutoclax,磷塞托克拉,foselutoclaxum,fosélutoclax,foselutoclax,
fovinaciclib,伏维西利,fovinaciclibum,fovinaciclib,fovinaciclib,
frevecitinib,伏瑞昔替尼,frevecitinibum,frévécitinib,frevecitinib,
gildeuretinol,氘吉维生素A,gildeuretinolum,gildeuretinol,gildeuretinol,
gimistotug,格米苏塔单抗,gimistotugum,gimistotug,gimistotug,
girocitinib,吉诺昔替尼,girocitinibum,girocitinib,girocitinib,
glovadalen,格伐达仑,glovadalenum,glovadalène,glovadalén,
gocatamig,格卡妥米单抗,gocatamigum,gocatamig,gocatamig,
ibrilatazar,伊布他泽,ibrilatazarum,ibrilatazar,ibrilatazar,
icotrokinra,伊可白滞素,icotrokinraum,icotrokinra,icotrokinra,
icovamenib,艾克美尼布,icovamenibum,icovaménib,icovamenib,
ilantimod,依兰莫德,ilantimodum,ilantimod,ilantimod,
imdusiran,伊达司兰,imdusiranum,imdusiran,imdusirán,
imelciment,伊迈西茉单抗,imelcimentum,imelciment,imelciment,
imocitrelvir,依莫特韦,imocitrelvirum,imocitrelvir,imocitrelvir,
indenebart,英迪奈拜单抗,indenebartum,indénebart,indenebart,
inlexisertib,伊来色替,inlexisertibum,inlexisertib,inlexisertib,
lanerkitug,拉尼奇塔单抗,lanerkitugum,lanerkitug,lanerkitug,
lefelsiran,来非司兰,lefelsiranum,léfelsiran,lefelsirán,
lepodisiran,来泊司兰,lepodisiranum,lépodisiran,lepodisirán,
lesigercept,莱斯格西普,lesigerceptum,lésigercept,lesigercept,
libevitug,立贝韦塔单抗,libevitugum,libévitug,libevitug,
linclatamig,立妥米单抗,linclatamigum,linclatamig,linclatamig,
linustedastat,林特司他,linustedastatum,linustédastat,linustedastat,
lirodegimod,利洛迪莫德,lirodegimodum,lirodégimod,lirodegimod,
lomedeucitinib,氘洛美昔替尼,lomedeucitinibum,lomédeucitinib,lomedeucitinib,
lonvoguran,隆沃谷瑞,lonvoguranum,lonvoguran,lonvogurán,
lorutengitide,卢洛特吉肽,lorutengitidum,lorutengitide,lorutengitida,
lumistobart,鲁米苏拜单抗,lumistobartum,lumistobart,lumistobart,
lunbotinib,仑博替尼,lunbotinibum,lunbotinib,lunbotinib,
lunresertib,卢瑞色替,lunresertibum,lunrésertib,lunresertib,
luvomeran,鲁沃米瑞,luvomeranum,luvoméran,luvomerán,
mangaciclanol,锰昔兰诺,mangaciclanolum,mangaciclanol,mangaciclanol,
matsupexole,马苏克索,matsupexolum,matsupexole,matsupexol,
micvotabart,米沃妥拜单抗,micvotabartum,micvotabart,micvotabart,
mifomelatide,米伏美拉肽,mifomelatidum,mifomélatide,mifomelatida,
mipletamig,迈莱妥米单抗,mipletamigum,miplétamig,mipletamig,
misitatug,米斯妥塔单抗,misitatugum,misitatug,misitatug,
mozistobart,木苏拜单抗,mozistobartum,mozistobart,mozistobart,
muvadenant,莫伐地南,muvadenantum,muvadénant,muvadenant,
navenibart,纳维茵拜单抗,navenibartum,navénibart,navenibart,
nefextinib,奈非替尼,nefextinibum,néfextinib,nefextinib,
neladalkib,奈拉阿克,neladalkibum,néladalkib,neladalkib,
nibrozetone,尼溴泽酮,nibrozetonum,nibrozétone,nibrozetona,
noraramtide,诺拉安肽,noraramtidum,noraramtide,noraramtida,
nucresiran,纽瑞司兰,nucresiranum,nucrésiran,nucresirán,
nurandociguat,诺多西呱,nurandociguatum,nurandociguat,nurandociguat,
nuvisertib,努维色替,nuvisertibum,nuvisertib,nuvisertib,
obrixtamig,欧布妥米单抗,obrixtamigum,obrixtamig,obrixtamig,
ocankitug,欧康奇塔单抗,ocankitugum,ocankitug,ocankitug,
odentegravir,奥顿替拉韦,odentegravirum,odentégravir,odentegravir,
ofirnoflast,奥诺司特,ofirnoflastum,ofirnoflast,ofirnoflast,
olatorepatide,奥莱泊肽,olatorepatidum,olatorépatide,olatorepatida,
olintatug,欧林妥塔单抗,olintatugum,olintatug,olintatug,
opugotamig,欧谷妥米单抗,opugotamigum,opugotamig,opugotamig,
ozureprubart,欧瑞扑拜单抗,ozureprubartum,ozuréprubart,ozureprubart,
pacibekitug,珀贝奇塔单抗,pacibekitugum,pacibékitug,pacibekitug,
padoprazan,帕多普拉生,padoprazanum,padoprazan,padoprazán,
paluratide,帕鲁拉肽,paluratidum,paluratide,paluratida,
pegrizeprument,培瑞扑茉单抗,pegrizeprumentum,pégrizéprument,pegrizeprument,
pilavapadin,匹拉帕定,pilavapadinum,pilavapadine,pilavapadina,
plosaracetam,普沙西坦,plosaracetamum,plosaracétam,plosaracetam,
plozasiran,普乐司兰,plozasiranum,plozasiran,plozasirán,
podentamig,博地妥米单抗,podentamigum,podentamig,podentamig,
potrasertib,泊曲色替,potrasertibum,potrasertib,potrasertib,
precemtabart,普芮妥拜单抗,precemtabartum,précemtabart,precemtabart,
privosegtor,普瑞赛格特,privosegtorum,privosegtor,privosegtor,
pudafensine,普达芬辛,pudafensinum,pudafensine,pudafensina,
rinatabart,锐那妥拜单抗,rinatabartum,rinatabart,rinatabart,
riselcaftor,瑞赛卡托,riselcaftorum,riselcaftor,riselcaftor,
rogocekib,罗戈赛克,rogocekibum,rogocékib,rogocekib,
rupitasertib,芦匹色替,rupitasertibum,rupitasertib,rupitasertib,
samatatug,萨玛妥塔单抗,samatatugum,samatatug,samatatug,
sefaxersen,赛法色生,sefaxersenum,séfaxersen,sefaxersén,
segatroxaban,赛格曲沙班,segatroxabanum,ségatroxaban,segatroxabán,
sendegobresib,森迪布塞,sendegobresibum,sendégobrésib,sendegobresib,
setidegrasib,色替迪雷塞,setidegrasibum,sétidégrasib,setidegrasib,
siltartoxatug,斯泰度塔单抗,siltartoxatugum,siltartoxatug,siltartoxatug,
sitokiren,司妥吉仑,sitokirenum,sitokirène,sitokireno,
sonavibart,索恩韦拜单抗,sonavibartum,sonavibart,sonavibart,
sonefpeglutide,索耐培格鲁肽,sonefpeglutidum,sonefpéglutide,sonefpeglutida,
soquelitinib,索克利替尼,soquelitinibum,soquélitinib,soquelitinib,
spunoleucel,普诺仑赛,spunoleucelum,spunoleucel,espunoleucel,
sumecigrel,舒美格雷,sumecigrelum,sumécigrel,sumecigrel,
surlorian,舒洛立安,surlorianum,surlorian,surlorián,
surzetoclax,舒泽托克拉,surzetoclaxum,surzétoclax,surzetoclax,
suvadronabinol,舒伐大麻酚,suvadronabinolum,suvadronabinol,suvadronabinol,
talorasib,他洛雷塞,talorasibum,talorasib,talorasib,
tambiciclib,他比西利,tambiciclibum,tambiciclib,tambiciclib,
tazlestobart,泰泽苏拜单抗,tazlestobartum,tazlestobart,tazlestobart,
tecotabart,特柯妥拜单抗,tecotabartum,técotabart,tecotabart,
tigozertinib,替格艾替尼,tigozertinibum,tigozertinib,tigozertinib,
tilatamig,替莱妥米单抗,tilatamigum,tilatamig,tilatamig,
trosunilimab,托舒尼利单抗,trosunilimabum,trosunilimab,trosunilimab,
umikibart,尤米奇拜单抗,umikibartum,umikibart,umikibart,
varegacestat,法瑞加司他,varegacestatum,varégacestat,varegacestat,
vezocolmitide,维佐考肽,vezocolmitidum,vézocolmitide,vezocolmitida,
vicadrostat,维卡卓司他,vicadrostatum,vicadrostat,vicadrostat,
vilzemetkib,维泽美吉,vilzemetkibum,vilzémetkib,vilzemetkib,
vixticibart,纬替西拜单抗,vixticibartum,vixticibart,vixticibart,
volenrelaxin,沃伦松弛素,volenrelaxinum,volenrelaxine,volenrelaxina,
zaltenibart,泽茵拜单抗,zaltenibartum,zaltenibart,zalténibart,
zamzetoclax,赞泽托克拉,zamzetoclaxum,zamzétoclax,zamzetoclax,
zavolosotine,赞罗索汀,zavolosotinum,zavolosotine,zavolosotina,
zelenirstat,泽兰司他,zelenirstatum,zélénirstat,zelenirstat,
zemirciclib,泽美西利,zemirciclibum,zémirciclib,zemirciclib,
zemprocitinib,泽普昔替尼,zemprocitinibum,zemprocitinib,zemprocitinib,
zerencotrep,泽仑曲普,zerencotrepum,zérencotrep,zerencotrep,
zifogaptide,齐伏加肽,zifogaptidum,zifogaptide,zifogaptide,
zodasiran,佐达司兰,zodasiranum,zodasiran,zodasirán,
zomiradomide,佐米拉度胺,zomiradomidum,zomiradomide,zomiradomida,
zopocianine,佐泊昔宁,zopocianinum,zopocianine,zopocianina,
zoracopan,佐拉可泮,zoracopanum,zoracopan,zoracopán,
zubotamig,珠博妥米单抗,zubotamigum,zubotamig,zubotamig,
bemremeran,贝莫米瑞,bemremeranum,bemréméran,bemremerán,
iscartrelvir,伊司特韦,iscartrelvirum,iscartrelvir,iscartrelvir,
limnetrelvir,列奈特韦,limnetrelvirum,limnétrelvir,limnetrelvir,
tisorimcovatein,替欧冠泰因,tisorimcovateinum,tisorimcovatéine,tisorimcovateína,
vebanvibart,伐班韦拜单抗,vebanvibartum,vébanvibart,vebanvibart,
muvalaplin,莫伐倍林,muvalaplinum,muvalapline,muvalaplina,
adargiminase,安达吉酶,adargiminasum,adargiminase,adargiminasa,
afimkibart,阿弗奇拜单抗,afimkibartum,afimkibart,afimkibart,
alcestobart,艾克苏拜单抗,alcestobartum,alcestobart,alcestobart,
aleniglipron,艾来格列隆,aleniglipronum,aléniglipron,alenigliprón,
aletekitug,阿莱特奇塔单抗,aletekitugum,alétékitug,aletekitug,
alpitatug,阿匹妥塔单抗,alpitatugum,alpitatug,alpitatug,
amezosvatein,阿米佐泰因,amezosvateinum,amézosvatéine,amezosvateína,
amimestrocel,艾米迈托赛,amimestrocelum,amimestrocel,amimestrocel,
amogammadex,阿更葡糖,amogammadexum,amogammadex,amogammadex,
armocibart,埃莫西拜单抗,armocibartum,armocibart,armocibart,
asaretoclax,阿沙托克拉,asaretoclaxum,asarétoclax,asaretoclax,
atenastobart,阿坦苏拜单抗,atenastobartum,aténastobart,atenastobart,
atirmociclib,阿替莫西利,atirmociclibum,atirmociclib,atirmociclib,
azerutamig,安泽妥米单抗,azerutamigum,azérutamig,azerutamig,
balinatunfib,巴立特非,balinatunfibum,balinatunfib,balinatunfib,
beroterkib,贝洛特吉,beroterkibum,béroterkib,beroterkib,
betinukibart,贝汀奇拜单抗,betinukibartum,bétinukibart,betinukibart,
birinkibart,毕瑞奇拜单抗,birinkibartum,birinkibart,birinkibart,
bosmolisib,博莫利塞,bosmolisibum,bosmolisib,bosmolisib,
branosotine,博然索汀,branosotinum,branosotine,branosotina,
brivestobart,倍拉苏拜单抗,brivestobartum,brivestobart,brivestobart,
bulumtatug,布伦妥塔单抗,bulumtatugum,bulumtatug,bulumtatug,
cadapersen,卡达泊生,cadapersenum,cadapersen,cadapersén,
cambritaxestat,卡泊泰司他,cambritaxestatum,cambritaxestat,cambritaxestat,
canvuparatide,凯沃帕肽,canvuparatidum,canvuparatide,canvuparatida,
casdatifan,卡达替凡,casdatifanum,casdatifan,casdatifán,
caxmotabart,卡克妥拜单抗,caxmotabartum,caxmotabart,caxmotabart,
cenacitinib,塞那昔替尼,cenacitinibum,cénacitinib,cenacitinib,
ciletatug,思妥塔单抗,ciletatugum,cilétatug,ciletatug,
cizutamig,西佐妥米单抗,cizutamigum,cizutamig,cizutamig,
clesitamig,克莱司妥米单抗,clesitamigum,clésitamig,clesitamig,
comsaleucel,珂沙仑赛,comsaleucelum,comsaleucel,comsaleucel,
denrakibart,迪锐奇拜单抗,denrakibartum,denrakibart,denrakibart,
deramiocel,迪拉麦赛,deramiocelum,déramiocel,de,
deulorlatinib,氘洛拉替尼,deulorlatinibum,deulorlatinib,deulorlatinib,
direclidine,迪瑞利定,direclidinum,diréclidine,direclidina,
drotokibart,卓托奇拜单抗,drotokibartum,drotokibart,drotokibart,
eclutatug,艾库妥塔单抗,eclutatugum,éclutatug,eclutatug,
eloralintide,艾洛林肽,eloralintidum,éloralintide,eloralintida,
eltivutabart,艾替妥拜单抗,eltivutabartum,eltivutabart,eltivutabart,
emestedastat,艾美特司他,emestedastatum,émestédastat,emestedastat,
emugrobart,埃沐古拜单抗,emugrobartum,émugrobart,emugrobart,
emunkitug,埃蒙奇塔单抗,emunkitugum,émunkitug,emunkitug,
enrupatinib,恩帕替尼,enrupatinibum,enrupatinib,enrupatinib,
etalanetug,伊特奈塔单抗,etalanetugum,étalanetug,etalanetug,
evategrel,艾瓦格雷,evategrelum,évatégrel,evategrel,
evetifator,伊维替法托,evetifatorum,évétifator,evetifator,
fanregratinib,凡瑞格拉替尼,fanregratinibum,fanrégratinib,fanregratinib,
felmetatug,菲麦妥塔单抗,felmetatugum,felmétatug,felmetatugum,
filricianine,非瑞昔宁,filricianinum,filricianine,filricianina,
fosrolapitant,磷罗拉匹坦,fosrolapitantum,fosrolapitant,fosrolapitant,
frespaciguat,夫来西呱,frespaciguatum,frespaciguat,frespaciguat,
gacovetug,加柯维塔单抗,gacovetugum,gacovétug,gacovetug,
givilmeran,吉韦米瑞,givilmeranum,givilméran,givilmerán,
glasmacinal,格拉玛西那,glasmacinalum,glasmacinal,glasmacinal,
gletimbetasin,格胸腺倍他新,gletimbetasinum,glétimbétasine,gletimbetasina,
greziprubart,盖瑞扑拜单抗,greziprubartum,gréziprubart,greziprubart,
gridegalutamide,戈利迪鲁胺,gridegalutamidum,gridégalutamide,gridegalutamida,
idrebormilast,依硼米司特,idrebormilastum,idrébormilast,idrebormilast,
imeroprubart,伊麦扑拜单抗,imeroprubartum,iméroprubart,imeroprubart,
imneskibart,伊内奇拜单抗,imneskibartum,imneskibart,imneskibart,
imzokitug,伊佐奇塔单抗,imzokitugum,imzokitug,imzokitug,
indemakitug,茵迪奇塔单抗,indemakitugum,indémakitug,indemakitug,
ingitamig,茵吉妥米单抗,ingitamigum,ingitamig,ingitamig,
ismidenon,依米地酮,ismidenonum,ismidénon,ismidenón,
isomiosamine,依索沙胺,isomiosaminum,isomiosamine,isomiosamina,
istisociclib,伊替西利,istisociclibum,istisociclib,istisociclib,
itanistomig,伊他苏米单抗,itanistomigum,itanistomig,itanistomig,
laroprovstat,拉罗普司他,laroprovstatum,laroprovstat,laroprovstat,
laselipag,来赛帕格,laselipagum,lasélipag,laselipag,
lecufexor,来库法克索,lecufexorum,lécufexor,lecufexor,
levacetylleucine,左乙酰亮氨酸,levacetylleucinum,lévacétylleucine,levacetileucina,
linoserpaturev,利诺帕妥络,linoserpaturevum,linoserpaturev,linoserpaturev,
lofacimig,罗法西米单抗,lofacimigum,lofacimig,lofacimig,
lotivibart,隆替韦拜单抗,lotivibartum,lotivibart,lotivibart,
lunlekitug,仑勒奇塔单抗,lunlekitugum,lunlékitug,lunlekitug,
luvometinib,芦沃美替尼,luvometinibum,luvométinib,luvometinib,
maritupirdine,马瑞匹定,maritupirdinum,maritupirdine,maritupirdina,
mavrostobart,玛罗苏拜单抗,mavrostobartum,mavrostobart,mavrostobart,
mevrometostat,麦诺美妥司他,mevrometostatum,mévrométostat,mevrometostat,
mivalsecovatein,米伐冠泰因,mivalsecovateinum,mivalsécovatéine,mivalsecovateína,
mobinitinib,莫比替尼,mobinitinibum,mobinitinib,mobinitinib,
mocaciclib,莫卡西利,mocaciclibum,mocaciclib,mocaciclib,
mosperafenib,莫拉非尼,mosperafenibum,mospérafénib,mosperafenib,
nacresertib,那克瑞色替,nacresertibum,nacrésertib,nacresertib,
napazimone,那帕泽酮,napazimonum,napazimone,napazimona,
navepdekinra,那迪白滞素,navepdekinraum,navepdékinra,navepdekinra,
naxtarubicin,那他柔比星,naxtarubicinum,naxtarubicine,naxtarubicina,
nebokitug,尼博奇塔单抗,nebokitugum,nébokitug,nebokitug,
nedemelteon,奈美替安,nedemelteonum,nédémeltéon,nedemelteón,
neldaleucel,内尔达仑赛,neldaleucelum,neldaleucel,neldaleucel,
nelitolimod,奈托莫德,nelitolimodum,nélitolimod,nelitolimod,
nispomeben,尼博美本,nispomebenum,nispomében,nispomebén,
nivegacetor,尼卡色托,nivegacetorum,nivégacétor,nivegacetor,
nivisnebart,尼维奈拜单抗,nivisnebartum,nivisnebart,nivisnebart,
nuvustotug,奴沃苏塔单抗,nuvustotugum,nuvustotug,nuvustotug,
ocadusertib,奥卡色替,ocadusertibum,ocadusertib,ocadusertib,
olomorasib,奥洛雷塞,olomorasibum,olomorasib,olomorasib,
omectatug,奥美妥塔单抗,omectatugum,omectatug,omectatug,
orenasitecan,奥瑞替康,orenasitecanum,orenasitécan,orenasitecán,
osiramestrocel,奥西拉迈托赛,osiramestrocelum,osiramestrocel,osiramestrocel,
oveporexton,奥普雷顿,oveporextonum,ovéporexton,oveporextón,
pamlectabart,帕沐妥拜单抗,pamlectabartum,pamlectabart,pamlectabart,
pangumestrocel,泮格迈托赛,pangumestrocelum,pangumestrocel,pangumestrocel,
pasritamig,帕斯妥米单抗,pasritamigum,pasritamig,pasritamig,
pebezertinib,佩贝艾替尼,pebezertinibum,pébézertinib,pebezertinib,
peluntamig,佩仑妥米单抗,peluntamigum,péluntamig,peluntamig,
pivicasiran,匹维卡司兰,pivicasiranum,pivicasiran,pivicasirán,
produvofusp,普罗沃芙普,produvofuspum,produvofusp,produvofusp,
progerinin,普洛格宁,progerininum,progérinine,progerinina,
ranosidenib,瑞诺特尼布,ranosidenibum,ranosidénib,ranosidenib,
recibokibart,瑞西奇拜单抗,recibokibartum,récibokibart,recibokibart,
relicpixant,瑞利匹生,relicpixantum,rélicpixant,relicpixant,
remlifanserin,瑞凡色林,remlifanserinum,remlifansérine,remlifanserina,
remzistotug,瑞兹苏塔单,remzistotugum,remzistotug,remzistotug,
repinatrabit,瑞曲比特,repinatrabitum,répinatrabit,repinatrabit,
ribitol,核糖醇,ribitolum,ribitol,ribitol,
rilogrotug,瑞罗古塔单抗,rilogrotugum,rilogrotug,rilogrotug,
rivasterat,利伐司瑞特,rivasteratum,rivastérat,rivasterat,
rosolutamide,洛索鲁胺,rosolutamidum,rosolutamide,rosolutamida,
ruxoprubart,鲁克扑拜单抗,ruxoprubartum,ruxoprubart,ruxoprubart,
safimestomig,萨非苏米单抗,safimestomigum,safimestomig,safimestomig,
salanersen,沙兰那生,salanersenum,salanersen,salanersén,
selonabant,塞洛纳班,selonabantum,sélonabant,selonabant,
senvesiran,森维司兰,senvesiranum,senvésiran,senvesirán,
sevabertinib,塞伐艾替尼,sevabertinibum,sévabertinib,sevabertinib,
solnerstotug,索尔苏塔单抗,solnerstotugum,solnerstotug,solnerstotug,
sonesitatug,索奈妥塔单抗,sonesitatugum,sonésitatug,sonesitatug,
sonruvetcel,索芦维赛,sonruvetcelum,sonruvetcel,sonruvetcel,
soxataltinib,索特替尼,soxataltinibum,soxataltinib,soxataltinib,
spevatamig,斯倍妥米单抗,spevatamigum,spévatamig,espevatamig,
suricapavir,舒瑞卡帕韦,suricapavirum,suricapavir,suricapavir,
surovatamig,苏罗妥米单抗,surovatamigum,surovatamig,surovatamig,
sutacimig,苏他西米单抗,sutacimigum,sutacimig,sutacimig,
telikibart,泰利奇拜单抗,telikibartum,télikibart,telikibart,
teprosulvose,特普索沃司,teprosulvosum,téprosulvose,teprosulvosa,
tigemocoxib,替戈昔布,tigemocoxibum,tigémocoxib,tigemocoxib,
tizetatug,替泽妥塔单抗,tizetatugum,tizétatug,tizetatug,
tovecimig,托维西米单抗,tovecimigum,tovécimig,tovecimig,
trevotamig,曲芙妥米单抗,trevotamigum,trévotamig,trevotamig,
turenkibart,图润奇拜单抗,turenkibartum,turenkibart,turenkibart,
ulacamten,优拉凯泰,ulacamtenum,ulacamtène,ulacamtén,
velinotamig,纬利妥米单抗,velinotamigum,vélinotamig,velinotamig,
vensemaglutide,泛司美格鲁肽,vensemaglutidum,vensémaglutide,vensemaglutida,
veonetinib,威奈替尼,veonetinibum,véonétinib,veonetinib,
vormatrigine,沃马曲近,vormatriginum,vormatrigine,vormatrigina,
xelafaslatide,昔法拉肽,xelafaslatidum,xélafaslatide,xelafaslatida,
zadoprubart,泽度扑拜单抗,zadoprubartum,zadoprubart,zadoprubart,
zanvipixant,赞维匹生,zanvipixantum,zanvipixant,zanvipixant,
zelebrudomide,泽来布度胺,zelebrudomidum,zélébrudomide,zelebrudomida,
zeprumetostat,泽美妥司他,zeprumetostatum,zéprumétostat,zeprumetostat,
bretovameran,布瑞托米瑞,bretovameranum,brétovaméran,bretovamerán,
damlecovatein,达勒冠泰因,damlecovateinum,damlécovatéine,damlecovateina,
lonpovameran,隆伐米瑞,lonpovameranum,lonpovaméran,lonpovamerán,
pegevongitide,培格沃吉肽,pegevongitidum,pégévongitide,pegevongitida,
abazistobart,阿巴苏拜单抗,abazistobartum,abazistobart,abazistobart,
adezkibart,阿德奇拜单抗,adezkibartum,adezkibart,adezkibart,
adimanebart,阿地奈拜单抗,adimanebartum,adimanebart,adimanebart,
agazisiran,阿加司兰,agazisiranum,agazisiran,agazisirán,
alixorexton,阿利雷顿,alixorextonum,alixorexton,alixorextón,
alnodesertib,奥诺色替,alnodesertibum,alnodésertib,alnodesertib,
amdokitug,安沐奇塔单抗,amdokitugum,amdokitug,amdokitug,
amezalpat,阿美扎帕特,amezalpatum,amézalpat,amezalpat,
amrecibart,阿瑞西拜单抗,amrecibartum,amrécibart,amrecibart,
amsulostat,安卢司他,amsulostatum,amsulostat,amsulostat,
andamertinib,安达艾替尼,andamertinibum,andamertinib,andamertinib,
anvumetostat,安美妥司他,anvumetostatum,anvumétostat,anvumetostat,
apazunersen,阿派那生,apazunersenum,apazunersen,apazunersén,
arumakimig,阿鲁奇米单抗,arumakimigum,arumakimig,arumakimig,
astepatide,阿司帕肽,astepatidum,astépatide,astepatida,
atebimetinib,阿特美替尼,atebimetinibum,atébimétinib,atebimetinib,
avicursen,艾维库生,avicursenum,avicursen,avicursén,
balertatug,巴乐妥塔单抗,balertatugum,balertatug,balertatug,
balomenib,巴洛美尼布,balomenibum,baloménib,balomenib,
baloncibart,巴洛西拜单抗,baloncibartum,baloncibart,baloncibart,
becondogrel,吡康格雷,becondogrelum,bécondogrel,becondogrel,
besufetamig,倍斯妥米单抗,besufetamigum,bésufétamig,besufetamig,
betovumeline,贝托美林,betovumelinum,bétovuméline,betovumelina,
birelentinib,比瑞替尼,birelentinibum,birélentinib,birelentinib,
blixeprodil,布利普地尔,blixeprodilum,blixéprodil,blixeprodil,
bocunebart,博库奈拜单抗,bocunebartum,bocunebart,bocunebart,
bretisilocin,布替司洛辛,bretisilocinum,brétisilocine,bretisilocina,
cendifensine,申地芬辛,cendifensinum,cendifensine,cendifensina,
cenvacibart,塞瓦西拜单抗,cenvacibartum,cenvacibart,cenvacibart,
cenzestotug,申泽苏塔单抗,cenzestotugum,cenzestotug,cenzestotug,
ceperognastat,塞佩奥司他,ceperognastatum,cépérognastat,ceperognastat,
ciltistotug,希替苏塔单抗,ciltistotugum,ciltistotug,ciltistotug,
cirtociclib,司托西利,cirtociclibum,cirtociclib,cirtociclib,
claseprubart,克雷扑拜单抗,claseprubartum,claséprubart,claseprubart,
claturafenib,克托拉非尼,claturafenibum,claturafénib,claturafenib,
cliramitug,克里埃塔单抗,cliramitugum,cliramitug,cliramitug,
colulintide,考鲁林肽,colulintidum,colulintide,colulintida,
corabotase,科拉博酶,corabotasum,corabotase,corabotasa,
crusekitug,鲁塞奇塔单抗,crusekitugum,crusékitug,crusekitug,
dabogratinib,达格拉替尼,dabogratinibum,dabogratinib,dabogratinib,
dalidnetug,达立奈塔单抗,dalidnetugum,dalidnetug,dalidnetug,
danifexor,达尼法克索,danifexorum,danifexor,danifexor,
daraxonrasib,达拉雷塞,daraxonrasibum,daraxonrasib,daraxonrasib,
daretabart,达瑞妥拜单抗,daretabartum,darétabart,daretabart,
darlifarnib,达利法尼布,darlifarnibum,darlifarnib,darlifarnib,
delocamten,德洛凯泰,delocamtenum,délocamten,delocamtén,
dencatistat,德卡替司他,dencatistatum,dencatistat,dencatistat,
deulumateperone,氘卢美哌隆,deulumateperonum,deulumatépérone,deulumateperona,
diranersen,地兰那生,diranersenum,diranersen,diranersén,
dirozalkib,地罗阿克,dirozalkibum,dirozalkib,dirozalkib,
egalognastat,艾格奥司他,egalognastatum,égalognastat,egalognastat,
elecoglipron,依来格列隆,elecoglipronum,élécoglipron,elecogliprón,
elegrobart,伊乐古拜单抗,elegrobartum,élégrobart,elegrobart,
elironrasib,艾隆雷塞,elironrasibum,élironrasib,elironrasib,
elisrasib,伊立雷塞,elisrasibum,élisrasib,elisrasib,
elsovaptan,艾索伐坦,elsovaptanum,elsovaptan,elsovaptán,
elunetirom,伊鲁替罗,elunetiromum,élunétirom,elunetirom,
emupertinib,依莫艾替尼,emupertinibum,émupertinib,emupertinib,
encofosbuvir,恩克磷布韦,encofosbuvirum,encofosbuvir,encofosbuvir,
engasertib,恩加色替,engasertibum,engasertib,engasertib,
enozertinib,恩诺艾替尼,enozertinibum,énozertinib,enozertinib,
enzelkitug,安泽奇塔单抗,enzelkitugum,enzelkitug,enzelkitug,
epaldeudomide,氘艾帕度胺,epaldeudomidum,épaldeudomide,epaldeudomida,
etuptamig,伊图妥米单抗,etuptamigum,étuptamig,etuptamig,
exerenibart,埃昔茵拜单抗,exerenibartum,exérénibart,exerenibart,
famlasertib,伐拉色替,famlasertibum,famlasertib,famlasertib,
fexlamose,非昔奈糖,fexlamosum,fexlamose,fexlamosa,
firsekibart,伏欣奇拜单抗,firsekibartum,firsékibart,firsekibart,
florensocatib,氟索卡替,florensocatibum,florensocatib,florensocatib,
fosizensertib,磷泽色替,fosizensertibum,fosizensertib,fosizensertib,
fosrugocrixan,磷鲁格克森,fosrugocrixanum,fosrugocrixan,fosrugocrixán,
fudapirine,夫达吡啉,fudapirinum,fudapirine,fudapirina,
fulipiftide,夫利匹肽,fulipiftidum,fulipiftide,fulipiftida,
futermestotug,伏泰苏塔单抗,futermestotugum,futermestotug,futermestotug,
gadosircoclamide,钆司可酰胺,gadosircoclamidum,gadosircoclamide,gadosircoclamida,
garetatug,戈芮妥塔单抗,garetatugum,garétatug,garetatug,
gatuzosiran,加图司兰,gatuzosiranum,gatuzosiran,gatuzosirán,
gintemetostat,吉美妥司他,gintemetostatum,gintémétostat,gintemetostat,
givopegsomatropin,金培生长激素,givopegsomatropinum,givopegsomatropine,givopegsomatropina,
gozanertinib,戈赞艾替尼,gozanertinibum,gozanertinib,gozanertinib,
ifupinostat,伊吡诺司他,ifupinostatum,ifupinostat,ifupinostat,
imapextide,伊玛派肽,imapextidum,imapextide,imapextida,
imofinostat,依莫诺司他,imofinostatum,imofinostat,imofinostat,
inidascamine,伊达卡胺,inidascaminum,inidascamine,inidascamina,
inlecitug,因莱西塔单抗,inlecitugum,inlécitug,inlecitug,
ipanumeran,伊帕努米瑞,ipanumeranum,ipanuméran,ipanumerán,
irodanoprost,依达前列素,irodanoprostum,irodanoprost,irodanoprost,
isuventatug,伊苏妥塔单抗,isuventatugum,isuventatug,isuventatug,
itareparib,伊他帕利,itareparibum,itaréparib,itareparib,
ixotatug,依索妥塔单抗,ixotatugum,ixotatug,ixotatug,
lanisidenib,兰特尼布,lanisidenibum,lanisidénib,lanisidenib,
lanoracopan,兰诺可泮,lanoracopanum,lanoracopan,lanoracopán,
laporolimus,拉普罗莫司,laporolimusum,laporolimus,laporólimus,
laromestrocel,拉罗迈托赛,laromestrocelum,laromestrocel,laromestrocel,
larubrilstat,拉鲁布司他,larubrilstatum,larubrilstat,larubrilstat,
lasmotinib,拉莫替尼,lasmotinibum,lasmotinib,lasmotinib,
lasrekibart,拉斯瑞奇拜单抗,lasrekibartum,lasrékibart,lasrekibart,
laventatug,拉文妥塔单抗,laventatugum,laventatug,laventatug,
lecankitug,莱康奇塔单抗,lecankitugum,lécankitug,lecankitug,
ledostomig,来多苏米单抗,ledostomigum,lédostomig,ledostomig,
lerepmeran,勒普米瑞,lerepmeranum,lérepméran,lerepmerán,
linvemastat,林维马司他,linvemastatum,linvémastat,linvemastat,
lirucitinib,利罗昔替尼,lirucitinibum,lirucitinib,lirucitinib,
lixosicone,立索西考,lixosiconum,lixosicone,lixosicona,
lomonitinib,洛奈替尼,lomonitinibum,lomonitinib,lomonitinib,
lonitoclax,罗托克拉,lonitoclaxum,lonitoclax,lonitoclax,
lumekefamide,卢美克法胺,lumekefamidum,lumékéfamide,lumekefamida,
macupatide,玛库帕肽,macupatidum,macupatide,macupatida,
marpinersen,玛派那生,marpinersenum,marpinersen,marpinersén,
mazisotine,玛泽索汀,mazisotinum,mazisotine,mazisotina,
milpecitinib,米派昔替尼,milpecitinibum,milpécitinib,milpecitinib,
mirivadelgat,米地加特,mirivadelgatum,mirivadelgat,mirivadelgat,
moxetomidate,莫托咪酯,moxetomidatum,moxétomidate,moxetomidato,
navlimetostat,那美妥司他,navlimetostatum,navlimétostat,navlimetostat,
nedizantrep,奈地扎曲普,nedizantrepum,nédizantrep,nedizantrep,
nelremagpran,奈瑞玛普兰,nelremagpranum,nelrémagpran,nelremagprán,
nesfrotamig,内斯弗妥米单抗,nesfrotamigum,nesfrotamig,nesfrotamig,
netanasvir,奈他那韦,netanasvirum,nétanasvir,netanasvir,
nivudirsen,尼沃地生,nivudirsenum,nivudirsen,nivudirsén,
nufaleucel,努法仑赛,nufaleucelum,nufaleucel,nufaleucel,
nuzefatide,诺泽法肽,nuzefatidum,nuzéfatide,nuzefatida,
obudanersen,奥布那生,obudanersenum,obudanersen,obudanersén,
olorigliflozin,奥洛格列净,olorigliflozinum,olorigliflozine,olorigliflozina,
ompekimig,奥派奇米单抗,ompekimigum,ompékimig,ompekimig,
ontunisertib,昂图色替,ontunisertibum,ontunisertib,ontunisertib,
onvuzosiran,昂沃司兰,onvuzosiranum,onvuzosiran,onvuzosirán,
opakalim,奥帕卡林,opakalimum,opakalim,opakalim,
opamtistomig,奥帕替苏米单抗,opamtistomigum,opamtistomig,opamtistomig,
oturkibart,奥托奇拜单抗,oturkibartum,oturkibart,oturkibart,
ozisiran,奥兹司兰,ozisiranum,ozisiran,ozisirán,
palacaparib,派拉帕利,palacaparibum,palacaparib,palacaparib,
pariceract,帕赛瑞克,pariceractum,paricéract,pariceract,
pasodacigib,帕索达西吉,pasodacigibum,pasodacigib,pasodacigib,
petadeferitrin,培地夫立群,petadeferitrinum,pétadéféritrine,petadeferitrina,
peturadol,哌托拉多,peturadolum,péturadol,peturadol,
plodicitinib,普洛昔替尼,plodicitinibum,plodicitinib,plodicitinib,
potravitug,波查韦塔单抗,potravitugum,potravitug,potravitug,
prifetrastat,普曲司他,prifetrastatum,prifétrastat,prifetrastat,
pruvonertinib,普伏艾替尼,pruvonertinibum,pruvonertinib,pruvonertinib,
pumitamig,普密妥米单抗,pumitamigum,pumitamig,pumitamig,
ralometostat,瑞洛美妥司他,ralometostatum,ralométostat,ralometostat,
ramantamig,雷曼妥米单抗,ramantamigum,ramantamig,ramantamig,
rapaprutug,拉帕扑塔单抗,rapaprutugum,rapaprutug,rapaprutug,
ratutrelvir,拉托特韦,ratutrelvirum,ratutrelvir,ratutrelvir,
refisolone,瑞非松龙,refisolonum,réfisolone,refisolona,
retavibart,芮特韦拜单抗,retavibartum,rétavibart,retavibart,
retogatein,瑞托加泰因,retogateinum,rétogatéine,retogateína,
rezosicone,瑞佐西考,rezosiconum,rézosicone,rezosicona,
rezuforimod,瑞佐福莫德,rezuforimodum,rézuforimod,rezuforimod,
ricefidase,瑞斯菲酶,ricefidasum,ricéfidase,ricefidasa,
rinvatercept,林沃特西普,rinvaterceptum,rinvatercept,rinvatercept,
rizavasertib,瑞扎色替,rizavasertibum,rizavasertib,rizavasertib,
riztunitide,瑞托尼肽,riztunitidum,riztunitide,riztunitida,
rocavorexant,洛卡雷生,rocavorexantum,rocavorexant,rocavorexant,
romaciclib,若玛西利,romaciclibum,romaciclib,romaciclib,
rugecitide,鲁戈西肽,rugecitidum,rugécitide,rugecitida,
rugocrixan,鲁格克森,rugocrixanum,rugocrixan,rugocrixán,
ruzaltatug,芦泽妥塔单抗,ruzaltatugum,ruzaltatug,ruzaltatug,
sasineprocel,萨辛乐赛,sasineprocelum,sasinéprocel,sasineprocel,
secutrelvir,塞库特韦,secutrelvirum,sécutrelvir,secutrelvir,
seldegamadlin,塞迪德林,seldegamadlinum,seldégamadline,seldegamadlina,
setomagpran,塞托玛普兰,setomagpranum,sétomagpran,setomagprán,
silevertinib,昔乐艾替尼,silevertinibum,silévertinib,silevertinib,
simedeutirom,氘西美替罗,simedeutiromum,simédeutirom,simedeutirom,
sitmutolimod,西托莫德,sitmutolimodum,sitmutolimod,sitmutolimod,
soclenicant,索克尼坎,soclenicantum,soclénicant,soclenicant,
sosimerasib,索西美雷塞,sosimerasibum,sosimérasib,sosimerasib,
sumonerimod,苏那莫德,sumonerimodum,sumonérimod,sumonerimod,
suvonstobart,舒沃苏拜单抗,suvonstobartum,suvonstobart,suvonstobart,
tanruprubart,坦鲁扑拜单抗,tanruprubartum,tanruprubart,tanruprubart,
tarvicopan,他维可泮,tarvicopanum,tarvicopan,tarvicopán,
tersolisib,特索利塞,tersolisibum,tersolisib,tersolisib,
tetrandrine,汉防己甲素,tetrandrinum,tétrandrine,tetrandrina,
tezusomant,特佐索孟,tezusomantum,tézusomant,tezusomant,
tilrekimig,替锐奇米单抗,tilrekimigum,tilrékimig,tilrekimig,
tivinectide,替韦克肽,tivinectidum,tivinectide,tivinectida,
tixentamig,替森妥米单抗,tixentamigum,tixentamig,tixentamig,
tixestobart,替克苏拜单抗,tixestobartum,tixestobart,tixestobart,
torvutatug,拓沃妥塔单抗,torvutatugum,torvutatug,torvutatugum,
tosposertib,托波色替,tosposertibum,tosposertib,tosposertib,
trovostobart,特沃苏拜单抗,trovostobartum,trovostobart,trovostobart,
ubavitinib,尤巴替尼,ubavitinibum,ubavitinib,ubavitinib,
ubletamig,尤布妥米单抗,ubletamigum,ublétamig,ubletamig,
vecantoxatug,唯康度塔单抗,vecantoxatugum,vécantoxatug,vecantoxatug,
velaprumig,纬拉扑米单抗,velaprumigum,vélaprumig,velaprumig,
veludacigib,维鲁达西吉,veludacigibum,véludacigib,veludacigib,
verducatib,维多卡替,verducatibum,verducatib,verducatib,
vilagletistat,维列司他,vilagletistatum,vilaglétistat,vilagletistat,
vopimetostat,沃美妥司他,vopimetostatum,vopimétostat,vopimetostat,
vortosiran,沃托司兰,vortosiranum,vortosiran,vortosirán,
zaladenant,赞拉地南,zaladenantum,zaladénant,zaladenant,
zalsupindole,泽舒吲哚,zalsupindolum,zalsupindole,zalsupindol,
zedoresertib,泽多色替,zedoresertibum,zédorésertib,zedoresertib,
zeltociclib,泽托西利,zeltociclibum,zeltociclib,zeltociclib,
zemocimig,泽莫西米单抗,zemocimigum,zémocimig,zemocimig,
zilvetrigine,泽维曲近,zilvetriginum,zilvétrigine,zilvetrigina,
zoldonrasib,佐顿雷塞,zoldonrasibum,zoldonrasib,zoldonrasib,
zovaglutide,佐维格鲁肽,zovaglutidum,zovaglutide,zovaglutida,
cemivameran,西迈瓦米瑞,cemivameranum,cémivaméran,cemivamerán,
girocovatein,吉罗冠泰因,girocovateinum,girocovatéine,girocovateína,
ibramvibart,伊布拉韦拜单抗,ibramvibartum,ibramvibart,ibramvibart,
rubravameran,鲁布瓦米瑞,rubravameranum,rubravaméran,rubravamerán,
tagovameran,塔戈瓦米瑞,tagovameranum,tagovaméran,tagovamerán,
filricianine,非瑞昔宁,filricianinum,filricianine,filricianina,
piperaquine,哌喹,piperaquinum,pipéraquine,piperaquina,
utidelone,优替德隆,utidelonum,utidélone,utidelona,
resveratrol,白藜芦醇,resveratrolum,resvératrol,resveratrol,
getacatetide,博洛利肽,getacatetidum,gétacatétide,getacatetida,
ratangratinib,瑞特格拉替尼,ratangratinibum,ratangratinib,ratangratinib,
marlotamig,达尔妥米单抗,marlotamigum,marlotamig,marlotamig,
balekafusp alfa,巴莱卡芙普α,balekafuspum alfa,balékafusp alfa,balekafusp alfa,
utenpanium chloride,氯乌特帕铵,utenpanii chloridum,chlorure d'utenpanium,cloruro de utenpanio,
infliximab beta,英夫利西单抗β,infliximabum beta,infliximab bêta,infliximab beta,
lunsotogene parvec,哌伦索托基,lunsotogenum parvecum,lunsotogène parvec,lunsotogén parvec,
onzemipgene parvec,哌昂泽米基,onzemipgenum parvecum,onzémipgène parvec,onzemipgén parvec,
florcicaper (18f),氟 (18F)西卡泊,florcicaperum (18F),florcicaper (18F),florcicapero (18F),
flormotridaz (18f),氟(18F)莫曲达,flormotridazum (18F),flormotridaz (18F),flormotridaz (18F),
acinterferon alfa,艾克干扰素α,acinterferonum alfa,acinterféron alfa,acinterferón alfa,
suraxavir marboxil,玛舒拉沙韦,suraxavirum marboxilum,suraxavir marboxil,suraxavir marboxilo,
plencifgene parvec,哌普兰西基,plencifgenum parvecum,plencifgène parvec,plencifgén parvec,
ruzaltatug rezetecan,瑞康芦泽妥塔单抗,ruzaltatugum rezetecanum,ruzaltatug rézétécan,ruzaltatug rezetecán,
tivoxavir marboxil,玛替伏沙韦,tivoxavirum marboxilum,tivoxavir marboxil,tivoxavir marboxilo,
moflerafusp alfa,莫伏来芙普α,moflerafuspum alfa,moflérafusp alfa,moflerafusp alfa,
puliretgene parvec,哌普锐基,puliretgenum parvecum,puliretgène parvec,puliretgén parvec,
tofacitinib etocomil,艾托法替布,tofacitinibum etocomilum,tofacitinib étocomil,tofacitinib etocomilo,
actinium (225ac) zadavotide guraxetan,锕 (225Ac)谷扎达沃肽,actinium (225Ac) zadavotidum guraxetanum,actinium (225Ac) zadavotide guraxétan,actinio (225Ac) zadavotida guraxetán,
liraltagene autoleucel,利瑞基奥仑赛,liraltagenum autoleucelum,liraltagène autoleucel,liraltagén autoleucel,
ristoglogene autogetemcel,里斯洛基奥杰干赛,ristoglogenum autogetemcelum,ristoglogène autogétemcel,ristoglogén autogetemcel,
olisutrigine bromide,溴奥利曲近,olisutrigini bromidum,bromure d'olisutrigine,bromuro de olisutrigina,
efranarelaxin alfa,依弗拉那松弛素α,efranarelaxinum alfa,efranarélaxine alfa,efranarelaxina alfa,
torvutatug samrotecan,萨康拓沃妥塔单抗,torvutatugum samrotecanum,torvutatug samrotécan,torvutatug samrotecán,
copper histidinate,组氨酸铜,cupri histidinas,histidinate de cuivre,histidinato de cobre,
nuzefatide pevedotin,吡诺泽法肽,nuzefatidum pevedotinum,nuzéfatide pévédotine,nuzefatida pevedotina,
xeruborbactam isoboxil,西硼巴坦酯,xeruborbactamum isoboxilum,xéruborbactam isoboxil,xeruborbactam isoboxilo,
plozalizumab plevistinag,普那普洛利珠单抗,plozalizumabum plevistinagum,plozalizumab plévistinag,plozalizumab plevistinag,
colfosceril miristate,肉豆蔻胆磷,colfoscerili miristas,miristate de colfoscéril,miristato de colfoscerilo,
sersacabtagene autoleucel,斯萨基奥仑赛,sersacabtagenum autoleucelum,sersacabtagéne autoleucel,sersacabtagén autoleucel,
pezatresgene leucel,佩泽基仑赛,pezatresgenum leucelum,pézatresgène leucel,pezatresgén leucel,
runitresgene leucel,芦尼基仑赛,runitresgenum leucelum,runitresgène leucel,runitresgén leucel,
soficabtagene geleucel,索菲基杰仑赛,soficabtagenum geleucelum,soficabtagène géleucel,soficabtagén geleucel,
zoninterferon alfa-2b,佐尼干扰素a-2b,zoninterferonum alfa-2b,zoninterféron alfa-2b,zoninterferón alfa-2b,
anbenitamab repodatecan,普康安尼妥单抗,anbenitamabum repodatecanum,anbénitamab répodatécan,anbenitamab repodatecán,
pivodisgene parvec,哌匹沃迪基,pivodisgenum parvecum,pivodisgène parvec,pivodisgén parvec,
anzutresgene autoleucel,安组基奥仑赛,anzutresgenum autoleucelum,anzutresgène autoleucel,anzutresgén autoleucel,
zolacabtagene autoleucel,佐拉卡基奥仑赛,zolacabtagenum autoleucelum,zolacabtagène autoleucel,zolacabtagén autoleucel,
sonzivotide filricianine,菲索沃肽,sonzivotidum filricianinum,sonzivotide filricianine,sonzivotida filricianina,
mivocabtagene autoleucel,米伏基奥仑赛,mivocabtagenum autoleucelum,mivocabtagène autoleucel,mivocabtagén autoleucel,
ixotatug vedotin,维依索妥塔单抗,ixotatugum vedotinum,ixotatug védotine,ixotatug vedotina,
laventatug tivedotin,替维拉文妥塔单抗,laventatugum tivedotinum,laventatug tivédotine,laventatug tivedotina,
baluretgene parvec,哌巴鲁锐基,baluretgenum parvecum,baluretgène parvec,baluretgén parvec,
rondecabtagene autoleucel,朗迪卡基奥仑赛,rondecabtagenum autoleucelum,rondécabtagène autoleucel,rondecabtagén autoleucel,
garetatug rezetecan,瑞康戈芮妥塔单抗,garetatugum rezetecanum,garétatug rézétecan,garetatug rezetecán,
talicabtagene autoleucel,塔利卡基奥仑赛,talicabtagene autoleucelum,talicabtagène autoleucel,talicabtagén autoleucel,
olmocabtagene autoleucel,欧莫基奥仑赛,olmocabtagenum autoleucelum,olmocabtagène autoleucel,olmocabtagén autoleucel,
efclarofusp alfa,依克罗芙普α,efclarofuspum alfa,efclarofusp alfa,efclarofusp alfa,
ranicabtagene autoleucel,雷尼基奥仑赛,ranicabtagenum autoleucelum,ranicabtagène autoleucel,ranicabtagén autoleucel,
limatracint,利曲辛特,limatracintum,limatracint,limatracint,
zintrodiazine,辛卓他嗪,zintrodiazinum,zintrodiazine,zintrodiazina,
dalnacogene ponparvovec,波哌达可基,dalnacogenum ponparvovecum,dalnacogène ponparvovec,dalnacogén ponparvovec,
tegtociclib,特托西利,tegtociclibum,tegtociclib,tegtociclib,
sonesitatug vedotin,维索奈妥塔单抗,sonesitatugum vedotinum,sonésitatug védotine,sonesitatug vedotina,
efsubaglutide alfa,依苏帕格鲁肽α,efsubaglutidum alfa,efsubaglutide alfa,efsubaglutida alfa,
nefonadogene vonzuparvovec,沃佐哌奈纳基,nefonadogenum vonzuparvovecum,néfonadogène vonzuparvovec,nefonadogén vonzuparvovec,
verenafusp alfa,纬瑞纳芙普α,verenafuspum alfa,vérénafusp alfa,verenafusp alfa,
pritebegene zepadenovec,泽艾普贝基,pritebegenum zepadenovecum,pritébégène zépadénovec,pritebegén zepadenovec,
bavebegene tovacivec,托卫巴维贝基,bavebegenum tovacivecum,bavébégène tovacivec,bavebegén tovacivec,
otekinogene vusaplasmid,夫萨米奥奇基,otekinogenum vusaplasmidum,otékinogène vusaplasmide,otekinogén vusaplásmido,
opugotamig olatansine,莱坦欧谷妥米单抗,opugotamigum olatansinum,opugotamig olatansine,opugotamig olatansina,
brexanolone caprilcerbate,布瑞诺龙卡普酯,brexanolonum caprilcerbas,caprilcerbate de brexanolone,caprilcerbato de brexanolona,
vispacabtagene regedleucel,维派基瑞杰仑赛,vispacabtagenum regedleucelum,vispacabtagène régedleucel,vispacabtagén regedleucel,
larnefpendekin alfa,拉奈白介素α,larnefpendekinum alfa,larnefpendékine alfa,larnefpendekina alfa,
bulumtatug fuvedotin,伏维布伦妥塔单抗,bulumtatugum fuvedotinum,bulumtatug fuvédotine,bulumtatug fuvedotina,
cetuximab beta,西妥昔单抗β,cetuximabum beta,cétuximab bêta,cetuximab beta,
lutadenovec autogene,鲁特艾奥基,lutadenovecum autogenum,lutadénovec autogène,lutadenovec autogén,
sapecmeran autogene,奥基萨佩米瑞,sapecmeranum autogenum,sapecméran autogène,sapecmerán autogén,
ciletatug vedotin,维思妥塔单抗,ciletatugum vedotinum,ciletatug védotine,ciletatug vedotina,
efdoralprin alfa,依多瑞普润α,efdoralprinum alfa,efdoralprine alfa,efdoralprina alfa,
posnafusp alfa,博斯纳芙普α,posnafuspum alfa,posnafusp alfa,posnafusp alfa,
efdelikofusp alfa,依利科芙普α,efdelikofuspum alfa,efdélikofusp alfa,efdelikofusp alfa,
efzilonkofusp alfa,依隆柯芙普α,efzilonkofuspum alfa,efzilonkofusp alfa,efzilonkofusp alfa,
sovipostobart beta,索纬苏拜单抗β,sovipostobartum beta,sovipostobart bêta,sovipostobart beta,
nespecabtagene autoleucel,内帕基奥仑赛,nespecabtagenum autoleucelum,nespécabtagène autoleucel,nespecabtagén autoleucel,
efgitasialase alfa,依吉萨酶α,efgitasialasum alfa,efgitasialase alfa,efgitasialasa alfa,
efmedaglutide alfa,依达格鲁肽α,efmedaglutidum alfa,efmédaglutide alfa,efmedaglutida alfa,
persicabtagene lemgedleucel,佩西基莱杰仑赛,persicabtagenum lemgedleucelum,persicabtagène lemgedleucel,persicabtagén lemgedleucel,
actinium (225ac) alpitatug satetraxetan,锕[225Ac]沙阿匹妥塔单抗,actinium (225Ac) alpitatugum satetraxetanum,actinium (225Ac) alpitatug satétraxétan,actinio (225Ac) alpitatug satetraxetán,
utigamglogene autogedtemcel,尤替基奥杰干赛,utigamglogenum autogedtemcelum,utigamglogène autogedtemcel,utigamglogén autogedtemcel,
lasmecabtagene timgedleucel,拉迈基替杰仑赛,lasmecabtagenum timgedleucelum,lasmécabtagène timgedleucel,lasmecabtagén timgedleucel,
etivelcabtagene erigedleucel,艾瓦基瑞杰仑赛,etivelcabtagenum erigedleucelum,étivelcabtagène érigedleucel,etivelcabtagén erigedleucel,
lutetium (177lu) tezuvotide tetraxetan,镥[177Lu]特昔特沃肽,lutetium (177Lu) tezuvotidum tetraxetanum,lutécium (177Lu) tézuvotide tétraxétan,lutecio (177Lu) tezuvotida tetraxetán,
trastuzumab pamirtecan,帕康曲妥珠单抗,trastuzumabum pamirtecanum,trastuzumab pamirtécan,trastuzumab pamirtecán,
solabafusp alfa,索拉比芙普α,solabafuspum alfa,solabafusp alfa,solabafusp alfa,
alizulatide vixocianine,阿肽维克昔宁,alizulatidum vixocianinum,alizulatide vixocianine,alizulatida vixocianina,
amtabafusp alfa,艾米他芙普α,amtabafuspum alfa,amtabafusp alfa,amtabafusp alfa,
senacnagene enfaleucel,斯纳基恩仑赛,senacnagenum enfaleucelum,sénacnagène enfaleucel,senacnagén enfaleucel,
intismeran autogene,奥基茵替米瑞,intismeranum autogenum,intisméran autogène,intismerán autogén,
efarindodekin alfa,依艾迪白介素α,efarindodekinum alfa,éfarindodékine alfa,efarindodekina alfa,
zertomibgene cazparvovec,卡兹哌泽托基,zertomibgenum cazparvovecum,zertomibgène cazparvovec,zertomibgén cazparvovec,
efsudenermin alfa,依苏迪奈明α,efsudenerminum alfa,efsudénermine alfa,efsudenermina alfa,
becotatug vedotin,维贝柯妥塔单抗,becotatugum vedotinum,bécotatug védotine,becotatug vedotina,
felmetatug vedotin,维菲麦妥塔单抗,felmetatugum vedotinum,felmétatug védotine,felmetatug vedotina,
arvenacogene sanparvovec,沙哌阿可基,arvenacogenum sanparvovecum,arvénacogène sanparvovec,arvenacogén sanparvovec,
pasemnogene gleparvovec,格哌佩诺基,pasemnogenum gleparvovecum,pasemnogène gléparvovec,pasemnogén gleparvovec,
tabirafusp alfa tedromer,替卓他比拉芙普α,tabirafuspum alfa tedromerum,tabirafusp alfa tédromère,tabirafusp alfa tedrómero,
tabirafusp alfa,他比拉芙普α,tabirafuspum alfa,tabirafusp alfa,tabirafusp alfa,
pamlectabart tismanitin,替汀帕沐妥拜单抗,pamlectabartum tismanitinum,pamlectabart tismanitine,pamlectabart tismanitina,
zunibergene rocparvovec,罗克哌佐基,zunibergenum rocparvovecum,zunibergène rocparvovec,zunibergén rocparvovec,
delpacibart zotadirsen,佐生地帕西拜单抗,delpacibartum zotadirsenum,delpacibart zotadirsen,delpacibart zotadirsen,
delpacibart braxlosiran,布兰地帕西拜单抗,delpacibartum braxlosiranum,delpacibart braxlosiran,delpacibart braxlosirán,
pixavir marboxil,玛帕西沙韦,pixavirum marboxilum,pixavir marboxil,pixavir marboxilo,
zabilugene almadenorepvec,奥沐艾若泽鲁基,zabilugenum almadenorepvecum,zabilugène almadénorépvec,zabilugén almadenorepvec,
bezeotermin alfa,贝佐特明α,bezeoterminum alfa,bézéotermine alfa,bezeotermina alfa,
caxmotabart entudotin,恩汀卡克妥拜单抗,caxmotabartum entudotinum,caxmotabart entudotine,caxmotabart entudotina,
resecabtagene autoleucel,瑞塞基奥仑赛,resecabtagenum autoleucelum,résécabtagène autoleucel,resecabtagén autoleucel,
abipapogene suvaplasmid,苏米阿比帕基,abipapogenum suvaplasmidum,abipapogène suvaplasmide,abipapogén suvaplásmido,
macitegtagene autoleucel,玛西特基奥仑赛,macitegtagenum autoleucelum,macitegtagène autoleucel,macitegtagén autoleucel,
zamubafusp alfa,泽莫比芙普α,zamubafuspum alfa,zamubafusp alfa,zamubafusp alfa,
tizetatug rezetecan,瑞康替泽妥塔单抗,tizetatugum rezetecanum,tizétatug rézétécan,tizetatug rezetecán,
rememulgene arelactibac,阿莱巴瑞沐基,rememulgenum arelactibacum,rémémulgène arélactibac,rememulgén arelactibac,
lead (212pb) lapemelanotide zapixetan,铅(212Pb)赞拉帕诺肽,plumbum (212Pb) lapemelanotidum zapixetanum,plomb (212Pb) lapémélanotide zapixétan,plomo (212Pb) lapemelanotida zapixetán,
lead (212pb) bamzireotide navoxetan,铅(212Pb) 纳巴莫瑞肽,plumbum (212Pb) bamzireotidum navoxetanum,plomb (212Pb) bamziréotide navoxétan,plomo (212Pb) bamzireótida navoxetán,
upinitatug rilsodotin,瑞度尤匹妥塔单抗,upinitatugum rilsodotinum,upinitatug rilsodotine,upinitatug rilsodotina,
upinitatug,尤匹妥塔单抗,upinitatugum,upinitatug,upinitatug,
bevacizumab gamma,贝伐珠单抗γ,bevacizumabum gamma,bévacizumab gamma,bevacizumab gamma,
azetukalner,阿泽卡纳,azetukalnerum,azétukalner,azetukalner,
pegfosimer manganese,培夫司姆锰,pegfosimerum manganesum,pegfosimère manganèse,pegfosímero manganeso,
tividenofusp alfa,替艾芙普α,tividenofuspum alfa,tividénofusp alfa,tividenofusp alfa,
rinvecalinase alfa,瑞卡林酶α,rinvecalinasum alfa,rinvécalinase alfa,rinvecalinasa alfa,
gulgafafusp alfa,格加芙普α,gulgafafuspum alfa,gulgafafusp alfa,gulgafafusp alfa,
sonpiretigene isteparvovec,艾哌索替基,sonpiretigenum isteparvovecum,sonpirétigène istéparvovec,sonpiretigén isteparvovec,
sotiburafusp alfa,索布瑞芙普α,sotiburafuspum alfa,sotiburafusp alfa,sotiburafusp alfa,
inaticabtagene autoleucel,纳基奥仑赛,inaticabtagenum autoleucelum,inaticabtagène autoleucel,inaticabtagén autoleucel,
esonadogene imvoparvovec,依哌艾多基,esonadogenum imvoparvovecum,ésonadogène imvoparvovec,esonadogén imvoparvovec,
anitocabtagene autoleucel,阿尼基奥仑赛,anitocabtagenum autoleucelum,anitocabtagène autoleucel,anitocabtagén autoleucel,
trastuzumab botidotin,博度曲妥珠单抗,trastuzumabum botidotinum,trastuzumab botidotine,trastuzumab botidotina,
umedaptanib pegol,培米他尼布,umedaptanibum pegolum,umédaptanib pégol,umedaptanib pegol,
durcabtagene autoleucel,度卡基奥仑赛,durcabtagenum autoleucelum,durcabtagène autoleucel,durcabtagén autoleucel,
gallium (68ga) rofapitide tetraxetan,镓[68Ga]特昔罗伐肽,gallium (68Ga) rofapitidum tetraxetanum,gallium (68Ga) rofapitide tétraxétan,galio (68Ga) rofapitida tetraxetán,
lutetium (177lu) rofapitide tetraxetan,镥[177Lu]特昔罗伐肽,lutetium (177Lu) rofapitidum tetraxetanum,lutécium (177Lu) rofapitide tétraxétan,lutecio (177Lu) rofapitida tetraxetán,
tinocabtagene autoleucel,替基奥仑赛,tinocabtagenum autoleucelum,tinocabtagène autoleucel,tinocabtagén autoleucel,
alemtuzumab beta,阿仑妥珠单抗β,alemtuzumabum beta,alemtuzumab bêta,alemtuzumab beta,
enlicitide chloride,氯恩利西肽,enlicitidi chloridum,chlorure d'enlicitide,cloruro de enlicitida,
vensobafusp alfa,文索芙普α,vensobafuspum alfa,vensobafusp alfa,vensobafusp alfa,
trastuzumab vedotin,维曲妥珠单抗,trastuzumabum vedotinum,trastuzumab védotine,trastuzumab vedotina,
besvatresgene autoleucel,贝萨基奥仑赛,besvatresgenum autoleucelum,besvatresgène autoleucel,besvatresgén autoleucel,
suvutresgene autoleucel,苏基奥仑赛,suvutresgenum autoleucelum,suvutresgène autoleucel,suvutresgén autoleucel,
trovocabtagene autoleucel,曲基奥仑赛,trovocabtagenum autoleucelum,trovocabtagène autoleucel,trovocabtagén autoleucel,
taplucainium chloride,他普氯铵,taplucainium chloride,chlorure de taplucaïnium,cloruro de taplucainio,
efzimfotase alfa,依赛弗酶α,efzimfotasum alfa,efzimfotase alfa,efzimfotasa alfa,
basiliximab sarotalocan,沙巴利昔单抗,basiliximabum sarotalocanum,basiliximab sarotalocan,basiliximab sarotalocán,
avibactam tomilopil,阿维巴坦酯,avibactamum tomilopilum,avibactam tomilopil,avibactam tomilopil,
labafenogene marselecobac,迈斯巴莱诺基,labafenogenum marselecobacum,labafénogène marsélécobac,labafenogén marselecobac,
maridebart cafraglutide,卡格玛瑞德拜单抗,maridebartum cafraglutidum,maridébart cafraglutide,maridebart cafraglutida,
lutetium (177lu) edotreotide,镥[177Lu]依度曲肽,lutetium (177Lu) edotreotidum,lutécium (177Lu) édotréotide,lutecio (177Lu) edotreotida,
detalimogene voraplasmid,沃米德他基,detalimogenum voraplasmidum,détalimogène voraplasmide,detalimogén voraplásmido,
prizloncabtagene autoleucel,普龙基奥仑赛,prizloncabtagenum autoleucelum,prizloncabtagène autoleucel,prizloncabtagén autoleucel,
englumafusp alfa,恩璐玛芙普α,englumafuspum alfa,englumafusp alfa,englumafusp alfa,
technetium (99mtc) gleceparin sodium,锝(99mTc)格莱肝素钠,technetium (99mTc) gleceparinum natricum,technétium (99mTc) glécéparine sodique,tecnecio (99mTc) gleceparina sódica,
tacabrutideg,卡迪布替尼,tacabrutidegum,tacabrutideg,tacabrutideg,
solengepras,索兰吉普司,solengeprasum,solengépras,solengepras,
bizrolertinib,珀泽艾替尼,bizrolertinibum,bizrolertinib,bizrolertinib,
quaratusugene ozeplasmid,奥米奎基,quaratusugenum ozeplasmidum,quaratusugène ozéplasmide,quaratusugén ozeplásmido,
imiquimod,咪喹莫德,imiquimodum,imiquimod,imiquimod,
telisotuzumab vedotin,维特立妥珠单抗,telisotuzumabum vedotinum,télisotuzumab védotine,telisotuzumab vedotina,
eftozanermin alfa,依托奈明α,eftozanermin alfa,eftozanermine alfa,eftozanermina alfa,
nadofaragene firadenovec,非艾那法基,nadofaragenum firadenovecum,nadofaragène firadénovec,nadofaragén firadenovec,
avasopasem manganese,阿伐索帕锰,avasopasemum manganum,avasopasem manganèse,avasopasem manganeso,
disitamab vedotin,维迪西妥单抗,disitamabum vedotinum,disitamab védotine,disitamab vedotina,
ibudilast,异丁司特,ibudilastum,ibudilast,ibudilast,
bizalimogene ralaplasmid,瑞米必利基,bizalimogenum ralaplasmidum,bizalimogène ralaplasmide,bizalimogén ralaplásmido,
efineptakin alfa,依非白介素 α,efineptakinum alfa,éfineptakine alfa,efineptakina alfa,
camidanlumab tesirine,替卡利尤单抗,camidanlumabum tesirinum,camidanlumab tésirine,camidanlumab tesirina,
pexastimogene devacirepvec,德伐匹莫基,pexastimogenum devacirepvecum,pexastimogène dévacirépvec,pexastimogén devacirepvec,
datopotamab deruxtecan,德达博妥单抗,datopotamabum deruxtecanum,datopotamab déruxtécan,datopotamab deruxtecán,
patritumab deruxtecan,德帕曲妥尤单抗,patritumabum deruxtecanum,patritumab déruxtécan,patritumab deruxtecán,
fosgemcitabine palabenamide,帕拉磷吉西他滨,fosgemcitabinum palabenamidum,fosgemcitabine palabénamide,fosgemcitabina palabenamida,
mirvetuximab soravtansine,索米妥昔单抗,mirvetuximabum soravtansinum,mirvétuximab soravtansine,mirvetuximab soravtansina,
naptumomab estafenatox,他那妥欧单抗,naptumomabum estafenatoxum,naptumomab estafénatox,naptumomab estafenatox,
tusamitamab ravtansine,瑞沃特赛妥单抗,tusamitamabum ravtansinum,tusamitamab ravtansine,tusamitamab ravtansina,
tigilanol tiglate,泰替吉诺,tigilanoli tiglas,tiglate de tigilanol,tiglato de tigilanol,
letetresgene autoleucel,乐基仑赛,letetresgenum autoleucelum,lététresgène autoleucel,letetresgén autoleucel,
tipifarnib,替匹法尼,tipifarnibum,tipifarnib,tipifarnib,
axalimogene filolisbac,菲罗阿莫基,axalimogenum filolisbacum,axalimogène filolisbac,axalimogén filolisbac,
emapticap pegol,培艾马替卡,emapticapum pegolum,émapticap pégol,emapticap pegol,
olaptesed pegol,培奥拉特塞,olaptesedum pegolum,olaptésed pégol,olaptesed pegol,
trastuzumab duocarmazine,度曲妥珠单抗,trastuzumabum duocarmazinum,trastuzumab duocarmazine,trastuzumab duocarmazina,
coltuximab ravtansine,雷考妥昔单抗,coltuximabum ravtansinum,coltuximab ravtansine,coltuximab ravtansina,
praluzatamab ravtansine,雷普罗妥单抗,praluzatamabum ravtansinum,praluzatamab ravtansine,praluzatamab ravtansina,
labetuzumab govitecan,戈拉贝妥珠单抗,labetuzumabum govitecanum,labétuzumab govitécan,labetuzumab govitecán,
disufenton sodium,地舒芬通钠,disufentonum natricum,disufenton sodique,disufentón de sodio,
veltuzumab,维妥珠单抗,veltuzumabum,veltuzumab,veltuzumab,
lucanthone,硫蒽酮,lucanthonum,lucanthone,lucantona,
iodine (131i) apamistamab,碘(131 I) 艾妥单抗,iodinum (131I) apamistamabum,iodine (131I) apamistamab,iodo (131I) apamistamab,
nemvaleukin alfa,奈沃白介素α,nemvaleukinum alfa,nemvaleukine alfa,nemvaleukina alfa,
oportuzumab monatox,莫奥珠单抗,oportuzumabum monatoxum,oportuzumab monatox,oportuzumab monatox,
eftilagimod alfa,艾泰莫德 α,eftilagimodum alfa,eftilagimod alfa,eftilagimod alfa,
delolimogene mupadenorepvec,沐艾德利基,delolimogenum mupadenorepvecum,délolimogène mupadénorépvec,delolimogén mupadenorepvec,
anetumab ravtansine,雷安妥尤单抗,anetumabum ravtansinum,anétumab ravtansine,anetumab ravtansina,
florilglutamic acid (18f),氟[18F]丙谷氨酸,acidum florilglutamicum (18F),acide florilglutamique (18F),ácido florilglútamico (18F),
onapristone,奥那司酮,onapristonum,onapristone,onapristona,
cladribine,克拉屈滨,cladribinum,cladribine,cladribina,
paclitaxel,紫杉醇,paclitaxelum,paclitaxel,paclitaxel,
olvimulogene nanivacirepvec,纳若欧莫洛基,olvimulogenum nanivacirepvecum,olvimulogène nanivacirépvec,olvimulogén nanivacirepvec,
flutemetamol (18f),氟[18F]美他酚,flutemetamolum (18F),flutémétamol (18F),flutemetamol (18F),
technetium (99mtc) sestamibi,锝[99mTc]司他比,technetium (99mTc) sestamibi,technétium (99mTc) sestamibi,tecnecio (99mTc) sestamibi,
izaflortaucipir (18f),异氟妥西吡[18F],izaflortaucipirum (18F),izaflortaucipir (18F),izaflortaucipir (18F),
acetohydroxamic acid,醋羟胺酸,acidum acetohydroxamicum,acide acétohydroxamique,ácido acetohidroxámico,
adrogolide,阿屈高莱,,adrogolide,adrogolida,
afamitresgene autoleucel,艾基奥仑赛,afamitresgenum autoleucelum,afamitresgène autoleucel,afamitresgén autoleucel,
aflibercept,阿柏西普,afliberceptum,aflibercept,aflibercept,
agalsidase alfa,阿加糖酶 α,agalsidasum alfa,agalsidase alfa,agalsidasa alfa,
agalsidase beta,阿加糖酶 β,agalsidasum beta,agalsidase beta,agalsidasa beta,
aglatimagene besadenovec,贝阿马基,aglatimagenum besadenovecum,aglatimagène bésadénovec,aglatimagén besadenovec,
albendazole,阿苯达唑,albendazolum,albendazole,albendazol,
albutrepenonacog alfa,阿布诺凝血素α,albutrepenonacogum alfa,albutrépénonacog alfa,albutrepenonacog alfa,
aldesleukin,阿地白介素,,aldesleukine,aldesleukina,
alglucosidase alfa,阿糖苷酶α,alglucosidasum alfa,alglucosidase alfa,alglucosidasa alfa,
alipogene tiparvovec,替哌阿立泊基,alipogenum tiparvovecum,alipogène tiparvovec,alipogén tiparvovec,
alitretinoin,阿利维A酸,alitretinoinum,alitrétinoïne,alitretinoína,
alprostadil,前列地尔,alprostadilum,alprostadil,alprostadil,
ambrisentan,安立生坦,ambrisentanum,ambrisentan,ambrisentán,
amoxapine,阿莫沙平,,amoxapine,amoxapina,
amoxicillin,阿莫西林,,amoxicilline,amoxicilina,
amphotericin b,两性霉素B,amphotericinum B,amphotéricine B,amfotericina B,
andexanet alfa,安地萨特α,andexanetum alfa,andexanet alfa,andexanet alfa,
anrukinzumab,安芦奇珠单抗,anrukinzumabum,anrukinzumab,anrukinzumab,
antithrombin gamma,抗凝血酶γ,antithrombinum gamma,antithrombine gamma,antitrombina gamma,
aplindore,阿林多尔,aplindorum,aplindore,aplindor,
ardeparin sodium,阿地肝素钠,ardeparinum natricum,ardéparine sodique,ardeparina de sodio,
argatroban,阿加曲班,argatrobanum,argatroban,argatroban,
asfotase alfa,阿司福酶α,asfotasum alfa,asfotase alfa,asfotasa alfa,
atacicept,阿塞西普,ataciceptum,atacicept,atacicept,
atevirdine,阿替韦啶,atevirdinum,atévirdine,atevirdina,
atidarsagene autotemcel,阿替达基奥干赛,atidarsagenum autotemcelum,atidarsagène autotemcel,atidarsagén autotemcel,
atracurium besilate,苯磺阿曲库铵,atracurii besilas,bésilate d'atracurium,besilato de atracurio,
auranofin,金诺芬,auranofinum,auranofine,auranofina,
autogene cevumeran,奥基司米瑞,autogenum cevumeranum,autogène cévuméran,autogén cevumerán,
avalglucosidase alfa,艾夫糖苷酶 α,avalglucosidasum alfa,avalglucosidase alfa,avalglucosidasa alfa,
aviscumine,阿维库明,aviscuminum,aviscumine,aviscumina,
axicabtagene ciloleucel,阿基仑赛,axicabtagenum ciloleucelum,axicabtagène ciloleucel,axicabtagén ciloleucel,
azacitidine,阿扎胞苷,azacitidinum,azacitidine,azacitidina,
azelaic acid,壬二酸,acidum azelaicum,acide azélaïque,ácido azelaico,
azelnidipine,阿泽地平,azelnidipinum,azelnidipine,azelnidipino,
azilsartan medoxomil,美阿沙坦,azilsartanum medoxomilum,azilsartan médoxomil,azilsartán medoxomilo,
azintuxizumab vedotin,维阿辛妥昔珠单抗,azintuxizumabum vedotinum,azintuxizumab védotine,azintuxizumab vedotina,
aztreonam,氨曲南,aztreonamum,aztréonam,aztreonam,
baclofen,巴氯芬,baclofenum,baclofène,baclofeno,
baloxavir marboxil,玛巴洛沙韦,baloxavirum marboxilum,baloxavir marboxil,baloxavir marboxil,
baminercept,贝奈西普,baminerceptum,baminercept,baminercept,
basiliximab,巴利昔单抗,,basiliximab,basiliximab,
bavituximab,巴维妥昔单抗,bavituximabum,bavituximab,bavituximab,
belantamab mafodotin,玛贝兰妥单抗,belantamabum mafodotinum,bélantamab mafodotine,belantamab mafodotina,
bempedoic acid,贝派度酸,acidum bempedoicum,acide bempédoïque,ácido bempedoico,
bentiromide,苯替酪胺,bentiromidum,bentiromide,bentiromida,
beperminogene perplasmid,培米贝诺基,beperminogenum perplasmidum,béperminogène perplasmide,beperminogén perplásmido,
betamethasone,倍他米松,,bétaméthasone,betametasona,
bicalutamide,比卡鲁胺(97),,,,
bilastine,比拉斯汀,,bilastine,bilastina,
bintrafusp alfa,必特芙普α,bintrafuspum alfa,bintrafusp alfa,bintrafusp alfa,
bivalirudin,比伐芦定,bivalirudinum,bivalirudine,bivalirudina,
bosentan,波生坦,bosentanum,bosentan,bosentán,
brasofensine,布索芬新,brasofensinum,brasofensine,brasofensina,
brentuximab vedotin,维布妥昔单抗,brentuximabum vedotinum,brentuximab védotine,brentuximab vedotina,
brexucabtagene autoleucel,布瑞基奥仑赛,brexucabtagenum autoleucelum,bréxucabtagène autoleucel,brexucabtagén autoleucel,
brinzolamide,布林佐胺,brinzolamidum,brinzolamide,brinzolamida,
brivanib alaninate,丙氨酸布立尼布,alaninati brivanibum,alaninate de brivanib,alaninato de brivanib,
brivudine,溴夫定,brivudinum,brivudine,brivudina,
bromisoval,溴米索伐,,bromisoval,bromisoval,
brotizolam,溴替唑仑,brotizolamum,brotizolam,brotizolam,
bucindolol,布新洛尔,bucindololum,bucindolol,bucindolol,
bumetanide,布美他尼,bumetanidum,bumétanide,bumetanida,
bunaprolast,布那司特,bunaprolastum,bunaprolast,bunaprolast,
cabergoline,卡麦角林,cabergolinum,cabergoline,cabergolina,
calaspargase pegol,培戈卡门冬酶,calaspargasum pegolum,calaspargase pégol,calaspargasa pegol,
calcifediol,骨化二醇,calcifediolum,calcifédiol,calcifediol,
calcipotriol,卡泊三醇,calcipotriolum,calcipotriol,calcipotriol,
calcitriol,骨化三醇,calcitriolum,calcitriol,calcitriol,
calcium folinate,亚叶酸钙,calcii folinas,folinate de calcium,folinato cálcico,
calcium glucoheptonate,葡庚糖酸钙,calcii glucoheptonas,glucoheptonate de calcium,glucoheptonato de calcio,
calcium trisodium pentetate,喷替酸钙钠,calcii trinatrii pentetas,pentétate de calcium trisodique,pentetato calcio y trisodio,
canakinumab,凯那奇尤单抗,canakinumabum,canakinumab,canakinumab,
carbidopa,卡比多巴,carbidopum,carbidopa,carbidopa,
carboplatin,卡铂,carboplatinum,carboplatine,carboplatino,
carmustine,卡莫司汀,carmustinum,carmustine,carmustina,
carvedilol,卡维地洛,carvedilolum,carvédilol,carvedilol,
carzelesin,卡泽来新,carzelesinum,carzélésine,carzelesina,
catridecacog,卡德凝血素,catridecacogum,catridécacog,catridecacog,
cefaclor,头孢克洛,cefaclorum,céfaclor,cefaclor,
cefadroxil,头孢羟氨苄,cefadroxilum,céfadroxil,cefadroxilo,
cefalexin,头孢氨苄,cefalexinum,céfalexine,cefalexina,
cefixime,头孢克肟,cefiximum,céfixime,cefixima,
cefprozil,头孢丙烯,cefprozilum,cefprozil,cefprozilo,
ceftaroline fosamil,头孢罗膦,ceftarolinum fosamilum,ceftaroline fosamil,ceftarolina fosamilo,
ceftibuten,头孢布烯,ceftibutenum,ceftibutène,ceftibuteno,
celecoxib,塞来昔布,,célécoxib,celecoxib,
cemadotin,西马多丁,cemadotinum,cémadotine,cemadotina,
cergutuzumab amunaleukin,阿舍妥珠单抗,cergutuzumabum amunaleukinum,cergutuzumab amunaleukine,cergutuzumab amunaleukina,
cerliponase alfa,塞利蛋白酶α,cerliponasum alfa,cerliponase alfa,cerliponasa alfa,
certolizumab pegol,培塞利珠单抗,certolizumabum pegolum,certolizumab pégol,certolizumab pegol,
chenodeoxycholic acid,鹅去氧胆酸,acidum chenodeoxycholicum,acide chénodésoxycholique,ácido quenodeoxicólico,
chlorambucil,苯丁酸氮芥,,chlorambucil,clorambucilo,
chlorotrianisene,氯烯雌醚,,chlorotrianisène,clorotrianiseno,
chlorpropamide,氯磺丙脲,,chlorpropamide,clorpropamida,
choline theophyllinate,胆茶碱,cholini theophyllinas,théophyllinate de choline,teofilinato de colina,
choriogonadotropin alfa,绒促性素α,choriogonadotropinum alfa,choriogonadotropine alfa,coriogonadotropina alfa,
ciclosporin,环孢素,ciclosporinum,ciclosporine,ciclosporina,
cidofovir,西多福韦,cidofovirum,cidofovir,cidofovir,
cilazapril,西拉普利,cilazaprilum,cilazapril,cilazapril,
cilostazol,西洛他唑,cilostazolum,cilostazol,cilostazol,
cimetidine,西咪替丁,cimetidinum,cimétidine,cimetidina,
cinrebafusp alfa,希比芙普α,cinrebafuspum alfa,cinrébafusp alfa,cinrebafusp alfa,
cipralisant,西拉利生,cipralisantum,cipralisant,cipralisant,
cisapride,西沙必利,cisapridum,cisapride,cisaprida,
cisatracurium besilate,苯磺顺阿曲库铵,cisatracurii besilas,bésilate de cisatracurium,besilato de cisatracurio,
cisplatin,顺铂,cisplatinum,cisplatine,cisplatino,
citatuzumab bogatox,泊西妥珠单抗,citatuzumabum bogatoxum,citatuzumab bogatox,citatuzumab bogatox,
cizolirtine,西唑来汀,cizolirtinum,cizolirtine,cizolirtina,
clarithromycin,克拉霉素,clarithromycinum,clarithromycine,claritromicina,
clevidipine,氯维地平,clevidipinum,clévidipine,clevidipino,
clonidine,可乐定,clonidinum,clonidine,clonidina,
cloxazolam,氯唑仑,cloxazolamum,cloxazolam,cloxazolam,
cofetuzumab pelidotin,匹汀可妥珠单抗,cofetuzumabum pelidotinum,cofétuzumab pélidotine,cofetuzumab pelidotina,
colistimethate sodium,多黏菌素E甲磺酸钠,colistimethatum natricum,colistiméthate sodique,colistimetato de sodio,
contusugene ladenovec,拉艾康舒基,contusugenum ladenovecum,contusugène ladénovec,contusugén ladenovec,
corticotropin,促皮质素,corticotropinum,corticotropine,corticotropina,
dacetuzumab,达西妥珠单抗,dacetuzumabum,dacétuzumab,dacetuzumab,
dactinomycin,放线菌素D,dactinomycinum,dactinomycine,dactinomicina,
dalteparin sodium,达肝素钠,dalteparinum natricum,daltéparine sodique,dalteparina de sodio,
dapatifagene navolactibac,那巴达法基,dapatifagenum navolactibacum,dapatifagène navolactibac,dapatifagén navolactibac,
dapirolizumab pegol,培达利珠单抗,dapirolizumabum pegolum,dapirolizumab pégol,dapirolizumab pegol,
daptomycin,达托霉素,,daptomycine,daptomicina,
darbepoetin alfa,达促红素α,darbepoetinum alfa,darbépoétine alfa,darbepoetina alfa,
darexaban,他奈沙班,darexabanum,darexaban,darexabán,
daridorexant,达利雷生,daridorexantum,daridorexant,daridorexant,
decernotinib,德塞替尼,decernotinibum,décernotinib,decernotinib,
deferiprone,去铁酮,deferipronum,défériprone,deferiprona,
denosumab,地舒单抗,denosumabum,dénosumab,denosumab,
deoxycholic acid,去氧胆酸,acidum deoxycholicum,acide désoxycholique,ácido desoxicólico,
depatuxizumab mafodotin,玛德帕妥昔珠单抗,depatuxizumabum mafodotinum,dépatuxizumab mafodotine,depatuxizumab mafodotina,
desflurane,地氟烷,desfluranum,desflurane,desflurano,
desirudin,地西芦定,desirudinum,désirudine,desirudina,
desloratadine,地氯雷他定,,desloratadine,desloratadina,
desonide,地奈德,desonidum,désonide,desonida,
dexloxiglumide,右氯谷胺,dexloxiglumidum,dexloxiglumide,dexloxiglumida,
diclofenac etalhyaluronate,双氯芬酸玻璃酸酯,diclofenaci etalhyaluronas,étalhyaluronate de diclofénac,etalhialuronato de diclofenaco,
dicoumarol,双香豆素,dicoumarolum,dicoumarol,dicumarol,
dimesna,地美司钠,dimesnum,dimesna,dimesna,
dinalin,地那林,,dinaline,dinalina,
dinoprostone,地诺前列酮,dinoprostonum,dinoprostone,dinoprostona,
dipotassium clorazepate,氯酸钾,dikalii clorazepas,clorazépate dipotassique,clorazepato de dipotasio,
dirithromycin,地红霉素,dirithromycinum,dirithromycine,diritromicina,
diroximel fumarate,富马地罗昔美,diroximeli fumaras,fumarate de diroximel,fumarato de diroximel,
dizocilpine,地佐环平,dizocilpinum,dizocilpine,dizocilpina,
docetaxel,多西他赛,,docétaxel,docetaxel,
dociparstat sodium,度西帕司德钠,dociparstatum natricum,dociparstat sodique,dociparstat sodico,
dofetilide,多非利特,dofetilidum,dofétilide,dofetilida,
domitroban,多米曲班,domitrobanum,domitroban,domitrobán,
dornase alfa,阿法链道酶,dornasum alfa,dornase alfa,dornasa alfa,
doxacurium chloride,多库氯铵,doxacurii chloridum,chlorure de doxacurium,cloruro de doxacurio,
dronabinol,屈大麻酚,dronabinolum,dronabinol,dronabinol,
droxidopa,屈昔多巴,droxidopum,droxidopa,droxidopa,
duligotuzumab,度利妥珠单抗,duligotuzumabum,duligotuzumab,duligotuzumab,
dutasteride,度他雄胺,dutasteridum,dutastéride,dutasterida,
edonentan,艾多南坦,,édonentan,edonentán,
efanesoctocog alfa,艾凡凝血素Ⅷ-α,efanesoctocogum alfa,éfanésoctocog alfa,efanesoctocog alfa,
efatutazone,伊诺列宗,efatutazonum,éfatutazone,efatutazona,
efavaleukin alfa,伊仑白介素α,efavaleukinum alfa,éfavaleukine alfa,efavaleukina alfa,
efavirenz,依发韦仑,efavirenzum,éfavirenz,efavirenz,
efmarodocokin alfa,依玛白介素 22-α,efmarodocokinum alfa,efmarodocokine alfa,efmarodocokina alfa,
efmitermant alfa,依米特安α,efmitermantum alfa,efmitermant alfa,efmitermant alfa,
efmoroctocog alfa,艾芙莫罗凝血素α,efmoroctocogum alfa,efmoroctocog alfa,efmoroctocog alfa,
efpeglenatide,艾培格那肽,efpeglenatidum,efpèglénatide,efpeglenatida,
eftrenonacog alfa,艾诺凝血素α,eftrenonacogum alfa,eftrénonacog alfa,eftrenonacog alfa,
egaptivon pegol,培戈依加替奉,egaptivonum pegolum,égaptivon pégol,egaptivón pegol,
eglumetad,依谷美他,eglumetadum,églumétad,eglumetad,
elcatonin,依降钙素,elcatoninum,elcatonine,elcatonina,
elosulfase alfa,依洛硫酸酯酶α,elosulfasum alfa,élosulfase alfa,elosulfasa alfa,
endixaprine,恩地普令,endixaprinum,endixaprine,endixaprina,
enfortumab vedotin,维恩妥尤单抗,enfortumabum vedotinum,enfortumab védotine,enfortumab vedotina,
enoxaparin sodium,依诺肝素钠,enoxaparinum natricum,énoxaparine sodique,enoxaparina de sodio,
epoetin alfa,促红素α,epoetinum alfa,époétine alfa,epoetina alfa,
epoetin delta,促红素δ,epoetinum delta,époétine delta,epoetina delta,
epoetin theta,促红素θ,epoetinum theta,époétine thêta,epoetina zeta,
eptacog alfa (activated),依他凝血素α(活化),eptacogum alfa (activatum),eptacog alfa (activé),eptacog alfa (activado),
eptifibatide,依替巴肽,eptifibatidum,eptifibatide,eptifibatida,
ergocalciferol,维生素D2,ergocalciferolum,ergocalciférol,ergocalciferol,
estradiol,雌二醇,estradiolum,estradiol,estradiol,
estradiol valerate,戊酸雌二醇,estradioli valeras,valérate d'estradiol,valerato de estradiol,
ethinylestradiol,炔雌醇,ethinylestradiolum,éthinylestradiol,etinilestradiol,
etirinotecan pegol,培伊替康,etirinotecanum pegolum,étirinotécan pégol,etirinotecán pegol,
etodolac,依托度酸,etodolacum,étodolac,etodolaco,
etonogestrel,依托孕烯,etonogestrelum,étonogestrel,etonogestrel,
etoposide,依托泊苷,etoposidum,étoposide,etopósido,
etretinate,阿维A酯,etretinatum,étrétinate,etretinato,
exemestane,依西美坦,exemestanum,exémestane,exemestano,
felodipine,非洛地平,felodipinum,félodipine,felodipino,
feloprentan,非洛仑坦,,féloprentan,feloprentán,
fenofibrate,非诺贝特,fenofibratum,fénofibrate,fenofibrato,
ferric carboxymaltose,羧麦芽糖铁,ferricum carboxymaltosum,carboxymaltose ferrique,carboximaltosa férrica,
ferric maltol,麦芽酚铁,ferricum maltolum,maltol ferrique,maltol férrico,
fexinidazole,非昔硝唑,fexinidazolum,fexinidazole,fexinidazol,
fidanacogene elaparvovec,伊哌非可基,fidanacogenum elaparvovecum,fidanacogène élaparvovec,fidanacogén elaparvovec,
filgrastim,非格司亭,filgrastimum,filgrastim,filgrastim,
finafloxacin,非那沙星,finafloxacinum,finafloxacine,finafloxacino,
firtecan pegol,培戈非替康,firtecanum pegolum,firtécan pégol,firtecán pegol,
florbetapir (18f),氟[18F]贝他吡,florbetapirum (18F),florbétapir (18F),florbetapir (18F),
fluconazole,氟康唑,fluconazolum,fluconazole,fluconazol,
fludeoxyglucose (18f),氟[18F]脱氧葡糖,fludeoxyglucosum (18F),fludésoxyglucose (18F),fludesoxiglucosa (18F),
flumazenil,氟吗西尼,,flumazénil,flumazenil,
flunisolide,氟尼缩松,flunisolidum,flunisolide,flunisolida,
fluocinonide,醋酸氟轻松,fluocinonidum,fluocinonide,fluocinonida,
flurbiprofen,氟比洛芬,flurbiprofenum,flurbiprofène,flurbiprofeno,
flutriciclamide (18f),氟[18F]曲西胺,flutriciclamidum (18F),flutriciclamide (18F),flutriciclamida (18F),
follitropin alfa,促卵泡激素α,follitropinum alfa,follitropine alfa,folitropina alfa,
follitropin delta,促卵泡激素δ,follitropinum delta,follitropine delta,folitropina delta,
fomepizole,甲吡唑,fomepizolum,fomépizole,fomepizol,
fondaparinux sodium,磺达肝素(癸)钠,,fondaparinux sodique,fondaparinux sódico,
fordadistrogene movaparvovec,莫哌达基,fordadistrogenum movaparvovecum,fordadistrogène movaparvovec,fordadistrogén movaparvovec,
foscarnet sodium,膦甲酸钠,foscarnetum natricum,foscarnet sodique,foscarnet de sodio,
fosifloxuridine nafalbenamide,萘磷氟尿苷,fosifloxuridinum nafalbenamidum,fosifloxuridine nafalbénamide,fosifloxuridina nafalbenamida,
fosinopril,福辛普利,fosinoprilum,fosinopril,fosinopril,
fosphenytoin,磷苯妥英,fosphenytoinum,fosphénytoïne,fosfenitoína,
fostriecin,福司曲星,fostriecinum,fostriécine,fostriecina,
fotemustine,福莫司汀,fotemustinum,fotémustine,fotemustina,
fulvestrant,氟维司群,fulvestrantum,fulvestrant,fulvestrant,
gabapentin enacarbil,加巴喷汀酯,gabapentinum enacarbilum,gabapentine enacarbil,gabapentina enacarbilo,
gadoversetamide,钆弗塞胺,,gadoversétamide,gadoversetamida,
gallium (67ga) citrate,枸橼酸镓[67Ga],gallii (67Ga) citras,citrate de gallium (67Ga),citrato de galio (67Ga),
gantenerumab,戈替奈尤单抗,gantenerumabum,ganténérumab,gantenerumab,
gavocabtagene autoleucel,加沃妥基奥仑赛,gavocabtagenum autoleucelum,gavocabtagène autoleucel,gavocabtagén autoleucel,
gefitinib,吉非替尼,gefitinibum,géfitinib,gefitinib,
gemtuzumab ozogamicin,奥加吉妥珠单抗,gemtuzumabum ozogamicinum,gemtuzumab ozogamicine,gemtuzumab ozogamicina,
gimatecan,吉马替康,gimatecanum,gimatécan,gimatecán,
giroctocogene fitelparvovec,菲哌格可基,giroctocogenum fitelparvovecum,giroctocogène fitelparvovec,giroctocogén fitelparvovec,
glembatumumab vedotin,维格巴妥尤单抗,glembatumumabum vedotinum,glembatumumab védotine,glembatumumab vedotina,
glibenclamide,格列本脲,glibenclamidum,glibenclamide,glibenclamida,
glipizide,格列吡嗪,glipizidum,glipizide,glipizida,
gliquidone,格列喹酮,gliquidonum,gliquidone,gliquidona,
glycine,甘氨酸,glycinum,glycine,glicina,
golnerminogene pradenovec,普艾拉敏基,golnerminogenum pradenovecum,golnerminogène pradénovec,golnerminogén pradenovec,
grepafloxacin,格帕沙星,grepafloxacinum,grépafloxacine,grepafloxacino,
halcinonide,哈西奈德,halcinonidum,halcinonide,halcinónida,
haloxazolam,卤沙唑仑,haloxazolamum,haloxazolam,haloxazolam,
hyaluronidase,玻璃酸酶,,hyaluronidase,hialuronidasa,
hydroxyprogesterone caproate,己酸羟孕酮,hydroxyprogesteroni caproas,caproate d'hydroxyprogestérone,caproato de hidroxiprogesterona,
ibalizumab,伊巴利珠单抗,ibalizumabum,ibalizumab,ibalizumab,
ibritumomab tiuxetan,替伊妥欧单抗,ibritumomabum tiuxetanum,ibritumomab tiuxétan,ibritumomab tiuxetán,
icodextrin,艾考糊精,icodextrinum,icodextrine,icodextrina,
icopezil,艾考哌齐,icopezilum,icopézil,icopezilo,
idecabtagene vicleucel,艾基维仑赛,idecabtagenum vicleucelum,idécabtagène vicleucel,idecabtagén vicleucel,
idursulfase,艾度硫酸酯酶,idursulfasum,idursulfase,idursulfasa,
ifabotuzumab,伊波妥珠单抗,ifabotuzumabum,ifabotuzumab,ifabotuzumab,
iguratimod,艾拉莫德,iguratimodum,iguratimod,iguratimod,
imipenem,亚胺培南,imipenemum,imipénem,imipenem,
indapamide,吲达帕胺,indapamidum,indapamide,indapamida,
ingenol disoxate,英吉地酯,ingenoli disoxas,disoxate d’ingénol,disoxato de ingenol,
ingenol mebutate,丁烯英酯,ingenoli mebutas,mébutate d'ingénol,mebutato de ingenol,
inotuzumab ozogamicin,奥加伊妥珠单抗,inotuzumabum ozogamicinum,inotuzumab ozogamicine,inotuzumab ozogamicina,
insulin degludec,德谷胰岛素,insulinum degludecum,insuline dégludec,insulina degludec,
insulin glulisine,谷赖胰岛素,insulinum glulisinum,insuline glulisine,insulina glulisina,
insulin icodec,依柯胰岛素,insulinum icodecum,insuline icodec,insulina icodec,
intoplicine,茚托利辛,intoplicinum,intoplicine,intoplicina,
ioflupane (123i),碘[123I]氟潘,ioflupanum (123I),ioflupane (123I),ioflupano (123I),
iotrolan,碘曲仑,iotrolanum,iotrolan,iotrolán,
ipilimumab,伊匹木单抗,ipilimumabum,ipilimumab,ipilimumab,
iratumumab,伊瑞妥尤单抗,iratumumabum,iratumumab,iratumumab,
irbesartan,厄贝沙坦,,irbésartan,irbesartán,
isosorbide dinitrate,硝酸异山梨酯,isosorbidi dinitras,dinitrate d'isosorbide,dinitrato de isosorbida,
isosorbide mononitrate,单硝酸异山梨酯,isosorbidi mononitras,mononitrate d'isosorbide,mononitrato de isosorbida,
isradipine,伊拉地平,,isradipine,isradipino,
itameline,伊他美林,itamelinum,itaméline,itamelina,
itasetron,伊他司琼,itasetronum,itasétron,itasetrón,
lacosamide,拉考沙胺,lacosamidum,lacosamide,lacosamida,
ladiratuzumab vedotin,维拉妥珠单抗,ladiratuzumabum vedotinum,ladiratuzumab védotine,ladiratuzumab vedotina,
lansoprazole,兰索拉唑,lansoprazolum,lansoprazole,lansoprazol,
latanoprost,拉坦前列素,latanoprostum,latanoprost,latanoprost,
latanoprostene bunod,拉坦前列烯酯,latanoprostenum bunodum,latanoprostène bunod,latanoprosteno bunod,
leflunomide,来氟米特,,léflunomide,leflunomida,
letrozole,来罗唑,letrozolum,létrozole,letrozol,
levetiracetam,左乙拉西坦,levetiracetamum,lévétiracétam,levetiracetam,
levocarnitine,左卡尼汀,levocarnitinum,lévocarnitine,levocarnitina,
levomepromazine,左美丙嗪,,lévomépromazine,levomepromazina,
levosimendan,左西孟旦,levosimendanum,lévosimendan,levosimendán,
lifastuzumab vedotin,维利法妥珠单抗,lifastuzumabum vedotinum,lifastuzumab védotine,lifastuzumab vedotina,
limaprost,利马前列素,limaprostum,limaprost,limaprost,
lisocabtagene maraleucel,利基迈仑赛,lisocabtagenum maraleucelum,lisocabtagène maraleucel,lisocabtagén maraleucel,
lobaplatin,洛铂,lobaplatinum,lobaplatine,lobaplatino,
lonafarnib,氯那法尼,lonafarnibum,lonafarnib,lonafarnib,
loncastuximab tesirine,替朗妥昔单抗,loncastuximabum tesirinum,loncastuximab tésirine,loncastuximab tesirina,
lonoctocog alfa,罗诺凝血素α,lonoctocogum alfa,lonoctocog alfa,lonoctocog alfa,
lorvotuzumab mertansine,莫星-洛沃妥珠单抗,lorvotuzumabum mertansinum,lorvotuzumab mertansine,lorvotuzumab mertansina,
lovastatin,洛伐他汀,lovastatinum,lovastatine,lovastatina,
loxapine,洛沙平,loxapinum,loxapine,loxapina,
lucatumumab,鲁卡妥尤单抗,lucatumumabum,lucatumumab,lucatumumab,
luliconazole,氯利康唑,luliconazolum,luliconazole,luliconazol,
lurtotecan,勒托替康,lurtotecanum,lurtotécan,lurtotecán,
lutetium (177lu) lilotomab satetraxetan,沙镥[18Lu]利洛托欧单抗,lutetium (177Lu) lilotomabum satetraxetanum,lutécium (177Lu) lilotomab satétraxétan,lutecio (177Lu) lilotomab satetraxetán,
lutetium (177lu) oxodotreotide,镥[177Lu]奥索度曲肽,lutetium (177Lu) oxodotreotidum,lutécium (177Lu) oxodotréotide,lutecio (177Lu) oxodotreotida,
lutetium (177lu) vipivotide tetraxetan,镥[177Lu]特昔维匹肽,lutetium (177Lu) vipivotidum tetraxetanum,lutécium (177Lu) vipivotide tétraxétan,lutecio (177Lu) vipivotida tetraxetán,
lutropin alfa,促黄体激素α,lutropinum alfa,lutropine alfa,lutropina alfa,
managlinat dialanetil,地马格列,managlinatum dialanetilum,managlinat dialanétil,managlinat dialanetilo,
maralixibat chloride,氯马昔巴特,maralixibati chloridum,chlorure de maralixibat,cloruro de maralixibat,
maribavir,马立巴韦,,maribavir,maribavir,
marzeptacog alfa (activated),玛泽凝血素α(活化),marzeptacogum alfa (activatum),marzeptacog alfa (activé),marzeptacog alfa (activado),
masoprocol,马索罗酚,masoprocolum,masoprocol,masoprocol,
mebendazole,甲苯咪唑,mebendazolum,mébendazole,mebendazol,
mecasermin rinfabate,林美卡舍明,mecaserminum rinfabas,mécasermine rinfabate,mecasermina rinfabato,
meloxicam,美洛昔康,meloxicamum,méloxicam,meloxicam,
mepacrine,米帕林,,mépacrine,mepacrina,
mepitiostane,美雄烷,mepitiostanum,mépitiostane,mepitiostano,
mesna,美司钠,mesnum,mesna,mesna,
mesterolone,美睾酮,mesterolonum,mestérolone,mesterolona,
metaxalone,美他沙酮,metaxalonum,métaxalone,metaxalona,
metergoline,甲麦角林,metergolinum,métergoline,metergolina,
methacholine chloride,氯醋甲胆碱,methacholini chloridum,chlorure de méthacholine,cloruro de metacolina,
methyclothiazide,甲氯噻嗪,,méthyclothiazide,meticlotiazida,
methylnaltrexone bromide,溴甲钠曲酮,methylnaltrexoni bromidum,bromure de méthylnaltrexone,bromuro de metilnaltrexona,
methyltestosterone,甲睾酮,,méthyltestostérone,metiltestosterona,
metolazone,美托拉宗,metolazonum,métolazone,metolazona,
mexazolam,美沙唑仑,mexazolamum,mexazolam,mexazolam,
mifepristone,米非司酮,mifepristonum,mifépristone,mifepristona,
milatuzumab,米拉妥珠单抗,milatuzumabum,milatuzumab,milatuzumab,
miltefosine,米替福新,miltefosinum,miltéfosine,miltefosina,
mipetresgene autoleucel,迈基仑赛,mipetresgenum autoleucelum,mipétresgène autoleucel,mipetresgén autoleucel,
miriplatin,米立铂,miriplatinum,miriplatine,miriplatino,
mirtazapine,米氮平,mirtazapinum,mirtazapine,mirtazapina,
misoprostol,米索前列醇,,misoprostol,misoprostol,
mitazalimab,米佐利单抗,mitazalimabum,mitazalimab,mitazalimab,
mitotane,米托坦,mitotanum,mitotane,mitotano,
mivacurium chloride,米库氯铵,mivacurii chloridum,chlorure de mivacurium,cloruro de mivacurio,
mizoribine,咪唑立宾,mizoribinum,mizoribine,mizoribina,
modakafusp alfa,莫卡芙普α,modakafuspum alfa,modakafusp alfa,modakafusp alfa,
monoethanolamine oleate,油酸单乙醇胺,monoethanolamini oleas,oléate de monoéthanolamine,oleato de monoetanolamina,
monomethyl fumarate,富马酸单甲酯,monomethylis fumaras,fumarate de monométhyle,fumarato de monometilo,
moroctocog alfa,莫罗凝血素α,moroctocogum alfa,moroctocog alfa,moroctocog alfa,
moxetumomab pasudotox,帕西妥欧单抗,moxetumomabum pasudotoxum,moxétumomab pasudotox,moxetumomab pasudotox,
mupirocin,莫匹罗星,mupirocinum,mupirocine,mupirocina,
nadolol,纳多洛尔,nadololum,nadolol,nadolol,
naftopidil,萘哌地尔,naftopidilum,naftopidil,naftopidil,
naltrexone,纳曲酮,naltrexonum,naltrexone,naltrexona,
nartograstim,那托司亭,,nartograstim,nartograstim,
nateglinide,那格列胺,nateglinidum,natéglinide,nateglinida,
neboglamine,奈波胺,neboglaminum,néboglamine,neboglamina,
nedaplatin,奈达铂,nedaplatinum,nédaplatine,nedaplatino,
nelarabine,奈拉滨,,nélarabine,nelarabina,
nesiritide,奈西立肽,nesiritidum,nésiritide,nesiritida,
netazepide,奈塔西派,netazepidum,nétazépide,netazepida,
nifurtimox,硝呋替莫,nifurtimoxum,nifurtimox,nifurtimox,
nimodipine,尼莫地平,nimodipinum,nimodipine,nimodipino,
nimotuzumab,尼妥珠单抗,nimotuzumabum,nimotuzumab,nimotuzumab,
nipradilol,尼普地洛,nipradilolum,nipradilol,nipradilol,
nisoldipine,尼索地平,nisoldipinum,nisoldipine,nisoldipino,
nitazoxanide,硝唑沙奈,nitazoxanidum,nitazoxanide,nitazoxanida,
nogapendekin alfa,诺格白介素α,nogapendekinum alfa,nogapendékine alfa,nogapendekina alfa,
nolasiban,诺拉西班,nolasibanum,nolasiban,nolasibán,
nonacog alfa,诺那凝血素α,nonacogum alfa,nonacog alfa,nonacog alfa,
nonacog beta pegol,培戈-凝血素-9β,nonacogum beta pegolum,nonacog bêta pégol,nonacog beta pegol,
norfloxacin,诺氟沙星,norfloxacinum,norfloxacine,norfloxacino,
norucholic acid,去碳胆酸,acidum norucholicum,acide norucholique,ácido norucólico,
obeticholic acid,奥贝胆酸,acidum obeticholicum,acide obéticholique,ácido obeticólico,
obinutuzumab,奥妥珠单抗,obinutuzumabum,obinutuzumab,obinutuzumab,
ocinaplon,奥西普隆,ocinaplonum,ocinaplone,ocinaplón,
ocrelizumab,奥瑞利珠单抗,ocrelizumabum,ocrélizumab,ocrelizumab,
olanzapine,奥氮平,olanzapinum,olanzapine,olanzapina,
olipudase alfa,奥立扑酶α,olipudasum alfa,olipudase alfa,olipudasa alfa,
olmesartan medoxomil,奥美沙坦酯,,olmésartan médoxomil,olmesartán medoxomilo,
olumacostat glasaretil,格奥卢司他,olumacostatum glasaretilum,olumacostat glasarétil,olumacostat glasaretilo,
omacetaxine mepesuccinate,美琥他辛,omacetaxini mepesuccinas,mépésuccinate d’omacétaxine,mepesuccinato de omacetaxina,
omeprazole,奥美拉唑,omeprazolum,oméprazole,omeprazol,
onasemnogene abeparvovec,阿哌奥诺基,onasemnogenum abeparvovecum,onasemnogène abéparvovec,onasemnogén abeparvovec,
opicapone,奥吡卡朋,,opicapone,opicapona,
osanetant,奥沙奈坦,,osanétant,osanetant,
otamixaban,奥米沙班,otamixabanum,otamixaban,otamixabán,
oxaliplatin,奥沙利铂,oxaliplatinum,oxaliplatine,oxaliplatino,
oxcarbazepine,奥卡西平,oxcarbazepinum,oxcarbazépine,oxcarbazepina,
oxycodegol,奥考地戈,oxycodegolum,oxycodégol,oxycodegol,
paclitaxel trevatide,曲肽紫杉醇,paclitaxelum trevatidum,paclitaxel trévatide,paclitaxel trevatida,
palivizumab,帕利韦珠单抗,palivizumabum,palivizumab,palivizumab,
paritaprevir,帕利瑞韦,paritaprevirum,paritaprévir,paritaprevir,
patidegib,帕替德吉,patidegibum,patidégib,patidegib,
peginterferon alfa-2a,培干扰素 α-2a,peginterferonum alfa-2a,peginterféron alfa-2a,peginterferón alfa-2a,
peginterferon alfa-2b,培干扰素 α-2b,peginterferonum alfa-2b,peginterféron alfa-2b,peginterferón alfa-2b,
peginterferon beta-1a,培干扰素β-1a,peginterferonum beta-1a,péginterféron bêta-1a,peginterferón beta-1a,
peginterferon lambda-1a,培干扰素λ-1a,peginterferonum lambda-1a,péginterféron lambda-1a,peginterferón lambda-1a,
pegunigalsidase alfa,培古半乳糖苷酶 α,pegunigalsidasum alfa,pégunigalsidase alfa,pegunigalsidasa alfa,
pembrolizumab,帕博利珠单抗,pembrolizumabum,pembrolizumab,pembrolizumab,
pemedolac,培美酸,pemedolacum,pémédolac,pemedolaco,
pentagastrin,五肽胃泌素,pentagastrinum,pentagastrine,pentagastrina,
pentosan polysulfate sodium,木聚硫钠,natrii pentosani polysulfas,pentosane polysulfate sodique,pentosano polisulfato de sodio,
pentostatin,喷司他丁,pentostatinum,pentostatine,pentostatina,
pentoxifylline,己酮可可碱,pentoxifyllinum,pentoxifylline,pentoxifilina,
peposertib,培普色替,peposertibum,péposertib,peposertib,
peramivir,帕拉米韦,peramivirum,péramivir,peramivir,
perifosine,哌立福新,perifosinum,périfosine,perifosina,
perindopril,培哚普利,perindoprilum,périndopril,perindopril,
perphenazine,奋乃静,,perphénazine,perfenazina,
pictilisib,匹替利司,pictilisibum,pictilisib,pictilisib,
pimecrolimus,吡美莫司,pimecrolimusum,pimécrolimus,pimecrólimus,
pinaverium bromide,匹维溴铵,pinaverii bromidum,bromure de pinavérium,bromuro de pinaverio,
piroxicam,吡罗昔康,piroxicamum,piroxicam,piroxicam,
polatuzumab vedotin,维泊妥珠单抗,polatuzumabum vedotinum,polatuzumab védotine,polatuzumab vedotina,
pomaglumetad methionil,美泊谷美特,pomaglumetadum methionilum,pomaglumétad méthionil,pomaglumetad metionilo,
porfimer sodium,卟吩姆钠,porfimerum natricum,porfimère sodique,porfímero de sodio,
posaconazole,泊沙康唑,posaconazolum,posaconazole,posaconazol,
potassium canrenoate,坎利酸钾,kalii canrenoas,canrénoate de potassium,canrenoato de potasio,
pranidipine,普拉地平,pranidipinum,pranidipine,pranidipino,
praziquantel,吡喹酮,praziquantelum,praziquantel,prazicuantel,
prednimustine,泼尼莫司汀,prednimustinum,prednimustine,prednimustina,
prednisolone,泼尼松龙,prednisolonum,prednisolone,prednisolona,
prednisone,泼尼松,prednisonum,prednisone,prednisona,
probenecid,丙磺舒,probenecidum,probénécide,probenecid,
probucol,普罗布考,probucolum,probucol,probucol,
propofol,丙泊酚,propofolum,propofol,propofol,
protirelin,普罗替瑞林,protirelinum,protiréline,protirelina,
pyridostigmine bromide,溴吡斯的明,pyridostigmini bromidum,bromure de pyridostigmine,bromuro de piridostigmina,
quazepam,夸西泮,,quazépam,quazepam,
racecadotril,消旋卡多曲,racecadotrilum,racécadotril,racecadotrilo,
radequinil,雷地奎尼,radequinilum,radéquinil,radequinilo,
ramipril,雷米普利,ramiprilum,ramipril,ramipril,
ranolazine,雷诺嗪,ranolazinum,ranolazine,ranolazina,
rebamipide,瑞巴派特,rebamipidum,rébamipide,rebamipida,
remiprostol,瑞前列醇,remiprostolum,rémiprostol,remiprostol,
repaglinide,瑞格列奈,repaglinidum,répaglinide,repaglinida,
resamirigene bilparvovec,比哌瑞仑基,resamirigenum bilparvovecum,résamirigène bilparvovec,resamirigén bilparvovec,
reteplase,瑞替普酶,reteplasum,rétéplase,reteplasa,
reveglucosidase alfa,瑞阿糖苷酶α,reveglucosidasum alfa,révéglucosidase alfa,reveglucosidasa alfa,
ridaforolimus,地磷莫司,ridaforolimusum,ridaforolimus,ridaforólimus,
rifaximin,利福昔明,,rifaximine,rifaximina,
rilonacept,利纳西普,rilonaceptum,rilonacept,rilonacept,
rimexolone,利美索龙,rimexolonum,rimexolone,rimexolona,
rispenzepine,利喷西平,rispenzepinum,rispenzépine,rispenzepina,
risperidone,利培酮,risperidonum,rispéridone,risperidona,
ritonavir,利托那韦,ritonavirum,ritonavir,ritonavir,
rocuronium bromide,罗库溴铵,rocuronii bromidum,bromure de rocuronium,bromuro de rocuronio,
rolipram,咯利普兰,rolipramum,rolipram,rolipram,
romiplostim,罗普司亭,romiplostimum,romiplostim,romiplostim,
ropeginterferon alfa-2b,罗培干扰素 α-2b,ropeginterferonum alfa-2b,ropéginterféron alfa-2b,ropeginterferon alfa-2b,
rose bengal (131i) sodium,孟加拉玫瑰红钠[131I],roseum bengalense (131I) natricum,rose bengale (131I) sodique,rosa bengala (131I) de sodio,
rotigotine,罗替高汀,,rotigotine,rotigotina,
rovalpituzumab tesirine,替罗伐妥珠单抗,rovalpituzumabum tesirinum,rovalpituzumab tésirine,rovalpituzumab tesirina,
roxifiban,罗昔非班,roxifibanum,roxifiban,roxifibán,
rozibafusp alfa,洛比芙普α,rozibafuspum alfa,rozibafusp alfa,rozibafusp alfa,
rubitecan,芦比替康,rubitecanum,rubitécan,rubitecán,
rurioctocog alfa pegol,培罗辛凝血素α,rurioctocogum alfa pegolum,rurioctocog alfa pégol,rurioctocog alfa pegol,
sacituzumab govitecan,戈沙妥珠单抗,sacituzumabum govitecanum,sacituzumab govitécan,sacituzumab govitecán,
safingol,沙芬戈,safingolum,safingol,safingol,
salbutamol,沙丁胺醇,salbutamolum,salbutamol,salbutamol,
samixogrel,沙米索格雷,samixogrelum,samixogrel,samixogrel,
sanguinarium chloride,血根氯铵,sanguinarii chloridum,chlorure de sanguinarium,cloruro de sanguinario,
satraplatin,沙铂,satraplatinum,satraplatine,satraplatino,
sebelipase alfa,色贝脂酶α,sebelipasum alfa,sébélipase alfa,sebelipasa alfa,
selenomethionine (75se),硒[75Se]甲硫氨酸,selenomethioninum (75Se),sélénométhionine (75Se),selenometionina (75Se),
sepantronium bromide,溴塞派铵,sepantronii bromidum,bromure de sépantronium,bromuro de sepantronio,
sergliflozin etabonate,舍格列净,sergliflozini etabonas,étabonate de sergliflozine,etabonato de sergliflozina,
sevoflurane,七氟烷,sevofluranum,sévoflurane,sevoflurano,
siccanin,西卡宁,siccaninum,siccanine,sicanina,
sincalide,辛卡利特,sincalidum,sincalide,sincalida,
sirolimus,西罗莫司,sirolimusum,sirolimus,sirólimus,
sitafloxacin,西他沙星,sitafloxacinum,sitafloxacine,sitafloxacino,
sodium amidotrizoate,泛影酸钠,natrii amidotrizoas,amidotrizoate de sodium,amidotrizoato de sodio,
sodium iodohippurate (131i),碘[131I]马尿酸钠,natrii iodohippuras (131I),iodohippurate (131I) de sodium,iodohipurato (131I) de sodio,
somatropin,生长激素,somatropinum,somatropine,somatropina,
sonidegib,索立德吉,sonidegibum,sonidégib,sonidegib,
sorivudine,索立夫定,sorivudinum,sorivudine,sorivudina,
sparfloxacin,司帕沙星,,sparfloxacine,esparfloxacino,
stamulumab,司他利尤单抗,stamulumabum,stamulumab,estamulumab,
stanozolol,司坦唑醇,stanozololum,stanozolol,estanozolol,
stiripentol,司替戊醇,stiripentolum,stiripentol,estiripentol,
streptozocin,链佐星,streptozocinum,streptozocine,estreptozocina,
succimer,二巯丁二酸,succimerum,succimère,succimero,
sulindac,舒林酸,sulindacum,sulindac,sulindaco,
sulofenur,磺氯苯脲,sulofenurum,sulofénur,sulofenur,
sumanirole,舒马尼罗,,sumanirole,sumanirol,
sumatriptan,舒马普坦,sumatriptanum,sumatriptan,sumatriptán,
suplatast tosilate,甲磺司特,suplatasti tosilas,tosilate de suplatast,tosilato de suplatast,
susoctocog alfa,舒索凝血素α,susoctocogum alfa,susoctocog alfa,susoctocog alfa,
tacrolimus,他克莫司,tacrolimusum,tacrolimus,tacrólimus,
tadekinig alfa,他德白介素α,tadekinigum alfa,tadékinig alfa,tadekinig alfa,
talampanel,他仑帕奈,talampanelum,talampanel,talampanel,
taldefgrobep alfa,泰地格贝普α,taldefgrobepum alfa,taldéfgrobep alfa,taldefgrobep alfa,
taliglucerase alfa,他利西酶α,taliglucerasum alfa,taliglucérase alfa,taliglucerasa alfa,
talimogene laherparepvec,拉合他莫基,talimogenum laherparepvecum,talimogène laherparépvec,talimogén laherparepvec,
tanezumab,塔奈珠单抗,tanezumabum,tanézumab,tanezumab,
tavokinogene telseplasmid,特米它奇基,tavokinogenum telseplasmidum,tavokinogène telséplasmide,tavokinogén telseplásmido,
tazarotene,他扎罗汀,tazarotenum,tazarotène,tazaroteno,
tebanicline,替巴克兰,tebaniclinum,tébanicline,tebaniclina,
technetium (99mtc) apcitide,锝[99mTc]阿西肽,technetium (99mTc) apcitidum,téchnétium (99mTc) apcitide,tecnecio (99mTc) apcitida,
technetium (99mtc) bicisate,锝[99mTc]比西酸盐,technetium (99mTc) bicisas,bicisate de technétium (99mTc),bicisato de tecnecio (99mTc),
technetium (99mtc) teboroxime,锝[99mTc]替肟,technetium (99mTc) teboroximum,technétium (99mTc) téboroxime,tecnecio (99mTc) teboroxima,
tedisamil,替地沙米,tedisamilum,tédisamil,tedisamil,
teglarinad chloride,氯替拉利那,teglarinadi chloridum,chlorure de téglarinad,cloruro de teglarinad,
temozolomide,替莫唑胺,temozolomidum,témozolomide,temozolomida,
temsirolimus,坦罗莫司,temsirolimusum,temsirolimus,temsirólimus,
teniposide,替尼泊苷,teniposidum,téniposide,tenipósido,
tenofovir amibufenamide,艾米替诺福韦,tenofovirum amibufenamidum,ténofovir amibufénamide,tenofovir amibufenamida,
tenofovir exalidex,依替诺福韦,tenofovirum exalidexum,ténofovir exalidex,tenofovir exalidex,
terconazole,特康唑,terconazolum,terconazole,terconazol,
terguride,特麦角脲,terguridum,terguride,tergurida,
teriflunomide,特立氟胺,teriflunomidum,tériflunomide,teriflunomida,
tetrabenazine,丁苯那嗪,tetrabenazinum,tétrabénazine,tetrabenazina,
tetracosactide,替可克肽,tetracosactidum,tétracosactide,tetracosactida,
tezosentan,替唑生坦,,tézosentan,tezosentán,
thiotepa,塞替派,thiotepum,thiotépa,tiotepa,
thrombin alfa,凝血酶α,thrombinum alfa,thrombine alfa,trombina alfa,
thrombomodulin alfa,血栓调节素α,thrombomodulinum alfa,thrombomoduline alfa,trombomodulina alfa,
thymotrinan,胸腺曲南,thymotrinanum,thymotrinan,timotrinán,
tibolone,替勃龙,tibolonum,tibolone,tibolona,
timiperone,替米哌隆,timiperonum,timipérone,timiperona,
timrepigene emparvovec,恩哌汀匹基,timrepigenum emparvovecum,timrépigène emparvovec,timrepigén emparvovec,
tinidazole,替硝唑,tinidazolum,tinidazole,tinidazol,
tioconazole,噻康唑,tioconazolum,tioconazole,tioconazol,
tiopronin,硫普罗宁,tioproninum,tiopronine,tiopronina,
tiotropium bromide,噻托溴铵,tiotropii bromidum,bromure de tiotropium,bromuro de tiotropio,
tipapkinogene sovacivec,索卫帕诺基,tipapkinogenum sovacivecum,tipapkinogène sovacivec,tipapkinogén sovacivec,
tisotumab vedotin,维替索妥尤单抗,tisotumabum vedotinum,tisotumab védotine,tisotumab vedotina,
tolcapone,托卡朋,tolcaponum,tolcapone,tolcapona,
toloxatone,托洛沙酮,toloxatonum,toloxatone,toloxatona,
tolvaptan,托伐普坦,,tolvaptan,tolvaptán,
topiramate,托吡酯,topiramatum,topiramate,topiramato,
tralesinidase alfa,曲来西酶α,tralesinidasum alfa,tralésinidase alfa,tralesinidasa alfa,
trandolapril,群多普利,,trandolapril,trandolapril,
trastuzumab deruxtecan,德曲妥珠单抗,trastuzumabum deruxtecanum,trastuzumab déruxtécan,trastuzumab deruxtecán,
trastuzumab emtansine,恩美曲妥珠单抗,trastuzumabum emtansinum,trastuzumab emtansine,trastuzumab emtansina,
traxoprodil,曲索罗地,traxoprodilum,traxoprodil,traxoprodil,
tremelimumab,曲麦利尤单抗,tremelimumabum,trémélimumab,tremelimumab,
triclabendazole,三氯苯达唑,triclabendazolum,triclabendazole,triclabendazol,
trimethoprim,甲氧苄啶,,triméthoprime,trimetoprima,
tucatinib,妥卡替尼,tucatinibum,tucatinib,tucatinib,
turoctocog alfa,妥罗凝血素α,turoctocogum alfa,turoctocog alfa,turoctocog alfa,
ulinastatin,乌司他丁,ulinastatinum,ulinastatine,ulinastatina,
ursodeoxycholic acid,熊去氧胆酸,acidum ursodeoxycholicum,acide ursodéoxycholique,ácido ursodeoxicólico,
ustekinumab,乌司奴单抗,ustekinumabum,ustékinumab,ustekinumab,
vadacabtagene leraleucel,凡基仑赛,vadacabtagenum leraleucelum,vadacabtagène léraleucel,vadacabtagén leraleucel,
valrubicin,戊柔比星,valrubicinum,valrubicine,valrubicina,
vanutide cridificar,克卡伐肽,vanutidum cridificarum,vanutide cridificar,vanutida cridificar,
vecuronium bromide,维库溴铵,vecuronii bromidum,bromure de vécuronium,bromuro de vecuronio,
velaglucerase alfa,维拉苷酶α,velaglucerasum alfa,vélaglucérase alfa,velaglucerasa alfa,
velmanase alfa,维马酶α,velmanasum alfa,velmanase alfa,velmanasa alfa,
venglustat,文鲁司他,venglustatum,venglustat,venglustat,
vesnarinone,维司力农,vesnarinonum,vesnarinone,vesnarinona,
vestronidase alfa,维曲尼酶 α,vestronidasum alfa,vestronidase alfa,vestronidasa alfa,
vixotrigine,维索曲静,vixotriginum,vixotrigine,vixotrigina,
vonicog alfa,伏尼凝血素α,vonicogum alfa,vonicog alfa,vonicog alfa,
voretigene neparvovec,那哌瑞替基,voretigenum neparvovecum,voretigène néparvovec,voretigén neparvovec,
voriconazole,伏立康唑,voriconazolum,voriconazole,voriconazol,
vosaroxin,伏利拉辛,vosaroxinum,vosaroxine,vosaroxina,
vutrisiran,夫曲赛仑,vutrisiranum,vutrisiran,vutrisirán,
yttrium (90y) clivatuzumab tetraxetan,钇[90Y]替克妥珠单抗,yttrium (90Y) clivatuzumabum tetraxetanum,yttrium (90Y) clivatuzumab tétraxétan,ytrio (90Y) clivatuzumab tetraxetán,
zafirlukast,扎鲁司特,zafirlukastum,zafirlukast,zafirlukast,
zalcitabine,扎西他滨,zalcitabinum,zalcitabine,zalcitabina,
zaltoprofen,扎托洛芬,zaltoprofenum,zaltoprofène,zaltoprofeno,
zamifenacin,扎非那新,zamifenacinum,zamifénacine,zamifenacina,
zanamivir,扎那米韦,zanamivirum,zanamivir,zanamivir,
zidovudine,齐多夫定,zidovudinum,zidovudine,zidovudina,
zonampanel,唑南帕奈,zonampanelum,zonampanel,zonampanel,
zonisamide,唑尼沙胺,zonisamidum,zonisamide,zonisamida,
zotepine,佐替平,zotepinum,zotépine,zotepina,
alacizumab pegol,培阿西珠单抗,alacizumabum pegolum,alacizumab pégol,alacizumab pegol,
avacincaptad pegol,培阿普特,avacincaptadum pegolum,avacincaptad pégol,avacincaptad pegol,
avalotcagene ontaparvovec,昂哌伐卡基,avalotcagenum ontaparvovecum,avalotcagène ontaparvovec,avalotcagén ontaparvovec,
botaretigene sparoparvovec,司哌博替基,botaretigenum sparoparvovecum,botarétigène sparoparvovec,botaretigén sparoparvovec,
cantuzumab ravtansine,雷坎妥珠单抗,cantuzumabum ravtansinum,cantuzumab ravtansine,cantuzumab ravtansina,
cimaglermin alfa,西马格勒明α,cimaglerminum alfa,cimaglermine alfa,cimaglermina alfa,
elivaldogene tavalentivec,塔兰艾力基,elivaldogenum tavalentivecum,élivaldogène tavalentivec,elivaldogén tavalentivec,
encoberminogene rezmadenovec,瑞艾恩可基,encoberminogenum rezmadenovecum,encoberminogène rezmadénovec,encoberminogén rezmadenovec,
indatuximab ravtansine,雷英妥昔单抗,indatuximabum ravtansinum,indatuximab ravtansine,indatuximab ravtansina,
lorukafusp alfa,洛卡芙普α,lorukafuspum alfa,lorukafusp alfa,lorukafusp alfa,
lulizumab pegol,培罗利珠单抗,lulizumabum pegolum,lulizumab pégol,lulizumab pegol,
mesmulogene ancovacivec,安卫美洛基,mesmulogenum ancovacivecum,mesmulogène ancovacivec,mesmulogén ancovacivec,
mipasetamab uzoptirine,尤佐米帕妥单抗,mipasetamabum uzoptirinum,mipasétamab uzoptirine,mipasetamab uzoptirina,
rolinsatamab talirine,托洛林妥单抗,rolinsatamabum talirinum,rolinsatamab talirine,rolinsatamab talirina,
aceclofenac,醋氯芬酸,aceclofenacum,acéclofénac,aceclofenaco,
arbekacin,阿贝卡星,arbekacinum,arbékacine,arbekacina,
bromelains,菠萝蛋白酶,bromelaina,bromélaïnes,bromelaína,
carprofen,卡洛芬,,carprofène,carprofeno,
clinofibrate,克利贝特,clinofibratum,clinofibrate,clinofibrato,
dirloctocogene samoparvovec,萨哌迪可基,dirloctocogenum samoparvovecum,dirloctocogène samoparvovec,dirloctocogén samoparvovec,
donaperminogene seltoplasmid,塞多明基,donaperminogenum seltoplasmidum,donaperminogène seltoplasmide,donapermingén seltoplásmido,
ebiratide,依比拉肽,ebiratidum,ébiratide,ebiratida,
eclanamine,依氯那明,eclanaminum,éclanamine,eclanamina,
eftansomatropin alfa,依坦生长激素α,eftansomatropinum alfa,eftansomatropine alfa,eftansomatropina alfa,
eticyclidine,乙环利定,eticyclidinum,éticyclidine,eticiclidina,
ezaladcigene resoparvovec,瑞哌艾西基,ezaladcigenum resoparvovecum,ézaladcigène résoparvovec,ezaladcigén resoparvovec,
fenclozic acid,芬克洛酸,acidum fenclozicum,acide fenclozique,ácido fenclózico,
fluciclovine (18f),氟[18F]环丁氨酸,fluciclovinum (18F),fluciclovine (18F),fluciclovina (18F),
flutafuranol (18f),氟[18F]他呋诺,flutafuranolum (18F),flutafuranol (18F),flutafuranol (18F),
gantacurium chloride,更他氯铵,gantacurii chloridum,chlorure de gantacurium,cloruro de gantacurio,
ilofotase alfa,艾洛弗酶α,ilofotasum alfa,ilofotase alfa,ilofotasa alfa,
iodine (131i) derlotuximab biotin,碘[131I]比德妥昔单抗,iodinum (131I) derlotuximabum biotinum,iodine (131I) derlotuximab biotine,iodo (131I) derlotuximab biotina,
olenasufligene relduparvovec,锐哌奥仑基,olenasufligenum relduparvovecum,olénasufligène relduparvovec,olenasufligén relduparvovec,
omecamtiv mecarbil,奥卡替美酯,omecamtivum mecarbilum,omécamtiv mécarbil,omecamtiv mecarbilo,
panomifene,帕诺米芬,panomifenum,panomifène,panomifeno,
pirandamine,吡喃达明,pirandaminum,pirandamine,pirandamina,
pirenzepine,哌仑西平,pirenzepinum,pirenzépine,pirenzepina,
practolol,普拉洛尔,practololum,practolol,practolol,
pranoprofen,普拉洛芬,pranoprofenum,pranoprofène,pranoprofeno,
relmacabtagene autoleucel,瑞基奥仑赛,relmacabtagenum autoleucelum,relmacabtagène autoleucel,relmacabtagén autoleucel,
sofpironium bromide,索吡溴铵,sofpironii bromidum,bromure de sofpironium,bromuro de sofpironio,
sutilains,舒替兰酶,sutilaina,sutilaïnes,sutilaína,
tafenoquine,他非诺喹,tafenoquinum,tafénoquine,tafenoquina,
valoctocogene roxaparvovec,诺哌伏奥基,valoctocogenum roxaparvovecum,valoctocogène roxaparvovec,valoctocogén roxaparvovec,
vintriptol,长春曲醇,vintriptolum,vintriptol,vintriptol,
vorsetuzumab mafodotin,玛伏司妥珠单抗,vorsetuzumabum mafodotinum,vorsétuzumab mafodotine,vorsetuzumab mafodotina,
abagovomab,阿巴谷欧单抗,abagovomabum,abagovomab,abagovomab,
abicipar pegol,培阿比西帕,abiciparum pegolum,abicipar pégol,abicipar pegol,
aclidinium bromide,阿地溴铵,aclidinii bromidum,bromure d’aclidinium,bromuro de aclidinio,
acrivastine,阿伐斯汀,acrivastinum,acrivastine,acrivastina,
alagebrium chloride,阿拉氯胺,alagebrium chloridum,chlorure d'alagébrium,cloruro de alagebrio,
albitiazolium bromide,阿珠溴铵,albitiazolii bromidum,bromure d'albitiazolium,bromuro de albitiazolio,
alfaxalone,阿法沙龙,alfaxalonum,alfaxalone,alfaxalona,
alferminogene tadenovec,他艾奥诺基,alferminogenum tadenovecum,alferminogène tadénovec,alferminogén tadenovec,
alidornase alfa,阿利度酶 α,alidornasum alfa,alidornase alfa,alidornasa alfa,
amediplase,安地普酶,amediplasum,amédiplase,amediplasa,
amifloxacin,氨氟沙星,amifloxacinum,amifloxacine,amifloxacino,
amiprilose,氨普立糖,amiprilosum,amiprilose,amiprilosa,
amisulpride,氨磺必利,amisulpridum,amisulpride,amisulprida,
amolimogene bepiplasmid,贝米利莫基,amolimogenum bepiplasmidum,amolimogène bépliplasmide,amolimogén bepiplásmido,
angiotensin ii,血管紧张素II,angiotensinum II,angiotensine II,angiotensina II,
anipamil,阿尼帕米,anipamilum,anipamil,anipamilo,
antithrombin alfa,抗凝血酶α,antithrombinum alfa,antithrombine alfa,antitrombina alfa,
arlipoic acid,阿利普酸,acidum arlipoicum,acide arlipoïque,ácido arlipóico,
artemether,蒿甲醚,artemetherum,artéméther,artemetero,
arzoxifene,阿佐昔芬,arzoxifenum,arzoxifène,arzoxifeno,
atexakin alfa,阿替白介素α,atexakinum alfa,atexakine alfa,atexakina alfa,
avotermin,阿伏特明,avoterminum,avotermine,avotermina,
azoximer bromide,溴阿佐姆,azoximeri bromidum,bromure d'azoximère,bromuro de azoxímero,
benznidazole,苄硝唑,benznidazolum,benznidazole,benznidazol,
besipirdine,贝西吡啶,besipirdinum,bésipirdine,besipirdina,
betibeglogene autotemcel,贝格基干赛,betibeglogenum autotemcelum,bétibéglogène autotemcel,betibeglogén autotemcel,
bidisomide,比地索胺,bidisomidum,bidisomide,bidisomida,
bifikafusp alfa,比卡芙普α,bifikafuspum alfa,bifikafusp alfa,bifikafusp alfa,
bitopertin,贝托氟汀,bitopertinum,bitopertine,bitopertina,
borofalan (10b),硼[10B]法仑,borofalanum (10B),borofalan (10B),borofalán (10B),
bovhyaluronidase azoximer,阿佐姆牛玻璃酸酶,bovhyaluronidasum azoximerum,bovhyaluronidase azoximère,bovhialuronidasa azoxímero,
bretazenil,溴他西尼,bretazenilum,brétazénil,bretazenil,
briobacept,布巴西普,briobaceptum,briobacept,briobacept,
bromazepam,溴西泮,bromazepamum,bromazépam,bromazepam,
bucelipase alfa,布塞脂酶α,bucelipasum alfa,bucélipase alfa,bucelipasa alfa,
cannabinol,大麻酚,cannabinolum,cannabinol,cannabinol,
carebastine,卡瑞斯汀,carebastinum,carébastine,carebastina,
cefmetazole,头孢美唑,cefmetazolum,cefmétazole,cefmetazol,
ceftazidime,头孢他啶,ceftazidimum,ceftazidime,ceftazidima,
ceftriaxone,头孢曲松,ceftriaxonum,ceftriaxone,ceftriaxona,
cericlamine,西立氯胺,cericlaminum,cériclamine,cericlamina,
cianopramine,氰帕明,cianopraminum,cianopramine,cianopramina,
cinhyaluronate sodium,桂玻璃酸钠,natrii cinhyaluronas,cinhyaluronate de sodium,cinhialuronato de sodio,
ciprofibrate,环丙贝特,ciprofibratum,ciprofibrate,ciprofibrato,
ciprofloxacin,环丙沙星,ciprofloxacinum,ciprofloxacine,ciprofloxacino,
clentiazem,克仑硫,clentiazemum,clentiazem,clentiazem,
clinprost,克林前列素,clinprostum,clinprost,clinprost,
clobenzorex,氯苄雷司,clobenzorexum,clobenzorex,clobenzorex,
clopimozide,氯哌莫齐,clopimozidum,clopimozide,clopimozida,
colestilan,考来替兰,,colestilan,colestilan,
colfosceril palmitate,棕榈胆磷,colfoscerili palmitas,palmitate de colfoscéril,palmitato de colfoscerilo,
conatumumab,康妥尤单抗,conatumumabum,conatumumab,conatumumab,
conestat alfa,考奈司他α,conestatum alfa,conestat alfa,conestat alfa,
corifollitropin alfa,绒促卵泡激素α,corifollitropinum alfa,corifollitropine alfa,corifolitropina alfa,
dalcinonacog alfa,达西诺那凝血素α,dalcinonacogum alfa,dalcinonacog alfa,dalcinonacog alfa,
damoctocog alfa pegol,培达凝血素α,damoctocogum alfa pegolum,damoctocog alfa pégol,damoctocog alfa pegol,
daniquidone,达尼喹酮,daniquidonum,daniquidone,daniquidona,
denintuzumab mafodotin,玛德尼妥珠单抗,denintuzumabum mafodotinum,dénintuzumab mafodotine,denintuzumab mafodotina,
desmoteplase,德莫普酶,desmoteplasum,desmotéplase,desmoteplasa,
dexamethasone cipecilate,地塞米松培酯,dexamethasoni cipecilas,cipécilate de dexaméthasone,cipecilato de dexametasona,
dexibuprofen,右布洛芬,dexibuprofenum,dexibuprofène,dexibuprofeno,
dexniguldipine,右尼古地平,dexniguldipinum,dexniguldipine,dexniguldipino,
dimiracetam,地来西坦,dimiracetamum,dimiracétam,dimiracetam,
dinalbuphine sebacate,塞地纳布啡,dinalbuphini sebacas,sébacate de dinalbuphine,sebacato de dinalbufina,
dinutuximab beta,达妥昔单抗β,dinutuximabum beta,dinutuximab bêta,dinutuximab beta,
domperidone,多潘立酮,domperidonum,dompéridone,domperidona,
doxofylline,多索茶碱,doxofyllinum,doxofylline,doxofilina,
droloxifene,屈洛昔芬,droloxifenum,droloxifène,droloxifeno,
drospirenone,屈螺酮,drospirenonum,drospirénone,drospirenona,
ebselen,依布硒,ebselenum,ebsélène,ebseleno,
edodekin alfa,埃度白介素α,edodekinum alfa,édodékine alfa,edodekina alfa,
efalizumab,依凡利珠单抗,efalizumabum,éfalizumab,efalizumab,
efgivanermin alfa,依瓦奈明α,efgivanerminum alfa,efgivanermine alfa,efgivanermina alfa,
efungumab,依芬尤单抗,efungumabum,éfungumab,efungumab,
elacridar,依克立达,elacridarum,élacridar,elacridar,
eladocagene exuparvovec,艾哌依卡基,eladocagenum exuparvovecum,éladocagène exuparvovec,eladocagén exuparvovec,
elbimilast,依米司特,elbimilastum,elbimilast,elbimilast,
eliprodil,依利罗地,eliprodilum,éliprodil,eliprodil,
eltoprazine,依托拉嗪,eltoprazinum,eltoprazine,eltoprazina,
emiglitate,乙格列酯,emiglitatum,émiglitate,emiglitato,
epanolol,依泮洛尔,epanololum,épanolol,epanolol,
epristeride,依立雄胺,epristeridum,épristéride,epristerida,
eptacog beta (activated),依他凝血素β(活化),eptacogum beta (activatum),eptacog bêta (activé),eptacog beta (activado),
eptotermin alfa,依托特明α,eptoterminum alfa,eptotermine alfa,eptotermina alfa,
erdosteine,厄多司坦,erdosteinum,erdostéine,erdosteína,
esflurbiprofen,艾司氟比洛芬,esflurbiprofenum,esflurbiprofène,esflurbiprofeno,
etaracizumab,埃达西珠单抗,etaracizumabum,étaracizumab,etaracizumab,
etidronic acid,依替膦酸,acidum etidronicum,acide étidronique,ácido etidrónico,
exeporfinium chloride,依泊氯铵,exeporfinii chloridum,chlorure d'exéporfinium,cloruro de exeporfinio,
fananserin,法南色林,fananserinum,fanansérine,fananserina,
fasitibant chloride,氯法替班特,fasitibanti chloridum,chlorure de fasitibant,cloruro de fasitibant,
fasoracetam,法索西坦,fasoracetamum,fasoracétam,fasoracetam,
fedotozine,非多托秦,fedotozinum,fédotozine,fedotozina,
felbinac,联苯乙酸,,felbinac,felbinaco,
fexuprazan,菲优拉生,fexuprazanum,fexuprazan,fexuprazán,
figopitant,非戈匹坦,figopitantum,figopitant,figopitant,
foravirumab,福拉韦尤单抗,foravirumabum,foravirumab,foravirumab,
gaboxadol,加波沙多,gaboxadolum,gaboxadol,gaboxadol,
gacyclidine,加环利定,,gacyclidine,gaciclidina,
galarubicin,加柔比星,galarubicinum,galarubicine,galarubicina,
ganciclovir,更昔洛韦,ganciclovirum,ganciclovir,ganciclovir,
gatifloxacin,加替沙星,gatifloxacinum,gatifloxacine,gatifloxacino,
gliclazide,格列齐特,gliclazidum,gliclazide,gliclazida,
glycerol phenylbutyrate,苯丁酸甘油酯,glyceroli phenylbutyras,phénylbutyrate de glycérol,fenilbutirato de glicerol,
halometasone,卤米松,,halométasone,halometasona,
icosabutate,艾可布特,icosabutas,icosabutate,icosabutato,
idoxifene,艾多昔芬,idoxifenum,idoxifène,idoxifeno,
idrabiotaparinux sodium,艾比肝素钠,idrabiotaparinuxum natricum,idrabiotaparinux sodique,idrabiotaparinux sódico,
igmesine,伊格美新,igmesinum,igmésine,igmesina,
imisopasem manganese,伊米帕锰,imisopasemum manganum,imisopasem manganèse,imisopasem manganeso,
inarigivir soproxil,索那吉韦,inarigivirum soproxilum,inarigivir soproxil,inarigivir soproxilo,
indisulam,吲地磺胺,indisulamum,indisulam,indisulam,
insulin tregopil,曲戈胰岛素,insulinum tregopilum,insuline trégopil,insulina tregopilo,
iomeprol,碘美普尔,iomeprolum,ioméprol,iomeprol,
ipamorelin,伊莫瑞林,ipamorelinum,ipamoréline,ipamorelina,
iproplatin,异丙铂,iproplatinum,iproplatine,iproplatino,
irinotecan,伊立替康,irinotecanum,irinotécan,irinotecán,
itarnafloxin,喹氟拉辛,itarnafloxinum,itarnafloxine,itarnafloxina,
lanepitant,拉奈匹坦,,lanépitant,lanepitant,
lanicemine,拉尼西明,laniceminum,lanicémine,lanicemina,
lavoltidine,拉伏替丁,lavoltidinum,lavoltidine,lavoltidina,
lazabemide,拉扎贝胺,lazabemidum,lazabémide,lazabemida,
lerisetron,来立司琼,lerisetronum,lérisétron,lerisetrón,
lesinidase alfa,来西尼酶 α,lesinidasum alfa,lésinidase alfa,lesinidasa alfa,
leteprinim,来普立宁,leteprinimum,létéprinim,leteprinim,
letrazuril,来曲珠利,letrazurilum,létrazuril,letrazurilo,
levcromakalim,左色满卡林,levcromakalimum,levcromakalim,levcromakalim,
levofloxacin,左氧氟沙星,levofloxacinum,lévofloxacine,levofloxacino,
levomethadone,左美沙酮,levomethadonum,lévométhadone,levometadona,
lexaptepid pegol,培雷沙泰派,lexaptepidum pegolum,lexaptépid pégol,lexaptepid pegol,
lexatumumab,来沙妥尤单抗,lexatumumabum,lexatumumab,lexatumumab,
lidocaine,利多卡因,lidocainum,lidocaïne,lidocaína,
lifibrol,利非贝罗,lifibrolum,lifibrol,lifibrol,
lintitript,林替曲特,lintitriptum,lintitript,lintitript,
lintopride,林托必利,lintopridum,lintopride,lintoprida,
lobenzarit,氯苯扎利,,lobenzarit,lobenzarit,
lodenafil carbonate,碳酸洛地那非,lodenafili carbonas,lodénafil carbonate,carbonato de lodenafilo,
lonapalene,氯萘帕林,lonapalenum,lonapalène,lonapaleno,
lornoxicam,氯诺昔康,lornoxicamum,lornoxicam,lornoxicam,
loxoribine,洛索立宾,loxoribinum,loxoribine,loxoribina,
meclinertant,美兰纳坦,meclinertantum,méclinertant,meclinertant,
metformin glycinate,甘氨酸二甲双胍,metformini glycinas,glycinate de metformine,glicinato de metformina,
methylprednisolone aceponate,醋丙甲泼尼龙,methylprednisoloni aceponas,acéponate de méthylprednisolone,aceponato de metilprednisolona,
miboplatin,米铂,miboplatinum,miboplatine,miboplatino,
miconazole,咪康唑,miconazolum,miconazole,miconazol,
minamestane,米那美坦,minamestanum,minamestane,minamestano,
mipragoside,米普拉苷,mipragosidum,mipragoside,mipragósido,
mirfentanil,米芬太尼,,mirfentanil,mirfentanilo,
mofarotene,莫法罗汀,mofarotenun,mofarotène,mofaroteno,
monteplase,孟替普酶,monteplasum,montéplase,monteplasa,
motavizumab,莫韦珠单抗,motavizumabum,motavizumab,motavizumab,
muzolimine,莫唑胺,muzoliminum,muzolimine,muzolimina,
nadroparin calcium,那屈肝素钙,nadroparinum calcicum,nadroparine calcique,nadroparina cálcica,
napsagatran,奈沙加群,napsagatranum,napsagatran,napsagatrán,
nebicapone,奈比卡朋,,nébicapone,nebicapona,
neladenoson bialanate,比奈拉诺生,neladenosoni bialanas,bialanate de néladénoson,bialanato de neladenosón,
nepicastat,奈匹司他,nepicastatum,népicastat,nepicastat,
netupitant,奈妥匹坦,netupitantum,nétupitant,netupitant,
nicergoline,尼麦角林,nicergolinum,nicergoline,nicergolina,
niraxostat,吡拉司他,niraxostatum,niraxostat,niraxostat,
nolpitantium besilate,苯磺诺匹坦铵,nolpitantii besilas,bésilate de nolpitantium,besilato de nolpitantio,
nonacog gamma,诺那凝血素γ,nonacogum gamma,nonacog gamma,nonacog gamma,
ocaperidone,奥卡哌酮,ocaperidonum,ocapéridone,ocaperidona,
ofranergene obadenovec,卜艾欧尼基,ofranergenum obadenovecum,ofranergéne obadénovec,ofranergén obadenovec,
olcegepant,奥塞吉泮,olcegepantum,olcégépant,olcegepant,
omapatrilat,奥马曲拉,omapatrilatum,omapatrilate,omapatrilat,
onfekafusp alfa,昂卡芙普α,onfekafuspum alfa,onfékafusp alfa,onfekafusp alfa,
otelixizumab,奥昔珠单抗,otelixizumabum,otélixizumab,otelixizumab,
pabinafusp alfa,帕滨芙普α,pabinafuspum alfa,pabinafusp alfa,pabinafusp alfa,
pamicogrel,帕米格雷,pamicogrelum,pamicogrel,pamicogrel,
pancopride,泮考必利,pancopridum,pancopride,pancoprida,
pazinaclone,帕秦克隆,pazinaclonum,pazinaclone,pazinaclona,
pegadricase,培阿曲酶,pegadricasum,pégadricase,pegadricasa,
pimonidazole,哌莫硝唑,pimonidazolum,pimonidazole,pimonidazol,
piracetam,吡拉西坦,piracetamum,piracétam,piracetam,
pivagabine,匹伐加宾,pivagabinum,pivagabine,pivagabina,
pranlukast,普仑司特,,pranlukast,pranlukast,
propagermanium,丙帕锗,propagermanium,propagermanium,propagermanio,
rabeximod,雷贝莫德,rabeximodum,rabeximod,rabeximod,
ragaglitazar,拉格列扎,ragaglitazarum,ragaglitazar,ragaglitazar,
ramatroban,雷马曲班,ramatrobanum,ramatroban,ramatrobán,
ramoplanin,雷莫拉宁,ramoplaninum,ramoplanine,ramoplanina,
raxofelast,雷索司特,raxofelastum,raxofélast,raxofelast,
remikiren,瑞米吉仑,remikirenum,rémikirène,remikireno,
remogliflozin etabonate,依碳酸瑞格列净,remogliflozini etabonas,étabonate de rémogliflozine,etabonato de remogliflozina,
renzapride,伦扎必利,renzapridum,renzapride,renzaprida,
ricasetron,利卡司琼,ricasetronum,ricasétron,ricasetrón,
riferminogene pecaplasmid,培米利基,riferminogenum pecaplasmidum,riferminogène pécaplasmid,riferminogén pecaplásmido,
rimonabant,利莫纳班,rimonabantum,rimonabant,rimonabant,
ritipenem,利替培南,ritipenemum,ritipénem,ritipenem,
rogletimide,罗谷亚胺,rogletimidum,roglétimide,rogletimida,
seglitide,司格列肽,seglitidum,séglitide,seglitida,
seratrodast,塞曲司特,seratrodastum,sératrodast,seratrodast,
sertindole,舍吲哚,sertindolum,sertindole,sertindol,
sevuparin sodium,司夫肝素钠,sevuparinum natricum,sévuparine sodique,sevuparina sódica,
sibenadet,西贝那德,,sibénadet,sibenadet,
simoctocog alfa,塞莫凝血素α,simoctocogum alfa,simoctocog alfa,simoctocog alfa,
simoladagene autotemcel,司莫基奥干赛,simoladagenum autotemcelum,simoladagène autotemcel,simoladagén autotemcel,
sitimagene ceradenovec,塞艾西马基,sitimagenum ceradenovecum,sitimagène céradénovec,sitimagén ceradenovec,
suloctidil,舒洛地尔,suloctidilum,suloctidil,suloctidil,
suriclone,舒立克隆,,suriclone,suriclona,
suritozole,舒立托唑,suritozolum,suritozole,suritozol,
tafoxiparin sodium,他弗肝素钠,tafoxiparinum natricum,tafoxiparine sodique,tafoxiparina sódica,
talactoferrin alfa,他乳铁蛋白α,talactoferrinum alfa,talactoferrine alfa,talactoferrina alfa,
technetium (99mtc) etarfolatide,锝[99mTc]依他福肽,technetium (99mTc) etarfolatidum,technétium (99mTc) étarfolatide,tecnecio (99mTc) etarfolatida,
teniloxazine,替尼沙秦,teniloxazinum,téniloxazine,teniloxazina,
tenoxicam,替诺昔康,tenoxicamum,ténoxicam,tenoxicam,
terazosin,特拉唑嗪,,térazosine,terazosina,
terbinafine,特比萘芬,,terbinafine,terbinafina,
tesaglitazar,替格列扎,tesaglitazarum,tésaglitazar,tesaglitazar,
tigatuzumab,替加妥珠单抗,tigatuzumabum,tigatuzumab,tigatuzumab,
tilarginine,泰拉吉奈,tilargininum,tilarginine,tilarginina,
timolol,噻吗洛尔,timololum,timolol,timolol,
tipredane,替泼尼旦,tipredanum,tiprédane,tipredano,
tolrestat,托瑞司他,tolrestatum,tolrestat,tolrestat,
tomelukast,托鲁司特,tomelukastum,tomélukast,tomelukast,
trefentanil,曲芬太尼,trefentanilum,tréfentanil,trefentanilo,
trenonacog alfa,曲诺凝血素α,trenonacogum alfa,trénonacog alfa,trenonacog alfa,
treprostinil palmitil,帕米曲前列尼尔,treprostinilum palmitilum,tréprostinil palmitil,treprostinil palmitilo,
trimetrexate,三甲曲沙,trimetrexatum,trimétrexate,trimetrexato,
tucotuzumab celmoleukin,西莫白介素单抗,tucotuzumabum celmoleukinum,tucotuzumab celmoleukine,tucotuzumab celmoleukina,
uridine triacetate,三乙酸尿苷,uridini triacetas,triacétate d'uridine,triacetato de uridina,
vadastuximab talirine,托伐妥昔单抗,vadastuximabum talirinum,vadastuximab talirine,vadastuximab talirina,
valspodar,戊司泊达,valspodarum,valspodar,valspodar,
vamicamide,伐米胺,vamicamidum,vamicamide,vamicamida,
vandortuzumab vedotin,维凡妥珠单抗,vandortuzumabum vedotinum,vandortuzumab védotine,vandortuzumab vedotina,
vatreptacog alfa (activated),伐曲凝血素α(活化),vatreptacogum alfa (activatum),vatreptacog alfa (activé),vatreptacog alfa (activada),
velimogene aliplasmid,阿米维莫基,velimogenum aliplasmidum,vélimogène aliplasmide,velimogén aliplásmido,
vofopitant,沃氟匹坦,,vofopitant,vofopitant,
volrubigene ralaparvovec,瑞哌沃诺基,volrubigenum ralaparvovecum,volrubigène ralaparvovec,volrubigén ralaparvovec,
xaliproden,扎利罗登,xaliprodenum,xaliprodène,xaliprodeno,
zanapezil,扎那哌齐,zanapezilum,zanapézil,zanapezilo,
zuclopenthixol,珠氯噻醇,zuclopenthixolum,zuclopenthixol,zuclopentixol,
danitracen,达尼曲生,danitracenum,danitracène,danitraceno,
dazopride,达佐必利,dazopridum,dazopride,dazoprida,
debrisoquine,异喹胍,debrisoquinum,débrisoquine,debrisoquina,
decamethonium bromide,十烃溴铵,decamethonii bromidum,bromure de décaméthonium,bromuro de decametonio,
dehydroemetine,去氢依米丁,dehydroemetinum,déhydroémétine,dehidroemetina,
demegestone,地美孕酮,demegestonum,démégestone,demegestona,
denopamine,地诺帕明,denopaminum,dénopamine,denopamina,
dersalazine,德沙拉秦,dersalazinum,dersalazine,dersalazina,
desoximetasone,去羟米松,desoximetasonum,désoximétasone,desoximetasona,
diclazuril,地克珠利,diclazurilum,diclazuril,diclazurilo,
diclofensine,二氯芬辛,diclofensinum,diclofensine,diclofensina,
dienestrol,己二烯雌酚,dienestrolum,diènestrol,dienestrol,
dobutamine,多巴酚丁胺,dobutaminum,dobutamine,dobutamina,
domiodol,多米奥醇,domiodolum,domiodol,domiodol,
ecraprost,艾克前列素,ecraprostum,écraprost,ecraprost,
elliptinium acetate,依利醋铵,elliptinii acetas,acétate d'elliptinium,acetato de eliptinio,
encainide,恩卡尼,encainidum,encaïnide,encainida,
enisamium iodide,依尼碘铵,enisamii iodidum,iodure d'énisamium,ioduro de enisamio,
enrofloxacin,恩氟沙星,enrofloxacinum,enrofloxacine,enrofloxacino,
epicillin,依匹西林,epicillinum,épicilline,epicilina,
epoetin beta,促红素β,epoetinum beta,époétine bêta,epoetina beta,
epoetin omega,促红素ω,epoetinum omega,époétine oméga,epoetina omega,
epoetin zeta,促红素ζ,epoetinum zeta,époétine zêta,epoetina dseta,
eprosartan,依普罗沙坦,eprosartanum,éprosartan,eprosartán,
eseridine,依舍立定,eseridinum,éséridine,eseridina,
estrone,雌酮,estronum,estrone,estrona,
etafenone,依他非农,etafenonum,étafénone,etafenona,
ethambutol,乙胺丁醇,,éthambutol,etambutol,
ethyl loflazepate,氯氟乙酯,ethylis loflazepas,loflazépate d'éthyle,loflazepato de etilo,
etiprednol dicloacetate,艾泼诺酯,etiprednoli dicloacetas,dicloacétate d’étiprednol,dicloroacetato de etiprednol,
etynodiol,炔诺醇,etynodiolum,étynodiol,etinodiol,
fanapanel,法那帕奈,fanapanelum,fanapanel,fanapanel,
fenobam,非诺班,fenobamum,fénobam,fenobam,
fezagepras,非扎拉思,fezageprasum,fézagépras,fezagepras,
flerobuterol,氟丁特罗,flerobuterolum,flérobutérol,flerobuterol,
flortanidazole (18f),氟[18F]他硝唑,flortanidazolum (18F),flortanidazole (18F),flortanidazol (18F),
flubendazole,氟苯达唑,flubendazolum,flubendazole,flubendazol,
fludiazepam,氟地西泮,fludiazepamum,fludiazépam,fludiazepam,
flunitrazepam,氟硝西泮,flunitrazepamum,flunitrazépam,flunitrazepam,
fluticasone,氟替卡松,fluticasonum,fluticasone,fluticasona,
follitropin beta,促卵泡激素β,follitropinum beta,follitropine bêta,folitropina beta,
follitropin epsilon,促卵泡素 ε,follitropinum epsilon,follitropine epsilon,folitropina épsilon,
fosfomycin,磷霉素,fosfomycinum,fosfomycine,fosfomicina,
gadopentetic acid,钆喷酸,acidum gadopenteticum,acide gadopentétique,ácido gadopentético,
gallamine triethiodide,戈拉碘铵,gallamini triethiodidum,triéthiodure de gallamine,trietioduro de galamina,
gallopamil,戈洛帕米,gallopamillum,gallopamil,galopamilo,
glibornuride,格列波脲,glibornuridum,glibornuride,glibornurida,
goserelin,戈舍瑞林,goserelinum,goséréline,goserelina,
hexafluronium bromide,己芴溴铵,,bromure d'hexafluronium,bromuro de hexafluronio,
hexocyclium metilsulfate,甲硫己环铵,hexocyclii metilsulfas,métilsulfate d'hexocyclium,metilsulfato de hexociclo,
hydrotalcite,铝碳酸镁,hydrotalcitum,hydrotalcite,hidrotalcita,
ibafloxacin,依巴沙星,ibafloxacinum,ibafloxacine,ibafloxacino,
ibutamoren,伊布莫仑,ibutamorenum,ibutamoren,ibutamoreno,
idrocilamide,羟乙桂胺,idrocilamidum,idrocilamide,idrocilamida,
ifetroban,伊非曲班,,ifétroban,ifetrobán,
imciromab,英西单抗,imciromabum,imciromab,imciromab,
iocetamic acid,碘西他酸,acidum iocetamicum,acide iocétamique,ácido iocetámico,
iofendylate,碘苯酯,,iofendylate,iofendilato,
isaralgagene civaparvovec,西哌艾萨基,isaralgagenum civaparvovecum,isaralgagène civaparvovec,isaralgagén civaparvovec,
lenperone,仑哌隆,lenperonum,lenpérone,lenperona,
levacetylmethadol,左醋美沙多,levacetylmethadolum,lévacétylméthadol,levacetilmetadol,
levobetaxolol,左倍他洛尔,levobetaxololum,lévobétaxolol,levobetaxolol,
lexipafant,来昔帕泛,lexipafantum,lexipafant,lexipafant,
lopinavir,洛匹那韦,lopinavirum,lopinavir,lopinavir,
loprazolam,氯普唑仑,loprazolamum,loprazolam,loprazolam,
loracarbef,氯碳头孢,loracarbefum,loracarbef,loracarbef,
lorcainide,劳卡尼,lorcainidum,lorcaïnide,lorcainida,
macrosalb (99mtc),大颗粒锝[99mTc]人血清白,macrosalbum (99mTc),macrosalb (99mTc),macrosalbo (99mTc),
medrysone,甲羟松,,médrysone,medrisona,
mefenorex,美芬雷司,mefenorexum,méfénorex,mefenorex,
mephenytoin,美芬妥英,mephenytoinum,méphénytoïne,mefenitoína,
metopimazine,美托哌丙嗪,metopimazinum,métopimazine,metopimazina,
metoprolol,美托洛尔,metoprololum,métoprolol,metoprolol,
mezlocillin,美洛西林,mezlocillinum,mezlocilline,mezlocilina,
miloxacin,米洛沙星,miloxacinum,miloxacine,miloxacino,
minaxolone,米那索龙,minaxolonum,minaxolone,minaxolona,
molindone,吗茚酮,molindonum,molindone,molindona,
morantel,莫仑太尔,morantelum,morantel,morantel,
moxaverine,莫沙维林,moxaverinum,moxavérine,moxaverina,
mureletecan,莫瑞替康,mureletecanum,murélétécan,mureletecán,
muromonab-cd3,莫罗单抗-CD3,muromonabum-CD3,muromonab-CD3,muromonab-CD3,
naftidrofuryl,萘呋胺,naftidrofurylum,naftidrofuryl,naftidrofurilo,
nepadutant,奈帕度坦,nepadutantum,népadutant,nepadutant,
niaprazine,尼普拉嗪,niaprazinum,niaprazine,niaprazina,
nicomol,尼可莫尔,nicomolum,nicomol,nicomol,
niludipine,尼鲁地平,niludipinum,niludipine,niludipino,
nitrendipine,尼群地平,nitrendipinum,nitrendipine,nitrendipino,
orbifloxacin,奥比沙星,orbifloxacinum,orbifloxacine,orbifloxacino,
ornidazole,奥硝唑,ornidazolum,ornidazole,ornidazol,
oxamniquine,奥沙尼喹,oxamniquinum,oxamniquine,oxamniquina,
oxipurinol,奥昔嘌醇,oxipurinolum,oxipurinol,oxipurinol,
oxybenzone,羟苯甲酮,,oxybenzone,oxibenzona,
parapropamol,对丙胺酚,parapropamolum,parapropamol,parapropamol,
parathyroid hormone,甲状旁腺激素,hormonum parathyroidum,hormone parathyroïde,hormona paratiroidea,
pefloxacin,培氟沙星,pefloxacinum,péfloxacine,pefloxacino,
pegademase,培加酶,pegademasum,pégadémase,pegademasa,
penfluridol,五氟利多,penfluridolum,penfluridol,penfluridol,
pentolonium tartrate,酒石酸喷托铵,pentolonii tartras,tartrate de pentolonium,tartrato de pentolonio,
perflubron,全氟溴烷,perflubronum,perflubron,perflubrón,
permethrin,扑灭司林,permethrinum,perméthrine,permetrina,
phenacemide,苯乙酰脲,,phénacémide,fenacemida,
phenothrin,苯氧司林,phenothrinum,phénothrine,fenotrina,
pidotimod,匹多莫德,pidotimodum,pidotimod,pidotimod,
pimozide,匹莫齐特,pimozidum,pimozide,pimozida,
pinacidil,吡那地尔,pinacidilum,pinacidil,pinacidil,
piposulfan,哌泊舒凡,piposulfanum,piposulfan,piposulfano,
pirenoxine,吡诺克辛,pirenoxinum,pirénoxine,pirenoxina,
piridicillin,吡地西林,piridicillinum,piridicilline,piridicilina,
piritramide,哌腈米特,piritramidum,piritramide,piritramida,
pirodomast,吡咯司特,pirodomastum,pirodomast,pirodomast,
pirprofen,吡洛芬,pirprofenum,pirprofène,pirprofeno,
pitrakinra,匹曲白滞素,pitrakinrum,pitrakinra,pitrakinra,
polyestradiol phosphate,聚磷酸雌二醇,polyestradioli phosphas,phosphate de polyestradiol,fosfato de poliestradiol,
ponalrestat,泊那司他,ponalrestatum,ponalrestat,ponalrestat,
praconase,普拉康酶,,praconase,praconasa,
pralmorelin,普拉莫瑞林,pralmorelinum,pralmoréline,pralmorelina,
prasterone,普拉睾酮,prasteronum,prastérone,prasterona,
priralfinamide,拉非酰胺,priralfinamidum,priralfinamide,priralfinamida,
prochlorperazine,丙氯拉嗪,prochlorperazinum,prochlorpérazine,proclorperazina,
proglumetacin,丙谷美辛,proglumetacinum,proglumétacine,proglumetacina,
promegestone,普美孕酮,promegestonum,promégestone,promegestona,
protamine sulfate,硫酸鱼精蛋白,protamini sulfas,sulfate de protamine,sulfato de protamina,
proxymetacaine,丙美卡因,proxymetacainum,proxymétacaïne,proximetacaína,
pudexacianinium chloride,葡右阿斯氯铵,pudexacianinii chloridum,chlorure de pudexacianinium,cloruro de pudexacianinio,
pumaprazole,普马拉唑,pumaprazolum,pumaprazole,pumaprazol,
pyrithione zinc,吡硫翁锌,pyrithionum zincicum,pyrithione zincique,piritiona cincica,
ranimustine,雷莫司汀,ranimustinum,ranimustine,ranimustina,
rescimetol,瑞西美托,,rescimétol,rescimetol,
rilmenidine,利美尼定,rilmenidinum,rilménidine,rilmenidina,
rioprostil,利奥前列素,rioprostilum,rioprostil,rioprostilo,
rocastine,罗卡斯汀,rocastinum,rocastine,rocastina,
rose bengal sodium,孟加拉玫瑰红钠,roseum bengalense natricum,rose bengale sodique,rosa de bengala de sodio,
rosoxacin,罗索沙星,rosoxacinum,rosoxacine,rosoxacino,
semuloparin sodium,塞莫肝素钠,semuloparinum natricum,sémuloparine sodique,semuloparina sódica,
serrapeptase,舍雷肽酶,serrapeptasum,serrapeptase,serrapeptasa,
sodium iopodate,碘泊酸钠,natrii iopodas,iopodate de sodium,iopodato de sodio,
sodium iotalamate (125i),碘[125I]他拉酸钠,natrii iotalamas (125I),iotalamate (125I) de sodium,iotalamato (125I) de sodio,
sodium picosulfate,匹可硫酸钠,natrii picosulfas,picosulfate de sodium,picosulfato de sodio,
sodium tetradecyl sulfate,十四烷硫酸钠,natrii tetradecylis sulfas,tétradécyl sulfate de sodium,tetradecilsulfato de sodio,
sodium tyropanoate,酪泮酸钠,natrii tyropanoas,tyropanoate de sodium,tiropanoato de sodio,
sofituzumab vedotin,维索妥珠单抗,sofituzumabum vedotinum,sofituzumab védotine,sofituzumab vedotina,
spiramycin,螺旋霉素,spiramycinum,spiramycine,espiramicina,
spirogermanium,锗螺胺,spirogermanium,spirogermanium,espirogermanio,
spiroglumide,螺谷胺,spiroglumidum,spiroglumide,espiroglumida,
streptokinase,链激酶,streptokinasum,streptokinase,estreptoquinasa,
sulfacitine,磺胺西汀,sulfacitinum,sulfacitine,sulfacitina,
sulfadoxine,磺胺多辛,,sulfadoxine,sulfadoxina,
sulfametoxydiazine,磺胺对甲氧嘧啶,sulfametoxydiazinum,sulfamétoxydiazine,sulfametoxidiazina,
sulfaphenazole,磺胺苯吡唑,,sulfaphénazol,sulfafenazol,
sulprostone,硫前列酮,sulprostonum,sulprostone,sulprostona,
sunepitron,舒奈吡琼,sunepitronum,sunépitron,sunepitrón,
tamrintamab pamozirine,帕他林妥单抗,tamrintamabum pamozirinum,tamrintamab pamozirine,tamrintamab pamozirina,
tepilamide fumarate,富马酸替匹酰胺,tepilamidi fumaras,fumarate de tépilamide,fumarato de tepilamida,
terfenadine,特非那定,terfenadinum,terfénadine,terfenadina,
tiflorex,替氟雷司,tiflorexum,tiflorex,tiflorex,
timegadine,替美加定,timegadinum,timégadine,timegadina,
tiospirone,替螺酮,tiospironum,tiospirone,tiospirona,
tiotidine,硫替丁,tiotidinum,tiotidine,tiotidina,
tiplimotide,替利莫肽,tiplimotidum,tiplimotide,tiplimotida,
tranylcypromine,反苯环丙胺,,tranylcypromine,tranilcipromina,
trepibutone,曲匹布通,trepibutonum,trépibutone,trepibutona,
trihexyphenidyl,苯海索,trihexyphenidylum,trihexyphénidyle,trihexifenidilo,
trimetaphan camsilate,樟磺咪芬,trimetaphani camsilas,camsilate de trimétaphan,cansilato de trimetafán,
tripamide,曲帕胺,tripamidum,tripamide,tripamida,
trofosfamide,曲磷胺,trofosfamidum,trofosfamide,trofosfamida,
tromantadine,曲金刚胺,tromantadinum,tromantadine,tromantadina,
turoctocog alfa pegol,培妥罗凝血素α,turoctocogum alfa pegolum,turoctocog alfa pégol,turoctocog alfa pegol,
urofollitropin,尿促卵泡素,urofollitropinum,urofollitropine,urofolitropina,
verpasep caltespen,卡维帕塞,verpasepum caltespenum,verpasep caltespen,verpasep caltespeno,
viloxazine,维洛沙秦,viloxazinum,viloxazine,viloxazina,
volazocine,伏拉佐辛,volazocinum,volazocine,volazocina,
xenon (133xe),氙 [133Xe],xenonum (133Xe),xénon (133Xe),xenón (133Xe),
zacopride,扎考必利,zacopridum,zacopride,zacoprida,
zaprinast,扎普司特,zaprinastum,zaprinast,zaprinast,
zuclomifene,珠氯米芬,zuclomifenum,zuclomifène,zuclomifeno,
guanadrel,胍那屈尔,guanadrelum,guanadrel,guanadrel,
gusperimus,胍立莫司,gusperimusum,guspérimus,gusperimús,
nocodazole,诺考达唑,nocodazolum,nocodazole,nocodazol,
norgestrienone,诺孕烯酮,norgestrienonum,norgestriénone,norgestrienona,
octinoxate,辛诺沙酯,,octinoxate,octinoxato,
xipamide,希帕胺,xipamidum,xipamide,xipamida,
piperocaine,哌罗卡因,piperocainum,pipérocaïne,piperocaína,
iosulamide,碘磺拉胺,iosulamidum,iosulamide,iosulamida,
iotasul,碘酞硫,iotasulum,iotasul,iotasul,
amfepentorex,安非雷司,,amfépentorex,anfepentorex,
verofylline,维罗茶碱,verofyllinum,vérofylline,verofilina,
desciclovir,地昔洛韦,desciclovirum,desciclovir,desciclovir,
nifurtoinol,硝呋妥因醇,nifurtoinolum,nifurtoïnol,nifurtoinol,
cetiedil,西替地尔,cetiedilum,cétiédil,cetiedil,
ioglicic acid,碘格利酸,acidum ioglicicum,acide ioglicique,ácido ioglícico,
iosimide,碘西胺,iosimidum,iosimide,iosimida,
fenoxedil,非诺地尔,fenoxedilum,fénoxédil,fenoxedil,
isbufylline,异丁茶碱,isbufyllinum,isbufylline,isbufilina,
tienopramine,替诺帕明,tienopraminum,tiénopramine,tienopramina,
mezepine,美西平,mezepinum,mézépine,mezepina,
intriptyline,英曲替林,intriptylinum,intriptyline,intriptilina,
vadocaine,伐多卡因,vadocainum,vadocaïne,vadocaína,
diperodon,地哌冬,diperodonum,dipérodon,diperodón,
quatacaine,夸他卡因,quatacainum,quatacaïne,quatacaína,
trapencaine,曲喷卡因,trapencainum,trapencaïne,trapencaína,
fluroxene,氟乙烯醚,,fluroxène,fluroxeno,
meprylcaine,美普卡因,meprylcainum,méprylcaïne,meprilcaína,
ipravacaine,艾拉卡因,ipravacainum,ipravacaïne,ipravacaína,
fexicaine,苯氧卡因,fexicainum,fexicaïne,fexicaína,
bisbendazole,双苯达唑,bisbendazolum,bisbendazole,bisbendazol,
albendazole oxide,氧阿苯达唑,albendazolum oxidum,albendazole oxyde,óxido de albendazol,
nifurpirinol,硝呋吡醇,nifurpirinolum,nifurpirinol,nifurpirinol,
nifurimide,硝呋米特,nifurimidum,nifurimide,nifurimida,
nifurzide,硝呋肼,nifurzidum,nifurzide,nifurzida,
nifuratrone,硝呋隆,nifuratronum,nifuratrone,nifuratrona,
nifurmazole,硝呋马佐,nifurmazolum,nifurmazole,nifurmazol,
subendazole,舒苯达唑,subendazolum,subendazole,subendazol,
flurocitabine,氟西他滨,flurocitabinum,flurocitabine,flurocitabina,
polymyxin b,多粘菌素B,polymyxinum B,polymyxine B,polimixina B,
nimorazole,尼莫唑,nimorazolum,nimorazole,nimorazol,
dapsone,氨苯砜,dapsonum,dapsone,dapsona,
ipriflavone,依普黄酮,ipriflavonum,ipriflavone,ipriflavona,
feprazone,非普拉宗,feprazonum,féprazone,feprazona,
trimecaine,三甲卡因,trimecainum,trimécaïne,trimecaína,
propoxycaine,丙氧卡因,,propoxycaïne,propoxicaína,
mepivacaine,甲哌卡因,,mépivacaïne,mepivacaína,
nonoxinol,壬苯醇醚,nonoxinolum,nonoxinol,nonoxinol,
dexfenfluramine,右芬氟拉明,dexfenfluraminum,dexfenfluramine,dexfenfluramina,
cetrimonium bromide,西曲溴铵,cetrimonii bromidum,bromure de cétrimonium,bromuro de cetrimonio,
octenidine,奥替尼啶,octenidinum,octénidine,octenidina,
vincamine,长春胺,vincaminum,vincamine,vincamina,
lactitol,拉克替醇,lactitolum,lactitol,lactitol,
benzocaine,苯佐卡因,benzocainum,benzocaïne,benzocaína,
ubidecarenone,泛癸利酮,ubidecarenonum,ubidécarénone,ubidecarenona,
trapidil,曲匹地尔,trapidilum,trapidil,trapidil,
dimetacrine,二甲他林,dimetacrinum,dimétacrine,dimetacrina,
fluacizine,氟西嗪,fluacizinum,fluacizine,fluacizina,
hydroxyamfetamine,羟苯丙胺,,hydroxyamfétamine,hidroxianfetamina,
adipiodone,胆影酸,,adipiodone,adipiodona,
lonazolac,氯那唑酸,lonazolacum,lonazolac,lonazolaco,
demexiptiline,地美替林,demexiptilinum,démexiptiline,demexiptilina,
fenetylline,芬乙茶碱,fenetyllinum,fénétylline,fenetilina,
sinefungin,西奈芬净,sinefunginum,sinéfungine,sinefungina,
opolimogene capmilisbac,卡哌奥莫基,opolimogenum capmilisbacum,opolimogène capmilisbac,opolimogén capmilisbac,
artesunate,青蒿琥酯,artesunatum,artésunate,artesunato,
zoptarelin doxorubicin,佐他柔比星,zoptarelinum doxorubicinum,zoptaréline doxorubicine,zoptarelina doxorubicina,
cefamandole,头孢孟多,cefamandolum,céfamandole,cefamandol,
benzathine benzylpenicillin,苄星青霉素,benzathini benzylpenicillinum,benzathine benzylpénicilline,benzatina bencilpenicilina,
ceforanide,头孢雷特,ceforanidum,céforanide,ceforanida,
cefapirin,头孢匹林,cefapirinum,céfapirine,cefapirina,
aprutumab ixadotin,伊阿芦妥尤单抗,aprutumabum ixadotinum,aprutumab ixadotine,aprutumab ixadotina,
octocog alfa,辛凝血素α,octocogum alfa,octocog alfa,octocog alfa,
desmopressin,去氨加压素,desmopressinum,desmopressine,desmopresina,
peginterferon alfacon-2,培干扰素 alfacon-2,peginterferonum alfacon-2,péginterféron alfacon-2,peginterferon alfacon-2,
carbazochrome sodium sulfonate,卡络磺钠,natrii carbazochromi sulfonas,carbazochrome sulfonate de sodium,carbazocromo sulfonato de sodio,
artemisinin,青蒿素,artemisininum,artémisinine,artemisinina,
apadamtase alfa,阿帕达酶 α,apadamtasum alfa,apadamtase alfa,apadamtasa alfa,
betacarotene,倍他胡萝卜素,betacarotenum,bétacarotène,betacaroteno,
iopromide,碘普胺,iopromidum,iopromide,iopromida,
repirinast,瑞吡司特,repirinastum,répirinast,repirinast,
cefmenoxime,头孢甲肟,,cefménoxime,cefmenoxima,
magaldrate,镁加铝,magaldratum,magaldrate,magaldrato,
sulfadiazine sodium,磺胺嘧啶钠,sulfadiazinum natricum,sulfadiazine sodique,sulfadiazina de sodio,
bifonazole,联苯苄唑,bifonazolum,bifonazole,bifonazol,
bemiparin sodium,贝米肝素钠,bemiparinum natricum,bémiparine sodique,bemiparina de sodio,
guaifenesin,愈创甘油醚,guaifenesinum,guaïfénésine,guaifenesina,
calcium dobesilate,羟苯磺酸钙,calcii dobesilas,dobésilate de calcium,dobesilato de calcio,
cefotetan,头孢替坦,cefotetanum,céfotétan,cefotetán,
iobitridol,碘比醇,,iobitridol,iobitridol,
idursulfase beta,艾度硫酸酯酶β,idursulfasum beta,idursulfase bêta,idursulfasa beta,
citalopram,西酞普兰,citalopramum,citalopram,citalopram,
carpronium chloride,卡普氯铵,carpronii chloridum,chlorure de carpronium,cloruro de carpronio,
astemizole,阿司咪唑,astemizolum,astémizole,astemizol,
alibendol,阿利苯多,alibendolum,alibendol,alibendol,
cefoxitin,头孢西丁,cefoxitinum,céfoxitine,cefoxitina,
pancuronium bromide,泮库溴铵,pancuronii bromidum,bromure de pancuronium,bromuro de pancuronio,
gestrinone,孕三烯酮,gestrinonum,gestrinone,gestrinona,
polaprezinc,聚普瑞锌,polaprezincum,polaprézinc,polaprezinc,
cefonicid,头孢尼西,cefonicidum,céfonicide,cefonicid,
dimeticone,二甲硅油,dimeticonum,diméticone,dimeticona,
almagate,铝镁加,almagatum,almagate,almagato,
bifluranol,双氟雷酚,bifluranolum,bifluranol,bifluranol,
mefloquine,甲氟喹,mefloquinum,méfloquine,mefloquina,
tebipenem pivoxil,替比培南匹酯,tebipenemum pivoxilum,tébipénem pivoxil,tebipenem pivoxilo,
fluticasone furoate,糠酸氟替卡松,fluticasonum furoas,furoate de fluticasone,furoato de fluticasona,
acetyldigitoxin,醋洋地黄毒苷,,acétyldigitoxine,acetildigitoxina,
cortivazol,可的伐唑,cortivazolum,cortivazol,cortivazol,
secretin human,人肽泌素,secretinum humanum,sécrétine humaine,secretina humana,
polihexanide,聚己缩胍,polihexanidum,polihexanide,polihexanida,
clobutinol,氯丁替诺,clobutinolum,clobutinol,clobutinol,
menadiol sodium sulfate,甲萘氢醌硫酸钠,menadioli natrii sulfas,sulfate sodique de ménadiol,sulfato de menadiol y sodio,
furostilbestrol,呋罗雌酚,furostilbestrolum,furostilbestrol,furostilbestrol,
oxybuprocaine,奥布卡因,,oxybuprocaïne,oxibuprocaína,
diaveridine,二氨藜芦啶,diaveridinum,diavéridine,diaveridina,
sodium dibunate,地布酸钠,natrii dibunas,dibunate de sodium,dibunato de sodio,
penoctonium bromide,喷辛溴铵,penoctonii bromidum,bromure de pénoctonium,bromuro de penoctonio,
macrogol ester,聚乙二醇酯,macrogoli ester,ester de macrogol,éster del macrogol,
pidolacetamol,匹多他莫,pidolacetamolum,pidolacétamol,pidolacetamol,
pheneturide,苯丁酰脲,pheneturidum,phénéturide,feneturida,
daunorubicin,柔红霉素,daunorubicinum,daunorubicine,daunorubicina,
taurolidine,牛磺利定,taurolidinum,taurolidine,taurolidina,
clobenoside,氯苄苷,clobenosidum,clobénoside,clobenósido,
virginiamycin,维吉霉素,virginiamycinum,virginiamycine,virginiamicina,
melperone,美哌隆,melperonum,melpérone,melperona,
dioxaphetyl butyrate,吗苯丁酯,dioxaphetyli butyras,butyrate de dioxaphétyl,butirato de dioxafetilo,
aminophenazone,氨基比林,aminophenazonum,aminophénazone,aminofenazona,
murodermin,莫罗德明,muroderminum,murodermine,murodermina,
dimepheptanol,地美庚醇,,dimépheptanol,dimefeptanol,
bakeprofen,巴凯洛芬,bakeprofenum,baképrofène,baqueprofeno,
broparestrol,溴帕雌烯,broparestrolum,broparestrol,broparestrol,
eperisone,乙哌立松,eperisonum,épérisone,eperisona,
carbocisteine,羧甲司坦,carbocisteinum,carbocistéine,carbocisteína,
losmiprofen,氯米洛芬,losmiprofenum,losmiprofène,losmiprofeno,
fasidotril,法西多曲,fasidotrilum,fasidotril,fasidotrilo,
hemoglobin crosfumaril (bovine),牛交富血红蛋白,hemoglobinum crosfumarilum (bovinum),hémoglobine crosfumaril (bovine),hemoglobina crosfumarilo (bovina),
dembrexine,登溴克新,dembrexinum,dembrexine,dembrexina,
aminoquinuride,氨喹脲,aminoquinuridum,aminoquinuride,aminoquinurida,
lofepramine,洛非帕明,lofepraminum,lofépramine,lofepramina,
ecomustine,依考莫司汀,ecomustinum,écomustine,ecomustina,
seganserin,司更色林,seganserinum,ségansérine,seganserina,
nandrolone,诺龙,nandrolonum,nandrolone,nandrolona,
metaclazepam,美氯西泮,metaclazepamum,métaclazépam,metaclazepam,
gedocarnil,吉多卡尔,gedocarnilum,gédocarnil,gedocarnilo,
acitretin,阿维A,acitretinum,acitrétine,acitretina,
poloxamer,泊洛沙姆,poloxamerum,poloxamère,poloxámero,
betaxolol,倍他洛尔,betaxololum,bétaxolol,betaxolol,
mideplanin,麦地拉宁,mideplaninum,midéplanine,mideplanina,
dabigatran etexilate,达比加群酯,dabigatranum etexilatum,dabigatran étexilate,dabigatrán etexilato,
naftifine,萘替芬,,naftifine,naftifina,
icosapent,二十碳五烯酸,icosapentum,icosapent,icosapento,
bephenium hydroxynaphthoate,羟萘苄芬宁,bephenii hydroxynaphthoas,hydroxynaphtoate de béphénium,hidroxinaftoato de befenio,
simeticone,西甲硅油,simeticonum,siméticone,simeticona,
metapramine,美他帕明,metapraminum,métapramine,metapramina,
zibrofusidic acid,溴夫西地酸,acidum zibrofusidicum,acide zibrofusidique,ácido zibrofusídico,
tiaprost,噻前列素,tiaprostum,tiaprost,tiaprost,
nitricholine perchlorate,高氯酸硝胆碱,nitricholini perchloras,perchlorate de nitricholine,perclorato de nitricolina,
choline gluconate,葡萄糖酸胆碱,cholini gluconas,gluconate de choline,gluconato de colina,
dulozafone,度氯扎封,dulozafonum,dulozafone,dulozafona,
monometacrine,莫诺吖啶,monometacrinum,monométacrine,monometacrina,
belfosdil,贝磷地尔,belfosdilum,belfosdil,belfosdil,
sulmarin,硫马林,sulmarinum,sulmarine,sulmarina,
nosiheptide,诺西肽,nosiheptidum,nosiheptide,nosiheptida,
turofexorate isopropyl,妥芬异丙酯,turofexoras isopropylis,turofexorate d’isopropyle,turofexorato de isopropilo,
tosifen,托西芬,tosifenum,tosifène,tosifeno,
butopamine,布托巴胺,butopaminum,butopamine,butopamina,
etilefrine,依替福林,etilefrinum,étiléfrine,etilefrina,
fluorfenidine (18f),氟[18F]芬尼定,fluorfenidinum (18F),fluorfénidine (18F),fluorfenidina (18F),
camonagrel,卡莫格雷,camonagrelum,camonagrel,camonagrel,
atomoxetine,盐酸托莫西汀,,atomoxétine,atomoxetina,
clofluperol,氯氟哌醇,clofluperolum,cloflupérol,clofluperol,
atrinositol,阿曲肌醇,atrinositolum,atrinositol,atrinositol,
methylbenactyzium bromide,溴甲贝那替秦,methylbenactyzii bromidum,bromure de méthylbénactyzium,bromuro de metilbenacticio,
volpristin,伏普丁,volpristinum,volpristine,volpristina,
mequitamium iodide,甲喹碘铵,,iodure de méquitamium,ioduro de mequitamio,
retinol,维生素A浓缩液,retinolum,rétinol,retinol,
sedecamycin,西地霉素,sedecamycinum,sédécamycine,sedecamicina,
technetium (99mtc) pintumomab,锝[99mTc]平妥欧单抗,technetium (99mTc) pintumomabum,technétium (99mTc) pintumomab,tecnecio (99mTc) pintumomab,
carteolol,卡替洛尔,carteololum,cartéolol,carteolol,
flumequine,氟甲喹,flumequinum,fluméquine,flumequina,
velnacrine,维吖啶,velnacrinum,velnacrine,velnacrina,
pitolisant,替洛利生,pitolisantum,pitolisant,pitolisant,
moxifloxacin,莫昔沙星,moxifloxacinum,moxifloxacine,moxifloxacino,
ornoprostil,奥诺前列素,ornoprostilum,ornoprostil,ornoprostilo,
cyclobutoic acid,环己羟丁酸,acidum cyclobutoicum,acide cyclobutoïque,ácido ciclobutoico,
corticotropin zinc hydroxide,促皮质素锌,corticotropinum zinci hydroxydum,corticotropine hydroxyde de zinc,corticotropina hidróxido de zinc,
hydroxydione sodium succinate,羟二酮琥钠,hydroxydioni natrii succinas,hydroxydione succinate de sodium,hidroxidiona succinato de sodio,
tobicillin,托比西林,,tobicilline,tobicillina,
diethadione,地沙二酮,diethadionum,diéthadione,dietadiona,
itazigrel,伊他格雷,itazigrelum,itazigrel,itazigrel,
sulesomab,硫索单抗,sulesomabum,sulésomab,sulesomab,
etoformin,依托福明,etoforminum,étoformine,etoformina,
isometamidium chloride,异间脒氯胺,isometamidii chloridum,chlorure d'isométamidium,cloruro de isometamidio,
trecovirsen,曲可韦生,trecovirsenum,trécovirsen,trecovirsén,
technetium (99mtc) nofetumomab merpentan,锝[99mTc]巯诺妥欧单抗,technetium (99mTc) nofetumomabum merpentanum,technétium (99mTc) nofétumomab merpentan,tecnecio (99mTc) nofetumomab merpentán,
epoetin gamma,促红素γ,epoetinum gamma,époétine gamma,epoetina gamma,
etamocycline,乙莫环素,etamocyclinum,étamocycline,etamociclina,
riodipine,利奥地平,riodipinum,riodipine,riodipino,
ulipristal,乌立妥,ulipristalum,ulipristal,ulipristal,
detajmium bitartrate,重酒石酸地他义铵,detajmii bitartras,bitartrate de détajmium,bitartrato de detajmio,
nanafrocin,那罗星,nanafrocinum,nanafrocine,nanafrocina,
algestone,阿尔孕酮,algestonum,algestone,algestona,
hydroxyprogesterone,羟孕酮,hydroxyprogesteronum,hydroxyprogestérone,hidroxiprogesterona,
tiomergine,硫麦角林,tiomerginum,tiomergine,tiomergina,
artemisone,青蒿酮,artemisonum,artémisone,artemisona,
azapropazone,阿扎丙宗,azapropazonum,azapropazone,azapropazona,
ciapilome,氰匹隆,,ciapilome,ciapiloma,
piperamide,哌拉酰胺,piperamidum,pipéramide,piperamida,
pitavastatin,匹伐他汀,,pitavastatine,pitavastatina,
formocortal,福莫可他,formocortalum,formocortal,formocortal,
osimertinib,奥希替尼,osimertinibum,osimertinib,osimertinib,
cellacefate,纤维醋法酯,cellacefatum,cellacéfate,celacefato,
methylsamidorphan chloride,氯甲沙米啡烷,methylsamidorphani chloridum,chlorure de méthylsamidorphan,cloruro de metilsamidorfano,
povidone,聚维酮,povidonum,povidone,povidona,
zinostatin,净司他丁,zinostatinum,zinostatine,zinostatina,
interferon alfa,干扰素α,interferonum alfa,interféron alfa,interferón alfa,
interferon beta,干扰素β,interferonum beta,interféron bêta,interferón beta,
pacrinolol,帕林洛尔,pacrinololum,pacrinolol,pacrinolol,
rovatirelin,洛替瑞林,rovatirelinum,rovatiréline,rovatirelina,
amocarzine,阿莫卡嗪,amocarzinum,amocarzine,amocarzina,
bupropion,安非他酮,,bupropione,bupropión,
eritrityl tetranitrate,丁四硝酯,eritrityli tetranitras,tétranitrate d'éritrityle,tetranitrato de eritritilo,
amfonelic acid,安福萘酸,acidum amfonelicum,acide amfonélique,ácido anfonélico,
carbifene,卡比芬,carbifenum,carbifène,carbifeno,
atorolimumab,阿托利尤单抗,atorolimumabum,atorolimumab,atorolimumab,
disulergine,地舒勒近,disulerginum,disulergine,disulergina,
trifezolac,曲非唑酸,trifezolacum,trifézolac,trifezolaco,
fasiplon,法西普隆,fasiplonum,fasiplone,fasiplona,
sulfamazone,磺胺马宗,sulfamazonum,sulfamazone,sulfamazona,
leniquinsin,来尼喹新,leniquinsinum,léniquinsine,leniquinsina,
clopidogrel,氯吡格雷,clopidogrelum,clopidogrel,clopidogrel,
clemastine,氯马斯汀,clemastinum,clémastine,clemastina,
nofecainide,诺非卡尼,nofecainidum,nofécaïnide,nofecainida,
artilide,阿替利特,artilidum,artilide,artilida,
methysergide,美西麦角,methysergidum,méthysergide,metisergida,
taniplon,他尼普隆,taniplonum,taniplone,taniplona,
florbetaben (18f),氟[18F]贝他苯,florbetabenum (18F),florbétabène (18F),florbetabén (18F),
taberminogene vadenovec,伐艾他基,taberminogenum vadenovecum,taberminogène vadénovec,taberminogén vadenovec,
amopyroquine,阿莫吡喹,,amopyroquine,amopiroquina,
azatadine,阿扎他定,azatadinum,azatadine,azatadina,
enrasentan,恩拉生坦,,enrasentan,enrasentán,
interferon gamma,干扰素γ,interferonum gamma,interféron gamma,interferón gamma,
ditiocarb sodium,二硫卡钠,ditiocarbum natricum,ditiocarbe sodique,ditiocarbo de sodio,
beclometasone,倍氯米松,beclometasonum,béclométasone,beclometasona,
epoprostenol,依前列醇,epoprostenolum,époprosténol,epoprostenol,
flezelastine,氟斯汀,flezelastinum,flézélastine,flezelastina,
deldeprevir,德地瑞韦,deldeprevirum,deldéprévir,deldeprevir,
toripristone,托立司酮,toripristonum,toripristone,toripristona,
metizoline,美替唑啉,metizolinum,métizoline,metizolina,
clobuzarit,氯丁扎利,clobuzaritum,clobuzarit,clobuzarit,
saripidem,沙立吡坦,saripidemum,saripidem,saripidem,
modotuximab,莫妥昔单抗,modotuximabum,modotuximab,modotuximab,
eflumast,乙氟司特,eflumastum,éflumast,eflumast,
clorexolone,氯索隆,clorexolonum,clorexolone,clorexolona,
technetium (99mtc) trofolastat chloride,氯化锝[99mTc] 曲福司他,technetii (99mTc) trofolastati chloridum,chlorure de technétium (99mTc) trofolastat,cloruro de tecnecio (99mTc) trofolastat,
gemcitabine elaidate,反油酸吉西他滨,gemcitabini elaidas,élaïdate de gemcitabine,elaidato de gemcitabina,
triclofylline,曲氯茶碱,triclofyllinum,triclofylline,triclofilina,
anagrelide,阿那格雷,anagrelidum,anagrélide,anagrelida,
thiofuradene,硫夫拉定,,thiofuradène,tiofuradeno,
isavuconazonium chloride,氯艾沙康唑,isavuconazonii chloridum,chlorure d'isavuconazonium,cloruro de isavuconazonio,
bevonium metilsulfate,甲硫贝弗宁,bevonii metilsulfas,métilsulfate de bévonium,metilsulfato de bevonio,
cafaminol,咖啡氨醇,,cafaminol,cafaminol,
tetronasin,替曲那新,tetronasinum,tétronasine,tetronasina,
azaperone,阿扎哌隆,azaperonum,azapérone,azaperona,
fenoctimine,苯辛替明,fenoctiminum,fénoctimine,fenoctimina,
picobenzide,匹考齐特,picobenzidum,picobenzide,picobencida,
nexopamil,奈索帕米,nexopamilum,nexopamil,nexopamilo,
voxergolide,伏高莱,voxergolidum,voxergolide,voxergolida,
indriline,茚屈林,indrilinum,indriline,indrilina,
dropropizine,羟丙哌嗪,dropropizinum,dropropizine,dropropizina,
cloperastine,氯哌斯汀,cloperastinum,clopérastine,cloperastina,
pegaldesleukin,培高白介素,pegaldesleukinum,pégaldesleukine,pegaldesleukina,
fertirelin,夫替瑞林,fertirelinum,fertiréline,fertirelina,
yttrium (90y) tacatuzumab tetraxetan,钇[90Y]替珠单抗,yttrium (90Y) tacatuzumabum tetraxetanum,yttrium (90Y) tacatuzumab tétraxétan,ytrio (90Y) tacatuzumab tetraxetán,
finrozole,芬罗唑,finrozolum,finrozole,finrozol,
cronidipine,氯硝地平,cronidipinum,cronidipine,cronidipino,
monensin,莫能星,monensinum,monensin,monensina,
brocresine,溴克立新,brocresinum,brocrésine,brocresina,
ethylcellulose,乙基纤维素,,éthylcellulose,etilcelulosa,
kebuzone,凯布宗,kebuzonum,kébuzone,kebuzona,
oxazafone,羟扎封,oxazafonum,oxazafone,oxazafona,
eledoisin,依来多新,,élédoïsine,eledoisina,
cilostamide,西洛酰胺,cilostamidum,cilostamide,cilostamida,
batanopride,巴他必利,batanopridum,batanopride,batanoprida,
diamocaine,二胺卡因,diamocainum,diamocaïne,diamocaína,
lauromacrogol 400,聚桂醇400,lauromacrogolum 400,lauromacrogol 400,lauromacrogol 400,
allylthiourea,阿利硫脲,allylthiourea,allylthiourée,aliltiourea,
triflocin,三氟洛辛,triflocinum,triflocine,triflocina,
mivotilate,米伏替酯,,mivotilate,mivotilato,
fenoprofen,非诺洛芬,fenoprofenum,fénoprofène,fenoprofeno,
cianidanol,西阿尼醇,cianidanolum,cianidanol,cianidanol,
zolazepam,唑拉西泮,zolazepamum,zolazépam,zolazepam,
metioxate,甲噻克酯,metioxatum,métioxate,metioxato,
pheneticillin,非奈西林,pheneticillinum,phénéticilline,feneticilina,
ferric derisomaltose,异麦芽糖醇铁,ferricum derisomaltosum,dérisomaltose ferrique,derisomaltosa férrica,
fadolmidine,法度咪定,,fadolmidine,fadolmidina,
ornipressin,鸟氨加压素,ornipressinum,ornipressine,ornipresina,
glisentide,格列生脲,glisentidum,glisentide,glisentida,
methylprednisolone suleptanate,磺庚甲泼尼龙,methylprednisoloni suleptanas,suleptanate de méthylprednisolone,suleptanato de metilprednisolona,
etofuradine,依托呋啶,etofuradinum,étofuradine,etofuradina,
indacrinone,茚达立酮,,indacrinone,indacrinona,
dalbavancin,达巴凡星,dalbavancinum,dalbavancine,dalbavancina,
cresotamide,甲酚酰胺,cresotamidum,crésotamide,cresotamida,
oxfenicine,羟苯甘氨酸,oxfenicinum,oxfénicine,oxfenicina,
tioxacin,噻克沙星,tioxacinum,tioxacine,tioxacino,
carpindolol,卡吲洛尔,carpindololum,carpindolol,carpindolol,
amilomer,阿米洛姆,amilomerum,amilomère,amilómero,
podilfen,泊地尔芬,podilfenum,podilfène,podilfeno,
oreptacog alfa (activated),奥凝血素α（活化）,oreptacogum alfa (activatum),oreptacog alfa (activé),oreptacog alfa (activado),
moxicoumone,吗西香豆素,moxicoumonum,moxicoumone,moxicumona,
heparin sodium,肝素钠,,héparine sodique,heparina de sodio,
fenoldopam,非诺多泮,fenoldopamum,fénoldopam,fenoldopam,
dibotermin alfa,地波特明α,diboterminum alfa,dibotermine alfa,dibotermina alfa,
ticarcillin,替卡西林,ticarcillinum,ticarcilline,ticarcilina,
cefoxazole,头孢唑,cefoxazolum,céfoxazole,cefoxazol,
falecalcitriol,氟骨化三醇,falecalcitriolum,falécalcitriol,falecalcitriol,
clonazoline,氯萘唑啉,clonazolinum,clonazoline,clonazolina,
tenatoprazole,替那拉唑,tenatoprazolum,ténatoprazole,tenatoprazol,
tandamine,坦达明,tandaminum,tandamine,tandamina,
supidimide,舒哌米德,supidimidum,supidimide,supidimida,
cadexomer,卡地姆,cadexomerum,cadexomère,cadexómero,
prazosin,哌唑嗪,prazosinum,prazosine,prazosina,
satigrel,沙替格雷,satigrelum,satigrel,satigrel,
pipradimadol,哌地马多,pipradimadolum,pipradimadol,pipradimadol,
avilamycin,阿维霉素,avilamycinum,avilamycine,avilamicina,
clostebol,氯司替勃,clostebolum,clostébol,clostebol,
sulfapyrazole,磺胺吡唑,sulfapyrazolum,sulfapyrazole,sulfapirazol,
metamfetamine,去氧麻黄碱,,métamfétamine,metanfetamina,
norclostebol,诺司替勃,norclostebolum,norclostébol,norclostebol,
choline alfoscerate,甘磷酸胆碱,cholini alfosceras,alfoscérate de choline,alfoscerato de colina,
diprafenone,地丙非农,diprafenonum,diprafénone,diprafenona,
exisulind,依昔舒林,exisulindum,exisulind,exisulind,
dimefline,二甲弗林,,diméfline,dimeflina,
methoxyphenamine,甲氧那明,methoxyphenaminum,méthoxyphénamine,metoxifenamina,
pinoxepin,哌塞平,pinoxepinum,pinoxépine,pinoxepina,
lorglumide,氯谷胺,lorglumidum,lorglumide,lorglumida,
mebolazine,美勃嗪,mebolazinum,mébolazine,mebolazina,
ethyl dirazepate,地乙酯,ethylis dirazepas,dirazépate d'éthyle,dirazepato de etilo,
ataquimast,阿喹司特,ataquimastum,ataquimast,ataquimast,
deligoparin sodium,迪利肝素钠,deligoparinum natricum,déligoparine sodique,deligoparina sódica,
estrapronicate,雌丙烟酯,estrapronicatum,estrapronicate,estrapronicato,
xenygloxal,珍尼醛,,xénygloxal,xenigloxal,
moexiprilat,莫昔普利拉,moexiprilatum,moexiprilate,moexiprilat,
abitesartan,阿比沙坦,abitesartanum,abitésartan,abitesartán,
gevotroline,吉伏曲林,,gévotroline,gevotrolina,
doconexent,二十二碳六烯酸,doconexentum,doconexent,doconexento,
ritodrine,利托君,ritodrinum,ritodrine,ritodrina,
tomoglumide,托莫谷胺,tomoglumidum,tomoglumide,tomoglumida,
quisultazine,奎舒他嗪,quisultazinum,quisultazine,quisultazina,
bisoxatin,双酚沙丁,bisoxatinum,bisoxatine,bisoxatina,
pumafentrine,普马芬群,pumafentrinum,pumafentrine,pumafentrina,
sarizotan,沙立佐坦,sarizotanum,sarizotan,sarizotán,
bofumustine,波呋莫司汀,bofumustinum,bofumustine,bofumustina,
follitropin gamma,促卵泡激素γ,follitropinum gamma,follitropine gamma,folitropina gamma,
efrotomycin,依罗霉素,efrotomycinum,éfrotomycine,efrotomicina,
diproxadol,地丙沙多,diproxadolum,diproxadol,diproxadol,
isosorbide,异山梨醇,isosorbidum,isosorbide,isosorbida,
sotalol,索他洛尔,sotalolum,sotalol,sotalol,
fluquazone,氟喹宗,fluquazonum,fluquazone,flucuazona,
sothrombomodulin alfa,溶血栓调节素α,sothrombomodulinum alfa,sothrombomoduline alfa,sotrombomodulina alfa,
varfollitropin alfa,法促卵泡激素α,varfollitropinum alfa,varfollitropine alfa,varfolitropina alfa,
polidronium chloride,泊利氯铵,polidroninii chloridum,chlorure de polidronium,cloruro de polidronio,
darsidomine,达西多明,,darsidomine,darsidomina,
androstanolone,雄诺龙,,androstanolone,androstanolona,
baquiloprim,巴喹普林,baquiloprimum,baquiloprime,baquiloprima,
amiloride,阿米洛利,amiloridum,amiloride,amilorida,
oletimol,奥来替酚,oletimolum,olétimol,oletimol,
eptacog alfa pegol (activated),培化依他凝血素α（活化）,eptacogum alfa pegolum (activatum),eptacog alfa pégol (activé),eptacog alfa pegol (activado),
cintredekin besudotox,贝辛白介素,cintredekinum besudotoxum,cintrédékine bésudotox,cintredekina besudotox,
namirotene,那米罗汀,namirotenum,namirotène,namiroteno,
ropinirole,罗匹尼罗,ropinirolum,ropinirole,ropinirol,
tipetropium bromide,替托溴铵,tipetropii bromidum,bromure de tipétropium,bromuro de tipetropio,
terbutaline,特布他林,terbutalinum,terbutaline,terbutalina,
zolamine,佐拉敏,,zolamine,zolamina,
levodropropizine,左羟丙哌嗪,,lévodropropizine,levodropropizina,
locicortolone dicibate,地西洛可龙,locicortoloni dicibas,dicibate de locicortolone,dicibato de locicortolona,
tripalmitin,棕榈精,tripalmitinum,tripalmitine,tripalmitina,
metrazifone,美三嗪酮,metrazifonum,métrazifone,metrazifona,
plauracin,普劳拉星,plauracinum,plauracine,plauracina,
fosalvudine tidoxil,磷夫定酯,fosalvudinum tidoxilum,fosalvudine tidoxil,fosalvudina tidoxilo,
nafamostat,萘莫司他,nafamostatum,nafamostat,nafamostat,
stevaladil,甾伐地尔,stevaladilum,stévaladil,estevaladil,
iodine (124i) girentuximab,碘[124I]吉妥昔单抗,iodum (124I) girentuximabum,iodine (124I) girentuximab,iodo (124I) girentuximab,
tebatizole,替巴噻唑,tebatizolum,tébatizole,tebatizol,
repagermanium,瑞帕锗,repagermanium,répagermanium,repagermanio,
tiomolibdic acid,四硫钼酸,acidum tiomolibdicum,acide tiomolibdique,ácido tiomolíbdico,
alipamide,阿利帕胺,alipamidum,alipamide,alipamida,
ciproquinate,环丙喹酯,ciproquinatum,ciproquinate,ciproquinato,
minolteparin sodium,米诺肝素钠,minolteparinum natricum,minoltéparine sodique,minolteparina de sodio,
cloroperone,氯哌隆,cloroperonum,cloropérone,cloroperona,
floxacrine,氟克吖啶,floxacrinum,floxacrine,floxacrina,
valproate semisodium,丙戊酸半钠,,valproate semisodique,valproato semisódico,
gadofosveset,钆磷维塞,gadofosvesetum,gadofosvéset,gadofosveset,
delergotrile,地麦角腈,delergotrilum,délergotrile,delergotrilo,
pirarubicin,吡柔比星,pirarubicinum,pirarubicine,pirarubicina,
oxitefonium bromide,奥封溴铵,oxitefonii bromidum,bromure d'oxitéfonium,bromuro de oxitefonio,
bioresmethrin,除虫菊酯,bioresmethrinum,bioresméthrine,bioresmetrina,
minocromil,米诺罗米,minocromilum,minocromil,minocromilo,
tiformin,替福明,tiforminum,tiformine,tiformina,
acetophenazine,醋奋乃静,acetophenazinum,acétophénazine,acetofenazina,
befuraline,苯呋拉林,befuralinum,béfuraline,befuralina,
tiagabine,噻加宾,tiagabinum,tiagabine,tiagabina,
prezatide copper acetate,醋肽铜,prezatidi cuprici acetas,acétate de prézatide cuprique,acetato de prezatida de cobre,
isaglidole,伊格列哚,isaglidolum,isaglidole,isaglidol,
menogaril,美诺立尔,menogarilum,ménogaril,menogarilo,
hopantenic acid,高泛酸,acidum hopantenicum,acide hopanténique,ácido hopanténico,
sulpiride,舒必利,sulpiridum,sulpiride,sulpirida,
ladirubicin,拉柔比星,ladirubicinum,ladirubicine,ladirubicina,
salmeterol,沙美特罗,,salmétérol,salmeterol,
davamotecan pegadexamer,培达莫替康,davamotecanum pegadexamerum,davamotécan pégadexamère,davamotecán pegadexámero,
hemoglobin raffimer,交聚血红蛋白,hemoglobinum raffimerum,hémoglobine raffimère,hemoglobina rafímero,
oxfendazole,奥芬达唑,oxfendazolum,oxfendazole,oxfendazol,
fozivudine tidoxil,福齐夫定酯,fozivudinum tidoxilum,fozivudine tidoxil,fozivudina tidoxilo,
actisomide,阿克索胺,actisomidum,actisomide,actisomida,
imatinib,伊马替尼,imatinibum,imatinib,imatinib,
losindole,洛辛哚,losindolum,losindole,losindol,
iodecimol,碘西醇,iodecimol,iodécimol,iodecimol,
sulotroban,磺曲班,sulotrobanum,sulotroban,sulotrobán,
levometiomeprazine,左甲硫拉嗪,levometiomeprazinum,lévométioméprazine,levometiomeprazina,
doxpicomine,多匹可明,doxpicominum,doxpicomine,doxpicomina,
ceftobiprole medocaril,头孢比罗酯,ceftobiprolum medocarilum,ceftobiprole médocaril,ceftobiprol medocarilo,
bitolterol,比托特罗,bitolterolum,bitoltérol,bitolterol,
sepazonium chloride,氯司帕唑,sepazonii chloridum,chlorure de sépazonium,cloruro de sepazonio,
cefcapene,头孢卡品,cefcapenum,cefcapène,cefcapeno,
itramin tosilate,托西硝乙胺,itramini tosilas,tosilate d'itramine,tosilato de itramina,
rifamexil,利福克昔,rifamexilum,rifamexil,rifamexilo,
nebivolol,奈必洛尔,nebivololum,nébivolol,nebivolol,
tifcemalimab,替西利单抗,tifcemalimabum,tifcémalimab,tifcemalimab,
cicletanine,西氯他宁,cicletaninum,ciclétanine,cicletanina,
picartamide,吡卡他胺,picartamidum,picartamide,picartamida,
levoprotiline,左丙替林,levoprotilinum,lévoprotiline,levoprotilina,
diniprofylline,地尼茶碱,diniprofyllinum,diniprofylline,diniprofilina,
xipranolol,希丙洛尔,xipranololum,xipranolol,xipranolol,
tipropidil,替普地尔,tipropidilum,tipropidil,tipropidil,
asoprisnil ecamate,阿索立尼酯,asoprisnili ecamas,écamate d'asoprisnil,ecamato de asoprisnilo,
thiethylperazine,硫乙拉嗪,,thiéthylpérazine,tietilperazina,
cefrotil,头孢罗替,cefrotilum,céfrotil,cefrotilo,
ezlopitant,依洛匹坦,,ezlopitant,ezlopitant,
barmastine,巴马斯汀,barmastinum,barmastine,barmastina,
suleparoid sodium,硫类肝素钠,suleparoidum natricum,suléparoïde sodique,suleparoide de sodio,
tetradonium bromide,替溴铵,tetradonii bromidum,bromure de tétradonium,bromuro de tetradonio,
irolapride,伊咯必利,irolapridum,irolapride,irolaprida,
tienocarbine,噻诺卡宾,tienocarbinum,tiénocarbine,tienocarbina,
dorzolamide,多佐胺,dorzolamidum,dorzolamide,dorzolamida,
quinelorane,喹洛雷,quineloranum,quinélorane,quinelorano,
firtecan peglumer,培鲁非替康,firtecanum peglumerum,firtécan péglumère,firtecán peglúmero,
telimomab aritox,阿替利欧单抗,telimomabum aritoxum,télimomab aritox,telimomab aritox,
framycetin,新霉素B,framycetinum,framycétine,framicetina,
nonathymulin,诺那莫林,nonathymulinum,nonathymuline,nonatimulina,
melevodopa,美左旋多巴,,mélévodopa,melevodopa,
pipramadol,哌马多,pipramadolum,pipramadol,pipramadol,
caspofungin,卡泊芬净,caspofunginum,caspofungine,caspofungina,
exepanol,依西帕醇,exepanolum,exépanol,exepanol,
icometasone enbutate,醋丁艾可米松,icometasonii enbutas,icométasone enbutate,enbutato de icometasona,
exatecan alideximer,阿依沙替康,exatecanum alideximerum,exatécan alideximer,exatecán alidexímero,
clinafloxacin,克林沙星,clinafloxacinum,clinafloxacine,clinafloxacino,
glutamine,谷氨酰胺,glutaminum,glutamine,glutamina,
rotoxamine,罗托沙敏,rotoxaminum,rotoxamine,rotoxamina,
ledelabricin alfa,莱德润滑素α,ledelabricinum alfa,lédélabricine alfa,ledelabricina alfa,
octabenzone,奥他苯酮,octabenzonum,octabenzone,octabenzona,
prednazoline,泼那唑啉,prednazolinum,prednazoline,prednazolina,
sameridine,沙美利定,sameridinum,saméridine,sameridina,
adargileukin alfa,阿达白介素α,adargileukinum alfa,adargileukine alfa,adargileukina alfa,
enofelast,乙诺司特,enofelastum,énofélast,enofelast,
betasizofiran,贝他西佐南,betasizofiranum,bétasizofiran,betasizofiran,
dorlimomab aritox,阿度莫单抗,dorlimomabum aritoxum,dorlimomab aritox,dorlimomab aritox,
thenyldiamine,西尼二胺,,thényldiamine,tenildiamina,
dimadectin,地马待克丁,dimadectinum,dimadectine,dimadectina,
datelliptium chloride,达替氯铵,datelliptii chloridum,chlorure de datelliptium,cloruro de datelliptio,
penimocycline,培莫环素,penimocyclinum,pénimocycline,penimociclina,
decitropine,地西托品,decitropinum,décitropine,decitropina,
netobimin,奈托比胺,netobiminum,nétobimine,netobimina,
beroctocog alfa,贝罗凝血素α,beroctocogum alfa,béroctocog alfa,beroctocog alfa,
zosuquidar,佐舒喹达,zosuquidarum,zosuquidar,zosuquidar,
ipexidine,伊培西定,ipexidinum,ipexidine,ipexidina,
teopranitol,替丙尼醇,teopranitolum,téopranitol,teopranitol,
mepartricin,美帕曲星,mepartricinum,mépartricine,mepartricina,
mangafodipir,锰福地吡,mangafodipirum,mangafodipir,mangafodipir,
inlezifigene civaparvovec,西哌因泽基,inlezifigenum civaparvovecum,inlezifigène civaparvovec,inlezifigén civaparvovec,
nendratareotide uzatansine,乌奈曲瑞肽,nendratareotidum uzatansinum,nendrataréotide uzatansine,nendratareotida uzatansina,
pazelliptine,帕泽普汀,pazelliptinum,pazelliptine,pazeliptina,
tixadil,噻吨地尔,tixadilum,tixadil,tixadil,
divabuterol,地伐特罗,divabuterolum,divabutérol,divabuterol,
levobunolol,左布诺洛尔,levobunololum,lévobunolol,levobunolol,
ozogamicin,奥加米星,,ozogamicine,ozogamicina,
carvotroline,卡伏曲林,carvotrolinum,carvotroline,carvotrolina,
propylhexedrine,丙己君,propylhexedrinum,propylhexédrine,propilhexedrina,
mesocarb,美索卡,mesocarbum,mésocarb,mesocarbo,
taneptacogin alfa,他奈可近α,taneptacoginum alfa,taneptacogin alfa,taneptacogina alfa,
delequamine,地来夸明,,déléquamine,delecuamina,
adlinacogene civaparvovec,昔林可基,adlinacogenum civaparvovecum,adlinacogène civaparvovec,adlinacogén civaparvovec,
tienoxolol,替诺洛尔,tienoxololum,tiénoxolol,tienoxolol,
bucillamine,布西拉明(97),,,,
ciclactate,环乳酯,ciclactatum,ciclactate,ciclactato,
xantinol nicotinate,尼可占替诺,xantinoli nicotinas,nicotinate de xantinol,nicotinato de xantinol,
darbufelone,达布非酮,darbufelonum,darbufélone,darbufelona,
imcarbofos,英卡波磷,imcarbofosum,imcarbofos,imcarbofós,
deracoxib,地拉考昔,,déracoxib,deracoxib,
mofegiline,莫非吉兰,mofegilinum,mofégiline,mofegilina,
leconotide,来考诺肽,leconotidum,léconotide,leconotida,
tetrazolast,四唑司特,tetrazolastum,tétrazolast,tetrazolast,
pyroxamine,吡咯沙敏,,pyroxamine,piroxamina,
ternidazole,特硝唑,ternidazolum,ternidazole,ternidazol,
dalfopristin,达福普汀,dalfopristinum,dalfopristine,dalfopristina,
triplatin tetranitrate,四硝酸三铂,triplatinum tetranitras,tétranitrate de triplatine,tetranitrato de triplatino,
devafidugene civaparvovec,西哌迪度基,devafidugenum civaparvovecum,devafidugène civaparvovec,devafidugén civaparvovec,
imiclopazine,咪克洛嗪,imiclopazinum,imiclopazine,imiclopazina,
perindoprilat,培哚普利拉,perindoprilatum,périndoprilate,perindoprilato,
susalimod,舒沙利莫德,susalimodum,susalimod,susalimod,
pinatuzumab vedotin,维匹妥珠单抗,pinatuzumabum vedotinum,pinatuzumab védotine,pinatuzumab vedotina,
tenofovir,替诺福韦,tenofovirum,ténofovir,tenofovir,
zilascorb (2h),亚苄维C[2H],zilascorbum (2H),zilascorb (2H),zilascorb (2H),
bendacalol,苯达洛尔,bendacalolum,bendacalol,bendacalol,
tiazotic acid,硫唑酸,acidum tiazoticum,acide tiazotique,ácido tiazótico,
altinicline,阿替克林,altiniclinum,altinicline,altiniclina,
albinterferon alfa-2b,阿干扰素α-2b,albinterferonum alfa-2b,albinterféron alfa-2b,albinterferón alfa-2b,
ranuzifigene civaparvovec,西哌兰法基,ranuzifigenum civaparvovecum,ranuzifigène civaparvovec,ranuzifigén civaparvovec,
meradimate,美拉地酯,meradimatum,méradimate,meradimato,
gold (198au) colloidal,胶体金[198Au],aurum (198Au) colloidale,or (198Au) colloïdal,oro (198Au) coloidal,
xidecaflur,希德卡氟,xidecaflurum,xidécaflur,xidecaflur,
fosfluridine tidoxil,磷氟啶酯,fosfluridinum tidoxilum,fosfluridine tidoxil,fosfluridina tidoxilo,
beciparcil,贝昔帕西,beciparcilum,béciparcil,beciparcilo,
bumetrizole,布美三唑,bumetrizolum,bumétrizole,bumetrizol,
tefidsogene civaparvovec,西哌特法基,tefidsogenum civaparvovecum,téfidsogène civaparvovec,tefidsogén civaparvovec,
nadide,辅酶Ⅰ,nadidum,nadide,nadida,
amoproxan,阿莫罗生,amoproxanum,amoproxan,amoproxano,
florifenine,氟非宁,florifeninum,florifénine,florifenina,
sodium phosphate (32p),磷[32P]酸钠,natrii phosphas (32P),phosphate (32P) de sodium,fosfato (32P) de sodio,
clodoxopone,氯氧喷,clodoxoponum,clodoxopone,clodoxopona,
iofratol,碘拉醇,iofratolum,iofratol,iofratol,
valiloxybate,缬氨酰氧丁酸,valiloxybatum,valiloxybate,valiloxibato,
iliparcil,伊利帕西,iliparcilum,iliparcil,iliparcilo,
tenatumomab,替妥欧单抗,tenatumomabum,ténatumomab,tenatumomab,
ripafollitropin alfa (bovine),瑞帕促卵泡素α（牛）,ripafollitropinum alfa (bovinum),ripafollitropine alfa (bovine),ripafolitropina alfa (bovina),
benzmalecene,苯马来辛,benzmalecenum,benzmalécène,benzmaleceno,
trovirdine,曲韦定,trovirdinum,trovirdine,trovirdina,
somatosalm,鲑生长素,somatosalmum,somatosalm,somatosalm,
carbenzide,卡苯肼,,carbenzide,carbencida,
patiromer calcium,帕替罗姆钙,patiromerum calcium,patiromère calcique,patirómero cálcico,
cloxacepride,氯沙必利,cloxacepridum,cloxacépride,cloxaceprida,
flupimazine,氟哌马嗪,flupimazinum,flupimazine,flupimazina,
midesteine,米地司坦,,midestéine,midesteína,
fosopamine,磷巴胺,fosopaminum,fosopamine,fosopamina,
linotroban,利诺曲班,linotrobanum,linotroban,linotrobán,
calteridol,钙立醇,calteridolum,caltéridol,calteridol,
moxiraprine,莫昔普令,moxiraprinum,moxiraprine,moxiraprina,
flotegatide (18f),氟[18F]特加肽,flotegatidum (18F),flotégatide (18F),flotegatida (18F),
tenosal,替诺柳,tenosalum,ténosal,tenosal,
ecastolol,依卡洛尔,ecastololum,écastolol,ecastolol,
ciglitazone,环格列酮,ciglitazonum,ciglitazone,ciglitazona,
fosfluconazole,磷氟康唑,fosfluconazolum,fosfluconazole,fosfluconazol,
fronepidil,夫罗吡地,fronepidilum,fronépidil,fronepidil,
iocarmic acid,碘卡酸,acidum iocarmicum,acide iocarmique,ácido iocármico,
lobuprofen,氯布洛芬,lobuprofenum,lobuprofène,lobuprofeno,
sodium chromate (51cr),铬[51Cr]酸钠,natrii chromas (51Cr),chromate (51Cr) de sodium,cromato (51Cr) de sodio,
fludoxopone,氟氧喷,fludoxoponum,fludoxopone,fludoxopona,
leridistim,来立司亭,leridistimum,léridistim,leridistim,
faropenem,法罗培南钠,faropenemum,faropénem,faropenem,
itriglumide,伊曲谷胺,itriglumidum,itriglumide,itriglumida,
nadunolimab,纳诺利单抗,nadunolimabum,nadunolimab,nadunolimab,
isoxsuprine,异克舒令,,isoxsuprine,isoxsuprina,
tizoprolic acid,噻唑普罗酸,acidum tizoprolicum,acide tizoprolique,ácido tizoprólico,
guaimesal,呱美柳,,guaïmésal,guaimesal,
prifelone,普立非酮,prifelonum,prifélone,prifelona,
arnolol,阿诺洛尔,arnololum,arnolol,arnolol,
etodroxizine,依托羟嗪,etodroxizinum,étodroxizine,etodroxicina,
flavodic acid,黄酮酸,acidum flavodicum,acide flavodique,ácido flavódico,
keliximab,凯利昔单抗,keliximabum,kéliximab,keliximab,
semparatide,生帕拉肽,semparatidum,semparatide,semparatida,
flunoxaprofen,氟诺洛芬,flunoxaprofenum,flunoxaprofène,flunoxaprofeno,
napitane,萘吡坦,napitanum,napitane,napitano,
fluocinolone acetonide,氟轻松,fluocinoloni acetonidum,acétonide de fluocinolone,acetónido de fluocinolona,
serazapine,舍氮平,serazapinum,sérazapine,serazapina,
serfibrate,舍贝特,serfibratum,serfibrate,serfibrato,
olendalizumab,奥仑达利珠单抗,olendalizumabum,olendalizumab,olendalizumab,
acorafloxacin,阿雷沙星,acorafloxacinum,acorafloxacine,acorafloxacino,
limazocic,利马西克,limazocicum,limazocic,limazócico,
naroparcil,那罗帕西,naroparcilum,naroparcil,naroparcilo,
nifurquinazol,硝呋奎唑,nifurquinazolum,nifurquinazol,nifurquinazol,
cinoxopazide,西诺哌嗪,cinoxopazidum,cinoxopazide,cinoxopazida,
triletide,曲来肽,triletidum,trilétide,triletida,
brefonalol,布福洛尔,brefonalolum,bréfonalol,brefonalol,
terbequinil,特贝奎尼,terbequinilum,terbéquinil,terbequinilo,
betiatide,贝硫肽,betiatidum,bétiatide,betiatida,
zanidatamab zovodotin,佐汀泽尼达妥单抗,zanidatamabum zovodotinum,zanidatamab zovodotine,zanidatamab zovodotina,
pirinixic acid,匹立尼酸,acidum pirinixicum,acide pirinixique,ácido piriníxico,
nerisopam,奈立索泮,nerisopamum,nérisopam,nerisopam,
nolomirole,诺洛米罗,,nolomirole,nolomirol,
technetium (99mtc) fanolesomab,锝[99mTc]法来欧单抗,technetium (99mTc) fanolesomabum,technétium (99mTc) fanolésomab,tecnecio (99mTc) fanolesomab,
cinprazole,桂拉唑,cinprazolum,cinprazole,cinprazol,
mitratapide,米瑞他匹,,mitratapide,mitratapida,
satralizumab,萨特利珠单抗,satralizumabum,satralizumab,satralizumab,
mirosamicin,米罗米星,mirosamicinum,mirosamicine,mirosamicina,
micinicate,米西烟酯,micinicatum,micinicate,micinicato,
tabituximab barzuxetan,巴坦比妥昔单抗,tabituximabum barzuxetanum,tabituximab barzuxétan,tabituximab barzuxetán,
flutrimazole,氟曲马唑,flutrimazolum,flutrimazole,flutrimazol,
ketazocine,酮佐辛,ketazocinum,kétazocine,ketazocina,
naxifylline,那昔茶碱,,naxifylline,naxifilina,
adalimumab beta,阿达木单抗β,adalimumabum beta,adalimumab bêta,adalimumab beta,
albiglutide,阿比鲁肽,albiglutidum,albiglutide,albiglutida,
cedefingol,西地芬戈,cedefingolum,cédéfingol,cedefingol,
dacopafant,达考帕泛,dacopafantum,dacopafant,dacopafant,
spirofylline,螺茶碱,spirofyllinum,spirofylline,espirofilina,
voxeralgagene autotemcel,沃基奥干赛,voxeralgagenum autotemcelum,voxéralgagène autotemcel,voxeralgagén autotemcel,
nerbacadol,那巴卡多,nerbacadolum,nerbacadol,nerbacadol,
demoxytocin,去氨缩宫素,demoxytocinum,démoxytocine,demoxitocina,
vistatolon,维司托隆,vistatolonum,vistatolon,vistatolón,
furnidipine,呋尼地平,furnidipinum,furnidipine,furnidipino,
goralatide,戈雷拉肽,goralatidum,goralatide,goralatida,
lonaprofen,氯萘洛芬,lonaprofenum,lonaprofène,lonaprofeno,
iolopride (123i),碘[123I]必利,iolopridum (123I),iolopride (123I),ioloprida (123I),
nisoxetine,尼索西汀,nisoxetinum,nisoxétine,nisoxetina,
clofilium phosphate,磷酸氯非铵,clofilii phosphas,phosphate de clofilium,fosfato de clofilio,
trastuzumab beta,曲妥珠单抗β,trastuzumabum beta,trastuzumab bêta,trastuzumab beta,
miripirium chloride,米吡氯铵,miripirii chloridum,chlorure de miripirium,cloruro de miripirio,
cliropamine,克利巴胺,,cliropamine,cliropamina,
lorecivivint,洛瑞文特,lorecivivintum,lorécivivint,lorecivivint,
ziprasidone,齐拉西酮,ziprasidonum,ziprasidone,ziprasidona,
fenticonazole,芬替康唑,fenticonazolum,fenticonazole,fenticonazol,
torbafylline,托巴茶碱,torbafyllinum,torbafylline,torbafilina,
nasaruplase beta,那沙普酶β,nasaruplasum beta,nasaruplase beta,nasaruplasa beta,
tolpovidone (131i),碘[131I]托泊酮,tolpovidonum (131I),tolpovidone (131I),tolpovidona (131I),
octocrilene,奥克立林,octocrilenum,octocrilène,octocrileno,
depreotide,地普奥肽,depreotidum,dépréotide,depreotida,
iodofiltic acid (123i),碘[123I]非替酸,acidum iodofilticum (123I),acide iodofiltique (123I),ácido iodofíltico (123I),
clovoxamine,氯伏胺,clovoxaminum,clovoxamine,clovoxamina,
biapenem,比阿培南,biapenemum,biapénem,biapenem,
salclobuzic acid,沙氯丁酸,acidum salclobuzicum,acide salclobuzique,ácido salclobúzico,
technetium (99mtc) nitridocade,锝[99mTc]氮卡,technetium (99mTc) nitridocadum,technétium (99mTc) nitridocade,tecnecio (99mTc) nitridocado,
siltenzepine,西腾西平,siltenzepinum,siltenzépine,siltenzepina,
baxitozine,巴昔托秦,baxitozinum,baxitozine,baxitozina,
cefoselis,头孢噻利,,céfosélis,cefoselís,
cinepaxadil,桂帕地尔,cinepaxadilum,cinépaxadil,cinepaxadil,
indatraline,茚达曲林,indatralinum,indatraline,indatralina,
elarofiban,艾罗非班,elarofibanum,élarofiban,elarofibán,
enprofylline,恩丙茶碱,enprofyllinum,enprofylline,enprofilina,
detirelix,地肽瑞里,detirelixum,détirélix,detirelix,
azabuperone,阿布哌隆,azabuperonum,azabupérone,azabuperona,
rufocromomycin,链黑霉素,,rufocromomycine,rufocromomicina,
efaroxan,依法克生,efaroxanum,éfaroxan,efaroxano,
technetium (99mtc) siboroxime,锝[99mTc]西硼肟,technetium (99mTc) siboroximum,technétium (99mTc) siboroxime,tecnecio (99mTc) siboroxima,
merafloxacin,美拉沙星,merafloxacinum,mérafloxacine,merafloxacino,
moguisteine,莫吉司坦,moguisteinum,moguistéine,moguisteína,
mebeverine,美贝维林,mebeverinum,mébévérine,mebeverina,
cartasteine,卡他司坦,cartasteinum,cartastéine,cartasteína,
cefroxadine,头孢沙定,cefroxadinum,céfroxadine,cefroxadina,
livaraparin calcium,利伐肝素钙,livaraparinum calcium,livaraparine calcique,livaraparina cálcica,
irindalone,茚达酮,,irindalone,irindalona,
mezacopride,美托必利,mezacopridum,mézacopride,mezacoprida,
flusoxolol,氟索洛尔,flusoxololum,flusoxolol,flusoxolol,
fenclonine,芬克洛宁,fencloninum,fenclonine,fenclonina,
merisoprol (197hg),汞[197Hg]丙醇,merisoprolum (197Hg),mérisoprol (197Hg),merisoprol (197Hg),
ripisartan,利匹沙坦,ripisartanum,ripisartan,ripisartán,
enclomifene,恩氯米芬,enclomifenum,enclomifène,enclomifeno,
sibopirdine,西波吡啶,sibopirdinum,sibopirdine,sibopirdina,
chlorphentermine,对氯苯丁胺,,chlorphentermine,clorfentermina,
paclitaxel poliglumex,聚谷紫杉醇,paclitaxelum poliglumexum,paclitaxel poliglumex,paclitaxel poliglumex,
sulukast,硫鲁司特,sulukastum,sulukast,sulukast,
fluparoxan,氟洛克生,fluparoxanum,fluparoxan,fluparoxán,
terflavoxate,特拉伏沙,terflavoxatum,terflavoxate,terflavoxato,
ethiodized oil (131i),乙碘[131I]油,oleum ethiodatum (131I),huile éthiodée (131I),aceite etiodado (131I),
terciprazine,特西哌嗪,terciprazinum,terciprazine,terciprazina,
nafenodone,萘苯诺酮,nafenodonum,nafénodone,nafenodona,
zildistrogene varoparvovec,瓦哌泽司曲基,zildistrogenum varoparvovecum,zildistrogène varoparvovec,zildistrogén varoparvovec,
dexbudesonide,右布地奈德,dexbudesonidum,dexbudésonide,dexbudesonida,
arundic acid,阿伦酸,acidum arundicum,acide arundique,ácido arúndico,
fluoxetine,氟西汀,fluoxetinum,fluoxétine,fluoxetina,
etoprindole,依托吲哚,etoprindolum,étoprindole,etoprindol,
nasaruplase,那沙普酶,nasaruplasum,nasaruplase,nasaruplasa,
vonlerolizumab,文勒利珠单抗,vonlerolizumabum,vonlérolizumab,vonlerolizumab,
levormeloxifene,左美洛昔芬,levormeloxifenum,lévorméloxifène,levormeloxifene,
vintoperol,长春培醇,vintoperolum,vintopérol,vintoperol,
alilusem,阿利鲁生,alilusemum,alilusem,alilusem,
spirapril,螺普利,spiraprilum,spirapril,espirapril,
cefmatilen,头孢替林,cefmatilenum,cefmatilène,cefmatileno,
tolnapersine,托那哌嗪,tolnapersinum,tolnapersine,tolnapersina,
ciproximide,环丙米特,ciproximidum,ciproximide,ciproximida,
cyanocobalamin (60co),氯钴[60Co]胺,cyanocobalaminum (60Co),cyanocobalamine (60Co),cianocobalamina (60Co),
cimaterol,西马特罗,cimaterolum,cimatérol,cimaterol,
conivaptan,考尼伐坦,,conivaptan,conivaptán,
amezepine,氨甲西平,amezepinum,amézépine,amezepina,
meglitinide,美格列奈,meglitinidum,méglitinide,meglitinida,
bazedoxifene,巴多昔芬,bazedoxifenum,bazédoxifène,bazedoxifeno,
tavolimab,塔利单抗,tavolimabum,tavolimab,tavolimab,
phencyclidine,苯环利定,,phencyclidine,fenciclidina,
tenosiprol,替诺脯,tenosiprolum,ténosiprol,tenosiprol,
epicriptine,表隐亭,epicriptinum,épicriptine,epicriptina,
umeclidinium bromide,乌美溴铵,umeclidinii bromidum,bromure d’uméclidinium,bromuro de umeclidinio,
poligeenan,聚吉南,poligeenanum,poligeenane,poligeenán,
etersalate,依特柳酯,etersalatum,étersalate,etersalato,
sertaconazole,舍他康唑,sertaconazolum,sertaconazole,sertaconazol,
eufauserase,尤福丝酶,,eufausérase,eufauserasa,
ipsapirone,伊茨匹隆,ipsapironum,ipsapirone,ipsapirona,
ribaminol,利巴米诺,ribaminolum,ribaminol,ribaminol,
fuladectin,呋拉迪克丁,fuladectinum,fuladectine,fuladectina,
tipindole,替吲哚,tipindolum,tipindole,tipindol,
quinocide,喹西特,quinocidum,quinocide,quinocida,
zeranol,泽仑诺,zeranolum,zéranol,zeranol,
pimagedine,匹马吉定,pimagedinum,pimagédine,pimagedina,
opigolix,奥匹戈利,,opigolix,opigolix,
dezinamide,地秦胺,dezinamidum,dézinamide,dezinamida,
edatrexate,依达曲沙,edatrexatum,édatrexate,edatrexato,
iotrizoic acid,碘曲佐酸,acidum iotrizoicum,acide iotrizoïque,ácido iotrizoico,
perimetazine,哌美他嗪,perimetazinum,périmétazine,perimetazina,
sodium iotalamate (131i),碘[131I]他拉酸钠,natrii iotalamas (131I),iotalamate (131I) de sodium,iotalamato (131I) de sodio,
imidaprilat,咪达普利拉,imidaprilatum,imidaprilate,imidaprilat,
tazofelone,他唑非隆,tazofelonum,tazofélone,tazofelona,
vangatalcite,凡加铝镁,vangatalcitum,vangatalcite,vangatalcita,
securinine,一叶碱,securininum,sécurinine,securinina,
amlintide,安林肽,amlintidum,amlintide,amlintida,
hypromellose,羟丙甲纤维素,hypromellosum,hypromellose,hipromelosa,
adosopine,阿多索平,adosopinum,adosopine,adosopina,
sulforidazine,磺达嗪,sulforidazinum,sulforidazine,sulforidazina,
florfenicol,氟苯尼考,florfenicolum,florfénicol,florfenicol,
fiduxosin,非度索嗪,fiduxosinum,fiduxosine,fiduxosina,
triclosan,三氯生,triclosanum,triclosan,triclosán,
fluorescein lisicol,赖荧光素,fluoresceinum lisicolum,fluorescéine lisicol,fluoresceina lisicol,
tezatabep matraxetan,特昔替贝普,tezatabepum matraxetanum,tézatabep matraxétan,tezatabep matraxetán,
oxaceprol,奥沙西罗,oxaceprolum,oxacéprol,oxaceprol,
darglitazone,达格列酮,darglitazonum,darglitazone,darglitazona,
alpertine,阿尔哌汀,,alpertine,alpertina,
fibrinolysin (human),纤溶酶,fibrinolysinum (humanum),fibrinolysine (humaine),fibrinolisina (humana),
laniquidar,拉尼喹达,laniquidarum,laniquidar,laniquidar,
ciltacabtagene autoleucel,西达基奥仑赛,ciltacabtagenum autoleucelum,ciltacabtagène autoleucel,ciltacabtagén autoleucel,
prajmalium bitartrate,重酒石酸普义马林,prajmalii bitartras,bitartrate de prajmalium,bitartrato de prajmalio,
etintidine,依汀替丁,etintidinum,étintidine,etintidina,
cesium (131cs) chloride,氯化铯[131Cs],cesii (131Cs) chloridum,chlorure de césium (131Cs),cloruro de cesio (131Cs),
diflucortolone,二氟可龙,diflucortolonum,diflucortolone,diflucortolona,
iotriside,碘赛特,iotrisidum,iotriside,iotrisida,
insulin efsitora alfa,依胰岛素α,insulinum efsitorum alfa,insuline efsitora alfa,insulina efsitora alfa,
nexeridine,奈西利定,nexeridinum,nexéridine,nexeridina,
pidobenzone,匹度苯宗,pidobenzonum,pidobenzone,pidobenzona,
epitumomab cituxetan,西依匹妥欧单抗,epitumomabum cituxetanum,épitumomab cituxétan,epitumomab cituxetán,
phenoperidine,苯哌利定,,phénopéridine,fenoperidina,
delprostenate,地前列酯,delprostenatum,delprosténate,delprostenato,
benoxaprofen,苯洛芬,benoxaprofenum,bénoxaprofène,benoxaprofeno,
cicortonide,西可奈德,cicortonidum,cicortonide,cicortonida,
valnoctamide,戊诺酰胺,,valnoctamide,valnoctamida,
bornaprine,波那普令,,bornaprine,bornaprina,
cefoperazone,头孢哌酮,cefoperazonum,céfopérazone,cefoperazona,
ceftizoxime,头孢唑肟,ceftizoximum,ceftizoxime,ceftizoxima,
bometolol,波美洛尔,bometololum,bométolol,bometolol,
nicardipine,尼卡地平,nicardipinum,nicardipine,nicardipino,
cefuroxime,头孢呋辛,cefuroximum,céfuroxime,cefuroxima,
eprinomectin,依立诺克丁,eprinomectinum,éprinomectine,eprinomectina,
fluspiperone,氟司哌隆,,fluspipérone,fluspiperona,
bromofenofos,溴酚磷,bromofenofosum,bromofénofos,bromofenofós,
pivoxazepam,匹伏西泮,pivoxazepamum,pivoxazépam,pivoxazepam,
ticlopidine,噻氯匹定,ticlopidinum,ticlopidine,ticlopidina,
iquindamine,异喹双胺,iquindaminum,iquindamine,iquindamina,
bisorcic,比索西克,bisorcicum,bisorcic,bisórcico,
valanafusp alfa,伐那芙普α,valanafuspum alfa,valanafusp alfa,valanafusp alfa,
nonivamide,诺香草胺,,nonivamide,nonivamida,
nimidane,尼米旦,nimidanum,nimidane,nimidano,
doxaprost,多沙前列素,doxaprostum,doxaprost,doxaprost,
soquinolol,索喹洛尔,soquinololum,soquinolol,soquinolol,
oxiracetam,奥拉西坦,oxiracetamum,oxiracétam,oxiracetam,
ceftezole,头孢替唑,ceftezolum,ceftézole,ceftezol,
glisolamide,格列索脲,glisolamidum,glisolamide,glisolamida,
doxefazepam,度氟西泮,doxefazepamum,doxéfazépam,doxefazepam,
metformin,二甲双胍,metforminum,metformine,metformina,
prifuroline,普呋罗林,prifurolinum,prifuroline,prifurolina,
benzquercin,苄奎辛,benzquercinum,benzquercine,benzquercina,
dulofibrate,度洛贝特,dulofibratum,dulofibrate,dulofibrato,
vindesine,长春地辛,vindesinum,vindésine,vindesina,
liroldine,利罗定,liroldinum,liroldine,liroldina,
giparmen,吉帕孟,giparmenum,giparmène,giparmeno,
milrinone,米力农,milrinonum,milrinone,milrinona,
sulmepride,舒美必利,sulmepridum,sulmépride,sulmeprida,
pleuromulin,截短侧耳素,pleuromulinum,pleuromuline,pleuromulina,
testosterone ketolaurate,十二酮酸睾酮,testosteroni ketolauras,kétolaurate de testostérone,cetolaurato de testosterona,
beclobrate,苄氯贝特,beclobratum,béclobrate,beclobrato,
piridoxilate,吡多昔酯,piridoxilatum,piridoxilate,piridoxilato,
fenclexonium metilsulfate,甲硫芬索铵,fenclexonii metilsulfas,métilsulfate de fenclexonium,metilsulfato de fenclexonio,
veralipride,维拉必利,veralipridum,véralipride,veraliprida,
elnadipine,依那地平,elnadipinum,elnadipine,elnadipino,
pirbenicillin,吡苄西林,pirbenicillinum,pirbénicilline,pirbenicilina,
peralopride,哌氯必利,peralopridum,péralopride,peraloprida,
pentetic acid,喷替酸,acidum penteticum,acide pentétique,ácido pentético,
ipenoxazone,伊培沙宗,,ipénoxazone,ipenoxazona,
antrafenine,安曲非宁,antrafeninum,antrafénine,antrafenina,
disofenin,地索苯宁,disofeninum,disofénine,disofenina,
labetalol,拉贝洛尔,labetalolum,labétalol,labetalol,
vinpoline,长春泊林,,vinpoline,vinpolina,
tameticillin,他甲西林,tameticillinum,taméticilline,tameticilina,
levonantradol,左南曲多,levonantradolum,lévonantradol,levonantradol,
ceftioxide,头孢噻氧,ceftioxidum,ceftioxide,ceftióxido,
pifoxime,哌福肟,pifoximum,pifoxime,pifoxima,
desglugastrin,去谷胃泌素,desglugastrinum,desglugastrine,desglugastrina,
anilopam,阿尼洛泮,anilopamum,anilopam,anilopam,
glisindamide,格列吲胺,glisindamidum,glisindamide,glisindamida,
nibroxane,硝溴生,nibroxanum,nibroxane,nibroxano,
zoficonazole,佐非康唑,zoficonazolum,zoficonazole,zoficonazol,
azosemide,阿佐塞米,azosemidum,azosémide,azosemida,
octapinol,辛哌醇,octapinolum,octapinol,octapinol,
daclizumab beta,达利珠单抗β,daclizumabum beta,daclizumab bêta,daclizumab beta,
icoduline,艾考度林,icodulinum,icoduline,icodulina,
ipragratine,异石榴亭,ipragratinum,ipragratine,ipragratina,
tiflamizole,替氟咪唑,tiflamizolum,tiflamizole,tiflamizol,
terbufibrol,特丁贝罗,terbufibrolum,terbufibrol,terbufibrol,
broclepride,溴氯必利,broclepridum,broclépride,brocleprida,
flubepride,氟贝必利,flubepridum,flubépride,flubeprida,
fendosal,芬度柳,fendosalum,fendosal,fendosal,
flutroline,氟曲林,flutrolinum,flutroline,flutrolina,
resiquimod pegol,培瑞喹莫德,resiquimodum pegolum,résiquimod pégol,resiquimod pegol,
lofentanil,洛芬太尼,lofentanilum,lofentanil,lofentanilo,
enciprazine,恩西拉嗪,enciprazinum,enciprazine,enciprazina,
octazamide,奥他酰胺,octazamidum,octazamide,octazamida,
zapizolam,扎吡唑仑,zapizolamum,zapizolam,zapizolam,
telinavir,替利那韦,telinavirum,télinavir,telinavir,
alizapride,阿立必利,alizapridum,alizapride,alizaprida,
biclofibrate,二氯贝特,biclofibratum,biclofibrate,biclofibrato,
arbaprostil,阿巴前列素,arbaprostilum,arbaprostil,arbaprostilo,
flupirtine,氟吡汀,flupirtinum,flupirtine,flupirtina,
sulbutiamine,舒布硫胺,sulbutiaminum,sulbutiamine,sulbutiamina,
bromocriptine,溴隐亭,bromocriptinum,bromocriptine,bromocriptina,
chlorphenoctium amsonate,安索氯芬铵,chlorphenoctii amsonas,amsonate de chlorphénoctium,amsonato de clorfenoctio,
aliconazole,阿利康唑,aliconazolum,aliconazole,aliconazol,
inicarone,吡香豆酮,inicaronum,inicarone,inicarona,
moctamide,莫克他胺,moctamidum,moctamide,moctamida,
salcaprozic acid,柳卡罗酸,acidum salcaprozicum,acide salcaprozique,ácido salcaprózico,
afloqualone,氟喹酮,afloqualonum,afloqualone,aflocualona,
proquazone,普罗喹宗,proquazonum,proquazone,procuazona,
clodanolene,氯达诺林,clodanolenum,clodanolène,clodanoleno,
anazolene sodium,阿那佐林钠,,anazolène sodique,anazoleno de sodio,
aclatonium napadisilate,萘二磺乙乳胆铵,aclatonii napadisilas,napadisilate d'aclatonium,napadisilato de aclatonio,
miroprofen,咪洛芬,miroprofenum,miroprofène,miroprofeno,
ethyl carfluzepate,卡氟乙酯,ethylis carfluzepas,carfluzépate d'éthyle,carfluzepato de etilo,
improsulfan,英丙舒凡,improsulfanum,improsulfan,improsulfano,
butoctamide,布酰胺,,butoctamide,butoctamida,
sitogluside,西托糖苷,sitoglusidum,sitogluside,sitoglúsido,
ancitabine,安西他滨,ancitabinum,ancitabine,ancitabina,
bremazocine,布马佐辛,bremazocinum,brémazocine,bremazocina,
ketotifen,酮替芬,ketotifenum,kétotifène,ketotifeno,
bitoscanate,双硫氰苯,bitoscanatum,bitoscanate,bitoscanato,
fosveset,磷维塞,fosvesetum,fosvéset,fosveset,
visnafylline,维司茶碱,visnafyllinum,visnafylline,visnafilina,
picafibrate,匹卡贝特,picafibratum,picafibrate,picafibrato,
berlafenone,柏拉非农,berlafenonum,berlafénone,berlafenona,
clomifenoxide,氧氯米芬,clomifenoxidum,clomifènoxide,clomifenóxido,
flutomidate,氟托咪酯,flutomidatum,flutomidate,flutomidato,
axitirome,阿昔替罗,axitiromum,axitirome,axitiromo,
homosalate,胡莫柳酯,homosalatum,homosalate,homosalato,
etonitazene,依托尼秦,etonitazenum,étonitazène,etonitazeno,
procodazole,丙考达唑,procodazolum,procodazole,procodazol,
midodrine,米多君,midodrinum,midodrine,midodrina,
calcium pantothenate,泛酸钙,calcii pantothenas,pantothénate de calcium,pantotenato de calcio,
gadomelitol,钆美利醇,gadomelitolum,gadomélitol,gadomelitol,
cantuzumab mertansine,美坎妥珠单抗,cantuzumabum mertansinum,cantuzumab mertansine,cantuzumab mertansina,
tedizolid,妥利唑胺,tedizolidum,tédizolid,tedizolid,
fludarabine,氟达拉滨,fludarabinum,fludarabine,fludarabina,
gemtuzumab,吉妥珠单抗,gemtuzumabum,gemtuzumab,gemtuzumab,
nivacortol,尼伐可醇,nivacortolum,nivacortol,nivacortol,
fluzinamide,氟齐胺,fluzinamidum,fluzinamide,fluzinamida,
trazium esilate,乙磺三嗪铵,trazii esilas,ésilate de trazium,esilato de trazio,
rolicyclidine,咯环利定,rolicyclidinum,rolicyclidine,roliciclidina,
avobenzone,阿伏苯宗,avobenzonum,avobenzone,avobenzona,
renadirsen,瑞那泊生,renadirsenum,rénadirsen,renadirsén,
tibric acid,替贝酸,acidum tibricum,acide tibrique,ácido tíbrico,
articaine,阿替卡因,articainum,articaïne,articaína,
lurosetron,芦罗司琼,lurosetronum,lurosétron,lurosetrón,
losatuxizumab vedotin,维罗萨妥昔珠单抗,losatuxizumabum vedotinum,losatuxizumab védotine,losatuxizumab vedotina,
saperconazole,沙康唑,saperconazolum,saperconazole,saperconazol,
zofenoprilat,佐芬普利拉,zofenoprilatum,zofénoprilate,zofenoprilat,
etifelmine,依替非明,etifelminum,étifelmine,etifelmina,
iprotiazem,异丙硫,iprotiazemum,iprotiazem,iprotiazem,
quinezamide,喹乙唑胺,quinezamidum,quinézamide,quinezamida,
rathyronine,雷甲状宁,rathyroninum,rathyronine,ratironina,
etilevodopa,乙左旋多巴,etilevodopum,étilévodopa,etilevodopa,
monatepil,莫那匹尔,monatepilum,monatépil,monatepilo,
procaterol,丙卡特罗,procaterolum,procatérol,procaterol,
macrosalb (131i),大颗粒碘[131I]人血清白,macrosalbum (131I),macrosalb (131I),macrosalbo (131I),
naratriptan,那拉曲坦,naratriptanum,naratriptan,naratriptán,
flosulide,氟舒胺,flosulidum,flosulide,flosulida,
ridogrel,利多格雷,ridogrelum,ridogrel,ridogrel,
efletirizine,乙氟利嗪,,éflétirizine,efletirizina,
guamecycline,胍甲环素,guamecyclinum,guamécycline,guameciclina,
altumomab,阿妥欧单抗,altumomabum,altumomab,altumomab,
tacrine,他克林,,tacrine,tacrina,
erythromycin stinoprate,司丙红霉素,erythromycini stinopras,stinoprate d'érythromycine,estinoprato de eritromicina,
sultroponium,舒托泊铵,sultroponium,sultroponium,sultroponio,
pegvorhyaluronidase alfa,培伏玻璃酸酶 α,pegvorhyaluronidasum alfa,pègvorhyaluronidase alfa,pegvorhialuronidasa alfa,
brallobarbital,溴烯比妥,brallobarbitalum,brallobarbital,bralobarbital,
dexecadotril,右卡多曲,dexecadotrilum,dexécadotril,dexecadotrilo,
besigomsin,贝西冈新,besigomsinum,bésigomsine,besigomsina,
sodium borocaptate (10b),硼[10B]卡钠,natrii borocaptas (10B),borocaptate (10B) de sodium,borocaptato (10B) de sodio,
rivabazumab pegol,培利巴珠单抗,rivabazumabum pegolum,rivabazumab pégol,rivabazumab pegol,
libecillide,利贝西来,libecillidum,libécillide,libecilida,
saquinavir,沙奎那韦,saquinavirum,saquinavir,saquinavir,
tebufelone,特丁非隆,tebufelonum,tébufélone,tebufelona,
oxamisole,奥沙米索,oxamisolum,oxamisole,oxamisol,
zolimomab aritox,阿佐利欧单抗,zolimomabum aritoxum,zolimomab aritox,zolimomab aritox,
soterenol,索特瑞醇,soterenolum,sotérénol,soterenol,
drotrecogin alfa (activated),卓曲可近α(活化),drotrecoginum alfa (activatum),drotrécogine alfa (activé),drotrecogina alfa (activada),
edogestrone,依度孕酮,edogestronum,édogestrone,edogestrona,
vanitiolide,香草吗啉,vanitiolidum,vanitiolide,vanitiolida,
edifolone,依地福龙,edifolonum,édifolone,edifolona,
dexetimide,右苄替米特,dexetimidum,dexétimide,dexetimida,
laidlomycin,来洛霉素,laidlomycinum,laidlomycine,laidlomicina,
lopirazepam,氯吡西泮,lopirazepamum,lopirazépam,lopirazepam,
gestadienol,孕他烯醇,gestadienolum,gestadiénol,gestadienol,
edobacomab,埃巴欧单抗,edobacomabum,édobacomab,edobacomab,
lagatide,拉加肽,lagatidum,lagatide,lagatida,
lirimilast,利米司特,lirimilastum,lirimilast,lirimilast,
acequinoline,阿西喹啉,acequinolinum,acéquinoline,acequinolina,
benoxafos,苯磷,benoxafosum,bénoxafos,benoxafós,
midaflur,咪达氟,midaflurum,midaflur,midaflur,
idramantone,伊屈孟酮,idramantonum,idramantone,idramantona,
tafluposide,他氟泊苷,,tafluposide,taflupósido,
tianeptine,噻奈普汀,tianeptinum,tianeptine,tianeptina,
fazarabine,法扎拉滨,fazarabinum,fazarabine,fazarabina,
octaverine,奥他维林,octaverinum,octavérine,octaverina,
prenoxdiazine,普诺地嗪,prenoxdiazinum,prénoxdiazine,prenoxdiazina,
eprazinone,依普拉酮,eprazinonum,éprazinone,eprazinona,
altanserin,阿坦色林,altanserinum,altansérine,altanserina,
iometin (131i),碘[131I]美丁,iometinum (131I),iométine (131I),iometina (131I),
pexantel,哌克太尔,pexantelum,pexantel,pexantel,
pomisartan,泊米沙坦,,pomisartan,pomisartán,
mitoclomine,米托氯明,mitoclominum,mitoclomine,mitoclomina,
dioxifedrine,二羟非君,dioxifedrinum,dioxifédrine,dioxifedrina,
bevufenogene nofeparvovec,诺哌贝基,bevufenogenum nofeparvovecum,bévufénogène noféparvovec,bevufenogén nofeparvovec,
sitalidone,西他利酮,sitalidonum,sitalidone,sitalidona,
rocepafant,罗塞帕泛,rocepafantum,rocépafant,rocepafant,
sampeginterferon beta-1a,萨培干扰素 β-1a,sampeginterferonum beta-1a,sampèginterféron bêta-1a,sampeginterferón beta-1a,
iometin (125i),碘[125I]美丁,iometinum (125I),iométine (125I),iometina (125I),
trimethidinium methosulfate,甲硫曲美替定,trimethidinii methosulfas,méthosulfate de triméthidinium,metosulfato de trimetidinio,
tinisulpride,替磺必利,tinisulpridum,tinisulpride,tinisulprida,
minepentate,米奈喷酯,minepentatum,minépentate,minepentato,
nemazoline,奈马唑啉,nemazolinum,némazoline,nemazolina,
dicloxacillin,双氯西林,dicloxacillinum,dicloxacilline,dicloxacilina,
sepimostat,司匹司他,sepimostatum,sépimostat,sepimostat,
somagrebove,牛瑞生长素,somagrebovum,somagrébove,somagrebovo,
fluprofen,氟洛芬,fluprofenum,fluprofène,fluprofeno,
lorapride,氯拉必利,lorapridum,lorapride,loraprida,
acefylline clofibrol,克醋茶碱,acefyllinum clofibrolum,acéfylline clofibrol,acefilina clofibrol,
benzylpenicillin,苄青霉素,benzylpenicillinum,benzylpénicilline,bencilpenicilina,
piroxantrone,吡罗蒽醌,piroxantronum,piroxantrone,piroxantrona,
brodimoprim,溴莫普林,brodimoprimum,brodimoprime,brodimoprima,
lomerizine,洛美利嗪,lomerizinum,lomérizine,lomerizina,
vorhyaluronidase alfa,福玻璃酸酶α,vorhyaluronidasum alfa,vorhyaluronidase alfa,vorhialuronidasa alfa,
sarpogrelate,沙格雷酯,sarpogrelatum,sarpogrélate,sarpogrelato,
imipraminoxide,氧米帕明,imipraminoxidum,imipraminoxide,imipraminóxido,
cioteronel,塞奥罗奈,cioteronelum,ciotéronel,cioteronel,
chloroserpidine,氯舍平,,chloroserpidine,cloroserpidina,
emepronium bromide,依美溴铵,emepronii bromidum,bromure d'émépronium,bromuro de emepronio,
epiroprim,依匹普林,epiroprimum,épiroprime,epiroprima,
leucocianidol,白西尼多,leucocianidolum,leucocianidol,leucocianidol,
azasetron,阿扎司琼,azasetronum,azasétron,azasetrón,
gadocoletic acid,钆考酸,acidum gadocoleticum,acide gadocolétique,ácido gadocolético,
bensalan,苯沙仑,bensalanum,bensalan,bensalán,
elanzepine,依兰西平,elanzepinum,élanzépine,elanzepina,
thiambutosine,硫安布新,,thiambutosine,tiambutosina,
gadoteric acid,钆特酸,acidum gadotericum,acide gadotérique,ácido gadotérico,
tarazepide,他拉西派,tarazepidum,tarazépide,tarazepida,
gapromidine,加普米定,gapromidinum,gapromidine,gapromidina,
elfazepam,依法西泮,elfazepamum,elfazépam,elfazepam,
dithranol,地蒽酚,,dithranol,ditranol,
amikhelline,阿米凯林,amikhellinum,amikhelline,amikelina,
maprotiline,马普替林,maprotilinum,maprotiline,maprotilina,
tilmicosin,替米考星,tilmicosinum,tilmicosine,tilmicosina,
tribendilol,曲苯地洛,tribendilolum,tribendilol,tribendilol,
epoetin kappa,促红素κ,epoetinum kappa,époétine kappa,epoetina kappa,
dinazafone,地那扎封,dinazafonum,dinazafone,dinazafona,
ceronapril,西罗普利,ceronaprilum,céronapril,ceronapril,
rizatriptan,利扎曲普坦,rizatriptanum,rizatriptan,rizatriptán,
enazadrem,依那扎群,enazadremum,énazadrem,enazadrem,
ropizine,罗匹嗪,ropizinum,ropizine,ropizina,
olitresgene autoleucel,欧基仑赛,olitresgenum autoleucelum,olitresgène autoleucel,olitresgén autoleucel,
neflumozide,奈氟齐特,neflumozidum,néflumozide,neflumozida,
pranosal,普拉诺柳,pranosalum,pranosal,pranosal,
disuprazole,二硫拉唑,,disuprazole,disuprazol,
mannitol hexanitrate,甘露六硝酯,mannitoli hexanitras,hexanitrate de mannitol,hexanitrato de manitol,
seclazone,司克拉宗,seclazonum,séclazone,seclazona,
ibopamine,异波巴胺,ibopaminum,ibopamine,ibopamina,
tisocromide,替索罗胺,tisocromidum,tisocromide,tisocromida,
caproxamine,卡普罗胺,caproxaminum,caproxamine,caproxamina,
bentipimine,苯替哌明,bentipiminum,bentipimine,bentipimina,
tofimilast,妥非司特,tofimilastum,tofimilast,tofimilast,
pivmecillinam,匹美西林,pivmecillinamum,pivmécillinam,pivmecilinam,
tiquinamide,替喹胺,tiquinamidum,tiquinamide,tiquinamida,
troxolamide,曲索胺,troxolamidum,troxolamide,troxolamida,
furcloprofen,呋洛芬,furcloprofenum,furcloprofène,furcloprofeno,
sucralfate,硫糖铝,sucralfatum,sucralfate,sucralfato,
ferric bepectate,倍派酸铁,ferri bepectas,bépectate ferrique,bepectato férrico,
ferric (59fe) citrate injection,枸橼酸铁[59Fe],ferri (59Fe) citratis injectio,soluté injectable de citrate ferrique (59Fe),injectable de citrato férrico (59Fe),
metesculetol,美替来托,metesculetolum,métesculétol,metesculetol,
orgotein,奥古蛋白,orgoteinum,orgotéine,orgoteína,
nepinalone,奈哌那隆,nepinalonum,népinalone,nepinalona,
tibrofan,替溴芬,tibrofanum,tibrofan,tibrofán,
glicaramide,格列卡胺,glicaramidum,glicaramide,glicaramida,
etoposide toniribate,托尼依托泊苷,etoposidi toniribas,toniribate d'étoposide,toniribato de etopósido,
cinoxacin,西诺沙星,cinoxacinum,cinoxacine,cinoxacino,
norgestimate,诺孕酯,,norgestimate,norgestimato,
enramycin,恩拉霉素,enramycinum,enramycine,enramicina,
ganefromycin,加奈霉素,ganefromycinum,ganéfromycine,ganefromicina,
nifekalant,尼非卡兰,nifekalantum,nifékalant,nifekalant,
somantadine,索金刚胺,somantadinum,somantadine,somantadina,
ipidacrine,伊匹达克林,,ipidacrine,ipidacrina,
quadazocine,夸达佐辛,,quadazocine,quadazocina,
norepinephrine,去甲肾上腺素,norepinephrinum,norépinéphrine,norepinefrina,
siagoside,西高苷,siagosidum,siagoside,siagósido,
chlormerodrin (197hg),氯汞[197Hg]君,chlormerodrinum (197Hg),chlormérodrine (197Hg),clormerodrina (197Hg),
mometasone,莫米松,,mométasone,mometasona,
xantofyl palmitate,棕榈叶黄素,xantofyli palmitas,palmitate de xantofyle,palmitato de xantofilo,
trigevolol,曲吉洛尔,trigevololum,trigévolol,trigevolol,
cyanocobalamin (58co),氯钴[58Co]胺,cyanocobalaminum (58Co),cyanocobalamine (58Co),cianocobalamina (58Co),
cyanocobalamin (57co),氯钴[57Co]胺,cyanocobalaminum (57Co),cyanocobalamine (57Co),cianocobalamina (57Co),
sodium iodide (125i),碘[125I]化钠,natrii iodidum (125I),iodure (125I) de sodium,ioduro (125I) de sodio,
tegaserod,替加色罗,tegaserodum,tégasérod,tegaserod,
cromoglicic acid,色甘酸,acidum cromoglicicum,acide cromoglicique,ácido cromoglícico,
omfiloctocog alfa,欧洛凝血素Ⅷ-α,omfiloctocogum alfa,omfiloctocog alfa,omfiloctocog alfa,
fluazuron,氟佐隆,fluazuronum,fluazuron,fluazurón,
clortermine,氯特胺,clorterminum,clortermine,clortermina,
tacatresgene autoleucel,拓卡基奥仑赛,tacatresgenum autoleucelum,tacatresgène autoleucel,tacatresgén autoleucel,
zinviroxime,净韦肟,zinviroximum,zinviroxime,zinviroxima,
duloxetine,度洛西汀,duloxetinum,duloxétine,duloxetina,
iprozilamine,异丙齐胺,iprozilaminum,iprozilamine,iprozilamina,
berupipam,贝芦匹泮,berupipamum,bérupipam,berupipam,
conorfone,考诺封,conorfonum,conorfone,conorfona,
metrenperone,甲仑哌隆,metrenperonum,métrenpérone,metrenperona,
globin zinc insulin injection,珠蛋白锌胰岛素,insulini zinci globinati injectio,prép. injectable d'insuline zinc globine,inyectable de insulina cinc globina,
iodinated (131i) human serum albumin,碘[131I]人血清白蛋白,seroalbuminum humanum iodinatum (131I),sérum-albumine humaine iodée (131I),seroalbúmina humana iodada (131I),
benrixate,苄哌氨乙酯,benrixatum,benrixate,benrixato,
midaxifylline,米达茶碱,midaxifyllinum,midaxifylline,midaxifilina,
cipamfylline,西潘茶碱,cipamfyllinum,cipamfylline,cipamfilina,
amotosalen,氨托沙林,amotosalenum,amotosalène,amotosaleno,
ciclofenazine,环丙奋乃静,ciclofenazinum,ciclofénazine,ciclofenazina,
lemildipine,来米地平,lemildipinum,lémildipine,lemildipino,
lombazole,隆巴唑,lombazolum,lombazole,lombazol,
flutropium bromide,氟托溴铵,flutropii bromidum,bromure de flutropium,bromuro de flutropio,
rovafovir etalafenamide,依他罗福韦,rovafovirum etalafenamidum,rovafovir étalafénamide,rovafovir etalafenamida,
setazindol,司他秦多,setazindolum,sétazindol,setazindol,
delapril,地拉普利,delaprilum,délapril,delapril,
elivaldogene autotemcel,艾基奥干赛,elivaldogenum autotemcelum,élivaldogène autotemcel,elivaldogén autotemcel,
fomocaine,福莫卡因,fomocainum,fomocaïne,fomocaína,
stilbamidine isetionate,依西司替巴脒,stilbamidini isetionas,isétionate de stilbamidine,isetionato de estilbamidina,
iodinated (125i) human serum albumin,碘[125I]人血清白蛋白,seroalbuminum humanum iodinatum (125I),sérum-albumine humaine iodée (125I),seroalbúmina humana iodada (125I),
fluprednidene,氟泼尼定,fluprednidenum,fluprednidène,fluprednideno,
glicetanile,格列他尼,,glicétanile,glicetanilo,
morolimumab,莫罗利尤单抗,,morolimumab,morolimumab,
isoprazone,异普拉酮,isoprazonum,isoprazone,isoprazona,
melquinast,甲喹司特,melquinastum,melquinast,melquinast,
floredil,夫洛地尔,floredilum,florédil,floredil,
cyclopentolate,环喷托酯,cyclopentolatum,cyclopentolate,ciclopentolato,
glipalamide,格列酰胺,glipalamidum,glipalamide,glipalamida,
latamoxef,拉氧头孢,latamoxefum,latamoxef,latamoxef,
lortalamine,氯他拉明,lortalaminum,lortalamine,lortalamina,
stilonium iodide,司洛碘铵,,iodure de stilonium,ioduro de estilonio,
apramycin,安普霉素,apramycinum,apramycine,apramicina,
lupartumab amadotin,阿芦帕妥尤单抗,lupartumabum amadotinum,lupartumab amadotine,lupartumab amadotina,
doxazosin,多沙唑嗪,doxazosinum,doxazosine,doxazosina,
sodium acetrizoate,醋碘苯酸钠,natrii acetrizoas,acétrizoate de sodium,acetrizoato de sodio,
tenivastatin,替伐他汀,tenivastatinum,ténivastatine,tenivastatina,
mecarbinate,美卡比酯,mecarbinatum,mécarbinate,mecarbinato,
dibusadol,地布沙多,dibusadolum,dibusadol,dibusadol,
apraclonidine,阿可乐定,apraclonidinum,apraclonidine,apraclonidina,
crilvastatin,克伐他汀,crilvastatinum,crilvastatine,crilvastatina,
ericolol,依立洛尔,ericololum,éricolol,ericolol,
triamcinolone furetonide,呋曲安奈德,triamcinoloni furetonidum,triamcinolone furétonide,triamcinolona furetónido,
gemifloxacin,吉米沙星,,gémifloxacine,gemifloxacino,
tuvatidine,妥伐替丁,tuvatidinum,tuvatidine,tuvatidina,
sultimotide alfa,硫替莫肽α,sultimotidum alfa,sultimotide alfa,sultimotida alfa,
mercumatilin sodium,汞香豆林钠,mercumatilinum natricum,mercumatiline sodique,mercumatilina de sodio,
esonarimod,艾那莫德,esonarimodum,ésonarimod,esonarimod,
fubrogonium iodide,呋波碘铵,fubrogonii iodidum,iodure de fubrogonium,ioduro de fubrogonio,
vinconate,长春考酯,vinconatum,vinconate,vinconato,
patamostat,帕莫司他,patamostatum,patamostat,patamostat,
minalrestat,米那司他,minalrestatum,minalrestat,minalrestat,
cefetecol,头孢替考,cefetecolum,céfétécol,cefetecol,
bepridil,苄普地尔,bepridilum,bépridil,bepridil,
lidanserin,利丹色林,lidanserinum,lidansérine,lidanserina,
zimeldine,齐美定,zimeldinum,zimeldine,zimeldina,
bekanamycin,卡那霉素B,bekanamycinum,békanamycine,bekanamicina,
oxilorphan,奥昔啡烷,,oxilorphane,oxilorfano,
rabeprazole,雷贝拉唑,rabeprazolum,rabéprazole,rabeprazol,
lisadimate,利沙地酯,,lisadimate,lisadimato,
mitoxantrone,米托蒽醌,mitoxantronum,mitoxantrone,mitoxantrona,
bevacizumab beta,贝伐珠单抗β,bevacizumabum beta,bévacizumab bêta,bevacizumab beta,
tropodifene,托泊地芬,tropodifenum,tropodifène,tropodifeno,
safironil,沙非罗尼,safironilum,safironil,safironilo,
dextiopronin,右硫普罗宁,dextioproninum,dextiopronine,dextiopronina,
bucloxic acid,布氯酸,acidum bucloxicum,acide bucloxique,ácido buclóxico,
asunercept,阿舒西普,asunerceptum,asunercept,asunercept,
protamine zinc insulin injection,精蛋白锌胰岛素,insulini zinci protaminati injectio,prép. injectable d'insuline zinc protam.,inyectable de insulina cinc protamina,
tiadenol,硫地醇,tiadenolum,tiadénol,tiadenol,
olivomycin,橄榄霉素,olivomycinum,olivomycine,olivomicina,
edrophonium chloride,依酚氯铵,edrophonii chloridum,chlorure d'édrophonium,cloruro de edrofonio,
cicarperone,西卡哌隆,cicarperonum,cicarpérone,cicarperona,
secalciferol,司骨化醇,secalciferolum,sécalciférol,secalciferol,
polisaponin,泊利皂苷,polisaponinum,polisaponine,polisaponina,
citatepine,西他替平,citatepinum,citatépine,citatepina,
etifoxine,依替福嗪,etifoxinum,étifoxine,etifoxina,
midafotel,米达福太,,midafotel,midafotel,
intiquinatine,英替喹那汀,intiquinatinum,intiquinatine,intiquinatina,
nictindole,尼克吲哚,nictindolum,nictindole,nictindol,
sermorelin,舍莫瑞林,sermorelinum,sermoréline,sermorelina,
ozarlimogene inteplasmid,依米奥泽基,ozarlimogenum inteplasmidum,ozarlimogène intéplasmide,ozarlimogén inteplásmido,
arbaclofen placarbil,普阿氯芬,arbaclofenum placarbilum,arbaclofène placarbil,arbaclofeno placarbilo,
flurofamide,氟法胺,flurofamidum,flurofamide,flurofamida,
amiflamine,阿米夫胺,amiflaminum,amiflamine,amiflamina,
simfibrate,双贝特,simfibratum,simfibrate,simfibrato,
ambasilide,氨巴利特,ambasilidum,ambasilide,ambasilida,
sulconazole,硫康唑,sulconazolum,sulconazole,sulconazol,
lividomycin,利维霉素,lividomycinum,lividomycine,lividomicina,
ciclindole,西克林多,ciclindolum,ciclindole,ciclindol,
moexipril,莫昔普利,moexiprilum,moexipril,moexipril,
pempidine,潘必啶,,pempidine,pempidina,
lergotrile,麦角腈,lergotrilum,lergotrile,lergotrilo,
fominoben,福米诺苯,fominobenum,fominobène,fominobén,
benzoxiquine,苯甲酰喹,benzoxiquinum,benzoxiquine,benzoxiquina,
zoniporide,唑泊来德,zoniporidum,zoniporide,zoniporida,
bumadizone,布马地宗,bumadizonum,bumadizone,bumadizona,
sebriplatin,司铂,sebriplatinum,sébriplatine,sebriplatino,
xylazine,赛拉嗪,xylazinum,xylazine,xilazina,
dipivefrine,地匹福林,dipivefrinum,dipivéfrine,dipivefrina,
triflubazam,三氟巴占,triflubazamum,triflubazam,triflubazam,
daleuton,达利顿,daleutonum,daleuton,daleutón,
cefedrolor,头孢屈洛,cefedrolorum,céfédrolor,cefedrolor,
sequifenadine,司奎那定,sequifenadinum,séquifénadine,sequifenadina,
vedaclidine,维克利定,vedaclidinum,védaclidine,vedaclidina,
esmolol,艾司洛尔,esmololum,esmolol,esmolol,
loxoprofen,洛索洛芬,loxoprofenum,loxoprofène,loxoprofeno,
dibekacin,地贝卡星,dibekacinum,dibékacine,dibekacina,
ertapenem,厄他培南,ertapenemum,ertapénem,ertapenem,
hepronicate,癸烟酯,hepronicatum,hépronicate,hepronicato,
omonasteine,奥莫司坦,omonasteinum,omonastéine,omonasteína,
pirralkonium bromide,吡拉溴铵,pirralkonii bromidum,bromure de pirralkonium,bromuro de pirralconio,
erizepine,依立西平,erizepinum,érizépine,erizepina,
oxazidione,奥沙二酮,oxazidionum,oxazidione,oxazidiona,
levomefolic acid,左美福酸,acidum levomefolicum,acide lévoméfolique,ácido levomefólico,
carbasalate calcium,卡巴匹林钙,carbasalatum calcicum,carbasalate calcique,carbasalato cálcico,
deprodone,地泼罗酮,deprodonum,déprodone,deprodona,
flurpiridaz (18f),氟[18F]比哒嗪,flurpiridazum (18F),flurpiridaz (18F),flurpiridaz (18F),
azolimine,阿佐利明,azoliminum,azolimine,azolimina,
nifenalol,硝苯洛尔,nifenalolum,nifénalol,nifenalol,
xenipentone,联苯戊烯酮,xenipentonum,xénipentone,xenipentona,
sodium stibocaptate,锑卡酸钠,natrii stibocaptas,stibocaptate de sodium,estibocaptato de sodio,
candocuronium iodide,坎库碘铵,candocuronii iodidum,iodure de candocuronium,ioduro de candocuronio,
nalmexone,纳美酮,nalmexonum,nalmexone,nalmexona,
clenbuterol,克仑特罗,clenbuterolum,clenbutérol,clenbuterol,
prideperone,普地哌隆,prideperonum,pridépérone,prideperona,
clivatuzumab tetraxetan,替克妥珠单抗,clivatuzumabum tetraxetanum,clivatuzumab tétraxétan,clivatuzumab tetraxetán,
berdazimer sodium,柏达姆钠,berdazimerum natricum,berdazimère sodique,berdazímero de sodio,
setastine,司他斯汀,setastinum,sétastine,setastina,
mirimostim,米立司亭,mirimostimum,mirimostim,mirimostim,
belzupacap sarotalocan,沙比帕克贝,belzupacapum sarotalocanum,belzupacap sarotalocan,belzupacap sarotalocán,
choline fenofibrate,胆碱非诺贝特,cholini fenofibratum,fénofibrate de choline,fenofibrato de colina,
lufenuron,氯芬奴隆,lufenuronum,lufénurone,lufenurón,
benafentrine,苯芬群,benafentrinum,bénafentrine,benafentrina,
laprafylline,拉普茶碱,laprafyllinum,laprafylline,laprafilina,
prinomide,普林米特,prinomidum,prinomide,prinomida,
trazolopride,三唑必利,trazolopridum,trazolopride,trazoloprida,
cetamolol,塞他洛尔,cetamololum,cétamolol,cetamolol,
modecainide,莫地卡尼,modecainidum,modécaïnide,modecainida,
estramustine,雌莫司汀,estramustinum,estramustine,estramustina,
ectylurea,依克替脲,ectylurea,ectylurée,ectilurea,
nitrafudam,硝呋旦,nitrafudamum,nitrafudam,nitrafudam,
neptamustine,奈莫司汀,neptamustinum,neptamustine,neptamustina,
miralimogene ensolisbac,恩巴米莫基,miralimogenum ensolisbacum,miralimogène ensolisbac,miralimogén ensolisbac,
avicatonin,阿维降钙素,avicatoninum,avicatonine,avicatonina,
alprafenone,阿普非农,alprafenonum,alprafénone,alprafenona,
teplizumab,替利珠单抗,teplizumabum,téplizumab,teplizumab,
alatrofloxacin,阿拉沙星,alatrofloxacinum,alatrofloxacine,alatrofloxacino,
galocitabine,加洛他滨,galocitabinum,galocitabine,galocitabina,
daniplestim,达尼司亭,daniplestimum,daniplestim,daniplestim,
nesosteine,奈索司坦,nesosteinum,nésostéine,nesosteína,
sevitropium mesilate,甲磺塞托铵,sevitropii mesilas,mésilate de sévitropium,mesilato de sevitropio,
incadronic acid,英卡膦酸,acidum incadronicum,acide incadronique,ácido incadrónico,
asobamast,阿索司特,asobamastum,asobamast,asobamast,
quinapril,喹那普利,quinaprilum,quinapril,quinapril,
selamectin,司拉克丁,selamectinum,sélamectine,selamectina,
indorenate,吲哚瑞酯,indorenatum,indorénate,indorenato,
daclizumab,达利珠单抗,daclizumabum,daclizumab,daclizumab,
cinnamedrine,桂美君,cinnamedrinum,cinnamédrine,cinamedrina,
tosulur,托磺鲁尔,tosulurum,tosulur,tosulur,
guanfacine,胍法辛,guanfacinum,guanfacine,guanfacina,
diproqualone,地普喹酮,diproqualonum,diproqualone,diprocualona,
cinmetacin,桂美辛,cinmetacinum,cinmétacine,cinmetacina,
ciprefadol,环丙法多,ciprefadolum,cipréfadol,ciprefadol,
compound insulin zinc suspension,复方胰岛素锌混悬剂,insulini cum zinco suspensio composita,suspension d'insuline zinc (composée),suspension de insulina cinc (compuesta),
enadoline,依那朵林(97),,,,
aloracetam,阿洛西坦,aloracetamum,aloracétam,aloracetam,
neraminol,奈拉米诺,neraminolum,néraminol,neraminol,
galtifenin,加替苯宁,galtifeninum,galtifénine,galtifenina,
ampiroxicam,安吡昔康,ampiroxicamum,ampiroxicam,ampiroxicam,
camphotamide,樟吡他胺,camphotamidum,camphotamide,canfotamida,
marbofloxacin,马波沙星,marbofloxacinum,marbofloxacine,marbofloxacino,
efbemalenograstim alfa,艾贝格司亭α,efbemalenograstimum alfa,efbémalénograstim alfa,efbemalenograstim alfa,
olprinone,奥普力农,olprinonum,olprinone,olprinona,
ensaculin,恩沙库林,ensaculinum,ensaculine,ensaculina,
sulfatrozole,磺胺曲唑,sulfatrozolum,sulfatrozole,sulfatrozol,
erlotinib,厄洛替尼,erlotinibum,erlotinib,erlotinib,
brofaromine,溴法罗明,brofarominum,brofaromine,brofaromina,
cefpirome,头孢匹罗,cefpiromum,cefpirome,cefpiroma,
butofilolol,丁非洛尔,butofilololum,butofilolol,butofilolol,
dextrothyroxine sodium,右甲状腺素钠,,dextrothyroxine sodique,dextrotiroxina de sodio,
efizonerimod alfa,依福佐莫德α,efizonerimodum alfa,éfizonérimod alfa,efizonerimod alfa,
nardeterol,那地特罗,nardeterolum,nardétérol,nardeterol,
amperozide,安哌齐特,amperozidum,ampérozide,amperozida,
sarmazenil,沙马西尼,sarmazenilum,sarmazénil,sarmazenil,
etelcalcetide,依特卡肽,etelcalcetidum,ételcalcétide,etelcalcetida,
bazinaprine,巴嗪普令,bazinaprinum,bazinaprine,bazinaprina,
carbazochrome,卡巴克络,carbazochromum,carbazochrome,carbazocromo,
parethoxycaine,对乙氧卡因,,paréthoxycaïne,paretoxicaína,
casokefamide,卡索胺,casokefamidum,casokéfamide,casokefamida,
iganidipine,伊加地平,iganidipinum,iganidipine,iganidipino,
cyclizine,赛克力嗪,cyclizinum,cyclizine,ciclizina,
ingliforib,吲格列福,ingliforibum,ingliforib,ingliforib,
carbazochrome salicylate,卡络柳钠,carbazochromi salicylas,salicylate de carbazochrome,salicilato de carbazocromo,
ecipramidil,环丙地尔,ecipramidilum,écipramidil,ecipramidil,
ioxitalamic acid,碘羟拉酸,acidum ioxitalamicum,acide ioxitalamique,ácido ioxitalámico,
mepindolol,甲吲洛尔,mepindololum,mépindolol,mepindolol,
adomiparin sodium,阿米肝素钠,adomiparinum natricum,adomiparine sodique,adomiparina sódica,
zaltidine,唑替丁,,zaltidine,zaltidina,
nitecapone,硝替卡朋,nitecaponum,nitécapone,nitecapona,
nicofurate,尼可呋酯,nicofuratum,nicofurate,nicofurato,
indisetron,吲地司琼,,indisétron,indisetrón,
lodaxaprine,洛达普令,lodaxaprinum,lodaxaprine,lodaxaprina,
cambendazole,坎苯达唑,cambendazolum,cambendazole,cambendazol,
botiacrine,波替吖啶,botiacrinum,botiacrine,botiacrina,
taurosteine,牛磺司坦,taurosteinum,taurostéine,taurosteína,
gemcitabine,吉西他滨,gemcitabinum,gemcitabine,gemcitabina,
xibornol,希波酚,xibornolum,xibornol,xibornol,
chlorpromazine,氯丙嗪,chlorpromazinum,chlorpromazine,clorpromazina,
embusartan,恩布沙坦,embusartanum,embusartan,embusartán,
diclometide,二氯美泰,diclometidum,diclométide,diclometida,
formoterol,福莫特罗,formoterolum,formotérol,formoterol,
difenoxin,地芬诺辛,difenoxinum,difénoxine,difenoxina,
rezafungin acetate,醋酸瑞扎芬净,rezafungini acetas,acétate de rézafungine,acetato de rezafungina,
mesudipine,甲硫地平,mesudipinum,mésudipine,mesudipino,
hexylcaine,海克卡因,,hexylcaïne,hexilcaína,
ambicromil,安克罗米,ambicromilum,ambicromil,ambicromilo,
imirestat,咪瑞司他,imirestatum,imirestat,imirestat,
furomazine,呋罗马嗪,furomazinum,furomazine,furomazina,
milfasartan,米法沙坦,,milfasartan,milfasartán,
zuretinol acetate,醋酸顺维A,zuretinoli acetas,acétate de zurétinol,acetato de zuretinol,
ovandrotone albumin,卵雄酮白蛋白,ovandrotonum albuminum,ovandrotone albumine,ovandrotona albúmina,
vinorelbine,长春瑞滨,,vinorelbine,vinorelbina,
favezelimab,费维泽利单抗,favezelimabum,favézélimab,favezelimab,
valnemulin,伐奈莫林,valnemulinum,valnémuline,valnemulina,
ibutilide,伊布利特,,ibutilide,ibutilida,
sirelretigene suboparvovec,舒哌西锐基,sirelretigenum suboparvovecum,sirelrétigène suboparvovec,sirelretigén suboparvovec,
trecetilide,曲西利特,trecetilidum,trécétilide,trecetilida,
fluprofylline,氟丙茶碱,fluprofyllinum,fluprofylline,fluprofilina,
senazodan,司那佐旦,senazodanum,sénazodan,senazodán,
homidium bromide,胡米溴铵,homidii bromidum,bromure d'homidium,bromuro de homidio,
demplatin pegraglumer,培登铂,demplatinum pegraglumerum,demplatine pégraglumère,demplatino pegraglúmero,
pirogliride,吡咯格列,pirogliridum,pirogliride,piroglirida,
adenosine phosphate,磷酸腺苷,adenosini phosphas,phosphate d'adénosine,fosfato de adenosina,
palonosetron,帕洛诺司琼,palonosetronum,palonosétron,palonosetrón,
carocainide,卡罗卡尼,carocainidum,carocaïnide,carocainida,
cefquinome,头孢喹肟,cefquinomum,cefquinome,cefquinoma,
insulin argine,精氨胰岛素,,insuline argine,insulina argina,
indecainide,英地卡尼,indecainidum,indécaïnide,indecainida,
lometrexol,洛美曲索,lometrexolum,lométrexol,lometrexol,
azidocillin,阿度西林,azidocillinum,azidocilline,azidocilina,
parsalmide,帕沙米特,parsalmidum,parsalmide,parsalmida,
bensuldazic acid,苄硫嗪酸,acidum bensuldazicum,acide bensuldazique,ácido bensuldázico,
ciclotropium bromide,环托溴铵,ciclotropii bromidum,bromure de ciclotropium,bromuro de ciclotropio,
perflisopent,全氟异戊烷,perflisopentum,perflisopent,perflisopent,
bumepidil,布美地尔,bumepidilum,bumépidil,bumepidil,
amfetaminil,安非他尼,amfetaminilum,amfétaminil,anfetaminilo,
difenamizole,二苯米唑,difenamizolum,difénamizole,difenamizol,
ascorbyl gamolenate,维C加莫酯,ascorbylum gamolenas,ascorbyl gamolénate,gamolenato de ascorbilo,
benazeprilat,贝那普利拉,benazeprilatum,bénazéprilate,benazeprilat,
orbofiban,奥波非班,orbofibanum,orbofiban,orbofibán,
betameprodine,倍他美罗定,,bétaméprodine,betameprodina,
donetidine,多奈替丁,donetidinum,donétidine,donetidina,
ursulcholic acid,熊硫胆酸,acidum ursulcholicum,acide ursulcholique,ácido ursulcólico,
adatanserin,阿达色林,adatanserinum,adatansérine,adatanserina,
bacampicillin,巴氨西林,bacampicillinum,bacampicilline,bacampicilina,
actodigin,阿托地近,actodiginum,actodigine,actodigina,
pibaxizine,哌巴昔嗪,pibaxizinum,pibaxizine,pibaxizina,
miproxifene,米泼昔芬,miproxifenum,miproxifène,miproxifeno,
caldiamide,卡地胺,caldiamidum,caldiamide,caldiamida,
denpidazone,登匹达酮,denpidazonum,denpidazone,denpidazona,
estradiol undecylate,十一酸雌二醇,estradioli undecylas,undécylate d'estradiol,undecilato de estradiol,
cinolazepam,西诺西泮,cinolazepamum,cinolazépam,cinolazepam,
cilazaprilat,西拉普利拉,cilazaprilatum,cilazaprilate,cilazaprilat,
efgartigimod alfa,艾加莫德 α,efgartigimodum alfa,efgartigimod alfa,efgartigimod alfa,
benzoctamine,苯佐他明,benzoctaminum,benzoctamine,benzoctamina,
clocapramine,氯卡帕明,clocapraminum,clocapramine,clocapramina,
deltibant,地替班特,deltibantum,deltibant,deltibant,
belaperidone,贝拉哌酮,belaperidonum,bélapéridone,belaperidona,
profexalone,丙苯沙酮,profexalonum,profexalone,profexalona,
fesoterodine,非索罗定,fesoterodinum,fésotérodine,fesoterodina,
benazepril,贝那普利,benazeprilum,bénazépril,benazepril,
teflutixol,替氟硫蒽,teflutixolum,téflutixol,teflutixol,
exagamglogene autotemcel,艾卡基奥干赛,exagamglogenum autotemcelum,exagamglogène autotemcel,exagamglogén autotemcel,
climiqualine,氯咪喹啉,climiqualinum,climiqualine,climicualina,
mazokalim,马佐卡林,mazokalimum,mazokalim,mazokalim,
lasinavir,拉西那韦,lasinavirum,lasinavir,lasinavir,
desmeninol,地美尼诺,desmeninolum,desméninol,desmeninol,
tridecactide,曲卡克肽,tridecactidum,tridécactide,tridecactida,
docusate sodium,多库酯钠,natrii docusas,docusate sodique,docusato de sodio,
ersofermin,厄索夫明,,ersofermine,ersofermina,
tiprotimod,噻丙莫德,tiprotimodum,tiprotimod,tiprotimod,
metibride,美替贝特,metibridum,métibride,metibrida,
zoticasone,佐替卡松,,zoticasone,zoticasona,
doxaminol,多沙米诺,doxaminolum,doxaminol,doxaminol,
glidazamide,格列达脲,glidazamidum,glidazamide,glidazamida,
neltenexine,奈替克新,neltenexinum,nelténexine,neltenexina,
benidipine,贝尼地平,benidipinum,bénidipine,benidipino,
sodium feredetate,铁依地酸钠,natrii feredetas,ferédétate de sodium,feredetato de sodio,
amidantel,阿米太尔,amidantelum,amidantel,amidantel,
isoflupredone,异氟泼尼龙,isoflupredonum,isofluprédone,isoflupredona,
aminitrozole,醋胺硝唑,aminitrozolum,aminitrozol,aminitrozol,
rebisufligene etisparvovec,伊哌瑞利基,rebisufligenum etisparvovecum,rébisufligène étisparvovec,rebisufligén etisparvovec,
nintedanib,尼达尼布,nintedanibum,nintédanib,nintedanib,
lanreotide,兰瑞肽,lanreotidum,lanréotide,lanreotida,
dimabefylline,地马茶碱,dimabefyllinum,dimabéfylline,dimabefilina,
detralfate,地曲酯,detralfatum,détralfate,detralfato,
pirinidazole,吡硝唑,pirinidazolum,pirinidazole,pirinidazol,
fenpiverinium bromide,苯维溴铵,fenpiverinii bromidum,bromure de fenpivérinium,bromuro de fenpiverinio,
dexamethasone acefurate,地塞米松呋酯,dexamethasoni acefuras,acéfurate de dexaméthasone,acefurato de dexametasona,
gestonorone caproate,己酸孕诺酮,gestonoroni caproas,caproate de gestonorone,caproato de gestonorona,
almokalant,阿莫卡兰,almokalantum,almokalant,almokalant,
niravoline,尼拉伏林,niravolinum,niravoline,niravolina,
pafenolol,帕非洛尔,pafenololum,pafénolol,pafenolol,
buquineran,丁喹伦,buquineranum,buquinéran,buquineran,
forasartan,福拉沙坦,forasartanum,forasartan,forasartán,
iometopane (123i),碘[123]苯托烷,iometopanum (123I),iométopane (123I),iometopano (123I),
daltroban,达曲班,daltrobanum,daltroban,daltrobán,
clomoxir,氯莫克舍,clomoxirum,clomoxir,clomoxir,
gramicidin s,短杆菌肽S,gramicidinum S,gramicidine S,gramicidina S,
dexnafenodone,右萘苯诺酮,dexnafenodonum,dexnafénodone,dexnafenodona,
timefurone,替美呋酮,timefuronum,timéfurone,timefurona,
closiramine,氯西拉敏,closiraminum,closiramine,closiramina,
dazoquinast,达唑司特,,dazoquinast,dazoquinast,
simvastatin,辛伐他汀,simvastatinum,simvastatine,simvastatina,
cefcanel daloxate,头孢卡奈酯,cefcanelum daloxatum,cefcanel daloxate,cefcanel daloxato,
mocimycin,莫西霉素,mocimycinum,mocimycine,mocimicina,
pramiracetam,普拉西坦,pramiracetamum,pramiracétam,pramiracetam,
mevastatin,美伐他汀,mevastatinum,mévastatine,mevastatina,
bentemazole,苯替马唑,bentemazolum,bentémazole,bentemazol,
laudexium metilsulfate,甲硫劳地铵,laudexii metilsulfas,métilsulfate de laudexium,metilsulfato de laudexio,
ticolubant,替可芦班,,ticolubant,ticolubant,
eflepedocokin alfa,依来白介素 22-α,eflepedocokinum alfa,eflépédocokine alfa,eflepedocokina alfa,
rilmakalim,利马卡林,rilmakalimum,rilmakalim,rilmakalim,
moxaprindine,莫沙律定,moxaprindinum,moxaprindine,moxaprindina,
cetefloxacin,西替沙星,cetefloxacinum,cétéfloxacine,cetefloxacino,
fabomotizole,法莫替唑,fabomotizolum,fabomotizole,fabomotizol,
rosterolone,罗雄龙,rosterolonum,rostérolone,rosterolona,
furidarone,呋碘达隆,furidaronum,furidarone,furidarona,
bornaprolol,波那洛尔,bornaprololum,bornaprolol,bornaprolol,
moxestrol,莫克雌醇,moxestrolum,moxestrol,moxestrol,
ismomultin alfa,伊司莫丁α,ismomultinum alfa,ismomultine alfa,ismomultina alfa,
fradafiban,夫雷非班,,fradafiban,fradafibán,
dalcotidine,达考替丁,,dalcotidine,dalcotidina,
ciladopa,西拉多巴,ciladopum,ciladopa,ciladopa,
midaglizole,咪格列唑,midaglizolum,midaglizole,midaglizol,
lodazecar,氯达西卡,lodazecarum,lodazécar,lodazecar,
resocortol,瑞索可托,resocortolum,résocortol,resocortol,
tametraline,他美曲林,tametralinum,tamétraline,tametralina,
aclarubicin,阿柔比星,aclarubicinum,aclarubicine,aclarubicina,
morclofone,吗氯酮,morclofonum,morclofone,morclofona,
benzatropine,苯扎托品,benzatropinum,benzatropine,benzatropina,
azlocillin,阿洛西林,azlocillinum,azlocilline,azlocilina,
atecegatran metoxil,美阿替加群,atecegatranum metoxilum,atécégatran métoxil,atecegatrán metoxilo,
talviraline,他韦林,talviralinum,talviraline,talviralina,
technetium (99mtc) furifosmin,锝[99mTc]呋膦,technetium (99mTc) furifosminum,technétium (99mTc) furifosmin,tecnecio (99mTc) furifosmina,
trengestone,群孕酮,trengestonum,trengestone,trengestona,
indanidine,吲达尼定,,indanidine,indanidina,
nictiazem,尼克硫,nictiazemum,nictiazem,nictiazem,
pexelizumab,培克珠单抗,pexelizumabum,pexélizumab,pexelizumab,
ecenofloxacin,依生沙星,ecenofloxacinum,écénofloxacine,ecenofloxacino,
tivirapine,替韦拉平,tivirapinum,tivirapine,tivirapina,
trenbolone,群勃龙,trenbolonum,trenbolone,trenbolona,
pralidoxime iodide,碘解磷定,,,,
clopipazan,氯哌帕生,clopipazanum,clopipazan,clopipazán,
levomoprolol,左莫普洛尔,levomoprololum,lévomoprolol,levomoprolol,
ioflubenzamide (131i),碘[131I]氟苯酰胺,ioflubenzamidum (131I),ioflubenzamide (131I),ioflubenzamida (131I),
prinoxodan,普啉索旦,prinoxodanum,prinoxodan,prinoxodano,
mazipredone,马泼尼酮,mazipredonum,maziprédone,mazipredona,
dexefaroxan,右依法克生,,dexéfaroxan,dexefaroxán,
tresperimus,曲培莫司,tresperimusum,trespérimus,tresperimus,
polixetonium chloride,聚塞氯铵,polixetonii chloridum,chlorure de polixétonium,cloruro de polixetonio,
benorilate,贝诺酯,benorilatum,bénorilate,benorilato,
dosergoside,度麦角胺,dosergosidum,dosergoside,dosergósido,
terestigmine,特斯的明,,térestigmine,terestigmina,
mitomalcin,米托马星,mitomalcinum,mitomalcine,mitomalcina,
sparfosic acid,膦门冬酸,acidum sparfosicum,acide sparfosique,ácido esparfósico,
quinfamide,喹法米特,quinfamidum,quinfamide,quinfamida,
norfloxacin succinil,琥诺沙星,norfloxacinum succinilum,norfloxacine succinil,norfloxacino succinilo,
lofendazam,洛芬达占,lofendazamum,lofendazam,lofendazam,
paclitaxel ceribate,紫杉醇酯,paclitaxelum ceribas,céribate de paclitaxel,ceribato de paclitaxel,
metaraminol,间羟胺,metaraminolum,métaraminol,metaraminol,
bermoprofen,柏莫洛芬,bermoprofenum,bermoprofène,bermoprofeno,
viridofulvin,绿黄菌素,viridofulvinum,viridofulvine,viridofulvina,
mioflazine,米氟嗪,mioflazinum,mioflazine,mioflazina,
cistinexine,西替克新,cistinexinum,cistinexine,cistinexina,
sinapultide,西那普肽,sinapultidum,sinapultide,sinapultida,
aluminium clofibrate,氯贝酸铝,aluminii clofibras,clofibrate d'aluminium,clofibrato de aluminio,
interferon alfacon-1,干扰素Alfacon-1,interferonum alfacon-1,interféron alfacon-1,interferón alfacón-1,
ethaverine,依沙维林,,éthavérine,etaverina,
medroxyprogesterone,甲羟孕酮,medroxyprogesteronum,médroxyprogestérone,medroxiprogesterona,
tofacitinib,托法替布,tofacitinibum,tofacitinib,tofacitinib,
itrocinonide,伊曲奈德,itrocinonidum,itrocinonide,itrocinónida,
derpanicate,德帕烟酯,derpanicatum,derpanicate,derpanicato,
fluciclatide (18f),氟[18F]拉环肽,fluciclatidum (18F),fluciclatide (18F),fluciclatida (18F),
pravastatin,普伐他汀,pravastatinum,pravastatine,pravastatina,
lilopristone,利洛司酮,lilopristonum,lilopristone,lilopristona,
brotianide,溴替尼特,brotianidum,brotianide,brotianida,
nifungin,尼芬净,nifunginum,nifungine,nifungina,
mafenide,磺胺米隆,mafenidum,mafénide,mafenida,
binifibrate,比尼贝特,binifibratum,binifibrate,binifibrato,
ciclonium bromide,环隆溴铵,ciclonii bromidum,bromure de ciclonium,bromuro de ciclonio,
litoxetine,利托西汀,litoxetinum,litoxétine,litoxetina,
transferrin aldifitox,阿地运铁蛋白,transferrinum aldifitoxum,transferrine aldifitox,transferrina aldifitox,
flortaucipir (18f),氟妥西吡[18F],flortaucipirum (18F),flortaucipir (18F),flortaucipir (18F),
mexiprostil,美昔前列素,mexiprostilum,mexiprostil,mexiprostilo,
cogazocine,可加佐辛,cogazocinum,cogazocine,cogazocina,
terbuprol,特布丙醇,terbuprolum,terbuprol,terbuprol,
tasonermin,他索纳明,tasonerminum,tasonermine,tasonermina,
octanoic acid,辛酸,acidum octanoicum,acide octanoïque,ácido octanoico,
mespiperone (11c),美螺哌酮[11C],mespiperonum (11C),mespipérone (11C),mespiperona (11C),
spiromustine,螺莫司汀,spiromustinum,spiromustine,espiromustina,
clioxanide,氯碘沙奈,clioxanidum,clioxanide,clioxanida,
lozilurea,氯齐脲,lozilurea,lozilurée,lozilurea,
sodium calcium edetate,依地酸钙钠,natrii calcii edetas,calcium édétate de sodium,calcioedetato de sodio,
elziverine,依齐维林,elziverinum,elzivérine,elziverina,
etoperidone,依托哌酮,etoperidonum,étopéridone,etoperidona,
fenaftic acid,非那夫酸,acidum fenafticum,acide fénaftique,ácido fenáftico,
febuprol,非布丙醇,febuprolum,fébuprol,febuprol,
prazocillin,普唑西林,prazocillinum,prazocilline,prazocilina,
aviptadil,阿肽地尔,aviptadilum,aviptadil,aviptadil,
cicaprost,西卡前列素,cicaprostum,cicaprost,cicaprost,
nalmefene,纳美芬,nalmefenum,nalméfène,nalmefeno,
tracazolate,曲卡唑酯,tracazolatum,tracazolate,tracazolato,
proligestone,普罗孕酮,proligestonum,proligestone,proligestona,
butalamine,布他拉胺,butalaminum,butalamine,butalamina,
cisconazole,顺康唑,cisconazolum,cisconazole,cisconazol,
palatrigine,帕拉曲近,palatriginum,palatrigine,palatrigina,
rasagiline,雷沙吉兰,rasagilinum,rasagiline,rasagilina,
sunagrel,舒那格雷,sunagrelum,sunagrel,sunagrel,
nicocortonide,尼可奈德,nicocortonidum,nicocortonide,nicocortónida,
promethazine teoclate,茶氯酸异丙嗪,promethazini teoclas,téoclate de prométhazine,teoclato de prometazina,
oxiniacic acid,氧烟酸,acidum oxiniacicum,acide oxiniacique,ácido oxiniácico,
tampramine,坦帕明,tampraminum,tampramine,tampramina,
moprolol,莫普洛尔,,moprolol,moprolol,
efaprinermin alfa,依普奈明α,efaprinerminum alfa,éfaprinermine alfa,efaprinermina alfa,
tolfenamic acid,托芬那酸,acidum tolfenamicum,acide tolfénamique,ácido tolfenámico,
fenoverine,非诺维林,fenoverinum,fénovérine,fenoverina,
diacetamate,双醋氨酯,diacetamatum,diacétamate,diacetamato,
florbenazine (18f),氟[18F]苯那秦,florbenazinum (18F),florbénazine (18F),florbenazina (18F),
sornidipine,索尼地平,sornidipinum,sornidipine,sornidipino,
darifenacin,达非那新,darifenacinum,darifénacine,darifenacina,
pirtenidine,吡替尼定,pirtenidinum,pirténidine,pirtenidina,
cinaproxen,西萘普生,cinaproxenum,cinaproxène,cinaproxeno,
piclopastine,吡氯斯汀,piclopastinum,piclopastine,piclopastina,
mirisetron,米立司琼,mirisetronum,mirisétron,mirisetrón,
oberadilol,奥拉地洛,oberadilolum,obéradilol,oberadilol,
chlorcyclizine,氯环力嗪,chlorcyclizinum,chlorcyclizine,clorciclizina,
oxabrexine,奥溴克新,oxabrexinum,oxabrexine,oxabrexina,
tazeprofen,他泽洛芬,tazeprofenum,tazéprofène,tazeprofeno,
nafenopin,萘酚平,nafenopinum,nafénopine,nafenopina,
maridomycin,马立霉素,maridomycinum,maridomycine,maridomicina,
ciprafamide,环丙法胺,,ciprafamide,ciprafamida,
tiapride,硫必利,tiapridum,tiapride,tiaprida,
dexrazoxane,右雷佐生,dexrazoxanum,dexrazoxane,dexrazoxano,
corticorelin,可的瑞林,corticorelinum,corticoréline,corticorelina,
butamirate,布他米酯,butamiratum,butamirate,butamirato,
zamtocabtagene autoleucel,泽基奥仑赛,zamtocabtagenum autoleucelum,zamtocabtagène autoleucel,zamtocabtagén autoleucel,
pamidronic acid,帕米膦酸,acidum pamidronicum,acide pamidronique,ácido pamidrónico,
ronactolol,罗那洛尔,ronactololum,ronactolol,ronactolol,
pivopril,匹伏普利,pivoprilum,pivopril,pivopril,
mitobronitol,二溴甘露醇,mitobronitolum,mitobronitol,mitobronitol,
dimetofrine,二甲福林,dimetofrinum,dimétofrine,dimetofrina,
mipeginterferon alfa-2b,米培干扰素α-2b,mipeginterferonum alfa-2b,mipèginterféron alfa-2b,mipeginterferón alfa-2b,
meluadrine,美芦君,meluadrinum,méluadrine,meluadrina,
omidoline,奥脒多林,omidolinum,omidoline,omidolina,
tuclazepam,妥氯西泮,tuclazepamum,tuclazépam,tuclazepam,
oxogestone,奥索孕酮,oxogestonum,oxogestone,oxogestona,
droprenilamine,氢普拉明,droprenilaminum,droprénilamine,droprenilamina,
tematropium metilsulfate,甲硫托铵,tematropii metilsulfas,métilsulfate de tématropium,metilsulfato de tematropio,
neluxicapone,奈卢卡朋,,néluxicapone,neluxicapona,
thymocartin,胸腺卡汀,thymocartinum,thymocartine,timocartina,
dapabutan,达帕布坦,dapabutanum,dapabutan,dapabutano,
arclofenin,阿氯苯宁,arclofeninum,arclofénine,arclofenina,
guaisteine,愈创司坦,guaisteinum,guaïstéine,guaisteína,
setipafant,司替帕泛,setipafantum,sétipafant,setipafant,
rupatadine,芦帕他定,,rupatadine,rupatadina,
trimebutine,曲美布汀,trimebutinum,trimébutine,trimebutina,
satoreotide tetraxetan,特昔沙瑞肽,satoreotidum tetraxetanum,satoréotide tétraxétan,satoreotida tetraxetán,
carbimazole,卡比马唑,,carbimazole,carbimazol,
mitosper,米托司培,mitosperum,mitosper,mitospero,
remoxipride,瑞莫必利,remoxipridum,rémoxipride,remoxiprida,
triamcinolone benetonide,苯曲安奈德,triamcinoloni benetonidum,triamcinolone bénétonide,triamcinolona benetónido,
iotroxic acid,碘曲西酸,,acide iotroxique,ácido iotróxico,
tricosactide,曲可克肽,tricosactidum,tricosactide,tricosactida,
lopobutan,洛泊布坦,lopobutanum,lopobutan,lopobutano,
posatirelin,泊替瑞林,posatirelinum,posatiréline,posatirelina,
iolidonic acid,碘利多酸,acidum iolidonicum,acide iolidonique,ácido iolidónico,
tribenoside,三苄糖苷,tribenosidum,tribénoside,tribenósido,
piquindone,匹喹酮,piquindonum,piquindone,piquindona,
rufloxacin,芦氟沙星,rufloxacinum,rufloxacine,rufloxacino,
sanfetrinem,山费曲南,sanfetrinemum,sanfétrinem,sanfetrinem,
mivobulin,米伏布林,mivobulinum,mivobuline,mivobulina,
etipirium iodide,依吡碘铵,etipirii iodidum,iodure d'étipirium,ioduro de etipirio,
orvacabtagene autoleucel,沃卡基奥仑赛,orvacabtagenum autoleucelum,orvacabtagène autoleucel,orvacabtagén autoleucel,
ethyl biscoumacetate,双香豆乙酯,ethylis biscoumacetas,biscoumacétate d'éthyle,biscumacetato de etilo,
chloroprednisone,氯泼尼松,chloroprednisonum,chloroprednisone,cloroprednisona,
tiaprofenic acid,噻洛芬酸,acidum tiaprofenicum,acide tiaprofénique,ácido tiaprofénico,
minodronic acid,米诺膦酸,acidum minodronicum,acide minodronique,ácido minodrónico,
octopamine,奥克巴胺,,octopamine,octopamina,
alsactide,阿沙克肽,alsactidum,alsactide,alsactida,
ferric fructose,果糖铁,fructosum ferricum,fructose ferrique,fructosa férrica,
ancrod,安克洛酶,ancrodum,ancrod,ancrod,
pantoprazole,泮托拉唑,pantoprazolum,pantoprazole,pantoprazol,
tiflucarbine,替氟卡宾,tiflucarbinum,tiflucarbine,tiflucarbina,
dramedilol,屈美地洛,dramedilolum,dramédilol,dramedilol,
palinavir,帕利那韦,palinavirum,palinavir,palinavir,
dotefonium bromide,多福溴铵,dotefonii bromidum,bromure de dotéfonium,bromuro de dotefonio,
anidoxime,阿尼多昔,anidoximum,anidoxime,anidoxima,
enefexine,乙非辛,enefexinum,énéfexine,enefexina,
clomacran,氯马克仑,clomacranum,clomacrane,clomacrán,
pravadoline,普拉多林,pravadolinum,pravadoline,pravadolina,
histidine,组氨酸,histidinum,histidine,histidina,
ramosetron,雷莫司琼,ramosetronum,ramosétron,ramosetrón,
iolixanic acid,碘利扎酸,acidum iolixanicum,acide iolixanique,ácido iolixánico,
anaritide,阿那立肽,anaritidum,anaritide,anaritida,
samarium (153sm) lexidronam,来昔屈南钐[153Sm],samarii (153Sm) lexidronamum,samarium (153Sm) lexidronam,samario (153Sm) lexidronam,
atibeprone,阿替普隆,atibepronum,atibéprone,atibeprona,
oxpheneridine,羟芬利定,,oxphénéridine,oxofeneridina,
fandofloxacin,泛度沙星,fandofloxacinum,fandofloxacine,fandofloxacino,
indolapril,吲哚普利,indolaprilum,indolapril,indolapril,
menfegol,苯聚醇,menfegolum,menfégol,menfegol,
cefodizime,头孢地秦,cefodizimum,céfodizime,cefodizima,
talmetacin,他美辛,talmetacinum,talmétacine,talmetacina,
penbutolol,喷布洛尔,penbutololum,penbutolol,penbutolol,
butenafine,布替萘芬,butenafinum,buténafine,butenafina,
sagandipine,沙更地平,sagandipinum,sagandipine,sagandipino,
toltrazuril,托曲珠利,toltrazurilum,toltrazuril,toltrazurilo,
gloxazone,格洛沙腙,gloxazonum,gloxazone,gloxazona,
pentapiperium metilsulfate,甲硫戊哌铵,pentapiperii metilsulfas,métilsulfate de pentapipérium,metilsulfato de pentapiperio,
dilazep,地拉,dilazepum,dilazep,dilazep,
verbrinacogene setparvovec,司哌沃贝考基,verbrinacogenum setparvovecum,verbrinacogène setparvovec,verbrinacogén setparvovec,
tolperisone,托哌酮,tolperisonum,tolpérisone,tolperisona,
femoxetine,非莫西汀,femoxetinum,fémoxétine,femoxetina,
leurubicin,流柔比星,leurubicinum,leurubicine,leurubicina,
pentigetide,喷替吉肽,pentigetidum,pentigétide,pentigetida,
tauroselcholic acid,牛磺硒胆酸,acidum tauroselcholicum,acide taurosélcholique,ácido tauroselcólico,
loperamide,洛哌丁胺,loperamidum,lopéramide,loperamida,
brinase,纤维蛋白酶,brinasum,brinase,brinasa,
iocanlidic acid (123i),碘[123I]苯十五烷酸,acidum iocanlidicum (123I),acide iocanlidique (123I),ácido iocanlídico (123I),
magnesium clofibrate,氯贝酸镁,magnesii clofibras,clofibrate de magnésium,clofibrato de magnesio,
proxifezone,丙酯非宗,proxifezonum,proxifézone,proxifezona,
cefotaxime,头孢噻肟,cefotaximum,céfotaxime,cefotaxima,
rosiglitazone,罗格列酮,rosiglitazonum,rosiglitazone,rosiglitazona,
isomazole,伊索马唑,isomazolum,isomazole,isomazol,
piprozolin,哌普唑林,piprozolinum,piprozoline,piprozolina,
glicondamide,格列康胺,glicondamidum,glicondamide,glicondamida,
fluperlapine,氟培拉平,fluperlapinum,fluperlapine,fluperlapina,
tamoxifen,他莫昔芬,tamoxifenum,tamoxifène,tamoxifeno,
ataprost,阿前列素,ataprostum,ataprost,ataprost,
neldazosin,奈达唑嗪,neldazosinum,neldazosine,neldazosina,
fluperamide,氟哌醇胺,fluperamidum,flupéramide,fluperamida,
iobenguane (131i),碘苄胍[131I],iobenguanum (131I),iobenguane (131I),iobenguano (131I),
esculamine,七叶胺,esculaminum,esculamine,esculamina,
mepyramine,美吡拉敏,mepyraminum,mépyramine,mepiramina,
rafoxanide,雷复沙奈,rafoxanidum,rafoxanide,rafoxanida,
lotrafiban,洛曲非班,,lotrafiban,lotrafibán,
nileprost,尼来前列素,nileprostum,niléprost,nileprost,
mavilimogene ralaplasmid,瑞米马利基,mavilimogenum ralaplasmidum,mavilimogène ralaplasmide,mavilimogén ralaplásmido,
poliglusam,聚氨葡糖,poliglusamum,poliglusam,poliglusam,
prorenoate potassium,丙利酸钾,prorenoatum kalicum,prorénoate potassique,prorenoato de potasio,
berythromycin,红霉素B,berythromycinum,bérythromycine,beritromicina,
tulopafant,妥洛帕泛,tulopafantum,tulopafant,tulopafant,
pilsicainide,吡西卡尼,pilsicainidum,pilsicaïnide,pilsicainida,
bifeprofen,联苯洛芬,bifeprofenum,biféprofène,bifeprofeno,
azimilide,阿齐利特,azimilidum,azimilide,azimilida,
cinchocaine,辛可卡因,cinchocainum,cinchocaïne,cincocaína,
sampatrilat,山帕曲拉,sampatrilatum,sampatrilate,sampatrilat,
apovincamine,阿扑长春胺,apovincaminum,apovincamine,apovincamina,
enfenamic acid,恩芬那酸,acidum enfenamicum,acide enfénamique,ácido enfenámico,
pemlimogene merolisbac,美巴潘莫基,pemlimogenum merolisbacum,pemlimogène mérolisbac,pemlimogén merolisbac,
timofibrate,替莫贝特,timofibratum,timofibrate,timofibrato,
bromazine,溴马秦,bromazinum,bromazine,bromazina,
gapicomine,加匹可明,gapicominum,gapicomine,gapicomina,
spiroxepin,螺克塞平,spiroxepinum,spiroxépine,espiroxepina,
prefenamate,普瑞芬那酯,prefenamatum,préfénamate,prefenamato,
sulfatroxazole,磺胺曲沙唑,sulfatroxazolum,sulfatroxazole,sulfatroxazol,
melarsomine,美拉索明,melarsominum,mélarsomine,melarsomina,
truxicurium iodide,曲库碘铵,truxicurii iodidum,iodure de truxicurium,ioduro de truxicurio,
metipirox,甲吡酮,metipiroxum,métipirox,metipirox,
cefepime,头孢吡肟,cefepimum,céfépime,cefepima,
oxprenolol,氧烯洛尔,oxprenololum,oxprénolol,oxprenolol,
cepeginterferon alfa-2b,西培干扰素α-2b,cepeginterferonum alfa-2b,cépeginterféron alfa-2b,cepeginterferón alfa-2b,
domazoline,多马唑啉,domazolinum,domazoline,domazolina,
tilorone,替洛隆,tiloronum,tilorone,tilorona,
butobendine,布托苯定,butobendinum,butobendine,butobendina,
pirdonium bromide,哌度溴铵,pirdonii bromidum,bromure de pirdonium,bromuro de pirdonio,
mabuterol,马布特罗,mabuterolum,mabutérol,mabuterol,
depramine,地帕明,depraminum,dépramine,depramina,
beremagene geperpavec,戈合贝基,beremagenum geperpavecum,bérémagène géperpavec,beremagén geperpavec,
iomazenil (123i),碘[123I]西尼,iomazenilum (123I),iomazénil (123I),iomazenil (123I),
tenofovir alafenamide,丙酚替诺福韦,tenofovirum alafenamidum,ténofovir alafénamide,tenofovir alafenamida,
enoximone,依诺昔酮,enoximonum,énoximone,enoximona,
tropirine,托吡林,tropirinum,tropirine,tropirina,
cortisuzol,可的磺唑,cortisuzolum,cortisuzol,cortisuzol,
etilefrine pivalate,依替福林酯,etilefrini pivalas,pivalate d'étiléfrine,pivalato de etilefrina,
lirequinil,利瑞奎尼,lirequinilum,liréquinil,lirequinilo,
tepirindole,替吡吲哚,tepirindolum,tépirindole,tepirindol,
flumexadol,氟甲沙多,flumexadolum,fluméxadol,flumexadol,
insulin zinc suspension (amorphous),无定形胰岛素锌悬浊液,insulini cum zinco (amorphi) suspensio,suspension d'insuline zinc (amorphe),suspension de insulina cinc (amorfa),
norgestomet,诺孕美特,norgestometum,norgestomet,norgestomet,
minaprine,米那普令,minaprinum,minaprine,minaprina,
eberconazole,依柏康唑,eberconazolum,éberconazole,eberconazol,
candoxatrilat,坎沙曲拉,candoxatrilatum,candoxatrilate,candoxatrilat,
cipaglucosidase alfa,西哌糖苷酶α,cipaglucosidasum alfa,cipaglucosidase alfa,cipaglucosidasa alfa,
prademagene zamikeracel,帕基佐壳赛,prademagenum zamikeracelum,pradémagène zamikéracel,prademagén zamikeracel,
truxipicurium iodide,曲匹碘铵,truxipicurii iodidum,iodure de truxipicurium,ioduro de truxipicurio,
ketazolam,凯他唑仑,ketazolamum,kétazolam,ketazolam,
exametazime,依沙美肟,exametazimum,examétazime,exametazima,
milipertine,米利哌汀,milipertinum,milipertine,milipertina,
ilepcimide,伊来西胺,ilepcimidum,ilepcimide,ilepcimida,
thyrotropin alfa,促甲状腺素α,thyrotropinum alfa,thyrotropine alfa,tirotropina alfa,
ivarimod,伊伐莫德,ivarimodum,ivarimod,ivarimod,
levosemotiadil,左司莫地尔,levosemotiadilum,lévosémotiadil,levosemotiadil,
methylrosanilinium chloride,甲紫,,chlorure de méthylrosanilinium,cloruro de metilrosanilina,
vinburnine,长春布宁,vinburninum,vinburnine,vinburnina,
zafuleptine,扎氟普汀,zafuleptinum,zafuleptine,zafuleptina,
tefenperate,替芬哌酯,tefenperatum,téfenpérate,tefenperato,
insulin zinc suspension (crystalline),结晶胰岛素锌悬浊液,insulini cum zinco (crystallisati) suspensio,suspension d'insuline zinc(cristallisée),suspension de insulina cinc (cristal.),
isosulpride,异舒必利,isosulpridum,isosulpride,isosulprida,
tretinoin tocoferil,托维A酯,tretinoinum tocoferilum,trétinoïne tocoféril,tretinoína tocoferilo,
trizoxime,曲佐肟,trizoximum,trizoxime,trizoxima,
zatosetron,扎托司琼,zatosetronum,zatosétron,zatosetrón,
orbutopril,奥布普利,orbutoprilum,orbutopril,orbutopril,
riboprine,利波腺苷,riboprinum,riboprine,riboprina,
ilonidap,伊洛达普,ilonidapum,ilonidap,ilonidap,
iozomic acid,碘佐米酸,acidum iozomicum,acide iozomique,ácido iozómico,
ciprazafone,环丙扎封,ciprazafonum,ciprazafone,ciprazafona,
tertatolol,特他洛尔,tertatololum,tertatolol,tertatolol,
galdansetron,加丹司琼,galdansetronum,galdansétron,galdansetrón,
tiludronic acid,替鲁膦酸,acidum tiludronicum,acide tiludronique,ácido tiludrónico,
guacetisal,呱西替柳,guacetisalum,guacétisal,guacetisal,
cetomacrogol 1000,聚西托醇1000,cetomacrogolum 1000,cétomacrogol 1000,cetomacrogol 1000,
estriol succinate,琥珀雌三醇,estrioli succinas,succinate d'estriol,succinato de estriol,
morocromen,吗克罗孟,morocromenum,morocromène,morocromeno,
tinofedrine,替诺非君,tinofedrinum,tinofédrine,tinofedrina,
eflimrufusp alfa,依利姆芙普α,eflimrufuspum alfa,éflimrufusp alfa,eflimrufusp alfa,
amquinate,氨喹酯,amquinatum,amquinate,anquinato,
ciamexon,腈美克松,ciamexonum,ciamexon,ciamexón,
aminoquinol,阿米诺喹,aminoquinolum,aminoquinol,aminoquinol,
anazocine,阿那佐辛,anazocinum,anazocine,anazocina,
proxibutene,丙昔丁烯,proxibutenum,proxibutène,proxibuteno,
pobilukast,泊鲁司特,pobilukastum,pobilukast,pobilukast,
lanproston,兰前列酮,,lanprostone,lanprostón,
methylbenzethonium chloride,甲苄索氯铵,methylbenzethonii chloridum,chlorure de méthylbenzéthonium,cloruro de metilbencetonio,
tarloxotinib bromide,溴他替尼,tarloxotinibi bromidum,bromure de tarloxotinib,bromuro de tarloxotinib,
bisaramil,比沙雷米,bisaramilum,bisaramil,bisaramilo,
fabesetron,法贝司琼,,fabésétron,fabesetrón,
hydrocortisone aceponate,醋丙氢可的松,hydrocortisoni aceponas,acéponate d'hydrocortisone,aceponato de hidrocortisona,
glisamuride,格列沙脲,glisamuridum,glisamuride,glisamurida,
roxibolone,罗昔勃龙,roxibolonum,roxibolone,roxibolona,
serclutamab talirine,托思诺妥单抗,serclutamabum talirinum,serclutamab talirine,serclutamab talirina,
benzodrocortisone,苯甲酸氢化可的松,,benzodrocortisone,benzodrocortisona,
diphemanil metilsulfate,甲硫二苯马尼,diphemanili metilsulfas,métilsulfate de diphémanil,metilsulfato de difemanilo,
levomenol,左美诺醇,levomenolum,lévoménol,levomenol,
salazodine,柳氮定,salazodinum,salazodine,salazodina,
carbenicillin,羧苄西林,carbenicillinum,carbénicilline,carbenicilina,
tigemonam,替吉莫南,tigemonamum,tigémonam,tigemonam,
lorbamate,劳氨酯,lorbamatum,lorbamate,lorbamato,
temocaprilat,替莫普利拉,temocaprilatum,témocaprilate,temocaprilato,
arotinolol,阿罗洛尔,arotinololum,arotinolol,arotinolol,
pirinixil,匹立昔尔,pirinixilum,pirinixil,pirinixilo,
emitefur,乙嘧替氟,emitefurum,émitéfur,emitefur,
polidexide sulfate,硫酸聚糖胺,polidexidi sulfas,sulfate de polidexide,sulfato de polidexida,
diethyltoluamide,二乙甲苯酰胺,diethyltoluamidum,diéthyltoluamide,dietiltoluamida,
mindodilol,明多地洛,mindodilolum,mindodilol,mindodilol,
benfurodil hemisuccinate,琥珀苯呋地尔,benfurodili hemisuccinas,hémisuccinate de benfurodil,hemisuccinato de benfurodil,
feniodium chloride,氯苯碘,feniodii chloridum,chlorure de féniodium,cloruro de feniodio,
eramkafusp alfa,依瑞卡芙普α,eramkafuspum alfa,éramkafusp alfa,eramkafusp alfa,
bufetolol,布非洛尔,bufetololum,bufétolol,bufetolol,
mycophenolic acid,麦考酚酸,acidum mycophenolicum,acide mycophénolique,ácido micofenólico,
geclosporin,吉环孢素,geclosporinum,géclosporine,geclosporina,
fepradinol,非普地醇,fepradinolum,fépradinol,fepradinol,
pifonakin,匹福白介素,pifonakinum,pifonakine,pifonakina,
propenidazole,普罗硝唑,propenidazolum,propénidazole,propenidazol,
isepamicin,异帕米星,,isépamicine,isepamicina,
talinolol,他林洛尔,talinololum,talinolol,talinolol,
inositol nicotinate,烟酸肌醇酯,inositoli nicotinas,nicotinate d'inositol,nicotinato de inositol,
efonidipine,依福地平,efonidipinum,éfonidipine,efonidipino,
ipazilide,依帕利特,ipazilidum,ipazilide,ipazilida,
raclopride,雷氯必利,raclopridum,raclopride,racloprida,
iobutoic acid,碘布酸,acidum iobutoicum,acide iobutoïque,ácido iobutoico,
epsiprantel,依西太尔,epsiprantelum,epsiprantel,epsiprantel,
prospidium chloride,丙螺氯铵,prospidii chloridum,chlorure de prospidium,cloruro de prospidio,
cilastatin,西司他丁,cilastatinum,cilastatine,cilastatina,
dapiprazole,达哌唑,dapiprazolum,dapiprazole,dapiprazol,
orconazole,奥康唑,,orconazole,orconazol,
betibeglogene darolentivec,达兰贝格基,betibeglogenum darolentivecum,bétibéglogène darolentivec,betibeglogén darolentivec,
carboprost,卡前列素,carboprostum,carboprost,carboprost,
iomeglamic acid,碘美拉酸,acidum iomeglamicum,acide ioméglamique,ácido iomeglámico,
prednisolone steaglate,泼尼松龙酯,prednisoloni steaglas,stéaglate de prednisolone,esteaglato de prednisolona,
lorcinadol,洛西那多,lorcinadolum,lorcinadol,lorcinadol,
dietifen,二乙替芬,dietifenum,diétifène,dietifeno,
dimepregnen,地美孕烯,dimepregnenum,diméprégnène,dimepregneno,
fenflumizol,芬氟咪唑,,fenflumizole,fenflumizol,
elisartan,依利沙坦,,élisartan,elisartán,
laprituximab emtansine,恩美拉瑞妥昔单抗,laprituximabum emtansinum,laprituximab emtansine,laprituximab emtansina,
alozafone,阿氯扎封,alozafonum,alozafone,alozafona,
etranacogene dezaparvovec,地哌艾可基,etranacogenum dezaparvovecum,étranacogène dézaparvovec,etranacogén dezaparvovec,
chlorbetamide,氯倍他胺,,chlorbétamide,clorbetamida,
halofuginone,卤夫酮,halofuginonum,halofuginone,halofuginona,
cetocycline,西托环素,cetocyclinum,cétocycline,cetociclina,
meclocycline,甲氯环素,meclocyclinum,méclocycline,meclociclina,
broxitalamic acid,溴异酞酸,acidum broxitalamicum,acide broxitalamique,ácido broxitalámico,
sulfacecole,磺胺西考,sulfacecolum,sulfacécole,sulfacecol,
flufenisal,氟苯柳,,flufénisal,flufenisal,
mepiprazole,美吡哌唑,mepiprazolum,mépiprazole,mepiprazol,
acodazole,阿考达唑,acodazolum,acodazole,acodazol,
dicobalt edetate,依地酸二钴,dicobalti edetas,édétate dicobaltique,edetato dicobaltio,
sodium morrhuate,鱼肝油酸钠,natrii morrhuas,morrhuate de sodium,morruato de sodio,
morazone,吗拉宗,,morazone,morazona,
phytonadiol sodium diphosphate,二氢维生素K1磷酸钠,phytonadioli natrii diphosphas,diphosphate sodique de phytonadiol,fitonadiol de sodio difosfato,
meproscillarin,甲海葱次苷,meproscillarinum,méproscillarine,meproscilarina,
melitracen,美利曲辛,melitracenum,mélitracène,melitraceno,
isospaglumic acid,异冬谷酸,acidum isospaglumicum,acide isospaglumique,ácido isospaglúmico,
etoxadrol,乙苯啶,etoxadrolum,étoxadrol,etoxadrol,
suxibuzone,琥布宗,suxibuzonum,suxibuzone,suxibuzona,
upenazime,乌培那肟,upenazimum,upénazime,upenazima,
troxipide,曲昔派特,troxipidum,troxipide,troxipida,
alexitol sodium,铝糖醇钠,alexitolum natricum,alexitol sodique,alexitol de sodio,
indusatumab vedotin,维英多妥尤单抗,indusatumabum vedotinum,indusatumab védotine,indusatumab vedotina,
quetiapine,喹硫平,quetiapinum,quétiapine,quetiapina,
darotropium bromide,达罗溴铵,darotropii bromidum,bromure de darotropium,bromuro de darotropio,
naratuximab emtansine,恩美那拉妥昔单抗,naratuximabum emtansinum,naratuximab emtansine,naratuximab emtansina,
cefazedone,头孢西酮,cefazedonum,céfazédone,cefazedona,
cotoretigene toliparvovec,利哌考瑞基,cotoretigenum toliparvovecum,cotoretigène toliparvovec,cotoretigén toliparvovec,
darenzepine,达仑西平,,darenzépine,darenzepina,
etofenprox,依芬普司,etofenproxum,étofenprox,etofenprox,
metrifudil,腺苷地尔,metrifudilum,métrifudil,metrifudil,
moveltipril,莫维普利,moveltiprilum,moveltipril,moveltipril,
nolatrexed,诺拉曲塞,nolatrexedum,nolatrexed,nolatrexed,
balsalazide,巴柳氮,balsalazidum,balsalazide,balsalazida,
ronifibrate,氯烟贝特,ronifibratum,ronifibrate,ronifibrato,
moxadolen,莫沙多林,moxadolenum,moxadolène,moxadoleno,
nadoxolol,萘肟洛尔,nadoxololum,nadoxolol,nadoxolol,
argimesna,精美司那,argimesnum,argimesna,argimesna,
prenalterol,普瑞特罗,prenalterolum,prénaltérol,prenalterol,
modaline,莫达林,modalinum,modaline,modalina,
pimeclone,哌美酮,pimeclonum,piméclone,pimeclona,
sesiclenegene cosaparvovec,柯哌斯奈基,sesiclenegenum cosaparvovecum,sésiclénégène cosaparvovec,sesiclenegén cosaparvovec,
romergoline,罗麦角林,romergolinum,romergoline,romergolina,
fluorodopa (18f),氟[18F]多巴,fluorodopum (18F),fluorodopa (18F),fluorodopa (18F),
cinpropazide,桂丙齐特,cinpropazidum,cinpropazide,cinpropazida,
falintolol,法林洛尔,falintololum,falintolol,falintolol,
biniramycin,比尼霉素,biniramycinum,biniramycine,biniramicina,
dobupride,多布必利,dobupridum,dobupride,dobuprida,
drotebanol,羟蒂巴酚,drotebanolum,drotébanol,drotebanol,
loviride,洛韦胺,loviridum,loviride,lovirida,
somidobove,牛度生长素,somidobovum,somidobove,somidobovo,
cefpimizole,头孢咪唑,cefpimizolum,cefpimizole,cefpimizol,
niperotidine,尼培替丁,niperotidinum,nipérotidine,niperotidina,
rebamipide mofetil,吗替瑞巴派特,rebamipidum mofetilum,rébamipide mofétil,rebamipida de mofetilo,
tilozepine,替氯西平,tilozepinum,tilozépine,tilozepina,
umespirone,乌美螺酮,umespironum,umespirone,umespirona,
brindoxime,布茚多辛,brindoximum,brindoxime,brindoxima,
tixocortol,替可的松,tixocortolum,tixocortol,tixocortol,
zomepirac,佐美酸,zomepiracum,zomépirac,zomepiraco,
cebaracetam,西巴西坦,cebaracetamum,cébaracétam,cebaracetam,
mefenidramium metilsulfate,甲硫美芬铵,mefenidramii metilsulfas,métilsulfate de méfénidramium,metilsulfato de mefenidramio,
loxiglumide,氯昔谷胺,loxiglumidum,loxiglumide,loxiglumida,
mofloverine,吗洛维林,mofloverinum,moflovérine,mofloverina,
benzpyrinium bromide,苄吡溴铵,benzpyrinii bromidum,bromure de benzpyrinium,bromuro de benzopirinio,
rocakinogene sifuplasmid,司洛吉基,rocakinogenum sifuplasmidum,rocakinogène sifuplasmide,rocakinogén sifuplasmida,
pegdarbepoetin beta,培达促红素β,pegdarbepoetinum beta,pegdarbépoétine bêta,pegdarbepoetina beta,
tazobactam,他唑巴坦,tazobactamum,tazobactam,tazobactam,
nebidrazine,奈比腙,nebidrazinum,nébidrazine,nebidrazina,
clopidol,氯吡多,clopidolum,clopidol,clopidol,
ferropolimaler,聚马醚亚铁,ferropolimalerum,ferropolimalère,ferropolimalero,
bromociclen,溴西克林,bromociclenum,bromociclène,bromocicleno,
bisfentidine,比芬替丁,bisfentidinum,bisfentidine,bisfentidina,
fibracillin,非布西林,fibracillinum,fibracilline,fibracilina,
valofane,哇洛凡,,valofane,valofano,
enpiprazole,恩吡哌唑,enpiprazolum,enpiprazole,enpiprazol,
denipride,地尼必利,denipridum,dénipride,deniprida,
glenvastatin,格仑伐他汀,glenvastatinum,glenvastatine,glenvastatina,
felvizumab,泛韦珠单抗,felvizumabum,felvizumab,felvizumab,
tiamenidine,噻美尼定,tiamenidinum,tiaménidine,tiamenidina,
bervastatin,柏伐他汀,bervastatinum,bervastatine,bervastatina,
troplasminogen alfa,曲纤溶酶原α,troplasminogenum alfa,troplasminogène alfa,troplasminógeno alfa,
trimedoxime bromide,溴三甲肟,trimedoximi bromidum,bromure de trimédoxime,bromuro de trimedoxima,
tigestol,替孕醇,tigestolum,tigestol,tigestol,
vanglusagene ensiparvovec,恩哌凡基,vanglusagenum ensiparvovecum,vanglusagène ensiparvovec,vanglusagén ensiparvovec,
brimonidine,溴莫尼定,brimonidinum,brimonidine,brimonidina,
biphasic insulin injection,双相胰岛素注射液,insulini injectio biphasica,soluté injectable d'insuline biphasique,inyectable de insulina bifásica,
tosactide,托沙克肽,tosactidum,tosactide,tosactida,
perbufylline,哌丁茶碱,perbufyllinum,perbufylline,perbufilina,
pifexole,匹非克索,pifexolum,piféxole,pifexol,
ilmetropium iodide,伊托碘铵,ilmetropii iodidum,iodure d'ilmétropium,ioduro de ilmetropio,
pentamorphone,戊吗酮,pentamorphonum,pentamorphone,pentamorfona,
indoprofen,吲哚洛芬,indoprofenum,indoprofène,indoprofeno,
nufenoxole,奴芬克索,,nufénoxole,nufenoxol,
guanazodine,胍那佐定,guanazodinum,guanazodine,guanazodina,
gestaclone,孕氯酮,gestaclonum,gestaclone,gestaclona,
ofornine,奥福宁,oforninum,ofornine,ofornina,
tifurac,替呋酸,tifuracum,tifurac,tifuraco,
clervonafusp alfa,克雷那芙普α,clervonafuspum alfa,clervonafusp alfa,clervonafusp alfa,
ziconotide,齐考诺肽,,ziconotide,ziconotida,
tivanidazole,替伐硝唑,tivanidazolum,tivanidazole,tivanidazol,
cimoxatone,西莫沙酮,cimoxatonum,cimoxatone,cimoxatona,
pioglitazone,吡格列酮,pioglitazonum,pioglitazone,pioglitazona,
meobentine,甲氧苯汀,meobentinum,méobentine,meobentina,
nilestriol,尼尔雌醇,nilestriolum,nilestriol,nilestriol,
actinium (225ac) lintuzumab satetraxetan,沙锕(225Ac)林妥珠单抗,actinium (225Ac) lintuzumabum satetraxetanum,actinium (225Ac) lintuzumab satétraxétan,actinio (225Ac) lintuzumab satetraxetán,
idroxioleic acid,伊屈昔莱酸,acidum idroxioleicum,acide idroxioléique,ácido idroxioleico,
steffimycin,司替霉素,steffimycinum,steffimycine,estefimicina,
biciromab,比西单抗,biciromabum,biciromab,biciromab,
cevaretigene ritoparvovec,瑞哌西沃基,cevaretigenum ritoparvovecum,cévarétigène ritoparvovec,cevaretigén ritoparvovec,
rimazolium metilsulfate,甲硫利马唑,rimazolii metilsulfas,métilsulfate de rimazolium,metilsulfato de rimazolio,
cetuximab sarotalocan,沙西妥昔单抗,cetuximabum sarotalocanum,cétuximab sarotalocan,cetuximab sarotalocán,
urokinase alfa,尿激酶α,urokinasum alfa,urokinase alfa,urokinasa alfa,
clazolam,克拉唑仑,clazolamum,clazolam,clazolam,
napirimus,萘吡莫司,napirimusum,napirimus,napirimús,
taleranol,他来拉醇,taleranolum,taléranol,taleranol,
lexofenac,来克芬酸,lexofenacum,lexofénac,lexofenaco,
ethisterone,炔孕酮,ethisteronum,ethistérone,etisterona,
lidimycin,利地霉素,lidimycinum,lidimycine,lidimicina,
somatropin pegol,培戈-生长激素,somatropinum pegolum,somatropine pégol,somatropina pegol,
entacingene turiparvovec,瑞哌恩基,entacingenum turiparvovecum,entacingène turiparvovec,entacingén turiparvovec,
clofenetamine,氯苯他明,,clofénétamine,clofenetamina,
montirelin,孟替瑞林,montirelinum,montiréline,montirelina,
cicloheximide,环己米特,cicloheximidum,cicloheximide,cicloheximida,
bromerguride,溴麦角脲,bromerguridum,bromerguride,bromergurida,
polyglycolic acid,聚乙醇酸,acidum polyglycolicum,acide polyglycolique,ácido poliglicólico,
piperoxan,哌罗克生,piperoxanum,pipéroxan,piperoxano,
etiproston,依替前列通,,étiprostone,etiprostón,
temarotene,替马罗汀,,témarotène,temaroteno,
bendamustine,苯达莫司汀,bendamustinum,bendamustine,bendamustina,
binizolast,比尼司特,binizolastum,binizolast,binizolast,
emakalim,依马卡林,emakalimum,émakalim,emakalim,
halofenate,卤芬酯,halofenatum,halofénate,halofenato,
ambroxol,氨溴索,ambroxolum,ambroxol,ambroxol,
cirazoline,西拉唑啉,,cirazoline,cirazolina,
ethyl cartrizoate,碘卡乙酯,ethylis cartrizoas,cartrizoate d'éthyle,cartrizoato de etilo,
calcium benzamidosalicylate,苯沙酸钙,calcii benzamidosalicylas,benzamidosalicylate de calcium,benzamidosalicilato de calcio,
insulin peglispro,培赖脯胰岛素,insulinum peglisprum,insuline péglispro,insulina peglispro,
beperidium iodide,贝哌碘铵,beperidii iodidum,iodure de bépéridium,ioduro de beperidio,
mannosulfan,甘露舒凡,mannosulfanum,mannosulfan,manosulfano,
biriperone,比立哌隆,biriperonum,biripérone,biriperona,
tiprostanide,替前列胺,tiprostanidum,tiprostanide,tiprostanida,
lorpiprazole,洛吡哌唑,lorpiprazolum,lorpiprazole,lorpiprazol,
clorindanic acid,氯茚酚酸,acidum clorindanicum,acide clorindanique,ácido clorindánico,
sitofibrate,西托贝特,sitofibratum,sitofibrate,sitofibrato,
barbital sodium,巴比妥钠,barbitalum natricum,barbital sodique,barbital de sodio,
acefylline piperazine,哌醋茶碱,,acéfylline pipérazine,acefilina piperazina,
xilobam,希洛班,xilobamum,xilobam,xilobam,
decimemide,地西酰胺,decimemidum,décimémide,decimemida,
nuclomedone,奴氯美酮,nuclomedonum,nuclomédone,nuclomedona,
fepromide,非普罗胺,fepromidum,fépromide,fepromida,
temelastine,替美斯汀,temelastinum,témélastine,temelastina,
pyricarbate,吡卡酯,pyricarbatum,pyricarbate,piricarbato,
tetriprofen,替曲洛芬,tetriprofenum,tétriprofène,tetriprofeno,
mitoflaxone,米托拉酮,mitoflaxonum,mitoflaxone,mitoflaxona,
pipemidic acid,吡哌酸,acidum pipemidicum,acide pipémidique,ácido pipemídico,
motretinide,莫维A胺,motretinidum,motrétinide,motretinida,
doreptide,多瑞肽,doreptidum,doreptide,doreptida,
amezinium metilsulfate,甲硫阿美铵,amezinii metilsulfas,métilsulfate d'amézinium,metilsulfato de amezinio,
metiprenaline,甲丙那林,metiprenalinum,métiprénaline,metiprenalina,
quinpirole,喹吡罗,quinpirolum,quinpirole,quinpirol,
sibutramine,西布曲明,sibutraminum,sibutramine,sibutramina,
sodium dehydrocholate,去氢胆酸钠,natrii dehydrocholas,déhydrocholate de sodium,dehidrocolato de sodio,
tropapride,曲帕必利,tropapridum,tropapride,tropaprida,
enalapril,依那普利,enalaprilum,énalapril,enalapril,
draquinolol,屈喹洛尔,draquinololum,draquinolol,draquinolol,
prucalopride,普芦卡必利,prucalopridum,prucalopride,prucaloprida,
zilpaterol,齐帕特罗,zilpaterolum,zilpatérol,zilpaterol,
cinepazic acid,桂哌酸,acidum cinepazicum,acide cinépazique,ácido cinepázico,
pipratecol,哌拉替考,pipratecolum,pipratécol,pipratecol,
colimecycline,多粘环素,colimecyclinum,colimécycline,colimeciclina,
chloroquine,氯喹,,chloroquine,cloroquina,
fencibutirol,芬西布醇,fencibutirolum,fencibutirol,fencibutirol,
sevopramide,司伏普胺,sevopramidum,sévopramide,sevopramida,
nicafenine,尼卡非宁,nicafeninum,nicafénine,nicafenina,
cadalimogene ixalentivec,艾兰卡莫基,cadalimogenum ixalentivecum,cadalimogène ixalentivec,cadalimogén ixalentivec,
alclofenac,阿氯芬酸,alclofenacum,alclofénac,alclofenaco,
trantelinium bromide,群替溴铵,trantelinii bromidum,bromure de trantélinium,bromuro de trantelinio,
opanixil,奥帕尼西,opanixilum,opanixil,opanixilo,
benzestrol,苯雌酚,benzestrolum,benzestrol,bencestrol,
bolandiol,勃雄二醇,bolandiolum,bolandiol,bolandiol,
flumeridone,氟美立酮,flumeridonum,fluméridone,flumeridona,
carprazidil,卡普地尔,carprazidilum,carprazidil,carprazidil,
satoreotide trizoxetan,曲沙瑞肽,satoreotidum trizoxetanum,satoréotide trizoxétan,satoreotida trizoxetán,
duometacin,度美辛,duometacinum,duométacine,duometacina,
cefclidin,头孢克定,cefclidinum,cefclidine,cefclidina,
eniclobrate,恩尼贝特,eniclobratum,éniclobrate,eniclobrato,
fenquizone,芬喹唑,fenquizonum,fenquizone,fenquizona,
pituxate,哌妥酯,pituxatum,pituxate,pituxato,
cefmepidium chloride,头孢氯铵,cefmepidii chloridum,chlorure de cefmépidium,cloruro de cefmepidio,
bitipazone,比替哌宗,,bitipazone,bitipazona,
almagodrate,铝镁屈特,almagodratum,almagodrate,almagodrato,
flucrilate,氟克立酯,flucrilatum,flucrilate,flucrilato,
methestrol,美雌酚,methestrolum,méthestrol,metestrol,
tolpadol,托帕多,,tolpadol,tolpadol,
aditeren,阿地特仑,aditerenum,aditérène,aditereno,
quinaprilat,喹那普利拉,quinaprilatum,quinaprilate,quinaprilat,
fenabutene,非那丁烯,fenabutenum,fénabutène,fenabuteno,
metoserpate,美托舍酯,,métoserpate,metoserpato,
revakinagene taroretcel,瑞基塔锐赛,revakinagenum taroretcelum,révakinagène taroretcel,revakinagén taroretcel,
semotiadil,司莫地尔,semotiadilum,sémotiadil,semotiadil,
halopemide,卤培米特,halopemidum,halopémide,halopemida,
diethylstilbestrol,己烯雌酚,diethylstilbestrolum,diéthylstilbestrol,dietilestilbestrol,
brofoxine,溴福嗪,brofoxinum,brofoxine,brofoxina,
amedalin,氨甲达林,amedalinum,amédaline,amedalina,
sodium cyclamate,环拉酸钠,natrii cyclamas,cyclamate de sodium,ciclamato de sodio,
rafivirumab,雷韦尤单抗,rafivirumabum,rafivirumab,rafivirumab,
cimetropium bromide,西托溴铵,cimetropii bromidum,bromure de cimétropium,bromuro de cimetropio,
avoparcin,阿伏帕星,avoparcinum,avoparcine,avoparcina,
isoxaprolol,异洛尔,isoxaprololum,isoxaprolol,isoxaprolol,
lenadogene nolparvovec,诺哌来度基,lenadogenum nolparvovecum,lénadogène nolparvovec,lenadogén nolparvovec,
racefenicol,消旋甲砜霉素,racefenicolum,racéfénicol,racefenicol,
droxicam,屈昔康,droxicamum,droxicam,droxicam,
mafoprazine,马福拉嗪,mafoprazinum,mafoprazine,mafoprazina,
meclorisone,甲氯松,meclorisonum,méclorisone,meclorisona,
mephenesin,美芬新,mephenesinum,méphénésine,mefenesina,
propiverine,丙哌维林,propiverinum,propivérine,propiverina,
broxaterol,溴沙特罗,broxaterolum,broxatérol,broxaterol,
pibutidine,哌布替丁,pibutidinum,pibutidine,pibutidina,
venlafaxine,文拉法辛,venlafaxinum,venlafaxine,venlafaxina,
tenamfetamine,替苯丙胺,tenamfetaminum,ténamfétamine,tenanfetamina,
enocitabine,依诺他滨,enocitabinum,énocitabine,enocitabina,
quazodine,夸唑定,quazodinum,quazodine,quazodina,
romifenone,罗米芬酮,,romifénone,romifenona,
linsidomine,林西多明,linsidominum,linsidomine,linsidomina,
gepefrine,吉培福林,gepefrinum,gépéfrine,gepefrina,
ketocainol,凯托卡诺,ketocainolum,kétocaïnol,ketocainol,
gamolenic acid,加莫烯酸,acidum gamolenicum,acide gamolénique,ácido gamolénico,
ethyl dibunate,地布酸乙酯,ethylis dibunas,dibunate d'éthyle,dibunato de etilo,
sodium ascorbate,维生素C钠,natrii ascorbas,ascorbate de sodium,ascorbato de sodio,
denzimol,登齐醇,,denzimol,denzimol,
noreximide,诺瑞昔胺,noreximidum,noreximide,noreximida,
impacarzine,英帕卡嗪,impacarzinum,impacarzine,impacarzina,
mertiatide,巯替肽,mertiatidum,mertiatide,mertiatida,
clindamycin,克林霉素,clindamycinum,clindamycine,clindamicina,
iodocetylic acid (123i),碘[123I]软脂酸,acidum iodocetylicum (123I),acide iodocétylique (123I),ácido iodocetílico (123I),
oremepermin alfa,奥米普明α,oremeperminum alfa,orémépermine alfa,oremepermina alfa,
tibezonium iodide,替贝碘铵,tibezonii iodidum,iodure de tibézonium,ioduro de tibezonio,
etofylline clofibrate,益多酯,etofyllini clofibras,clofibrate d'étofylline,clofibrato de etofilina,
loperamide oxide,氧洛哌丁胺,loperamidum oxidum,lopéramide oxyde,óxido de loperamida,
clorgiline,氯吉兰,clorgilinum,clorgiline,clorgilina,
rosaprostol,罗沙前列醇,,rosaprostol,rosaprostol,
tasosartan,他索沙坦,,tasosartan,tasosartán,
treptilamine,曲普替胺,treptilaminum,treptilamine,treptilamina,
glunicate,葡烟酯,glunicatum,glunicate,glunicato,
tipentosin,噻戊托辛,tipentosinum,tipentosine,tipentosina,
flurazepam,氟西泮,flurazepamum,flurazépam,flurazepam,
calcium levofolinate,左亚叶酸钙,calcii levofolinas,lévofolinate de calcium,levofolinato de calcio,
daledalin,达来达林,daledalinum,dalédaline,daledalina,
cinnarizine clofibrate,桂利嗪氯贝特,cinnarizini clofibras,clofibrate de cinnarizine,clofibrato de cinarizina,
nordinone,诺二甲酮,nordinonum,nordinone,nordinona,
lanatoside c,毛花苷C,lanatosidum C,lanatoside C,lanatósido C,
lixazinone,利沙齐农,lixazinonum,lixazinone,lixazinona,
amprolium,安普罗铵,,amprolium,amprolio,
ropitoin,罗匹妥英,ropitoinum,ropitoïne,ropitoína,
mapinastine,马哌斯汀,mapinastinum,mapinastine,mapinastina,
imidazole salicylate,水杨酸咪唑,imidazoli salicylas,salicylate d'imidazole,salicilato de imidazol,
somfasepor,猪发生长素,somfaseporum,somfasépor,somfasepor,
iofolastat (123i),碘[123I]福司他,iofolastatum (123I),iofolastat (123I),iofolastat (123I),
amcinafide,安西非特,amcinafidum,amcinafide,amcinafida,
azanidazole,阿扎硝唑,azanidazolum,azanidazole,azanidazol,
alanosine,阿拉诺新,alanosinum,alanosine,alanosina,
rovoctocogene durparvovec,多哌洛可基,rovoctocogenum durparvovecum,rovoctocogène durparvovec,rovoctocogén durparvovec,
cethexonium chloride,西塞氯铵,cethexonii chloridum,chlorure de céthexonium,cloruro de cetexonio,
lauroguadine,月桂胍,lauroguadinum,lauroguadine,lauroguadina,
amipizone,氨匹宗,amipizonum,amipizone,amipizona,
nimetazepam,尼美西泮,nimetazepamum,nimétazépam,nimetazepam,
fopirtoline,福吡托林,fopirtolinum,fopirtoline,fopirtolina,
amcinafal,安西法尔,amcinafalum,amcinafal,amcinafal,
oxetorone,奥昔托隆,oxetoronum,oxétorone,oxetorona,
procinonide,普西奈德,procinonidum,procinonide,procinonida,
pirepolol,匹瑞洛尔,pirepololum,pirépolol,pirepolol,
azimexon,阿齐美克,,azimexon,azimexón,
sulglicotide,硫糖肽,sulglicotidum,sulglicotide,sulglicotida,
aganodine,阿胍诺定,aganodinum,aganodine,aganodina,
meteneprost,甲烯前列素,meteneprostum,méténéprost,meteneprost,
homopipramol,高匹拉醇,homopipramolum,homopipramol,homopipramol,
aceglatone,醋葡醛内酯,aceglatonum,acéglatone,aceglatona,
cilofungin,西洛芬净,cilofunginum,cilofungine,cilofungina,
butonate,布托酯,butonatum,butonate,butonato,
tetrofosmin,替曲膦,tetrofosminum,tétrofosmine,tetrofosmina,
dalvastatin,达伐他汀,dalvastatinum,dalvastatine,dalvastatina,
bemarinone,贝马力农,bemarinonum,bémarinone,bemarinona,
pinazepam,匹那西泮,pinazepamum,pinazépam,pinazepam,
thenium closilate,氯苯磺酸西尼铵,thenii closilas,closilate de thénium,closilato de tenio,
frabuprofen,氟拉洛芬,frabuprofenum,frabuprofène,frabuprofeno,
succisulfone,琥珀氨苯砜,succisulfonum,succisulfone,succisulfona,
inetagugene geperpavec,戈合依塔基,inetagugenum geperpavecum,inétagugène géperpavec,inetagugén geperpavec,
mabuprofen,马布洛芬,mabuprofenum,mabuprofène,mabuprofeno,
clobenzepam,氯苯西泮,clobenzepamum,clobenzépam,clobenzepam,
terofenamate,特罗芬那酯,terofenamatum,térofénamate,terofenamato,
lorzafone,氯扎封,lorzafonum,lorzafone,lorzafona,
mindoperone,明多哌隆,mindoperonum,mindopérone,mindoperona,
cuproxoline,铜克索林,cuproxolinum,cuproxoline,cuproxolina,
bepafant,贝帕泛,bepafantum,bépafant,bepafant,
moxipraquine,甲氧丙喹,moxipraquinum,moxipraquine,moxipraquina,
tilomisole,噻氯咪索,tilomisolum,tilomisole,tilomisol,
stirocainide,司替卡尼,stirocainidum,stirocaïnide,estirocainida,
idrapril,伊屈普利,,idrapril,idrapril,
eprobemide,依普贝胺,eprobemidum,éprobémide,eprobemida,
niceritrol,戊四烟酯,niceritrolum,nicéritrol,niceritrol,
bromofos,溴硫磷,bromofosum,bromofos,bromofós,
buspirone,丁螺酮,buspironum,buspirone,buspirona,
efetozole,依非托唑,efetozolum,éfétozole,efetozol,
fentiazac,芬替酸,fentiazacum,fentiazac,fentiazaco,
butanserin,布坦色林,butanserinum,butansérine,butanserina,
cefuracetime,头孢呋汀,cefuracetimum,céfuracétime,cefuracetima,
rosopatamab tetraxetan,替罗索帕妥单抗,rosopatamabum tetraxetanum,rosopatamab tétraxétan,rosopatamab tetraxetán,
metalkonium chloride,美他氯铵,metalkonii chloridum,chlorure de métalkonium,cloruro de metalconio,
cefuzonam,头孢唑南,cefuzonamum,céfuzonam,cefuzonam,
domoprednate,多泼尼酯,domoprednatum,domoprednate,domoprednato,
isomolpan,异莫泮,isomolpanum,isomolpan,isomolpán,
demoxepam,地莫西泮,demoxepamum,démoxépam,demoxepam,
melinamide,亚油甲苄胺,melinamidum,mélinamide,melinamida,
oxydipentonium chloride,奥地氯铵,,chlorure d'oxydipentonium,cloruro de oxidipentonio,
setoperone,司托哌隆,setoperonum,sétopérone,setoperona,
tobuterol,托布特罗,tobuterolum,tobutérol,tobuterol,
glucametacin,葡美辛,glucametacinum,glucamétacine,glucametacina,
estradiol benzoate,苯甲雌二醇,estradioli benzoas,benzoate d'estradiol,benzoato de estradiol,
antithrombin iii,抗凝血酶III,antithrombinum III,antithrombine III,antitrombina III,
clomegestone,氯美孕酮,clomegestonum,clomégestone,clomegestona,
pelgifatamab corixetan,柯立派妥单抗,pelgifatamabum corixetanum,pelgifatamab corixétan,pelgifatamab corixetán,
carbofenotion,卡波硫磷,carbofenotionum,carbofénotion,carbofenotión,
tenilapine,替尼拉平,tenilapinum,ténilapine,tenilapina,
texacromil,替沙罗米,texacromilum,texacromil,texacromilo,
poliglecaprone,聚卡普隆,poliglecapronum,poliglécaprone,poliglecaprona,
dimoxyline,地莫昔林,dimoxylinum,dimoxyline,dimoxilina,
vocimagene amiretrorepvec,安芮伏码基,vocimagenum amiretrorepvecum,vocimagène amirétrorépvec,vocimagén amiretrorepvec,
carbuterol,卡布特罗,carbuterolum,carbutérol,carbuterol,
aligomanuxic acid,甘露特酸,acidum aligomanuxicum,acide aligomanuxique,ácido aligomanúxico,
carubicin,卡柔比星,carubicinum,carubicine,carubicina,
dicresulene,地瑞舒林,dicresulenum,dicrésulène,dicresuleno,
quazolast,喹唑司特,quazolastum,quazolast,quazolast,
fenclofos,芬氯磷,fenclofosum,fenclofos,fenclofós,
clociguanil,氯环胍,clociguanilum,clociguanil,clociguanil,
vaneprim,伐奈普林,vaneprimum,vanéprime,vaneprima,
octamylamine,辛戊胺,,octamylamine,octamilamina,
batroxobin,巴曲酶,batroxobinum,batroxobine,batroxobina,
ipramidil,异丙地尔,ipramidilum,ipramidil,ipramidil,
dazidamine,达齐胺,dazidaminum,dazidamine,dazidamina,
dimetholizine,二甲力嗪,dimetholizinum,dimétholizine,dimetolizina,
trandolaprilat,群多普利拉,trandolaprilatum,trandolaprilate,trandolaprilat,
racepinefrine,消旋肾上腺素,racepinefrinum,racépinéfrine,racepinefrina,
tebrocabtagene autoleucel,特泊卡基仑赛,tebrocabtagenum autoleucelum,tébrocabtagène autoleucel,tebrocabtagén autoleucel,
choriogonadotropin beta,绒促性素β,choriogonadotropinum beta,choriogonadotropine bêta,coriogonadotropina beta,
teroxirone,替罗昔隆,teroxironum,téroxirone,teroxirona,
delandistrogene moxeparvovec,莫哌德兰基,delandistrogenum moxeparvovecum,délandistrogène moxéparvovec,delandistrogén moxeparvovec,
levomenthol,左薄荷脑,levomentholum,lévomenthol,levomentol,
premazepam,普瑞西泮,premazepamum,prémazépam,premazepam,
chlormadinone,氯地孕酮,chlormadinonum,chlormadinone,clormadinona,
pamaquine,帕马喹,,pamaquine,pamaquina,
tirvalimogene teraplasmid,特米替莫基,tirvalimogenum teraplasmidum,tirvalimogène téraplasmide,tirvalimogén teraplásmido,
meletimide,甲苄哌苯哌酮,meletimidum,mélétimide,meletimida,
razinodil,雷嗪地尔,razinodilum,razinodil,razinodil,
pelretin,培维A,pelretinum,pelrétine,pelretina,
cetraxate,西曲酸酯,cetraxatum,cétraxate,cetraxato,
enapotamab vedotin,维恩泊妥单抗,enapotamabum vedotinum,énapotamab védotine,enapotamab vedotina,
anetumab corixetan,柯安妥尤单抗,anetumabum corixetanum,anétumab corixétan,anetumab corixetán,
ranimycin,雷尼霉素,ranimycinum,ranimycine,ranimicina,
froxiprost,氟氧前列素,froxiprostum,froxiprost,froxiprost,
broxuridine,溴尿苷,broxuridinum,broxuridine,broxuridina,
betamethasone acibutate,醋布倍他米松,betamethasoni acibutas,acibutate de bétaméthasone,acibutato de betametasona,
picumeterol,吡库特罗,picumeterolum,picumétérol,picumeterol,
hydroxytoluic acid,羟甲苯酸,acidum hydroxytoluicum,acide hydroxytoluique,ácido hidroxitoluico,
dexlofexidine,右洛非西定,dexlofexidinum,dexlofexidine,dexlofexidina,
ridazolol,利达洛尔,ridazololum,ridazolol,ridazolol,
deboxamet,地波沙美,deboxametum,déboxamet,deboxamet,
pentaquine,喷他喹,,pentaquine,pentaquina,
efepoetin alfa,依福促红素α,efepoetinum alfa,éfépoétine alfa,efepoetina alfa,
hydromadinone,羟地孕酮,hydromadinonum,hydromadinone,hidromadinona,
netilmicin,奈替米星,netilmicinum,nétilmicine,netilmicina,
zilovertamab vedotin,纬泽罗妥单抗,zilovertamabum vedotinum,zilovertamab védotine,zilovertamab vedotina,
lomefloxacin,洛美沙星,lomefloxacinum,loméfloxacine,lomefloxacino,
butantrone,布蒽酮,butantronum,butantrone,butantrona,
calcium sodium ferriclate,铁葡酸钙钠,calcii natrii ferriclas,ferriclate de calcium sodique,ferriclato cálcico de sodio,
timobesone,替莫贝松,timobesonum,timobésone,timobesona,
ciclafrine,环拉福林,ciclafrinum,ciclafrine,ciclafrina,
eflenograstim alfa,依福莱格司亭α,eflenograstimum alfa,éflénograstim alfa,eflenograstim alfa,
piperacillin,哌拉西林,piperacillinum,pipéracilline,piperacilina,
gentamicin,庆大霉素,gentamicinum,gentamicine,gentamicina,
cismadinone,西地孕酮,cismadinonum,cismadinone,cismadinona,
doretinel,度维A,doretinelum,dorétinel,doretinel,
piketoprofen,吡酮洛芬,piketoprofenum,pikétoprofène,piketoprofeno,
cloximate,氯克昔酯,cloximatum,cloximate,cloximato,
bupranolol,布拉洛尔,bupranololum,bupranolol,bupranolol,
dicarbine,地卡宾,dicarbinum,dicarbine,dicarbina,
palmoxiric acid,帕莫酸,acidum palmoxiricum,acide palmoxirique,ácido palmoxírico,
gliflumide,格列氟胺,gliflumidum,gliflumide,gliflumida,
nemadectin,奈马克丁,nemadectinum,némadectine,nemadectina,
cefsumide,头孢舒米,cefsumidum,cefsumide,cefsumida,
imazodan,伊马唑旦,imazodanum,imazodan,imazodán,
simlukafusp alfa,欣洛奇芙普,simlukafuspum alfa,simlukafusp alfa,simlukafusp alfa,
sermetacin,丝美辛,sermetacinum,sermétacine,sermetacina,
cloroqualone,氯喹酮,cloroqualonum,cloroqualone,clorocualona,
pivampicillin,匹氨西林,pivampicillinum,pivampicilline,pivampicilina,
colfenamate,考芬那酯,colfenamatum,colfénamate,colfenamato,
perflunafene,全氟那芬,perflunafenum,perflunafène,perflunafeno,
cetrimide,西三溴胺,cetrimidum,cétrimide,cetrimida,
flecainide,氟卡尼,flecainidum,flécaïnide,flecainida,
valperinol,戊哌醇,valperinolum,valpérinol,valperinol,
bencisteine,本司坦,bencisteinum,bencistéine,bencisteína,
azaprocin,氮丙辛,azaprocinum,azaprocine,azaprocina,
nestifylline,奈司茶碱,nestifyllinum,nestifylline,nestifilina,
tiacrilast,硫克司特,tiacrilastum,tiacrilast,tiacrilast,
azaconazole,阿扎康唑,azaconazolum,azaconazole,azaconazol,
carumonam,卡芦莫南,carumonamum,carumonam,carumonam,
methoprene,甲氧普烯,methoprenum,méthoprène,metopreno,
zinterol,净特罗,zinterolum,zintérol,zinterol,
veradoline,维拉多林,veradolinum,véradoline,veradolina,
fipexide,非哌西特,fipexidum,fipexide,fipexida,
pregabalin arenacarbil,阿那普瑞巴林,pregabalinum arenacarbilum,prégabaline arénacarbil,pregabalina arenacarbilo,
meseclazone,美西拉宗,meseclazonum,méséclazone,meseclazona,
etofamide,依托法胺,etofamidum,étofamide,etofamida,
dectaflur,氢氟酸十八烯胺,dectaflurum,dectaflur,dectafluro,
tetramethrin,四甲司林,tetramethrinum,tétraméthrine,tetrametrina,
indopanolol,吲帕洛尔,indopanololum,indopanolol,indopanolol,
ioseric acid,碘丝酸,acidum iosericum,acide iosérique,ácido iosérico,
semduramicin,生度米星,semduramicinum,semduramicine,semduramicina,
fenspiride,芬司匹利,fenspiridum,fenspiride,fenspirida,
domipizone,多米匹宗,domipizonum,domipizone,domipizona,
tulobuterol,妥洛特罗,tulobuterolum,tulobutérol,tulobuterol,
inodiftagene vixteplasmid,维米因塔基,inodiftagenum vixteplasmidum,inodiftagène vixteplasmide,inodiftagén vixteplasmida,
beloxamide,贝洛酰胺,beloxamidum,béloxamide,beloxamida,
pretiadil,普硫地尔,pretiadilum,prétiadil,pretiadil,
terlakiren,特拉吉仑,terlakirenum,térlakirène,terlakireno,
monalazone disodium,莫拉酸钠,monalazonum dinatricum,monalazone disodique,monalazona de sodio,
bretylium tosilate,托西溴苄铵,bretylii tosilas,tosilate de brétylium,tosilato de bretilio,
saletamide,沙乙酰胺,saletamidum,salétamide,saletamida,
lonigutamab ugodotin,尤格罗尼妥单抗,lonigutamabum ugodotinum,lonigutamab ugodotine,lonigutamab ugodotina,
silicristin,水飞蓟丁,silicristinum,silicristine,silicristina,
vipivotide tetraxetan,特昔维匹肽,vipivotidum tetraxetanum,vipivotide tétraxétan,vipivotida tetraxetãn,
tesimide,替西米德,tesimidum,tésimide,tesimida,
lifibrate,利贝特,lifibratum,lifibrate,lifibrato,
sopromidine,索普米定,sopromidinum,sopromidine,sopromidina,
disoxaril,二沙利,disoxarilum,disoxaril,disoxarilo,
azaquinzole,氮喹佐,azaquinzolum,azaquinzole,azaquinzol,
silidianin,水飞蓟宁,silidianinum,silidianine,silidianina,
promethazine,异丙嗪,promethazinum,prométhazine,prometazina,
delmadinone,地马孕酮,delmadinonum,delmadinone,delmadinona,
deterenol,地特诺,deterenolum,détérénol,deterenol,
sulfabenzamide,磺胺苯酰,sulfabenzamidum,sulfabenzamide,sulfabenzamida,
dextilidine,右替利定,dextilidinum,dextilidine,dextilidina,
benfosformin,苄磷福明,benfosforminum,benfosformine,benfosformina,
pramiverine,普拉维林,pramiverinum,pramivérine,pramiverina,
riboflavin,核黄素,,riboflavine,riboflavina,
flucarbril,氟卡布利,,flucarbril,flucarbrilo,
rilimogene galvacirepvec,加伐瑞莫基,rilimogenum galvacirepvecum,rilimogène galvacirépvec,rilimogén galvacirepvec,
calusterone,卡芦睾酮,calusteronum,calustérone,calusterona,
suxemerid,琥甲哌酯,suxemeridum,suxéméride,suxemerid,
aprindine,阿普林定,aprindinum,aprindine,aprindina,
tifluadom,替氟朵,tifluadomum,tifluadom,tifluadom,
fenretinide,芬维A胺,fenretinidum,fenrétinide,fenretinida,
hemoglobin betafumaril (bovine),牛倍他富血红蛋白,hemoglobinum betafumarilum (bovinum),hémoglobine bêtafumaril (bovine),hemoglobina betafumarilo (bovina),
loreclezole,氯瑞唑,loreclezolum,loréclézole,loreclezol,
tolquinzole,托喹醇,tolquinzolum,tolquinzole,tolquinzol,
xenalipin,联苯利平,xenalipinum,xénalipine,xenalipina,
benzoxonium chloride,苯佐氯铵,benzoxonii chloridum,chlorure de benzoxonium,cloruro de benzoxonio,
acetaminosalol,醋氨沙洛,,acétaminosalol,acetaminosalol,
sulfaguanole,磺胺胍诺,sulfaguanolum,sulfaguanole,sulfaguanol,
morsuximide,吗琥胺,morsuximidum,morsuximide,morsuximida,
pirbuterol,吡布特罗,pirbuterolum,pirbutérol,pirbuterol,
imoxiterol,伊莫特罗,imoxiterolum,imoxitérol,imoxiterol,
vibapapogene autoleucel,维帕基奥仑赛,vibapapogenum autoleucelum,vibapapogène autoleucel,vibapapogén autoleucel,
revenast,瑞那司特,revenastum,révénast,revenast,
cletoquine,氯托喹,cletoquinum,clétoquine,cletoquina,
isopropicillin,异丙西林,,isopropicilline,isopropicilina,
butaclamol,布他拉莫,butaclamolum,butaclamol,butaclamol,
nalotimagene carmaleucel,那基仑赛,nalotimagenum carmaleucelum,nalotimagène carmaleucel,nalotimagén carmaleucel,
drinidene,氨甲茚酮,drinidenum,drinidène,drinideno,
alminoprofen,阿明洛芬,alminoprofenum,alminoprofène,alminoprofeno,
zopolrestat,唑泊司他,zopolrestatum,zopolrestat,zopolrestat,
mafosfamide,马磷酰胺,mafosfamidum,mafosfamide,mafosfamida,
picenadol,哌西那多,picenadolum,picénadol,picenadol,
sodium gualenate,呱仑酸钠,natrii gualenas,gualénate de sodium,gualenato de sodio,
feclobuzone,苯氯布宗,feclobuzonum,féclobuzone,feclobuzona,
samrotamab vedotin,维沙马妥单抗,samrotamabum vedotinum,samrotamab védotine,samrotamab vedotina,
fentonium bromide,芬托溴铵,fentonii bromidum,bromure de fentonium,bromuro de fentonio,
mespirenone,美螺利酮,mespirenonum,mespirénone,mespirenona,
butafosfan,布他磷,butafosfanum,butafosfan,butafosfán,
eretidigene velentivec,卫兰伊太基,eretidigenum velentivecum,érétidigène vélentivec,eretidigén velentivec,
imidapril,咪达普利,imidaprilum,imidapril,imidapril,
sintropium bromide,辛托溴铵,sintropii bromidum,bromure de sintropium,bromuro de sintropio,
dazepinil,氮尼尔,dazepinilum,dazépinil,dazepinilo,
oxophenarsine,氧芬胂,oxophenarsinum,oxophénarsine,oxofenarsina,
salmefamol,沙甲胺醇,salmefamolum,salméfamol,salmefamol,
dexproxibutene,右丙昔丁烯,dexproxibutenum,dexproxibutène,dexproxibuteno,
terbuficin,特布非新,terbuficinum,terbuficine,terbuficina,
cetirizine,西替利嗪,cetirizinum,cétirizine,cetirizina,
oxepinac,奥昔平酸,oxepinacum,oxépinac,oxepinaco,
fetoxilate,非托西酯,fetoxilatum,fétoxilate,fetoxilato,
esorubicin,依索比星,esorubicinum,ésorubicine,esorubicina,
butaprost,布他前列素,butaprostum,butaprost,butaprost,
aspartame,阿司帕坦,aspartamum,aspartam,aspartamo,
econazole,益康唑,econazolum,éconazole,econazol,
tolufazepam,甲磺西泮,tolufazepamum,tolufazépam,tolufazepam,
oftasceine,奥荧光素,oftasceinum,oftascéine,oftasceína,
norletimol,诺来替酚,norletimolum,norlétimol,norletimol,
fedrilate,非屈酯,fedrilatum,fédrilate,fedrilato,
medorubicin,美多比星,medorubicinum,médorubicine,medorubicina,
disiquonium chloride,地西氯铵,disiquonii chloridum,chlorure de disiquonium,disicuonio cloruro,
liranaftate,利拉萘酯,liranaftatum,liranaftate,liranaftato,
mitozolomide,米托唑胺,mitozolomidum,mitozolomide,mitozolomida,
mitonafide,米托萘胺,mitonafidum,mitonafide,mitonafida,
misonidazole,米索硝唑,misonidazolum,misonidazole,misonidazol,
isamoxole,艾沙唑,isamoxolum,isamoxole,isamoxol,
suricainide,舒立卡尼,suricainidum,suricaïnide,suricainida,
propatylnitrate,丙帕硝酯,propatylnitratum,propatylnitrate,propatilnitrato,
calcium glubionate,葡乳醛酸钙,calcii glubionas,glubionate de calcium,glubionato de calcio,
enpiroline,恩哌罗林,enpirolinum,enpiroline,enpirolina,
adrenomedullin pegol,培阿麦度林,adrenomedullinum pegolum,adrénomedulline pégol,adrenomedulina pegol,
nocloprost,诺氯前列素,nocloprostum,nocloprost,nocloprost,
phenolphthalein,酚酞,phenolphthaleinum,phénolphtaléine,fenolftaleína,
nivimedone,尼维美酮,nivimedonum,nivimédone,nivimedona,
potassium glucaldrate,葡铝酸钾,kalii glucaldras,glucaldrate de potassium,glucaldrato de potasio,
croconazole,氯康唑,croconazolum,croconazol,croconazol,
mebrofenin,甲溴苯宁,mebrofeninum,mébrofénine,mebrofenina,
bufeniode,丁苯碘胺,bufeniodum,buféniode,bufeniodo,
estrofurate,雌呋酯,estrofuratum,estrofurate,estrofurato,
aclantate,阿克兰酯,aclantatum,aclantate,aclantato,
rilimogene glafolivec,格福瑞莫基,rilimogenum glafolivecum,rilimogène glafolivec,rilimogén glafolivec,
melphalan flufenamide,氟美法仑,melphalanum flufenamidum,melphalan flufénamide,melfalán flufenamida,
iofetamine (123i),碘[123I]非他胺,iofetaminum (123I),iofétamine (123I),iofetamina (123I),
adafenoxate,金刚芬酯,adafenoxatum,adafénoxate,adafenoxato,
sulfasuccinamide,磺胺琥珀酸,sulfasuccinamidum,sulfasuccinamide,sulfasuccinamida,
siguazodan,氰胍佐旦,siguazodanum,siguazodan,siguazodán,
moxnidazole,吗硝唑,moxnidazolum,moxnidazole,moxnidazol,
mefexamide,美非沙胺,mefexamidum,méfexamide,mefexamida,
ciltoprazine,西托哌嗪,ciltoprazinum,ciltoprazine,ciltoprazina,
decoquinate,地考喹酯,decoquinatum,décoquinate,decoquinato,
rilmazafone,利马扎封,rilmazafonum,rilmazafone,rilmazafona,
enpromate,恩普氨酯,enpromatum,enpromate,enpromato,
zimidoben,齐咪苯,zimidobenum,zimidoben,zimidobén,
mecetronium etilsulfate,乙硫美西铵,mecetronii etilsulfas,étilsulfate de mécétronium,etilsulfato de mecetronio,
camiverine,卡米维林,camiverinum,camivérine,camiverina,
secoverine,司考维林,secoverinum,sécovérine,secoverina,
zoliprofen,唑利洛芬,zoliprofenum,zoliprofène,zoliprofeno,
cirolemycin,西罗霉素,cirolemycinum,cirolémycine,cirolemicina,
mepramidil,美普地尔,mepramidilum,mépramidil,mepramidil,
auriclosene,奥立氯生,,auriclosène,auricloseno,
octreotide,奥曲肽,octreotidum,octréotide,octreotida,
unoprostone,乌诺前列酮,unoprostonum,unoprostone,unoprostona,
zenarestat,泽那司他,zenarestatum,zénarestat,zenarestat,
flufylline,氟鲁茶碱,flufyllinum,flufylline,flufilina,
oxdralazine,奥屈嗪,oxdralazinum,oxdralazine,oxdralazina,
zilantel,齐仑太尔,zilantelum,zilantel,zilantel,
denaverine,地那维林,denaverinum,dénavérine,denaverina,
ribostamycin,核糖霉素,ribostamycinum,ribostamycine,ribostamicina,
tiquizium bromide,替喹溴胺,tiquizii bromidum,bromure de tiquizium,bromuro de tiquizio,
clogestone,氯孕酮,clogestonum,clogestone,clogestona,
valproate pivoxil,丙戊匹酯,valproatum pivoxilum,valproate pivoxil,valproato de pivoxilo,
aminoethyl nitrate,氨乙硝酯,aminoethylis nitras,nitrate d'aminoéthyle,nitrato de aminoetilo,
batebulast,巴布司特,batebulastum,batébulast,batebulast,
drocinonide,羟西奈德,drocinonidum,drocinonide,drocinónida,
flotrenizine,氟曲尼嗪,flotrenizinum,flotrénizine,flotrenizina,
amikacin,阿米卡星,amikacinum,amikacine,amikacina,
morniflumate,吗尼氟酯,morniflumatum,morniflumate,morniflumato,
retlirafusp alfa,瑞拉芙普α,retlirafuspum alfa,rétlirafusp alfa,retlirafusp alfa,
forfenimex,福酚美克,forfenimexum,forfénimex,forfenimex,
piromidic acid,吡咯米酸,acidum piromidicum,acide piromidique,ácido piromídico,
sulfaclozine,磺胺氯吡嗪,sulfaclozinum,sulfaclozine,sulfaclozina,
sodium hexacyclonate,己洛酸钠,natrii hexacyclonas,hexacyclonate de sodium,hexaciclonato de sodio,
vasopressin injection,加压素注射剂,vasopressini injectio,soluté injectable de vasopressine,inyectable de vasopresina,
fletazepam,氟乙西泮,fletazepamum,flétazépam,fletazepam,
difeterol,二苯特罗,difeterolum,difétérol,difeterol,
lonidamine,氯尼达明,lonidaminum,lonidamine,lonidamina,
protizinic acid,丙替嗪酸,acidum protizinicum,acide protizinique,ácido protizínico,
flurantel,氟仑太尔,flurantelum,flurantel,flurantel,
razobazam,雷唑巴占,razobazamum,razobazam,razobazam,
trequinsin,曲喹辛,trequinsinum,tréquinsine,trequinsina,
zofenopril,佐芬普利,zofenoprilum,zofénopril,zofenopril,
fenmetramide,苯甲吗酮,,fenmétramide,fenmetramida,
carmetizide,卡美噻嗪,carmetizidum,carmétizide,carmetizida,
tibeglisene,替格列新,tibeglisenum,tibéglisène,tibegliseno,
prenoverine,普瑞维林,prenoverinum,prénovérine,prenoverina,
citenamide,西替酰胺,citenamidum,citénamide,citenamida,
exiproben,依昔罗酸,exiprobenum,exiprobène,exiprobén,
toprilidine,托普利定,toprilidinum,toprilidine,toprilidina,
pimetacin,吡美辛,pimetacinum,pimétacine,pimetacina,
amodiaquine,阿莫地喹,amodiaquinum,amodiaquine,amodiaquina,
piraxelate,吡拉酯,piraxelatum,piraxélate,piraxelato,
dimeprozan,地美丙蒽,,diméprozan,dimeprozán,
draflazine,屈氟嗪,,draflazine,draflazina,
peboctocogene camaparvovec,卡哌培可基,peboctocogenum camaparvovecum,péboctocogène camaparvovec,peboctocogén camaparvovec,
talmetoprim,酞美普林,talmetoprimum,talmétoprime,talmetoprima,
cefteram,头孢特仑,cefteramum,ceftéram,cefteram,
sulfaclorazole,磺胺氯唑,sulfaclorazolum,sulfaclorazole,sulfaclorazol,
mibolerone,米勃酮,miboleronum,mibolérone,mibolerona,
dibrospidium chloride,二溴螺氯铵,dibrospidii chloridum,chlorure de dibrospidium,cloruro de dibrospidio,
atropine methonitrate,甲硝阿托品,atropini methonitras,méthonitrate d'atropine,metonitrato de atropina,
antazoline,安他唑啉,antazolinum,antazoline,antazolina,
bucladesine,布拉地新,bucladesinum,bucladésine,bucladesina,
butropium bromide,布托溴铵,butropii bromidum,bromure de butropium,bromuro de butropio,
zylofuramine,齐洛呋胺,zylofuraminum,zylofuramine,zilofuramina,
cefivitril,头孢维曲,cefivitrilum,céfivitril,cefivitrilo,
butikacin,布替卡星,butikacinum,butikacine,butikacina,
spizofurone,螺佐呋酮,spizofuronum,spizofurone,espizofurona,
lapirium chloride,拉匹氯铵,lapirii chloridum,chlorure de lapirium,cloruro de lapirio,
tazasubrate,他扎贝特,tazasubratum,tazasubrate,tazasubrato,
calcium saccharate,糖二酸钙,calcii saccharas,saccharate de calcium,sacarato de calcio,
thiazinamium metilsulfate,甲硫噻丙铵,thiazinamii metilsulfas,métilsulfate de thiazinamium,metilsulfato de tiazinamio,
bithionoloxide,氧硫氯酚,bithionoloxidum,bithionoloxide,bitionolóxido,
camazepam,卡马西泮,camazepamum,camazépam,camazepam,
cinametic acid,桂美酸,acidum cinameticum,acide cinamétique,ácido cinamético,
bemetizide,贝美噻嗪,bemetizidum,bémétizide,bemetizida,
"zinc acetate, basic",碱式醋酸锌,zinci acetas basicum,"zinc, acétate basique de",acetato básico de zinc,
alpiropride,阿吡必利,alpiropridum,alpiropride,alpiroprida,
etoloxamine,依托洛胺,etoloxaminum,étoloxamine,etoloxamina,
clofoctol,氯福克酚,clofoctolum,clofoctol,clofoctol,
tiafibrate,硫贝特,tiafibratum,tiafibrate,tiafibrato,
allylestrenol,烯丙雌醇,,allylestrénol,alilestrenol,
tienilic acid,替尼酸,acidum tienilicum,acide tiénilique,ácido tienílico,
policresulen,聚甲酚磺醛,policresulenum,policrésulène,policresuleno,
cinepazide,桂哌齐特,cinepazidum,cinépazide,cinepazida,
ceftiolene,头孢噻林,ceftiolenum,ceftiolène,ceftioleno,
befiperide,苄非哌胺,,béfipéride,befiperida,
dimecrotic acid,地美罗酸,acidum dimecroticum,acide dimécrotique,ácido dimecrótico,
otimerate sodium,奥汞酸钠,otimeratum natricum,otimérate sodique,otimerato de sodio,
metamelfalan,美他法仑,metamelfalanum,métamelfalan,metamelfalán,
nisbuterol,尼司特罗,nisbuterolum,nisbutérol,nisbuterol,
mirzotamab clezutoclax,克米佐妥单抗,mirzotamabum clezutoclaxum,mirzotamab clezutoclax,mirzotamab clezutoclax,
trifenagrel,三苯格雷,trifenagrelum,trifénagrel,trifenagrel,
procinolol,普西洛尔,procinololum,procinolol,procinolol,
idaverine,异达维林,idaverinum,idavérine,idaverina,
valdetamide,戊地胺,valdetamidum,valdétamide,valdetamida,
acrocinonide,阿克奈德,acrocinonidum,acrocinonide,acrocinonida,
benzododecinium chloride,苯度氯铵,benzododecinii chloridum,chlorure de benzododécinium,cloruro de benzododecinio,
vindeburnol,长春布醇,vindeburnolum,vindéburnol,vindeburnol,
pretamazium iodide,普马碘铵,pretamazii iodidum,iodure de prétamazium,ioduro de pretamazio,
cinfenoac,辛芬酸,cinfenoacum,cinfénoac,cinfenoaco,
glycerol,甘油,glycerolum,glycérol,glicerol,
bipenamol,比培那醇,bipenamolum,bipénamol,bipenamol,
bisfenazone,双苯那宗,bisfenazonum,bisfénazone,bisfenazona,
ormetoprim,奥美普林,ormetoprimum,ormétoprime,ormetoprima,
lotucaine,洛土卡因,lotucainum,lotucaïne,lotucaína,
flesinoxan,氟辛克生,flesinoxanum,flésinoxan,flesinoxano,
tilsuprost,替舒前列素,tilsuprostum,tilsuprost,tilsuprost,
caramiphen,卡拉美芬,caramiphenum,caramiphène,caramifeno,
pristinamycin,普那霉素,,pristinamycine,pristinamicina,
flosatidil,氟沙地尔,flosatidilum,flosatidil,flosatidil,
tolamolol,妥拉洛尔,tolamololum,tolamolol,tolamolol,
phenylmercuric borate,硼酸苯汞,phenylhydrargyri boras,borate de phénylmercure,borato de fenilmercurio,
butinazocine,布替佐辛,butinazocinum,butinazocine,butinazocina,
ronipamil,罗尼帕米,ronipamilum,ronipamil,ronipamilo,
propyromazine bromide,溴吡马嗪,propyromazini bromidum,bromure de propyromazine,bromuro de propiromazina,
naranol,萘拉诺,naranolum,naranol,naranol,
chlormerodrin,氯汞君,,chlormérodrine,clormerodrina,
mopidamol,莫哌达醇,mopidamolum,mopidamol,mopidamol,
piriprost,吡前列素,piriprostum,piriprost,piriprost,
tralonide,曲洛奈德,tralonidum,tralonide,tralonida,
dexormaplatin,右奥马铂,dexormaplatinum,dexormaplatine,dexormaplatino,
mazaticol,马扎替可,mazaticolum,mazaticol,mazaticol,
azaclorzine,氮氯嗪,azaclorzinum,azaclorzine,azaclorzina,
sulfasomizole,磺胺异噻唑,sulfasomizolum,sulfasomizol,sulfasomizol,
butilfenin,丁苯宁,butilfeninum,butilfénine,butilfenina,
iomorinic acid,碘吗酸,acidum iomorinicum,acide iomorinique,ácido iomorínico,
timepidium bromide,噻哌溴铵,timepidii bromidum,bromure de timépidium,bromuro de timepidio,
elmustine,依莫司汀,elmustinum,elmustine,elmustina,
lormetazepam,氯甲西泮,lormetazepamum,lormétazépam,lormetazepam,
sodium picofosfate,匹可磷酸钠,natrii picofosfas,picofosfate de sodium,picofosfato de sodio,
amindocate,氨吲哚酯,amindocatum,amindocate,amindocato,
buparvaquone,布帕伐醌,buparvaquonum,buparvaquone,buparvacuona,
difemetorex,苯托雷司,difemetorexum,difémétorex,difemetorex,
lasalocid,拉沙洛西,lasalocidum,lasalocide,lasalócido,
arprinocid,阿普西特,arprinocidum,arprinocide,arprinocida,
tocofibrate,托考贝特,tocofibratum,tocofibrate,tocofibrato,
propyl docetrizoate,碘泛影丙酯,propyli docetrizoas,docétrizoate de propyle,docetrizoato de propilo,
chloropyrilene,氯吡林,chloropyrilenum,chloropyrilène,cloropirileno,
brobactam,溴巴坦,brobactamum,brobactam,brobactam,
transcainide,群司卡尼,transcainidum,transcaïnide,transcainida,
cuprimyxin,铜迈星,cuprimyxinum,cuprimyxine,cuprimixina,
sulosemide,磺塞米,sulosemidum,sulosémide,sulosemida,
prodolic acid,普罗度酸,acidum prodolicum,acide prodolique,ácido prodólico,
detorubicin,地托比星,detorubicinum,détorubicine,detorubicina,
amantanium bromide,金刚溴铵,amantanii bromidum,bromure d'amantanium,bromuro de amantanio,
robenidine,罗贝胍,robenidinum,robénidine,robenidina,
flunoprost,氟诺前列素,flunoprostum,flunoprost,flunoprost,
bambuterol,班布特罗,bambuterolum,bambutérol,bambuterol,
furobufen,呋罗布芬,,furobufène,furobufén,
glutaral,戊二醛,,glutaral,glutaral,
indalpine,吲达品,,indalpine,indalpina,
arfalasin,阿法拉新,arfalasinum,arfalasine,arfalasina,
polacrilin,聚克立林,polacrilinum,polacriline,polacrilina,
ketorolac,酮咯酸,ketorolacum,kétorolac,ketorolaco,
esproquine,艾司丙喹,esproquinum,esproquine,esproquina,
talisomycin,他利霉素,talisomycinum,talisomycine,talisomicina,
ramnodigin,兰诺地近,ramnodiginum,ramnodigine,ramnodigina,
fludrocortisone,氟氢可的松,fludrocortisonum,fludrocortisone,fludrocortisona,
lofexidine,洛非西定,,lofexidine,lofexidina,
acediasulfone sodium,醋地砜钠,,acédiasulfone sodique,acediasulfona de sodio,
bisobrin,比索布啉,bisobrinum,bisobrine,bisobrina,
etofylline,乙羟茶碱,,étofylline,etofilina,
alexidine,阿来西定,alexidinum,alexidine,alexidina,
sudoxicam,舒多昔康,sudoxicamum,sudoxicam,sudoxicam,
trimazosin,曲马唑嗪,trimazosinum,trimazosine,trimazosina,
pirlindole,吡吲哚,pirlindolum,pirlindol,pirlindol,
clodronic acid,氯屈膦酸,acidum clodronicum,acide clodronique,ácido clodrónico,
butocrolol,布托洛尔,butocrololum,butocrolol,butocrolol,
acesulfame,乙酰舒泛,acesulfamum,acésulfame,acesulfamo,
azercabtagene zapreleucel,艾泽妥基仑赛,azercabtagenum zapreleucelum,azercabtagène zapréleucel,azercabtagén zapreleucel,
fosazepam,膦西泮,fosazepamum,fosazépam,fosazepam,
clocoumarol,氯香豆素,clocoumarolum,clocoumarol,clocumarol,
alclometasone,阿氯米松,alclometasonum,alclométasone,alclometasona,
emilium tosilate,托西依米铵,emilii tosilas,tosilate d'émilium,tosilato de emilio,
lodoxamide,洛度沙胺,lodoxamidum,lodoxamide,lodoxamida,
niometacin,尼奥美辛,niometacinum,niométacine,niometacina,
pariglasgene brecaparvovec,布哌格基,pariglasgenum brecaparvovecum,pariglasgène brécaparvovec,pariglasgén brecaparvovec,
hoquizil,胡喹嗪,hoquizilum,hoquizil,hoquizilo,
napamezole,奈帕咪唑,napamezolum,napamézole,napamezol,
metynodiol,甲诺醇,metynodiolum,métynodiol,metinodiol,
metoquizine,美托喹嗪,metoquizinum,métoquizine,metoquizina,
vinformide,长春米特,vinformidum,vinformide,vinformida,
ambenoxan,安苯烷,ambenoxanum,ambénoxan,ambenoxano,
devapamil,地伐帕米,devapamilum,dévapamil,devapamilo,
xantifibrate,占替贝特,xantifibratum,xantifibrate,xantifibrato,
laurolinium acetate,醋酸劳利铵,laurolinii acetas,acétate de laurolinium,acetato de laurolinio,
brosuximide,溴琥胺,brosuximidum,brosuximide,brosuximida,
pitenodil,哌诺地尔,pitenodilum,piténodil,pitenodil,
viquidil,维喹地尔,viquidilum,viquidil,viquidil,
carmantadine,卡金刚酸,carmantadinum,carmantadine,carmantadina,
pentagestrone,喷他孕酮,pentagestronum,pentagestrone,pentagestrona,
pirnabin,吡大麻,pirnabinum,pirnabine,pirnabina,
ioxaglic acid,碘克沙酸,acidum ioxaglicum,acide ioxaglique,ácido ioxáglico,
bicozamycin,二环霉素,bicozamycinum,bicozamycine,bicozamicina,
ifenprodil,艾芬地尔,ifenprodilum,ifenprodil,ifenprodil,
dexpropranolol,右普萘洛尔,dexpropranololum,dexpropranolol,dexpropranolol,
metostilenol,美托烯醇,metostilenolum,métostilénol,metostilenol,
sulfathiourea,磺胺硫脲,sulfathiourea,sulfathiourée,sulfatiourea,
iosefamic acid,碘西法酸,,acide ioséfamique,ácido iosefámico,
halonamine,卤那胺,halonaminum,halonamine,halonamina,
propazolamide,丙帕唑胺,propazolamidum,propazolamide,propazolamida,
pentaerithrityl tetranitrate,戊四硝酯,pentaerithrityli tetranitras,tétranitrate de pentaérithrityle,tetranitrato de pentaeritritilo,
dexclamol,地克拉莫,dexclamolum,dexclamol,dexclamol,
carbaldrate,卡巴铝,carbaldratum,carbaldrate,carbaldrato,
profenamine,普罗吩胺,profenaminum,profénamine,profenamina,
flunamine,氟那胺,flunaminum,flunamine,flunamina,
zalsenertant tetraxetan,特昔赞纳坦,zalsenertantum tetraxetanum,zalsénertant tétraxétan,zalsenertant tetraxetán,
ceftiofur,头孢噻呋,ceftiofurum,ceftiofur,ceftiofur,
dofamium chloride,多法氯铵,dofamii chloridum,chlorure de dofamium,cloruro de dofamio,
sopitazine,索哌他嗪,sopitazinum,sopitazine,sopitazina,
plaunotol,普劳诺托,plaunotolum,plaunotol,plaunotol,
carbocromen,卡波罗孟,carbocromenum,carbocromène,carbocromeno,
toloconium metilsulfate,甲硫托洛铵,toloconii metilsulfas,métilsulfate de toloconium,metilsulfato de toloconio,
sulfametrole,磺胺美曲,sulfametrolum,sulfamétrole,sulfametrol,
fibrinogen (125i),碘[125I]纤维蛋白原,fibrinogenum (125I),fibrinogène (125I),fibrinógeno (125I),
dichlorophenarsine,二氯苯胂,dichlorophenarsinum,dichlorophénarsine,diclorofenarsina,
moxazocine,莫沙佐辛,moxazocinum,moxazocine,moxazocina,
flubrobenguane (18f),氟 [18F]溴苄胍,flubrobenguanum (18F),flubrobenguane (18F),flubrobenguano (18F),
penprostene,戊前列烯,penprostenum,penprostène,penprosteno,
brovanexine,溴凡克新,brovanexinum,brovanexine,brovanexina,
verilopam,维立洛泮,verilopamum,vérilopam,verilopam,
methylphenidate,哌甲酯,,méthylphénidate,metilfenidato,
oxabolone cipionate,环戊丙羟勃龙,oxaboloni cipionas,cipionate d'oxabolone,cipionato de oxabolona,
menadione sodium bisulfite,甲萘醌亚硫酸氢钠,menadioni natrii bisulfis,bisulfite sodique de ménadione,bisulfito sódico de menadiona,
potassium nitrazepate,硝酸钾,kalii nitrazepas,nitrazépate de potassium,nitrazepato de potasio,
ioglucomide,碘葡胺,ioglucomidum,ioglucomide,ioglucomida,
tripelennamine,曲吡那敏,tripelennaminum,tripélennamine,tripelenamina,
lisuride,利舒脲,lisuridum,lisuride,lisurida,
dizatrifone,地扎曲酮,dizatrifonum,dizatrifone,dizatrifona,
famprofazone,泛普法宗,famprofazonum,famprofazone,famprofazona,
guafecainol,呱非卡诺,guafecainolum,guafécaïnol,guafecainol,
dexindoprofen,右吲哚洛芬,dexindoprofenum,dexindoprofène,dexindoprofeno,
epitiostanol,环硫雄醇,,épitiostanol,epitiostanol,
furterene,呋氨蝶啶,furterenum,furtérène,furtereno,
sarmoxicillin,沙莫西林,sarmoxicillinum,sarmoxicilline,sarmoxicilina,
tolpiprazole,托吡哌唑,tolpiprazolum,tolpiprazole,tolpiprazol,
fezatione,非扎硫酮,fezationum,fézatione,fezationa,
etanterol,依坦特罗,etanterolum,étantérol,etanterol,
cefetamet,头孢他美,cefetametum,céfétamet,cefetamet,
clofeverine,氯苯维林,clofeverinum,clofévérine,clofeverina,
fenperate,芬哌酯,fenperatum,fenpérate,fenperato,
peratizole,哌拉替唑,peratizolum,pératizole,peratizol,
tiapirinol,噻吡醇,tiapirinolum,tiapirinol,tiapirinol,
mephentermine,美芬丁胺,mephenterminum,méphentermine,mefentermina,
nitramisole,硝拉咪唑,nitramisolum,nitramisole,nitramisol,
hexoprenaline,海索那林,hexoprenalinum,hexoprénaline,hexoprenalina,
stirimazole,司替马唑,stirimazolum,stirimazole,estirimazol,
imanixil,伊马昔尔,imanixilum,imanixil,imanixilo,
menabitan,美大麻坦,menabitanum,ménabitane,menabitán,
flunixin,氟尼辛,flunixinum,flunixine,flunixino,
fludazonium chloride,氟唑氯铵,fludazonii chloridum,chlorure de fludazonium,cloruro de fludazonio,
piroheptine,吡咯庚汀,piroheptinum,piroheptine,piroheptina,
valdipromide,二丙戊酰胺,valdipromidum,valdipromide,valdipromida,
ramiprilat,雷米普利拉,ramiprilatum,ramiprilate,ramiprilat,
fluotracen,氟曲辛,fluotracenum,fluotracène,fluotraceno,
fluocortin,氟可丁,fluocortinum,fluocortine,fluocortina,
sodium apolate,阿扑酸钠,natrii apolas,apolate de sodium,apolato de sodio,
pergolide,培高莱,pergolidum,pergolide,pergolida,
ritrosulfan,利曲舒凡,ritrosulfanum,ritrosulfan,ritrosulfano,
olaquindox,奥喹多司,olaquindoxum,olaquindox,olaquindox,
tinoridine,替诺立定,tinoridinum,tinoridine,tinoridina,
tiodazosin,硫达唑嗪,tiodazosinum,tiodazosine,tiodazosina,
buquiterine,布喹特林,buquiterinum,buquitérine,buquiterina,
motrazepam,莫曲西泮,motrazepamum,motrazépam,motrazepam,
tiratricol,替拉曲考,tiratricolum,tiratricol,tiratricol,
azatepa,阿扎替派,,azatépa,azatepa,
oxitriptyline,奥昔替林,oxitriptylinum,oxitriptyline,oxitriptilina,
cinuperone,西奴哌隆,cinuperonum,cinupérone,cinuperona,
metogest,美托孕素,metogestum,métogest,metogest,
ioglucol,碘葡醇,ioglucolum,ioglucol,ioglucol,
oxidopamine,羟多巴胺,oxidopaminum,oxidopamine,oxidopamina,
lanacogene vosiparvovec,伏哌拉可基,lanacogenum vosiparvovecum,lanacogène vosiparvovec,lanacogén vosiparvovec,
cloxestradiol,氯克雌醇,cloxestradiolum,cloxestradiol,cloxestradiol,
benzobarbital,苯佐巴比妥,benzobarbitalum,benzobarbital,benzobarbital,
ibuverine,异丁维林,ibuverinum,ibuvérine,ibuverina,
axamozide,阿莫齐特,axamozidum,axamozide,axamozida,
bufuralol,丁呋洛尔,bufuralolum,bufuralol,bufuralol,
cloprostenol,氯前列醇,cloprostenolum,cloprosténol,cloprostenol,
pentisomicin,喷替米星,pentisomicinum,pentisomicine,pentisomicina,
cloxotestosterone,氯索睾酮,cloxotestosteronum,cloxotestostérone,cloxotestosterona,
flotufolastat (18f),氟[18F]妥福司他,flotufolastatum (18F),flotufolastat (18F),flotufolastat (18F),
dimethyltubocurarinium chloride,氯二甲箭毒,,chlorure de diméthyltubocurarinium,cloruro de dimetiltubocurarinio,
acridorex,吖啶雷司,acridorexum,acridorex,acridorex,
doliracetam,多拉西坦,doliracetamum,doliracétam,doliracetam,
taltrimide,他曲米特,taltrimidum,taltrimide,taltrimida,
metomidate,美托咪酯,metomidatum,métomidate,metomidato,
fluprostenol,氟前列醇,fluprostenolum,fluprosténol,fluprostenol,
nolinium bromide,诺利溴铵,nolinii bromide,bromure de nolinium,bromuro de nolinio,
aditoprim,阿地普林,aditoprimum,aditoprime,aditoprima,
benzaprinoxide,苯扎丙氧,benzaprinoxidum,benzaprinoxide,benzaprinóxido,
captopril,卡托普利,captoprilum,captopril,captopril,
diphenhydramine,苯海拉明,diphenhydraminum,diphénhydramine,difenhidramina,
ipronidazole,异丙硝唑,ipronidazolum,ipronidazole,ipronidazol,
crilanomer,克立诺姆,crilanomerum,crilanomère,crilanómero,
furbucillin,呋布西林,furbucillinum,furbucilline,furbucilina,
enbucrilate,恩布酯,enbucrilatum,enbucrilate,enbucrilato,
piberaline,吡贝拉林,piberalinum,pibéraline,piberalina,
viprostol,维前列醇,viprostolum,viprostol,viprostol,
dacisteine,达西司坦,dacisteinum,dacistéine,dacisteína,
clofenotane,滴滴涕,clofenotanum,clofénotane,clofenotano,
fluciprazine,氟西哌嗪,fluciprazinum,fluciprazine,fluciprazina,
ranitidine,雷尼替丁,ranitidinum,ranitidine,ranitidina,
cinoxolone,桂克索龙,cinoxolonum,cinoxolone,cinoxolona,
sodium diprotrizoate,二丙泛影钠,natrii diprotrizoas,diprotrizoate de sodium,diprotrizoato de sodio,
ponfibrate,喷贝特,,ponfibrate,ponfibrato,
doxylamine,多西拉敏,doxylaminum,doxylamine,doxilamina,
etisazole,依替沙唑,etisazolum,étisazole,etisazol,
cicloxolone,环克索龙,cicloxolonum,cicloxolone,cicloxolona,
alteconazole,阿替康唑,alteconazolum,altéconazole,alteconazol,
stercuronium iodide,司库碘铵,stercuronii iodidum,iodure de stercuronium,ioduro de estercuronio,
bromadoline,溴多林,bromadolinum,bromadoline,bromadolina,
miristalkonium chloride,米他氯铵,miristalkonii chloridum,chlorure de miristalkonium,cloruro de miristalconio,
terfluranol,特氟兰诺,terfluranolum,terfluranol,terfluranol,
maletamer,马来他姆,maletamerum,malétamère,maletámero,
etibendazole,依苯达唑,etibendazolum,étibendazole,etibendazol,
zocainone,佐卡酮,zocainonum,zocaïnone,zocainona,
trifluomeprazine,三氟美嗪,trifluomeprazinum,trifluoméprazine,trifluomeprazina,
terbucromil,特丁罗米,terbucromilum,terbucromil,terbucromilo,
erythromycin acistrate,醋硬脂红霉素,erythromycini acistras,acistrate d'érythromycine,acistrato de eritromicina,
fenirofibrate,非尼贝特,fenirofibratum,fénirofibrate,fenirofibrato,
rociverine,罗西维林,rociverinum,rocivérine,rociverina,
cadralazine,卡屈嗪,cadralazinum,cadralazine,cadralazina,
trethinium tosilate,托西曲喹铵,trethinii tosilas,tosilate de tréthinium,tosilato de tretinio,
repromicin,瑞普米星,repromicinum,répromicine,repromicina,
amlodipine,氨氯地平,amlodipinum,amlodipine,amlodipino,
nomegestrol,诺美孕酮,nomegestrolum,nomégestrol,nomegestrol,
sorbinicate,山梨烟酯,sorbinicatum,sorbinicate,sorbinicato,
pentizidone,戊齐酮,pentizidonum,pentizidone,pentizidona,
trospectomycin,丙大观霉素,trospectomycinum,trospectomycine,trospectomicina,
tioclomarol,噻氯香豆素,tioclomarolum,tioclomarol,tioclomarol,
etolotifen,依托替芬,etolotifenum,étolotifène,etolotifeno,
tioxaprofen,硫洛芬,tioxaprofenum,tioxaprofène,tioxaprofeno,
nilprazole,尼哌拉唑,nilprazolum,nilprazole,nilprazol,
dropempine,屈朋平,dropempinum,dropempine,dropempina,
meralluride,美拉鲁利,meralluridum,méralluride,meralurida,
cefsulodin,头孢磺啶,cefsulodinum,cefsulodine,cefsulodina,
tolciclate,托西拉酯,tolciclatum,tolciclate,tolciclato,
edetic acid,依地酸,,acide édétique,ácido edético,
tioxidazole,噻昔达唑,tioxidazolum,tioxidazole,tioxidazol,
dexsecoverine,地司维林,dexsecoverinum,dexsécovérine,dexsecoverina,
salinomycin,沙利霉素,salinomycinum,salinomycine,salinomicina,
ritropirronium bromide,利吡咯溴铵,ritropirronii bromidum,bromure de ritropirronium,bromuro de ritropirronio,
chorionic gonadotrophin,绒促性素,,gonadotrophine chorionique,gonadotrofina coriónica,
bromoxanide,溴沙奈,bromoxanidum,bromoxanide,bromoxanida,
tocofenoxate,托可芬酯,tocofenoxatum,tocofénoxate,tocofenoxato,
tetroxoprim,四氧普林,tetroxoprimum,tétroxoprime,tetroxoprima,
serum gonadotrophin,马血促性素,,gonadotrophine sérique,gonadotrofina sérica,
nafetolol,萘非洛尔,nafetololum,nafétolol,nafetolol,
nimustine,尼莫司汀,nimustinum,nimustine,nimustina,
oxetacillin,氧他西林,oxetacillinum,oxétacilline,oxetacilina,
cloprednol,氯泼尼醇,cloprednolum,cloprednol,cloprednol,
sulbenox,舒贝诺司,sulbenoxum,sulbénox,sulbenox,
roxolonium metilsulfate,甲硫咯克索铵,roxolonii metilsulfas,métilsulfate de roxolonium,metilsulfato de roxolonio,
benurestat,贝奴司他,benurestatum,bénurestate,benurestat,
protiofate,丙噻酯,protiofatum,protiofate,protiofato,
obecabtagene autoleucel,欧贝妥基奥仑赛,obecabtagenum autoleucelum,obécabtagène autoleucel,obecabtagén autoleucel,
pipradrol,哌苯甲醇,pipradrolum,pipradrol,pipradrol,
sodium aurotiosulfate,金硫代硫酸钠,natrii aurotiosulfas,aurotiosulfate de sodium,aurotiosulfato de sodio,
furegrelate,呋格雷酸,furegrelatum,furégrélate,furegrelato,
fluzoperine,氟唑培啉,fluzoperinum,fluzopérine,fluzoperina,
milenperone,咪仑哌隆,milenperonum,milenpérone,milenperona,
hexamethonium bromide,六甲溴铵,hexamethonii bromidum,bromure d'hexaméthonium,bromuro de hexametonio,
reclazepam,瑞氯西泮,reclazepamum,réclazépam,reclazepam,
ciclobendazole,环苯达唑,ciclobendazolum,ciclobendazole,ciclobendazol,
zoloperone,佐洛哌隆,zoloperonum,zolopérone,zoloperona,
grisnilimab setaritox,司格尼利单抗,grisnilimabum setaritoxum,grisnilimab sétaritox,grisnilimab setaritox,
hexestrol,己烷雌酚,hexestrolum,hexestrol,hexestrol,
dexamisole,右旋米唑,dexamisolum,dexamisole,dexamisol,
dafsolimab setaritox,司达索利单抗,dafsolimabum setaritoxum,dafsolimab sétaritox,dafsolimab setaritox,
pelrinone,培力农,pelrinonum,pelrinone,pelrinona,
amogastrin,阿莫胃泌素,amogastrinum,amogastrine,amogastrina,
troxonium tosilate,托西曲乙铵,troxonii tosilas,tosilate de troxonium,tosilato de troxonio,
trichloroethylene,三氯乙烯,,trichloroéthylène,tricloroetileno,
troxypyrrolium tosilate,托西曲咯铵,troxypyrrolii tosilas,tosilate de troxypyrrolium,tosilato de troxipirrolio,
pentopril,喷托普利,pentoprilum,pentopril,pentopril,
alimadol,阿利马多,alimadolum,alimadol,alimadol,
hydroxypyridine tartrate,酒石酸羟吡啶,hydroxypyridini tartras,tartrate d'hydroxypyridine,tartrato de hidroxipiridina,
pipofezine,哌泊非嗪,pipofezinum,pipofézine,pipofezina,
olpimedone,奥匹美酮,olpimedonum,olpimédone,olpimedona,
sodium glucaspaldrate,葡柳铝酸钠,natrii glucaspaldras,glucaspaldrate de sodium,glucaspaldrato de sodio,
keracyanin,凯拉花青,keracyaninum,kéracyanine,keracianina,
etamiphylline,依他茶碱,,étamiphylline,etamifilina,
pazoxide,帕佐昔特,pazoxidum,pazoxide,pazóxido,
plafibride,普拉贝脲,plafibridum,plafibride,plafibrida,
oxprenoate potassium,奥孕酸钾,oxprenoas kalii,oxprénoate de potassium,oxprenoato de potasio,
pegoterate,培高特酯,pegoteratum,pégotérate,pegoterato,
cinecromen,辛克罗孟,cinecromenum,cinécromène,cinecromeno,
policapram,聚卡普兰,policapramum,policapram,policapram,
ciproquazone,环丙喹宗,ciproquazonum,ciproquazone,ciprocuazona,
pyridoxine,吡哆醇,pyridoxinum,pyridoxine,piridoxina,
diclonixin,二氯尼辛,,diclonixine,diclonixino,
piperazine calcium edetate,哌嗪依地酸钙,piperazini calcii edetas,pipérazine édétate de calcium,edetato de piperazina y calcio,
amidefrine mesilate,甲磺阿米福林,amidefrini mesilas,mésilate d'amidéfrine,mesilato de amidefrina,
gallium (68ga) gozetotide,镓[68Ga]戈泽肽,String,gallium (68Ga) gozétotide,galio (68Ga) gozetótida,
avipendekin pegol,培艾纬白介素,avipendekinum pegolum,avipendékine pégol,avipendekina pegol,
flutonidine,氟托尼定,flutonidinum,flutonidine,flutonidina,
lupitidine,鲁匹替丁,lupitidinum,lupitidine,lupitidina,
methylergometrine,甲麦角新碱,methylergometrinum,méthylergométrine,metilergometrina,
flestolol,氟司洛尔,flestololum,flestolol,flestolol,
carfentanil,卡芬太尼,carfentanilum,carfentanil,carfentanilo,
oxantel,奥克太尔,oxantelum,oxantel,oxantel,
alazanine triclofenate,氯芬扎宁,alazanini triclofenas,triclofénate d'alazanine,triclofenato de alazanina,
arfendazam,阿芬达占,arfendazamum,arfendazam,arfendazam,
piprofurol,哌丙呋罗,piprofurolum,piprofurol,piprofurol,
reluscovtogene ralaplasmid,雷米瑞斯科基,reluscovtogenum ralaplasmidum,réluscovtogène ralaplasmide,reluscovtogén ralaplasmida,
selegiline,司来吉兰,selegilinum,sélégiline,selegilina,
sodium aurothiomalate,金硫丁二钠,natrii aurothiomalas,aurothiomalate de sodium,aurotiomalato de sodio,
ciheptolane,环庚烷,ciheptolanum,ciheptolane,ciheptolano,
propanocaine,丙泮卡因,propanocainum,propanocaïne,propanocaína,
compound solution of sodium chloride,复方氯化钠溶液,natrii chloridi solutio composita,soluté de chlorure de sodium composé,solucion de cloruro sódico compuesta,
etiroxate,依塞罗酯,etiroxatum,étiroxate,etiroxato,
mobecarb,吗贝卡,mobecarbum,mobécarbe,mobecarbo,
sodium gentisate,龙胆酸钠,natrii gentisas,gentisate de sodium,gentisato de sodio,
formebolone,甲酰勃龙,formebolonum,formébolone,formebolona,
bufezolac,丁苯唑酸,bufezolacum,bufézolac,bufezolaco,
pibecarb,匹贝卡,pibecarbum,pibécarbe,pibecarbo,
compound solution of sodium lactate,复方乳酸钠溶液,natrii lactatis solutio composita,soluté de lactate de sodium composé,solucion de lactato sódico compuesta,
meptazinol,美普他酚,meptazinolum,meptazinol,meptazinol,
pyrvinium chloride,吡维氯铵,pyrvinii chloridum,chlorure de pyrvinium,cloruro de pirvinio,
diclofurime,二氯呋利,diclofurimum,diclofurime,diclofurima,
sodium stibogluconate,葡萄糖酸锑钠,natrii stibogluconas,stibogluconate de sodium,estibogluconato de sodio,
sodium metrizoate,甲泛影钠,natrii metrizoas,métrizoate de sodium,metrizoato de sodio,
parconazole,帕康唑,parconazolum,parconazole,parconazol,
iodocholesterol (131i),碘[131I]胆固醇,iodocholesterolum (131I),iodocholestérol (131I),iodocolesterol (131I),
carburazepam,卡布西泮,carburazepamum,carburazépam,carburazepam,
troclosene potassium,曲氯新钾,,troclosène potassique,trocloseno de potasio,
pentamethonium bromide,五甲溴铵,pentamethonii bromidum,bromure de pentaméthonium,bromuro de pentametonio,
zolertine,佐勒汀,zolertinum,zolertine,zolertina,
chlorisondamine chloride,松达氯铵,,chlorure de chlorisondamine,cloruro de clorisondamina,
flumecinol,氟美西诺,flumecinolum,flumécinol,flumecinol,
pentamidine,喷他脒,,pentamidine,pentamidina,
alunacedase alfa,阿鲁纳西酶α,alunacedasum alfa,alunacédase alfa,alunacedasa alfa,
meglutol,美格鲁托,meglutolum,méglutol,meglutol,
cideferron,枸糖铁,cideferronum,cidéferron,cideferrón,
entsufon,恩磺酸,entsufonum,entsufon,entsufón,
streptodornase,链道酶,streptodornasum,streptodornase,estreptodornasa,
befunolol,苯呋洛尔,befunololum,béfunolol,befunolol,
bupicomide,丁吡考胺,bupicomidum,bupicomide,bupicomida,
idropranolol,氢萘洛尔,idropranololum,idropranolol,idropranolol,
lidofenin,利多苯宁,lidofeninum,lidofénine,lidofenina,
ambruticin,安布替星,ambruticinum,ambruticine,ambruticina,
ciramadol,西拉马多,ciramadolum,ciramadol,ciramadol,
moxastine,莫沙斯汀,,moxastine,moxastina,
promoxolane,普罗索仑,promoxolanum,promoxolane,promoxolano,
zidometacin,齐多美辛,zidometacinum,zidométacine,zidometacina,
menbutone,孟布酮,menbutonum,menbutone,menbutona,
pholedrine,福来君,pholedrinum,pholédrine,foledrina,
proxazole,普罗沙唑,proxazolum,proxazole,proxazol,
thonzylamine,松齐拉敏,thonzylaminum,thonzylamine,tonzilamina,
maleylsulfathiazole,马来磺胺噻唑,maleylsulfathiazolum,maléylsulfathiazol,maleilsulfatiazol,
medrylamine,甲氧拉敏,medrylaminum,médrylamine,medrilamina,
iodetryl,碘硬酯,,iodétryl,iodetrilo,
pararosaniline embonate,恩波副品红,pararosanilini embonas,embonate de pararosaniline,embonato de pararosanilina,
amoxydramine camsilate,樟磺阿莫拉明,amoxydramini camsilas,camsilate d'amoxydramine,cansilato de amoxidramina,
medazomide,美达唑胺,medazomidum,médazomide,medazomida,
menglytate,孟格立酯,menglytatum,menglytate,menglitato,
acepromazine,乙酰丙嗪,,acépromazine,acepromazina,
metescufylline,甲七叶茶碱,metescufyllinum,métescufylline,metescufilina,
benzodepa,苯佐替派,,benzodépa,benzodepa,
glybuzole,格列丁唑,glybuzolum,glybuzole,glibuzol,
vincristine,长春新碱,vincristinum,vincristine,vincristina,
rescinnamine,瑞西那明,rescinnaminum,rescinnamine,rescinamina,
streptovarycin,链伐立星,streptovarycinum,streptovarycine,estreptovaricina,
hydrocortamate,氢可他酯,hydrocortamatum,hydrocortamate,hidrocortamato,
prothipendyl,丙硫喷地,prothipendylum,prothipendyl,protipendilo,
nidroxyzone,尼屈昔腙,,nidroxyzone,nidroxizona,
perhexiline,哌克昔林,perhexilinum,perhexiline,perhexilina,
clotixamide,氯噻吨胺,clotixamidum,clotixamide,clotixamida,
racemoramide,消旋吗拉胺,racemoramidum,racémoramide,racemoramida,
sodium bitionolate,硫氯酚钠,natrii bitionolas,bitionolate de sodium,bitionolato de sodio,
sorbitan laurate,月桂山梨坦,sorbitani lauras,laurate de sorbitan,laurato de sorbitán,
sorbitan palmitate,棕榈山梨坦,sorbitani palmitas,palmitate de sorbitan,palmitato de sorbitán,
sodium etasulfate,依他硫酸钠,natrii etasulfas,étasulfate de sodium,etasulfato de sodio,
sorbitan stearate,硬脂山梨坦,sorbitani stearas,stéarate de sorbitan,estearato de sorbitán,
sorbitan tristearate,三硬脂山梨坦,sorbitani tristearas,tristéarate de sorbitan,triestearato de sorbitán,
sorbitan oleate,油酸山梨坦,sorbitani oleas,oléate de sorbitan,oleato de sorbitán,
sorbitan trioleate,三油酸山梨坦,sorbitani trioleas,trioléate de sorbitan,trioleato de sorbitán,
sorbitan sesquioleate,倍半油酸山梨坦,sorbitani sesquioleas,sesquioléate de sorbitan,sesquioleato de sorbitán,
cloramfenicol pantotenate complex,氯霉素泛酸钙复方,cloramfenicoli pantotenas compositum,pantoténate de cloramfénicol composé,pantotenato de cloranfenicol compuesto,
deditonium bromide,地托溴铵,deditonii bromidum,bromure de déditonium,bromuro de deditonio,
meralein sodium,汞林钠,,méraléine sodique,meraleína de sodio,
triamcinolone hexacetonide,己曲安奈德,triamcinoloni hexacetonidum,hexacétonide de triamcinolone,hexacetónido de triamcinolona,
proadifen,普罗地芬,proadifenum,proadifène,proadifeno,
sodium timerfonate,硫汞苯磺钠,natrii timerfonas,timerfonate de sodium,timerfonato de sodio,
clefamide,克立法胺,,cléfamide,clefamida,
cycloguanil embonate,恩波环氯胍,cycloguanili embonas,embonate de cycloguanil,embonato de cicloguanil,
neutral insulin injection,中性胰岛素注射液,insulini injectio neutralis,soluté neutre injectable d'insuline,inyectable neutro de insulina,
choline salicylate,水杨酸胆碱,cholini salicylas,salicylate de choline,salicilato de colina,
propranolol,普萘洛尔,propranololum,propranolol,propranolol,
propoxate,丙泊酯,propoxatum,propoxate,propoxato,
porfiromycin,泊非霉素,porfiromycinum,porfiromycine,porfiromicina,
denatonium benzoate,苯甲地那铵,denatonii benzoas,benzoate de dénatonium,benzoato de denatonio,
bufogenin,布福吉宁,bufogeninum,bufogénine,bufogenina,
bunapsilate,丁萘磺酸盐(或酯),bunapsilas (R),bunapsilate,bunapsilato,
laurilsulfate,硫酸月桂酯,laurilsulfas (R),laurilsulfate,laurilsulfato,
dibudinate,地布二酸盐(或酯),dibudinas (R),dibudinate,dibudinato,
trolamine,三乙醇胺,trolaminum (R),trolamine,trolamina,
aceturate,醋甘氨酸盐(或酯),aceturas (R),acéturate,aceturato,
gitalin amorphous,无定形吉他林,gitalinum amorphum,gitaline amorphe,gitalina amorfa,
pecazine,哌卡嗪,,pécazine,pecazina,
olamine,乙醇胺,olaminum (R),olamine,olamina,
ciclotate,环他酸盐(或酯),ciclotas (R),ciclotate,ciclotato,
bleomycin,博来霉素,bleomycinum,bléomycine,bleomicina,
estolate,依托酸盐(或酯),estolas (R),estolate,estolato,
epirizole,依匹唑,epirizolum,épirizole,epirizol,
ditekiren,地替吉仑,ditekirenum,ditékirène,ditekireno,
methoxamine,甲氧明,methoxaminum,méthoxamine,metoxamina,
metocinium iodide,美托碘铵,metocinii iodidum,iodure de métocinium,ioduro de metocinio,
buformin,丁福明,,buformine,buformina,
defoslimod,地磷莫德,defoslimodum,défoslimod,defoslimod,
zolimidine,佐利米定,zolimidinum,zolimidine,zolimidina,
salcolex,柳胆来司,salcolexum,salcolex,salcolex,
cefazolin,头孢唑林,cefazolinum,céfazoline,cefazolina,
olvanil,奥伐尼,olvanilum,olvanil,olvanilo,
adimolol,阿地洛尔,adimololum,adimolol,adimolol,
tesicam,替昔康,tesicamum,tésicam,tesicam,
parodilol,帕地洛,parodilolum,parodilol,parodilol,
etuvetidigene autotemcel,伊替基奥干赛,etuvetidigenum autotemcelum,étuvétidigène autotemcel,etuvetidigén autotemcel,
caroverine,卡罗维林,caroverinum,carovérine,caroverina,
cefatrizine,头孢曲秦,cefatrizinum,céfatrizine,cefatrizina,
hachimycin,曲古霉素,hachimycinum,hachimycine,hachimicina,
poldine metilsulfate,甲硫泊尔定,poldini metilsulfas,métilsulfate de poldine,metilsulfato de poldina,
megallate,美酸盐(或酯),megallas (R),mégallate,megalato,
bavunalimab,帕那利单抗,bavunalimabum,bavunalimab,bavunalimab,
renanolone,雷那诺龙,,rénanolone,renanolona,
almoxatone,阿莫酮,almoxatonum,almoxatone,almoxatona,
hexasodium fytate,肌醇六磷酸钠,hexanatrii fytas,fytate d'hexasodium,fitato de hexasodio,
firolimogene autotemcel,菲洛利基奥干赛,firolimogenum autotemcelum,firolimogène autotemcel,firolimogén autotemcel,
deanol aceglumate,醋谷地阿诺,deanoli aceglumas,acéglumate de déanol,aceglumato de deanol,
nafazatrom,那法扎琼,nafazatromum,nafazatrom,nafazatrom,
patidistrogene bexoparvovec,贝哌替基,patidistrogenum bexoparvovecum,patidistrogène bexoparvovec,patidistrogén bexoparvovec,
carafiban,卡拉非班,carafibanum,carafiban,carafibán,
farnesil,法奈(基),farnesilum (R),farnésil,farnesilo,
eprovafen,依普伐芬,eprovafenum,éprovafène,eprovafeno,
domofenogene zalfaparvovec,扎哌度莫基,domofenogenum zalfaparvovecum,domofénogène zalfaparvovec,domofenogén zalfaparvovec,
evoncabtagene pazurgedleucel,艾沃基杰仑赛,evoncabtagenum pazurgedleucelum,évoncabtagène pazurgedleucel,evoncabtagén pazurgedleucel,
cefempidone,头孢吡酮,cefempidonum,céfempidone,cefempidona,
ticarbodine,替卡波定,ticarbodinum,ticarbodine,ticarbodina,
bidridistrogene xeboparvovec,西哌比瑞基,bidridistrogenum xeboparvovecum,bidridistrogène xéboparvovec,bidridistrogén xeboparvovec,
clantifen,氯替芬,clantifenum,clantifène,clantifeno,
burodiline,丁咯地林,burodilinum,burodiline,burodilina,
azaspirium chloride,阿匹氯铵,azaspirii chloridum,chlorure d'azaspirium,cloruro de azaspirio,
cinepazet,桂哌酯,cinepazetum,cinépazet,cinepazet,
daropate,达普酸盐(或酯),daropas (R),daropate,daropato,
carbesilate,羟苯磺酸盐(或酯),carbesilas (R),carbésilate,carbesilato,
pytamine,吡他明,pytaminum,pytamine,pitamina,
stallimycin,司他霉素,stallimycinum,stallimycine,estalimicina,
metembonate,美萘酸盐(或酯),metembonas (R),métembonate,metembonato,
fendiline,芬地林,fendilinum,fendiline,fendilina,
dorastine,多拉斯汀,dorastinum,dorastine,dorastina,
tenoate,噻羧酸盐(或酯),tenoas (R),ténoate,tenoato,
sulfinalol,硫氧洛尔,sulfinalolum,sulfinalol,sulfinalol,
prostalene,前列他林,prostalenum,prostalène,prostaleno,
insulin defalan,地法胰岛素,insulinum defalanum,insuline défalan,insulina defalán,
myralact,麦拉乳酸,myralactum,myralact,miralacto,
viroxime,韦罗肟,viroximum,viroxime,viroxima,
tribuzone,曲布宗,tribuzonum,tribuzone,tribuzona,
efdamrofusp alfa,依莫芙普α,efdamrofuspum alfa,efdamrofusp alfa,efdamrofusp alfa,
tofesilate,茶乙磺酸盐(或酯),tofesilas (R),tofésilate,tofesilato,
pinadoline,匹那多林,pinadolinum,pinadoline,pinadolina,
flazalone,夫拉扎酮,flazalonum,flazalone,flazalona,
perisoxal,哌立索唑,perisoxalum,périsoxal,perisoxal,
ozolinone,奥唑林酮,ozolinonum,ozolinone,ozolinona,
drazidox,肼多司,drazidoxum,drazidox,drazidox,
dabocemagene autoficel,达博基奥菲赛,dabocemagenum autoficelum,dabocémagène autoficel,dabocemagén autoficel,
canbisol,坎比醇,canbisolum,canbisol,canbisol,
temodox,替莫多司,temodoxum,témodox,temodox,
evandamine,依凡达明,evandaminum,évandamine,evandamina,
bufrolin,丁夫罗林,bufrolinum,bufroline,bufrolina,
buterizine,布替利嗪,buterizinum,butérizine,buterizina,
perastine,哌拉斯汀,,pérastine,perastina,
oxidronic acid,奥昔膦酸,acidum oxidronicum,acide oxidronique,ácido oxidrónico,
besunide,贝舒尼特,besunidum,bésunide,besunida,
proroxan,普罗克生,proroxanum,proroxan,proroxano,
cropropamide,克罗丙胺,cropropamidum,cropropamide,cropropamida,
crobefate,克罗磷酸盐(或酯),crobefas (R),crobéfate,crobefato,
micronomicin,小诺米星,micronomicinum,micronomicine,micronomicina,
cefminox,头孢米诺,cefminoxum,cefminox,cefminox,
etifenin,依替苯宁,etifeninum,étifénine,etifenina,
sirtratumab vedotin,维斯妥尤单抗,sirtratumabum vedotinum,sirtratumab védotine,sirtratumab vedotina,
revospirone,瑞伏螺酮,revospironum,révospirone,revospirona,
sofalcone,索法酮,sofalconum,sofalcone,sofalcona,
aronixil,阿罗昔尔,aronixilum,aronixil,aronixilo,
adrulipase alfa,艾佐脂酶α,adrulipasum alfa,adrulipase alfa,adrulipasa alfa,
pivekimab sunirine,苏奈匹维奇单抗,pivekimabum sunirinum,pivékimab sunirine,pivekimab sunirina,
cefalonium,头孢洛宁,cefalonium,céfalonium,cefalonio,
pivoxetil,匹伏替(基),pivoxetilum (R),pivoxétil,pivoxetilo,
cefaloram,头孢洛仑,cefaloramum,céfaloram,cefaloram,
ciprostene,西前列烯,ciprostenum,ciprostène,ciprosteno,
bezomil,苯甲酰氧甲(基),bezomilum (R),bézomil,bezomilo,
zevorcabtagene autoleucel,泽沃基奥仑赛,zevorcabtagenum autoleucelum,zévorcabtagène autoleucel,zevorcabtagén autoleucel,
isoprednidene,异泼尼定,isoprednidenum,isoprednidène,isoprednideno,
trocimine,曲西明,trociminum,trocimine,trocimina,
fendizoate,芬地酸盐(或酯),fendizoas (R),fendizoate,fendizoato,
ledaborbactam etzadroxil,来硼巴坦酯,ledaborbactamum etzadroxilum,lédaborbactam étzadroxil,ledaborbactam etzadroxil,
ifezuntirgene inilparvovec,依哌艾特基,ifezuntirgenum inilparvovecum,ifezuntirgène inilparvovec,ifezuntirgén inilparvovec,
mozafancogene autotemcel,莫柯基奥干赛,mozafancogenum autotemcelum,mozafancogène autotemcel,mozafancogén autotemcel,
egtazic acid,依他酸,acidum egtazicum,acide egtazique,ácido egtázico,
etazepine,依他西平,etazepinum,étazépine,etazepina,
idestopoetin alfa,伊迪促红素α,idestopoetinum alfa,idestopoétine alfa,idestopoetina alfa,
enviradene,恩韦拉登,enviradenum,enviradène,enviradeno,
marnetegragene autotemcel,玛奈基奥干赛,marnetegragenum autotemcelum,marnétégragène autotemcel,marnetegragén autotemcel,
piroximone,匹罗昔酮,piroximonum,piroximone,piroximona,
methiomeprazine,甲硫美嗪,,méthioméprazine,metiomeprazina,
mefenidil,甲苯地尔,mefenidilum,méfénidil,mefenidil,
spiclamine,螺克拉明,spiclaminum,spiclamine,espiclamina,
denotivir,地诺替韦,denotivirum,dénotivir,denotivir,
vusolimogene oderparepvec,迪合沃索基,vusolimogenum oderparepvecum,vusolimogène oderparepvec,vusolimogén oderparepvec,
motacabtagene lurevgedleucel,莫它基杰仑赛,motacabtagenum lurevgedleucelum,motacabtagène lurévgedleucel,motacabtagén lurevgedleucel,
pivoxil,匹伏(基),pivoxil (R),pivoxil,pivoxilo,
traxanox,曲诺,traxanoxum,traxanox,traxanox,
melredableukin alfa,米瑞达白介素α,melredableukinum alfa,melrédableukine alfa,melredableukina alfa,
triafungin,三嗪芬净,triafunginum,triafungine,triafungina,
clofenoxyde,氯苯醚特,clofenoxydum,clofénoxyde,clofenóxido,
insulin sudelidec,舒地胰岛素,insulinum sudelidecum,insuline sudélidec,insulina sudelidec,
cefaparole,头孢帕罗,cefaparolum,céfaparole,cefaparol,
propikacin,普匹卡星,propikacinum,propikacine,propikacina,
apalcillin,阿帕西林,apalcillinum,apalcilline,apalcilina,
amsonate,安索酸盐(或酯),amsonas (R),amsonate,amsonato,
ibazocine,伊巴佐辛,ibazocinum,ibazocine,ibazocina,
camsilate,樟磺酸盐(或酯),camsilas (R),camsilate,camsilato,
vincantril,长春曲尔,vincantrilum,vincantril,vincantrilo,
cinfenine,桂非宁,cinfeninum,cinfénine,cinfenina,
esilate,乙磺酸盐(或酯),esilas (R),ésilate,esilato,
cipionate,环比酸盐(或酯),cipionas (R),cipionate,cipionato,
olradipine,奥拉地平,olradipinum,olradipine,olradipino,
dibunate,地布酸盐(或酯),dibunas (R),dibunate,dibunato,
medronic acid,亚甲膦酸,acidum medronicum,acide médronique,ácido medrónico,
closilate,氯苯磺酸盐(或酯),closilas (R),closilate,closilato,
monoxerutin,莫诺芦丁,monoxerutinum,monoxérutine,monoxerutina,
edisilate,乙二磺酸盐(或酯),edisilas (R),édisilate,edisilato,
benderizine,苯地利嗪,benderizinum,bendérizine,benderizina,
embonate,恩波酸盐(或酯),embonas (R),embonate,embonato,
gluceptate,葡庚糖酸盐(或酯),gluceptas (R),gluceptate,gluceptato,
furalazine,呋喃拉嗪,furalazinum,furalazine,furalazina,
isetionate,伊西酸盐(或酯),isetionas (R),isétionate,isetionato,
oxoglurate,氧戊二酸盐(或酯),oxogluras (R),oxoglurate,oxoglurato,
clodazon,氯达酮,clodazonum,clodazone,clodazón,
cromacate,色乙酸(或酯),cromacas (R),cromacate,cromacato,
doruxapapogene ralaplasmid,瑞米度帕基,doruxapapogenum ralaplasmidum,doruxapapogène ralaplasmide,doruxapapogén ralaplásmido,
mesilate,甲磺酸盐(或酯),mesilas (R),mésilate,mesilato,
mecloralurea,甲氯醛脲,mecloralurea,mécloralurée,mecloralurea,
fostedate,磷达酸盐(或酯),fostedatum (R),fostédate,fostedato,
metilsulfate,甲硫酸盐(或酯),metilsulfas (R),métilsulfate,metilsulfato,
tebutate,特布酸盐(或酯),tebutas (R),tébutate,tebutato,
canrenone,坎利酮,canrenonum,canrénone,canrenona,
napadisilate,萘二磺酸盐(或酯),napadisilas (R),napadisilate,napadisilato,
napsilate,萘磺酸盐(或酯),napsilas (R),napsilate,napsilato,
xinidamine,希尼达明,,xinidamine,xinidamina,
pentrinitrol,戊硝醇,pentrinitrolum,pentrinitrol,pentrinitrol,
pivalate,匹伐酸盐(或酯),pivalas (R),pivalate,pivalato,
milverine,米尔维林,milverinum,milvérine,milverina,
denbufylline,登布茶碱,denbufyllinum,denbufylline,denbufilina,
teoclate,茶氯酸盐(或酯),teoclas (R),téoclate,teoclato,
tosilate,托西酸盐(或酯),tosilas (R),tosilate,tosilato,
triclofenate,三氯芬酸盐(或酯),triclofenas (R),triclofénate,triclofenato,
troxundate,曲生酸盐(或酯),troxundas (R),troxundate,troxundato,
paulomycin,保洛霉素,paulomycinum,paulomycine,paulomicina,
cloxypendyl,氯羟喷地,cloxypendylum,cloxypendyl,cloxipendilo,
enantate,庚酸盐(或酯),enantas (R),énantate,enantato,
mesuprine,美舒令,mesuprinum,mésuprine,mesuprina,
nisterime,尼司特林,nisterimum,nistérime,nisterima,
lodenosine,洛德腺苷,lodenosinum,lodénosine,lodenosina,
benzotript,苯佐色氨酸,benzotriptum,benzotripte,benzotripto,
rentiapril,伦唑普利,rentiaprilum,rentiapril,rentiapril,
teprosilate,茶丙磺酸盐(或酯),teprosilas (R),téprosilate,teprosilato,
fostroxacitabine bralpamide,布磷曲沙他滨,fostroxacitabinum bralpamidum,fostroxacitabine bralpamide,fostroxacitabina bralpamida,
sarpicillin,沙匹西林,sarpicillinum,sarpicilline,sarpicilina,
xylamidine tosilate,托西米定,xylamidini tosilas,tosilate de xylamidine,tosilato de xilamidina,
odapipam,奥达匹泮,odapipamum,odapipam,odapipam,
proxetil,普塞(基),proxetilum (R),proxétil,proxetilo,
bacmecillinam,巴美西林,bacmecillinamum,bacmécillinam,bacmecilinam,
deanil,地尼(基),deanil (R),déanil,deanilo,
azamidugene autotemcel,艾米基奥干赛,azamidugenum autotemcelum,azamidugène autotemcel,azamidugén autotemcel,
acistrate,醋硬脂酸盐(或酯),acistras (R),acistrate,acistrato,
sulprosal,磺丙柳,sulprosalum,sulprosal,sulprosal,
iladatuzumab vedotin,维艾妥珠单抗,iladatuzumabum vedotinum,iladatuzumab védotine,iladatuzumab vedotina,
delorazepam,地洛西泮,delorazepamum,délorazépam,delorazepam,
primycin,普利霉素,primycinum,primycine,primicina,
pidolic acid,氧脯氨酸,acidum pidolicum,acide pidolique,ácido pidólico,
remacemide,瑞马西胺,remacemidum,rémacémide,remacemida,
iodine (124i) evuzamitide,碘（124I）艾夫米肽,iodinum (124I) evuzamitidum,iodine (124I) évuzamitide,iodo (124I) evuzamitida,
tretoquinol,曲托喹酚,tretoquinolum,trétoquinol,tretoquinol,
fenalamide,非那拉胺,fenalamidum,fénalamide,fenalamida,
decil,癸基,decil (R),décil,decilo,
cilexetil,环庚塞(基),cilexetilum (R),cilexétil,cilexetilo,
rucosopasem manganese,鲁可帕锰,rucosopasemum manganesum,rucosopasem manganèse,rucosopasem manganeso,
cinperene,桂哌林,cinperenum,cinpérène,cinpereno,
fludorex,氟多雷司,fludorexum,fludorex,fludorex,
kalafungin,卡拉芬净,kalafunginum,kalafungine,kalafungina,
anirolac,阿尼罗酸,anirolacum,anirolac,anirolaco,
cefazaflur,头孢氮氟,cefazaflurum,céfazaflur,cefazaflur,
carindacillin,卡茚西林,carindacillinum,carindacilline,carindacilina,
almadrate sulfate,铝硫酸镁,almadrati sulfas,sulfate d'almadrate,sulfato de almadrato,
pixofisiran,匹索非司兰,pixofisiranum,pixofisiran,pixofisirán,
octil,辛(基),octilum (R),octil,octilo,
lalikinogene sifuplasmid,司米奇基,lalikinogenum sifuplasmidum,lalikinogène sifuplasmide,lalikinogén sifuplásmido,
carbadox,卡巴多司,carbadoxum,carbadox,carbadox,
norleusactide,正亮克肽,norleusactidum,norleusactide,norleusáctida,
bambermycin,班贝霉素,bambermycinum,bambermycine,bambermicina,
guancidine,胍西定,guancidinum,guancidine,guancidina,
mebiquine,甲铋喹,,mébiquine,mebiquina,
letosteine,来托司坦,letosteinum,létostéine,letosteína,
phenarsone sulfoxylate,次硫酸非那胂,phenarsoni sulfoxylas,sulfoxylate de phénarsone,sulfoxilato de fenarsona,
clorotepine,氯替平,clorotepinum,clorotépine,clorotepina,
cobamamide,腺苷钴胺,cobamamidum,cobamamide,cobamamida,
prazepine,普拉西平,prazepinum,prazépine,prazepina,
peraquinsin,哌喹新,peraquinsinum,péraquinsine,peraquinsina,
cinaxadamtase alfa,辛奈达酶α,cinaxadamtasum alfa,cinaxadamtase alfa,cinaxadamtasa alfa,
ronidazole,罗硝唑,ronidazolum,ronidazole,ronidazol,
quadrosilan,夸屈硅烷,quadrosilanum,quadrosilane,quadrosilan,
phoxim,肟硫磷,phoximum,phoxime,foxima,
aminophenazone cyclamate,环拉氨基比林,aminophenazoni cyclamas,cyclamate d'aminophénazone,ciclamato de aminofenazona,
clorofene,氯苄酚,clorofenum,clorofène,clorofeno,
captamine,卡普他明,captaminum,captamine,captamina,
polygeline,聚明胶肽,polygelinum,polygéline,poligelina,
dalutrafusp alfa,达罗芙普α,dalutrafuspum alfa,dalutrafusp alfa,dalutrafusp alfa,
azastene,阿扎斯丁,azastenum,azastène,azasteno,
sumetizide,舒美噻嗪,sumetizidum,sumétizide,sumetizida,
zinpentraxin alfa,泽穿透素α,zinpentraxinum alfa,zinpentraxine alfa,zinpentraxina alfa,
algeldrate,水合氢氧化铝,algeldratum,algeldrate,algeldrato,
butoprozine,布托丙茚,butoprozinum,butoprozine,butoprozina,
lovotibeglogene autotemcel,罗沃基奥干赛,lovotibeglogenum autotemcelum,lovotibéglogène autotemcel,lovotibeglogén autotemcel,
acmucabtagene autoleucel,艾卡基奥仑赛,acmucabtagenum autoleucelum,acmucabtagène autoleucel,acmucabtagén autoleucel,
boxidine,波克昔定,boxidinum,boxidine,boxidina,
puromycin,嘌罗霉素,puromycinum,puromycine,puromicina,
etabonate,依碳酸盐(或酯),etabonas (R),étabonate,etabonato,
triflutate,三氟醋酸盐(或酯),triflutas (R),triflutate,triflutato,
lepunafusp alfa,莱纳芙普α,lepunafuspum alfa,lépunafusp alfa,lepunafusp alfa,
pentexil,喷替(基),pentexilum (R),pentexil,pentexilo,
dopamine,多巴胺,dopaminum,dopamine,dopamina,
fursalan,呋沙仑,fursalanum,fursalan,fursalán,
farletuzumab ecteribulin,埃柯法妥珠单抗,farletuzumabum ecteribulinum,farlétuzumab ectéribuline,farletuzumab ecteribulina,
fenestrel,芬雌酸,fenestrelum,fénestrel,fenestrel,
lutetium (177lu) zadavotide guraxetan,镥（177Lu）谷扎达沃肽,lutetium (177Lu) zadavotidum guraxetanum,lutécium (177Lu) zadavotide guraxétan,lutecio (177Lu) zadavotida guraxetán,
itezocabtagene autoleucel,依佐基奥仑赛,itezocabtagenum autoleucelum,itézocabtagène autoleucel,itezocabtagén autoleucel,
hibenzate,海苯酸盐(或酯),hibenzas (R),hibenzate,hibenzato,
sitocabnagene loxiveleucel,司托卡基仑赛,sitocabnagenum loxiveleucelum,sitocabnagène loxivéleucel,sitocabnagén loxiveleucel,
bomtabegagene bavoparvovec,沃哌泊基,bomtabegagenum bavoparvovecum,bomtabégagène bavoparvovec,bomtabegagén bavoparvovec,
efprezimod alfa,依瑞莫德α,efprezimodum alfa,efprézimod alfa,efprezimod alfa,
parathiazine,帕拉塞嗪,,parathiazine,paratiazina,
metopon,美托酮,metoponum,métopon,metopón,
azilsartan mopivabil,阿齐沙坦莫匹酯,azilsartanum mopivabilum,azilsartan mopivabil,azilsartán mopivabilo,
opilrelagene atradenorepvec,曲艾若奥瑞基,opilrelagenum atradenorepvecum,opilrélagène atradénorepvec,opilrelagén atradenorepvec,
tarcocimab tedromer,替卓塔珂西单抗,tarcocimabum tedromerum,tarcocimab tédromère,tarcocimab tedrómero,
piflufolastat (18f),匹氟[18F]福司他,piflufolastatum (18F),piflufolastat (18F),piflufolastat (18F),
paclitaxel obaluronate,奥巴紫杉醇酯,paclitaxeli obaluronas,obaluronate de paclitaxel,obaluronato de paclitaxel,
linaprazan glurate,谷利那拉生酯,linaprazani gluras,glurate de linaprazan,glurato de linaprazán,
hemoglobin sucistil (bovine),牛舒血红蛋白,hemoglobinum sucistilum (bovinum),hémoglobine sucistil (bovine),hemoglobina sucistilo (bovina),
iopofosine (131i),碘 (131I)泊福新,iopofosinum (131I),iopofosine (131I),iopofosina (131I),
lixmabegagene relduparvovec,度哌利贝基,lixmabegagenum relduparvovecum,lixmabégagène relduparvovec,lixmabegagén relduparvovec,
plixacabtagene autoleucel,普卡基奥仑赛,plixacabtagenum autoleucelum,plixacabtagène autoleucel,plixacabtagén autoleucel,
pertuzumab zuvotolimod,佐莫帕妥珠单抗,pertuzumabum zuvotolimodum,pertuzumab zuvotolimod,pertuzumab zuvotolimod,
trastuzumab corixetan,柯曲妥珠单抗,trastuzumabum corixetanum,trastuzumab corixétan,trastuzumab corixetán,
mecbotamab vedotin,维米博妥单抗,mecbotamabum vedotinum,mecbotamab védotine,mecbotamab vedotina,
gallium (68ga) boclatixafortide,镓(68Ga)博克替福肽,gallium (68Ga) boclatixafortidum,gallium (68Ga) boclatixafortide,galio (68Ga) boclatixafortida,
ozuriftamab vedotin,维奥珠瑞妥单抗,ozuriftamabum vedotinum,ozuriftamab védotine,ozuriftamab vedotina,
ifinatamab deruxtecan,德伊菲妥单抗,ifinatamabum deruxtecanum,ifinatamab déruxtécan,ifinatamab deruxtecán,
yttrium (90y) anditixafortide,钇[90Y]安迪替福肽,yttrium (90Y) anditixafortidum,yttrium (90Y) anditixafortide,ytrio (90Y) anditixafortida,
rapcabtagene autoleucel,瑞卡基奥仑赛,rapcabtagenum autoleucelum,rapcabtagène autoleucel,rapcabtagén autoleucel,
sudocetaxel zendusortide,珍度苏多西他赛酯,sudocetaxelum zendusortidum,sudocétaxel zendusortide,sudocetaxel zendusortida,
icomidocholic acid,依克米胆酸,acidum icomidocholicum,acide icomidocholique,ácido icomidocólico,
rhenium (186re) obisbemeda,铼（186Re）奥贝美达,rhenium (186Re) obisbemedum,rhénium (186Re) obisbéméda,renio (186Re) obisbemeda,
nanrilkefusp alfa,纳瑞可芙普α,nanrilkefuspum alfa,nanrilkéfusp alfa,nanrilkefusp alfa,
nulabeglogene autogedtemcel,奴贝基奥杰干赛,nulabeglogenum autogedtemcelum,nulabéglogène autogedtemcel,nulabeglogén autogedtemcel,
luveltamab tazevibulin,他布芦维妥单抗,luveltamabum tazevibulinum,luveltamab tazévibuline,luveltamab tazevibulina,
luveltamab tazide,他兹芦维妥单抗,luveltamabum tazidum,luveltamab tazide,luveltamab tazida,
engabexagene cincesparvovec,辛哌恩贝基,engabexagenum cincesparvovecum,engabexagène cincesparvovec,engabexagén cincesparvovec,
zaftuclenegene piruparvovec,匹哌泽奈基,zaftuclenegenum piruparvovecum,zaftuclénégène piruparvovec,zaftuclenegén piruparvovec,
vobramitamab duocarmazine,度嗪沃瑞妥单抗,vobramitamabum duocarmazinum,vobramitamab duocarmazine,vobramitamab duocarmazina,
florquinitau (18f),氟（18F）奎尼妥,florquinitauum (18F),florquinitau (18F),florquinitau (18F),
lecilimogene autotemcel,莱利基奥干赛,lecilimogenum autotemcelum,lécilimogène autotemcel,lecilimogén autotemcel,
palsucibep pegol,培帕西贝普,palsucibepum pegolum,palsucibep pégol,palsucibep pegol,
aguracingene cadoparvovec,卡哌艾瑞基,aguracingenum cadoparvovecum,aguracingène cadoparvovec,aguracingén cadoparvovec,
ispectamab debotansine,得坦依派妥单抗,ispectamabum debotansinum,ispectamab débotansine,ispectamab debotansina,
emilimogene sigulactibac,司巴依利基,emilimogenum sigulactibacum,émilimogène sigulactibac,emilimogén sigulactibac,
volamcabtagene durzigedleucel,沃莱基杰仑赛,volamcabtagenum durzigedleucelum,volamcabtagène durzigedleucel,volamcabtagén durzigedleucel,
rilunermin alfa,瑞奴奈明α,rilunerminum alfa,rilunermine alfa,rilunermina alfa,
laruparetigene zovaparvovec,佐哌莱替基,laruparetigenum zovaparvovecum,laruparétigène zovaparvovec,laruparetigén zovaparvovec,
azilsartan mepixetil,阿齐沙坦麦派酯,azilsartanum mepixetilum,azilsartan mépixétil,azilsartán mepixetil,
dalucabtagene autoleucel,达奴基奥仑赛,dalucabtagenum autoleucelum,dalucabtagène autoleucel,dalucabtagén autoleucel,
zelpultide alfa,泽莱普肽α,zelpultidum alfa,zelpultide alfa,zelpultida alfa,
vixicovtogene oboplasmid,奥米维托基,vixicovtogenum oboplasmidum,vixicovtogène oboplasmide,vixicovtogén oboplasmida,
efrilacedase alfa,依雷西酶α,efrilacedasum alfa,efrilacédase alfa,efrilacedasa alfa,
ulefnersen,优来那生,ulefnersenum,uléfnersen,ulefnersén,
adalimumab fosimdesonide,磷地阿达木单抗,adalimumabum fosimdesonidum,adalimumab fosimdésonide,adalimumab fosimdesonida,
ixoberogene soroparvovec,索哌艾基,ixoberogenum soroparvovecum,ixoberogène soroparvovec,ixoberogén soroparvovec,
deulinoleic acid,氘代亚油酸,acidum deulinoleicum,acide deulinoléique,ácido deulinoleico,
zirconium (89zr) crefmirlimab berdoxam,锆（89Zr）贝可瑞利单抗,zirconium (89Zr) crefmirlimabum berdoxamum,zirconium (89Zr) crefmirlimab berdoxam,zirconium (89Zr) crefmirlimab berdoxam,
ispectamab tazide,他兹依派妥单抗,ispectamabum tazidum,ispectamab tazide,ispectamab tazida,
equecabtagene autoleucel,依卡基奥仑赛,equecabtagene autoleucel,équécabtagène autoleucel,equecabtagén autoleucel,
cretostimogene grenadenorepvec,瑞艾若司亭基,cretostimogenum grenadenorepvecum,crétostimogène grenadénorepvec,cretostimogén grenadenorepvec,
dimebutic acid,二甲丁酸,acidum dimebuticum,acide dimébutique,ácido dimebutico,
anbalcabtagene autoleucel,安基奥仑赛,anbalcabtagenum autoleucelum,anbalcabtagène autoleucel,anbalcabtagén autoleucel,
linvekinogene treniplasmid,曲米林奇基,linvekinogenum treniplasmidum,linvékinogéne tréniplasmide,linvekinogén treniplásmido,
lusacomfar alfa,芦沙补体因子α,lusacomfarum alfa,lusacomfar alfa,lusacomfar alfa,
varnimcabtagene autoleucel,法基奥仑赛,varnimcabtagenum autoleucelum,varnimcabtagène autoleucel,varnimcabtagén autoleucel,
florzolotau (18f),氟(18F)唑洛妥,florzolotauum (18F),florzolotau (18F),florzolotau (18F),
satricabtagene autoleucel,舒瑞基奥仑赛,satricabtagenum autoleucelum,satricabtagène autoleucel,satricabtagén autoleucel,
alvamemugene sulseparvovec,苏哌阿沃基,alvamemugenum sulseparvovecum,alvamémugène sulséparvovec,alvamemugén sulseparvovec,
ninsipapogene sibarnarepvec,司若尼帕基,ninsipapogenum sibarnarepvecum,ninsipapogène sibarnarepvec,ninsipapogén sibarnarepvec,
esepapogene zalarnarepvec,佐若艾帕基,esepapogenum zalarnarepvecum,ésépapogène zalarnarepvec,esepapogén zalarnarepvec,
seglebegagene dasniparvovec,达哌丝贝基,seglebegagenum dasniparvovecum,seglébégagène dasniparvovec,seglebegagén dasniparvovec,
alnugranogene aldeparvovec,阿哌奥诺基,alnugranogenum aldeparvovecum,alnugranogène aldéparvovec,alnugranogén aldeparvovec,
crosigalcogene omlixparvovec,奥哌可基,crosigalcogenum omlixparvovecum,crosigalcogène omlixparvovec,crosigalcogén omlixparvovec,
fosclevudine alafenamide,丙酚磷司夫定,fosclevudinum alafenamidum,fosclévudine alafénamide,fosclevudina alafenamida,
trastuzumab rezetecan,瑞康曲妥珠单抗,trastuzumabum rezetecanum,trastuzumab rézétécan,trastuzumab rezetecán,
zocaglusagene nuzaparvovec,奴哌佐糖苷基,zocaglusagenum nuzaparvovecum,zocaglusagène nuzaparvovec,zocaglusagén nuzaparvovec,
pomlucabtagene autoleucel,帕鲁基奥仑赛,pomlucabtagenum autoleucelum,pomlucabtagène autoleucel,pomlucabtagén autoleucel,
tremtelectogene empogeditemcel,曲替基杰干赛,tremtelectogenum empogeditemcelum,tremtélectogène empogéditemcel,tremtelectogén empogeditemcel,
nasaruplase gamma,那沙普酶γ,nasaruplasum gamma,nasaruplase gamma,nasaruplasa gamma,
casdozokitug,卡多奇塔单抗,casdozokitugum,casdozokitug,casdozokitug,
anvatabart pactil,帕替安妥拜单抗,anvatabartum pactilum,anvatabart pactil,anvatabart pactil,
anvatabart opadotin,奥丁安妥拜单抗,anvatabartum opadotinum,anvatabart opadotine,anvatabart opadotina,
umitrelimorgene autodencel,米基奥登赛,umitrelimorgenum autodencelum,umitrélimorgène autodencel,umitrelimorgén autodencel,
tilpisertib fosmecarbil,磷美泰普色替,tilpisertibum fosmecarbilum,tilpisertib fosmécarbil,tilpisertib fosmecarbilo,
berberine ursodeoxycholate,熊去氧胆酸小檗碱,berberini ursodeoxycholas,ursodésoxycholate de berbérine,ursodesoxicolato de berberina,
tezemlimogene daxadenorepvec,达艾若替基,tezemlimogenum daxadenorepvecum,tézemlimogène daxadénorepvec,tezemlimogén daxadenorepvec,
izeltabart tapatansine,他坦伊妥拜单抗,izeltabartum tapatansinum,izeltabart tapatansine,izeltabart tapatansina,
enekinragene inzadenovec,依艾恩奇基,enekinragenum inzadenovecum,énékinragène inzadénovec,enekinragén inzadenovec,
tidagixagene derxeparvovec,德哌替达基,tidagixagenum derxeparvovecum,tidagixagène derxéparvovec,tidagixagén derxeparvovec,
raludotatug deruxtecan,德瑞鲁妥塔单抗,raludotatugum deruxtecanum,raludotatug déruxtécan,raludotatug deruxtecán,
eciskafusp alfa,依可芙普α,eciskafuspum alfa,éciskafusp alfa,eciskafusp alfa,
pimroctakin (bovine),匹偌白介素-8（牛）,pimroctakinum (bovinum),pimroctakine (bovine),pimroctakina (bovina),
vidoflufolastat (18f),维氟(18F)福司他,vidoflufolastatum (18F),vidoflufolastat (18F),vidoflufolastat (18F),
raxorulimogene belzovacirepvec,贝卫若雷基,raxorulimogenum belzovacirepvecum,raxorulimogène belzovacirepvec,raxorulimogén belzovacirepvec,
sitagliptin fenilalanil,苯丙西格列汀,sitagliptinum fenilalanilum,sitagliptine fénilalanil,sitagliptina fenilalanilo,
trastuzumab imbotolimod,艾莫曲妥珠单抗,trastuzumabum imbotolimodum,trastuzumab imbotolimod,trastuzumab imbotolimod,
torulimogene lonferencel,托基洛壬赛,torulimogenum lonferencelum,torulimogène lonférencel,torulimogén lonferencel,
rivunatpagene miziparvovec,米哌雷帕基,rivunatpagenum miziparvovecum,rivunatpagène miziparvovec,rivunatpagén miziparvovec,
igrelimogene litadenorepvec,利艾若格基,igrelimogenum litadenorepvecum,igrélimogène litadénorepvec,igrelimogén litadenorepvec,
delpacibart etedesiran,依兰地帕西拜单抗,delpacibartum etedesiranum,delpacibart étédésiran,delpacibart etedesirán,
cebsulfase alfa,斯博硫酸酯酶α,cebsulfasum alfa,cébsulfase alfa,cebsulfasa alfa,
acetylcysteine zidrimer,支聚乙酰半胱氨酸,acetylcysteinum zidrimerum,acétylcystéine zidrimère,acetilcisteína zidrímero,
divesiran,地维司兰,divesiranum,divésiran,divesirán,
bimatoprost grenod,格贝前列素,bimatoprostum grenodum,bimatoprost grénod,bimatoprost grenod,
puxitatug samrotecan,萨康普西妥单抗,puxitatugum samrotecanum,puxitatug samrotécan,puxitatug samrotecán,
zeleciment rostudirsen,络生泽莱西茉单抗,zelecimentum rostudirsenum,zéléciment rostudirsen,zeleciment rostudirsén,
cemacabtagene ansegedleucel,西基安斯杰仑赛,cemacabtagenum ansegedleucelum,cémacabtagène anségedleucel,cemacabtagén ansegedleucel,
flurimedrimer (18f),氟 [18F]美聚姆,flurimedrimerum (18F),flurimédrimère (18F),flurimedrímero (18F),
tegomil fumarate,富马酸替格米酯,tegomili fumaras,fumarate de tégomil,fumarato de tegomil,
bezetabart debotansine,得坦贝泽妥拜单抗,bezetabartum debotansinum,bézétabart débotansine,bezetabart debotansina,
bemiltenase alfa,波米泰酶α,bemiltenasum alfa,bémilténase alfa,bemiltenasa alfa,
ribrecabtagene autoleucel,瑞布基奥仑赛,ribrecabtagenum autoleucelum,ribrécabtagène autoleucel,ribrecabtagén autoleucel,
pozetaldogene ormesparvovec,奥米哌泽多基,pozetaldogenum ormesparvovecum,pozétaldogène ormesparvovec,pozetaldogén ormesparvovec,
trastuzumab brengitecan,伦康曲妥珠单抗,trastuzumabum brengitecanum,trastuzumab brengitécan,trastuzumab brengitecán,
izalontamab brengitecan,伦康依隆妥单抗,izalontamabum brengitecanum,izalontamab brengitécan,izalontamab brengitecán,
zelenectide pevedotin,匹泽奈克肽,zelenectidum pevedotinum,zélénectide pévédotine,zelenectida pevedotina,
clemidsogene lanparvovec,兰哌艾杜基,clemidsogenum lanparvovecum,clémidsogène lanparvovec,clemidsogén lanparvovec,
zeleciment basivarsen,巴生泽莱西茉单抗,zelecimentum basivarsenum,zéléciment basivarsen,zeleciment basivarsén,
onvapegleukin alfa,奥伐培仑白介素α,onvapegleukinum alfa,onvapegleukine alfa,onvapegleukina alfa,
renizgamglogene autogedtemcel,雷尼基奥杰干赛,renizgamglogenum autogedtemcelum,rénizgamglogène autogedtemcel,renizgamglogén autogedtemcel,
brinretigene vesgedparvovec,维杰哌瑞基,brinretigenum vesgedparvovecum,brinrétigène vesgedparvovec,brinretigén vesgedparvovec,
dazagamglogene autogedtemcel,达基奥杰干赛,dazagamglogenum autogedtemcelum,dazagamglogène autogedtemcel,dazagamglogén autogedtemcel,
sigvotatug vedotin,维司沃妥塔单抗,sigvotatugum vedotinum,sigvotatug védotine,sigvotatug vedotina,
efercoleukin alfa,依考仑白介素α,efercoleukinum alfa,efercoleukine alfa,efercoleukina alfa,
florbenguane (18f),氟(18F)苄胍,florbenguanum (18F),florbenguane (18F),florbenguano (18F),
ucasareotide dasaroxetan,达昔尤卡瑞肽,ucasareotidum dasaroxetanum,ucasaréotide dasaroxétan,ucasareotida dasaroxetán,
nimatpagene pariparvovec,帕哌内基,nimatpagenum pariparvovecum,nimatpagène pariparvovec,nimatpagén pariparvovec,
abefolastat tesaroxetan,特艾福司他,abefolastatum tesaroxetanum,abéfolastat tésaroxétan,abefolastat tesaroxetán,
sacituzumab tirumotecan,芦康沙妥珠单抗,sacituzumabum tirumotecanum,sacituzumab tirumotécan,sacituzumab tirumotecán,
opelkibart elmanitin,艾汀欧倍奇拜单抗,opelkibartum elmanitinum,opelkibart elmanitine,opelkibart elmanitina,
fencabtagene autoleucel,芬卡基奥仑赛,fencabtagenum autoleucelum,fencabtagène autoleucel,fencabtagén autoleucel,
firicabtagene autoleucel,费瑞卡基奥仑赛,firicabtagenum autoleucelum,firicabtagène autoleucel,firicabtagén autoleucel,
docirbrutinib,多西布替尼,docirbrutinibum,docirbrutinib,docirbrutinib,
ucalolictide,尤卡洛肽,ucalolictidum,ucalolictide,ucalolictida,
rondaptivon pegol,培罗达替奉,rondaptivonum pegolum,rondaptivon pégol,rondaptivón pegol,
zirconium (89zr) girentuximab senvedoxam,锆[89Zr]塞沙吉妥昔单抗,zirconium (89Zr) girentuximabum senvedoxamum,zirconium (89Zr) girentuximab senvédoxam,zirconio (89Zr) girentuximab senvedoxam,
lucorafusp alfa,鲁柯拉芙普α,lucorafuspum alfa,lucorafusp alfa,lucorafusp alfa,
surabgene lomparvovec,洛哌苏瑞基,surabgenum lomparvovecum,surabgène lomparvovec,surabgén lomparvovec,
pregabalin naproxencarbil,萘普瑞巴林,pregabalinum naproxencarbilum,prégabaline naproxencarbil,pregabalina naproxencarbilo,
remvulimorgene autoleucel,锐沃基奥仑赛,remvulimorgenum autoleucelum,remvulimorgène autoleucel,remvulimorgén autoleucel,
velaglucerase beta,维拉苷酶β,velaglucerasum beta,vélaglucérase bêta,velaglucerasa beta,
efparepoetin alfa,依派促红素α,efparepoetinum alfa,efparépoétine alfa,efparepoetina alfa,
duvalgagene otiparvovec,替哌度伐基,duvalgagenum otiparvovecum,duvalgagène otiparvovec,duvalgagén otiparvovec,
talogreptide mesaroxetan,美沙他罗肽,talogreptidum mesaroxetanum,talogreptide mésaroxetan,talogreptida mesaroxetán,
uzatresgene autoleucel,尤泽基奥仑赛,uzatresgenum autoleucelum,uzatresgène autoleucel,uzatresgén autoleucel,
misitatug blivedotin,立汀米斯妥塔单抗,misitatugum blivedotinum,misitatug blivédotine,misitatug blivedotina,
ciracigene golparvovec,戈哌西基,ciracigenum golparvovecum,ciracigène golparvovec,ciracigén golparvovec,
ebribafusp alfa,伊瑞巴芙普α,ebribafuspum alfa,ébribafusp alfa,ebribafusp alfa,
camalprin alfa,卡艾普润α,camalprinum alfa,camalprine alfa,camalprina alfa,
iodofalan (131i),碘[131I]法仑,iodofalanum (131I),iodofalan (131I),iodofalán (131I),
albipagrastim alfa,阿格司亭α,albipagrastimum alfa,albipagrastim alfa,albipagrastim alfa,
fosdesdenosine sipalabenamide,司帕磷腺苷,fosdesdenosinum sipalabenamidum,fosdesdénosine sipalabénamide,fosdesdenosina sipalabenamida,
belacabnagene franleucel,比莱基仑赛,belacabnagenum franleucelum,bélacabnagène franleucel,belacabnagén franleucel,
etakafusp alfa,依它卡芙普α,etakafuspum alfa,étakafusp alfa,etakafusp alfa,
samatatug zovodotin,佐汀萨玛妥塔单抗,samatatugum zovodotinum,samatatug zovodotine,samatatug zovodotina,
redalsomatropin alfa,锐达生长激素α,redalsomatropinum alfa,rédalsomatropine alfa,redalsomatropina alfa,
copper (64cu) adarulatide tetraxetan,铜[64Cu]特昔阿达肽,cuprum (64Cu) adarulatidum tetraxetanum,cuivre (64Cu) adarulatide tétraxétan,cobre (64Cu) adarulatida tetraxetán,
emiltatug ledadotin,莱汀恩米妥塔单抗,emiltatugum ledadotinum,émiltatug lédadotine,emiltatug ledadotina,
calotatug ginistinag,吉那卡洛妥塔单抗,calotatugum ginistinagum,calotatug ginistinag,calotatug ginistinag,
mozistobart zoratolimod,托莫木苏拜单抗,mozistobartum zoratolimodum,mozistobart zoratolimod,mozistobart zoratolimod,
ulintoclax pegondrimer,培姆尤托克拉,ulintoclaxum pegondrimerum,ulintoclax pégondrimère,ulintoclax pegondrímero,
elzocabtagene autoleucel,埃佐基奥仑赛,elzocabtagenum autoleucelum,elzocabtagène autoleucel,elzocabtagén autoleucel,
ficerafusp alfa,菲西瑞芙普α,ficerafuspum alfa,ficérafusp alfa,ficerafusp alfa,
amulirafusp alfa,阿沐瑞芙普α,amulirafuspum alfa,amulirafusp alfa,amulirafusp alfa,
vislarafusp alfa,纬拉芙普α,vislarafuspum alfa,vislarafusp alfa,vislarafusp alfa,
palverafusp alfa,珀维拉芙普α,palverafuspum alfa,palvérafusp alfa,palverafusp alfa,
lonimecgene renparvovec,雷哌罗尼基,lonimecgenum renparvovecum,lonimecgène renparvovec,lonimecgén renparvovec,
zopapogene imadenovec,伊艾泽帕基,zopapogenum imadenovecum,zopapogène imadénovec,zopapogén imadenovec,
stannic protoporfin,锡普罗泊芬,protoporfinum stannicum,protoporfine stannique,protoporfina estanica,
lutetium (177lu) rosopatamab tetraxetan,镥[177Lu]替罗索帕妥单抗,lutetium (177Lu) rosopatamabum tetraxetanum,lutécium (177Lu) rosopatamab tétraxétan,lutecio (177Lu) rosopatamab tetraxetán,
telisotuzumab adizutecan,迪康特立妥珠单抗,telisotuzumabum adizutecanum,télisotuzumab adizutécan,telisotuzumab adizutecán,
micvotabart pelidotin,匹汀米沃妥拜单抗,micvotabartum pelidotinum,micvotabart pélidotine,micvotabart pelidotina,
precemtabart tocentecan,拓康普芮妥拜单抗,precemtabartum tocentecanum,précemtabart tocentécan,precemtabart tocentecán,
trastuzumab envedotin,恩维曲妥珠单抗,trastuzumabum envedotinum,trastuzumab envédotine,trastuzumab envedotina,
olintatug tesirine,替欧林妥塔单抗,olintatugum tesirinum,olintatug tésirine,olintatug tesirina,
tilatamig samrotecan,萨康替莱妥米单抗,tilatamigum samrotecanum,tilatamig samrotécan,tilatamig samrotecán,
arlocabtagene autoleucel,阿洛基奥仑赛,arlocabtagenum autoleucelum,arlocabtagène autoleucel,arlocabtagén autoleucel,
rinatabart sesutecan,思康锐那妥拜单抗,rinatabartum sesutecanum,rinatabart sésutécan,rinatabart sesutecán,
tecotabart vedotin,维特柯妥拜单抗,tecotabartum vedotinum,técotabart védotine,tecotabart vedotina,
cesnicabtagene autoleucel,斯尼基奥仑赛,cesnicabtagenum autoleucelum,cesnicabtagène autoleucel,cesnicabtagén autoleucel,
osencabtagene autoleucel,欧森基奥仑赛,osencabtagenum autoleucelum,osencabtagène autoleucel,osencabtagén autoleucel,
efimosfermin alfa,依茉夫明α,efimosferminum alfa,éfimosfermine alfa,efimosfermina alfa,
nendocabtagene onogedleucel,奈度基杰仑赛,nendocabtagenum onogedleucelum,nendocabtagène onogedleucel,nendocabtagén onogedleucel,
invikafusp alfa,英维卡芙普α,invikafuspum alfa,invikafusp alfa,invikafusp alfa,
efitazanamivir alfa,依他扎那米韦α,efitazanamivirum alfa,éfitazanamivir alfa,efitazanamivir alfa,
oberotatug ravtansine,欧罗妥塔单抗,oberotatugum ravtansinum,obérotatug ravtansine,oberotatug ravtansina,
berahyaluronidase alfa,比拉透明质酸酶α,berahyaluronidasum alfa,bérahyaluronidase alfa,berahialuronidasa alfa,
efbalropendekin alfa,依罗白介素α,efbalropendekinum alfa,efbalropendékine alfa,efbalropendekina alfa,
fremocapavir,德泽卡帕韦,fremocapavirum,frémocapavir,fremocapavir,
