latin,english,french,spanish,cas,pl_list
acebrocholum,acebrochol,acébrochol,,,pl01
acediasulfonum natricum,acediasulfone'sodium,,,,pl01
acetaminosalolum,acctaminosalol,,,,pl01
acidum aminoaceticum,amino-acetic acid,,,,pl01
acidum dehydrocholicum,dehydrocholic acid,acide déhydrocholique,,,pl01
acidum gentisicum,gentisic acid,,,,pl01
acidum glutamicum,glutamic acid,,,,pl01
acidum iopanoicum,iopanoic acid,,,,pl01
acriflavinii chloridum,acriflavinium chloride,,,,pl01
adipheninum,adiphenine,adiphénine,,,pl01
adrenalonum,adrenalone,adrélanone,,,pl01
aethacridinum,ethacridine,,,,pl01
aethoxazorutosidum,ethoxazorutoside,,,,pl01
alcoholum benzylicum,alcool benzylique,,,,pl01
aldesulfonum natricum,aldesulfone sodium,,,,pl01
allobarbitalum,allobarbital,,,,pl01
allocupreidum natricum,allocupreide sodium,allocupréide sodique,,,pl01
allomethadionum,allomethadione,allométhadione,"allyl-3 méthyl-5 oxazolidine dione-2,4",,pl01
alphameprodinum,alphameprodine,alphaméprodine,,,pl01
alphaprodinum,alphaprodine,"diméthyl-1,3 phényl-4 propionoxy-4",pipéridine,,pl01
aminoacridinum,aminoacridine,,,,pl01
aminothiazolum,aminothiazole,,,,pl01
amobarbitalum,amobarbital,,,,pl01
amodiaquini hydrochloridum,amodiaquine hydrochloride,,,,pl01
amoxecainum,amoxecaine,N-β-éthyle,,,pl01
antazolini hydrochloridum,antazoline hydrochloride,,,,pl01
aprobarbitalum,aprobarbital,,,,pl01
aurothioglycanidum,aurothioglycanide,auromercaptoacétanilide,,,pl01
azamethonii bromidum,azamethonium bromide,bromure d'azaméthonium,,,pl01
bacitracinum,bacitracin,,,,pl01
benethamini penicillinum,benethamine penicillin,pénicilline-bénéthamine,pénicilline,,pl01
benzalkonii chloridum,benzalkonium chloride,,,,pl01
benzethonii chloridum,benzethonium chloride,,,,pl01
chlorure de benzéthonium,chlorure de benzéthoni,,,,pl01
benzododecinium,benzododecini,,,,pl01
benzoestrolum,benzoestrol,,,,pl01
benzylsulfammidum,benzylsulfamide,,,,pl01
betameprodinum,betameprodin,,,,pl01
bibrocatholum,bibrocathol,,,,pl01
biotinum,biotin,,,,pl01
bithionolum,bithionol,,,,pl01
bromisovalum,β-alanine,,,,pl01
carbomycinum,carbomycin,,,,pl01
carbromalum,carbromal,,,,pl01
cetobemidonum,ketobemidone,cétobémidone,,,pl01
cetrimonium,cetrimoni,,,,pl01
cetrimonium,cetrimoni,,,,pl01
cétrimonium,cétrimoni,,,,pl01
cetylpyridinii chloridum,cetylpyridinium chloride,,,,pl01
chlorure de cétylpyridinium,chlorure de cétylpyridini,,,,pl01
chloramphenicolum,chloramphenicol,chloramphénicol,,,pl01
chlorazodinum,chlorazodin,,,,pl01
chlorcyclizinil chloridum,chlorcyclizinium chloride,,,,pl01
chlorure de chlorcyclizinium,chlorure de chlorcyclizini,,,,pl01
chlormethinum,chlormethine,chlorméthine,,,pl01
chlornaphazinum,chlornaphazine,,,,pl01
chlorophenothanum technicum,chlorophénothane technique,,,,pl01
chloropyraminum,chloropyramine,,,,pl01
cetyltrimethylammonium,cetyltrimethylammoni,,,,pl01
cétyl triméthyl ammonium,propanediol,,,,pl01
citrate de chloropyrilénium,ethylenediamine citrate,,,,pl01
chlorpromazinii chloridum,chlorpromazinium chloride,,,,pl01
chlorure de chlorpromazinium,phenothiazinium chloride,,,,pl01
chlorquinaldolum,chlorquinaldol,,,,pl01
gluconate de cholinium,gluconate de cholini,,,,pl01
cinchocainii chloridum,cinchocainium chloride,,,,pl01
chlorure de cinchocainium,chlorure de cinchocaini,,,,pl01
cinchophenum,cinchophen,cinchophène,,,pl01
cocarboxylasum,cocarboxylase,,,,pl01
corbadrinum,corbadrine,,,,pl01
corticotrophinum,corticotrophin,hormone adrénocorticotrope,,,pl01
cortisonum,cortisone,,,,pl01
cyanocobalaminum,cyanocobalamin,,,,pl01
cyclizinui chloridum,cyclizinium chloride,,,,pl01
chlorure de cyclizinium,nium,,,,pl01
cyclobarbitalum,cyclobarbital,,,,pl01
cyclopentaminum,cyclopentamine,,,,pl01
cyclopropanum,cyclopropane,,,,pl01
decamethonium,decamethoni,,,,pl01
decamethonium,decamethoni,,,,pl01
décaméthonium,"décaméthylène bis-triméthylammonium-1,10",,,,pl01
dexamphetaminum,dexamphetamine,dexamphétamine,(+)amphétamine,,pl01
dextranum,dextran,,,,pl01
dextromethorphanum,dextromethorphan,dextrométhorphane,(+) méthoxy-3 N-méthylmorphinane,,pl01
dextrorphanum,dextrorphan,,,,pl01
diaphenylsulfonum,diaphenylsulfone,,,,pl01
dibemethinum,dibemethine,dibéméthine,,,pl01
hydrochloridum,hydrochloride,,,,pl01
dienoestrolum,dienoestrol,,,,pl01
diethazinum,diethazine,diéthazine,,,pl01
diethylcarbamazinum,diethylcarbamazine,diéthylcarbamazine,diéthylcarbamoyl-1 méthyl-4 pipérazine,,pl01
digitoxosidum,digitoxoside,,,,pl01
dihydrostreptomycinum,dihydrostreptomycin,,,,pl01
dihydrotachysterolum,dihydrotachysterol,,,,pl01
diiodohydroxyquinolinum,diiodohydroxyquinoline,,,,pl01
dimenhydrinatum,dimenhydrinate,"N,N-diméthyl éthylammonium",,,pl01
dimercaprolum,dimercaprol,,,,pl01
dimethiodalum natricum,dimethiodal sodium,diméthiodal sodique,,,pl01
dimethyltubocurarinii chloridum,dimethyltubocurarinii chlorid,,,,pl01
chlorure de diméthyltubocurarinium,dimoxylinii phosphas,,,,pl01
diodonum,diodone,,,,pl01
diperodoni hydrochloridum,diperodon hydrochloride,chlorhydrate de dipérodon,,,pl01
diphenanum,diphenan,diphénane,,,pl01
diphenhydramini hydrochloridum,diphenhydramine hydrochloride,chlorhydrate de diphénhydramine,,,pl01
diprophyllinum,diprophylline,,,,pl01
disulfiramum,disulfiram,,,,pl01
dixanthogenum,dixanthogen,dixanthogène,,,pl01
succinate de doxylaminium,succinate de doxylamini,,,,pl01
ethinyloestradiolum,ethinyloestradiol,éthinylcestradiol,,,pl01
eucatropinum,eucatropine,,,,pl01
fenethazinum,fenethazine,fénéthazine,,,pl01
fumagillinum,fumagillin,,,,pl01
furostilboestrolum,furostilboestrol,disulfure de tétraéthyl thiurame,diéthyldixanthogène,,pl01
furtrethonii iodidum,furtrethonium iodide,,,,pl01
iodure de furtréthonium,iodure de furtréthoni,,,,pl01
gallaminum,gallamine,,,,pl01
glucosulfamidum,glucosulfamide,,,,pl01
glucosulfonum,glucosulfone,,,,pl01
glycobiarsolum,glycobiarsol,,,,pl01
gonadotrophinum chorionicum,gonadotrophine chorionique,,,,pl01
gonadotrophinum sericum,gonadotrophine sérique,,,,pl01
gramicidinum,gramicidin,,,,pl01
heptaminolum,heptaminol,,,,pl01
hexachlorophenum,hexachlorophene,,,,pl01
hexamethonium,hexamethoni,,,,pl01
hexamethonium,hexamethoni,,,,pl01
hexaméthonium,hexaméthoni,,,,pl01
hexobarbitalum,hexobarbital,,,,pl01
iodure de furfuryltriméthylammonium,domethanol,méthanol,"hexaméthylène bis-triméthylammonium-1,6",,pl01
hexoestrolum,hexoestrol.,,,,pl01
homatropini methylbromidum,homatropine methylbromide,méthylbromure d'homatropine,,,pl01
hyaluronidasum,hyaluronic acid,mérisation de l'acide hyaluronique,,,pl01
hydralazinum,hydralazine,,,,pl01
hydrocortisonum,hydrocortisone,,,,pl01
hydromorphoni hydrochloridum,hydromorphone hydrochloride,,,,pl01
hydroxyamphetaminii bromidum,hydroxyamphetaminii bromid,,,,pl01
hydroxyprocainum,hydroxyprocaine,,,,pl01
hydroxytetracainum,hydroxytetracaine,,,,pl01
ibrotamidum,ibrotamide,,,,pl01
ichthammolum,ichthammol,,,,pl01
intermedinum,intermedine,intermédine,,,pl01
iodetrylum,iodétryl,,,,pl01
rodophthaleinum natricum,iodophthalein sodium,,,,pl01
iodothiouracilum,iodothiouracil,,,,pl01
iproniazidum,iproniazid,,,,pl01
isomethadonum,isomethadone,isométhadone,,,pl01
isoniazidum,isoniazid,,,,pl01
isoprenalinum,isoprenaline,isoprénaline,,,pl01
khellinum,khellin,,,,pl01
levarterenolum,levarterenol,lévartérénol,,,pl01
levomethorphanum,levomethorphan,lévométhorphane,(-) méthoxy-3 N-méthylmorphinanc,,pl01
merbrominum,merbromin,,,,pl01
mercaptaminum,mercaptamine,,,,pl01
mercaptomerinum,mercaptomerin,mercaptomérine,,,pl01
mercuderamidum,mercuderamide,mercudéramide,,,pl01
mercurobutolum,mercurobutol,,,,pl01
mercurophyllinum,mercurophylline,,,,pl01
mesulfenum,mesulfen,mésulfène,,,pl01
methacholinii chloridum,methacholinium chloride,,,,pl01
chlorure de méthacholinium,chlorure de méthacholini,,,,pl01
methadoni hydrochloridum,methadone hydrochloride,chlorhydrate de méthadone,β-mercaptoéthylamine,,pl01
methandriolum,methandriol,méthandriol,,,pl01
methanthelinii bromidum,methanthelinium bromide,,,,pl01
bromure de méthanthélinium,bromure de méthanthélini,,,,pl01
methaphenilenum,methaphenilene,méthaphénilène,,,pl01
methapyrilenum,methapyrilene,méthapyrilène,,,pl01
metharbitalum,metharbital,métharbital,,,pl01
methenaminii tetraiodidum,methenaminium tetraiodide,,,,pl01
tétraiodure de méthénaminium,tétraiodure de méthénamini,,,,pl01
methenaminum,methenamine,méthénamine,dipropionate de méthestrol,,pl01
methiodalum natricum,methiodal sodium,méthiodal sodique,"méthyl-17a androstène-5 diol-3β,17β",,pl01
methylphenobarbitalum,methylphenobarbital,méthylphénobarbital,,,pl01
methylrosanilinii chloridum,methylrosanilinii chlorid,,,,pl01
methylrosanilinium chloridum,crystal violet,,,,pl01
chlorure de méthylrosanilinium,violet cristallisé,,,,pl01
methylthioninii chloridum,methylthioninium chloride,,,,pl01
chlorure de méthylthioninium,chlorure de méthylthionini,,,,pl01
chlorure de tétraméthylthioninium,chlorure de tétraméthylthionini,,,,pl01
methylthiouracilum,methylthiouracil,méthyl-4 thio-uracile-2,,,pl01
metoponi hydrochloridum,metopon hydrochloride,chlorhydrate de métopon,,,pl01
oléate de monoéthanolaminium,oléate de monoéthanolamini,,,,pl01
nalorphinum,nalorphine,,,,pl01
naphazolinum,naphazoline,natrüi dehydrocholas,,,pl01
neocinchophenum,neocinchophen,néocinchophène,,,pl01
neomycinum,neomycin,néomycine,,,pl01
nicopholinum,nicopholine,,,,pl01
nitrofuralum,nitrofural,,,,pl01
nitrosulfathiazolum,nitrosulfathiazole,,,,pl01
natricus,noramidopyrinium methane-,,,,pl01
noramidopyrinium,noramidopyrini,,,,pl01
octamylaminum,octamylamnine,,,,pl01
oxapropanii iodidum,oxapropanium iodide,,,,pl01
oxophenarsini hydrochloridum,oxophenarsine hydrochloride,chlorhydrate d'oxyphénarsine,,,pl01
oxycodoni hydrochloridum,oxycodone hydrochloride,,,,pl01
oxydipentonii chloridum,oxydipentoniur chloride,,,,pl01
oxyphenonii bromidum,oxyphenonium bromide,bromure d'oxyphénonium,,,pl01
oxytetracyclinum,oxytetracycline,oxytétracycline,,,pl01
paramethadionum,paramethadione,paraméthadione,,,pl01
parathiazinum,parathrazine,,,,pl01
parethoxycainum,parethoxycainc,paréthoxycaine,,,pl01
paroxypropionum,paroxypropione,,,,pl01
pentamethonium,pentamethoni,,,,pl01
pentamethonium,pentamethoni,,,,pl01
pentaméthonium,"pentaméthylène bis-triméthylammonium-1,5",,,,pl01
pentamidinum,pentamidinc,p-p'-diamidino-diphénoxy pentane,,,pl01
pentobarbitalum,pentobarbital,,,,pl01
phenacemidum,phenylacetylurea,phénacémide,phényl acétyl urée,,pl01
phenadoxonum,phenadoxone,,,,pl01
phenicarbazidum,phenicarbazide,phénicarbazide,phénylsemicarbazide,,pl01
phenindaminum,phenindamine,phénindamine,,,pl01
pheniodolum natricum,pheniodol sodium,,,,pl01
phenododecinium,phenododecini,,,,pl01
phenododecinium,phenododecini,,,,pl01
phénododécinium,phénododécini,,,,pl01
phenothiazinum,phenothiazine,phénothiazine,,,pl01
phenpromethaminum,phenpromethamine,phenprométhamine,"N,β-diméthyl phénéthylamine",,pl01
phentolaminum,phentolamine,,,,pl01
phenylbutazonum,phenylbutazone,phénylbutazone,,,pl01
phenylephrinum,phenylephrine,phényléphrine,,,pl01
pholcodinum,pholcodine,,,,pl01
phthalylsulfathiazolum,phthalylsulfathiazole,,,,pl01
phytomenadionum,phytomenadione,phytoménadione,,,pl01
piperocainii chloridum,piperocainium chloride,,,,pl01
chlorure de pipérocainium,propane,,,,pl01
piperoxani hydrochloridum,piperoxan hydrochloride,chlorhydrate de pipéroxane,,,pl01
piridocainum,piridocaine,,,,pl01
polyvidonum,polyvidone,,,,pl01
pregnenolonum,pregnenolone,prégnénolone,,,pl01
primaquinum,primaquine,,,,pl01
probarbitalum natricum,probarbital sodium,,,,pl01
procainamidum,procainamide,,,,pl01
procyclidinum,procyclidine,,,,pl01
profenamini hydrochloridum,profenamine hydrochloride,chlorhydrate de profénamine,,,pl01
proflavinum,proflavine,,,,pl01
promethazini hydrochloridum,promethazine hydrochloride,chlorhydrate de prométhazine,,,pl01
propamidinum,propamidine,,,,pl01
propanthelini bromidum,propantheline bromide,bromure de propanthéline,,,pl01
propyliodonum,propyliodone,,,,pl01
propylthiouracilum,propylthiouracil,,,,pl01
propyphenazonum,propyphenazone,propyphénazone,,,pl01
pyridoxinii chloridum,pyridoxinium chloride,,,,pl01
chlorure de pyridoxinium,chlorure de pyridoxini,,,,pl01
pyrimethaminum,pyrimethamine,pyriméthamine,N-thiodiphénylamine,,pl01
pyridinium,pyridini,,,,pl01
pyroxylinum,pyroxylin,,,,pl01
racemethorphanum,racemethorphan,racéméthorphane,（士）méthoxy-3 N-méthylmorphinane,,pl01
racemorphanum,racemorphan,racémorphane,,,pl01
rutosidum,rutoside,,,,pl01
salacetamidum,salacetamide,salacétamide,N-acétyl salicylamide,,pl01
salazosulfamidum,salazosulfamide,acide p-sulfamido phénylazosalicylique,,,pl01
salazosulfapyridinum,salazosulfapyridine,,,,pl01
salazosulfathiazolum,salazosulfathiazole,,,,pl01
salicylamidum,salicylamide,,,,pl01
secretinum,secretin,secrétine,synonyme:solution de Ringer lactée,,pl01
stearylsulfamidum,stearylsulfamide,stéarylsulfamide,stéarylsulfanilamide,,pl01
stibamini glucosidum,stibamine glucoside,,,,pl01
stibosaminum,stibosamine,,,,pl01
streptomycinum,streptomycin,,,,pl01
subathizonum,subathizone,,,,pl01
sulfacetamidum,sulfacetamide,sulfacétamide,,,pl01
sulfachrysoidinum,sulfachrysoidine,,,,pl01
sulfadiasulfonum natricum,sulfadiasulfone sodium,,,,pl01
sulfadimidinum,sulfadimidine,"diméthyl-4,6 sulfanilamido-2 pyrimidine",,,pl01
sulfafurazolum,sulfafurazole,,,,pl01
sulfamethizolum,sulfamethizole,sulfaméthizol,,,pl01
sulfapyridinum,sulfapyridine,sulfathio-urée,,,pl01
sulfisomidinum,sulfisomidine,"diméthyl-2,4 suIfanilamido-6 pyrimidine",,,pl01
sulfogaiacolum,sulfogaiacol,,,,pl01
suraminum natricum,suramin sodium,,,,pl01
suxamethonii chloridum,suxamethonium chloride,,,,pl01
chlorure de suxaméthonium,chlorure de suxaméthoni,2 éthyle),,,pl01
suxethonii chloridum,suxethonium chloride,,,,pl01
chlorure de suxéthonium,chlorure de suxéthoni,,,,pl01
tetrylammonii bromidum,tetrylammonium bromide,,,,pl01
bromure de tétrylammonium,bromure de tétrylammoni,,,,pl01
bromure de tétraéthylammonium,bromure de tétraéthylammoni,,,,pl01
thiacetarsamidum natricum,thiacetarsamide sodium,thiacétarsamide sodique,,,pl01
thiamazolum,thiamazole,,,,pl01
thiazosulfonum,thiazosulfone,,,,pl01
thioacetazonum,thioacetazone,thioacétazone,,,pl01
thiodiglycolum,thiodiglycol,,,,pl01
thiomersalum,thiomersal,,,,pl01
thonzylaminii chloridum,thonzylaminium chloride,,,,pl01
chlorure de thonzylaminium,chlorure de thonzylamini,N'-(pyrimidyl-2) éthylènediamine,,,pl01
tocamphylum,tocamphyl,,,,pl01
tolazolinum,tolazoline,,,,pl01
trichloroethylenum,trichlorethylene,trichloréthylène,,,pl01
trihexyphenidyli hydrochloridum,trihexyphenidyl hydrochloride,,,,pl01
trimethadionum,trimethadione,triméthadione,"triméthyl-3,5,5 oxazolidine dione-2,4",,pl01
tripelennaminui hydrochloridum,tripelennamine hydrochloride,chlorhydrate de tripélennamine,,,pl01
tuaminoheptanum,tuaminoheptane,méthyl-1 hexylamine,,,pl01
tubocurarini chloridum,tubocurarine chloride,,,,pl01
tyrothricinum,tyrothricin,,,,pl01
urethanum,urethane,uréthane,carbamate d'éthyle,,pl01
vanyldisulfamidum,vanyldisulfamide,,,,pl01
vinbarbitalum,vinbarbital,,,,pl01
levallorphanum,levallorphan,,,,pl02
diethylthiambutenum,diethylthiambutene,diéthylthiambutène,,,pl03
dimethylthiambutenum,dimethylthiambutene,diméthylthiambutène,,,pl03
ethylmethylthiambutenum,ethylmethylthiambutene,éthylméthylthiambutène,,,pl03
cainum,caine,,,,pl04
sulfonum,sulfone,,,,pl04
quinum,quine,,,,pl04
crinum,crine,,,,pl04
dionum,dione,,,,pl04
toinum,toin,,,,pl04
stigminum,stigmine,,,,pl04
acetarsolum,acetarsol,,,,pl04
acetylcholini chloridum,acetylcholine chloride,,,,pl04
acidum ascorbicum,ascorbic acid,,,,pl04
acidum folicum,folic acid,,,,pl04
acidum iophenoicum,iophenoic acid,,,,pl04
acidum nicotinicum,nicotinic acid,,,,pl04
adipiodonum,adipiodJone,,,,pl04
aethistcronum,ethistorone,,,,pl04
amidopyrinum,amidocyrine,,,,pl04
aminuozolum,amurozole,,,,pl04
aminophyllinum,aminophylline,,,,pl04
aminopterinum natricum,aminopterin sodium,,,,pl04
amphetaminum,amphetamin,,,,pl04
androstanolonum,androsranolone,,,,pl04
arsthinolum,arsthinol,,,,pl04
barbulalum,barbutal,,,,pl04
barbil ilum natricum,barbrI sodium,,,,pl04
bromaznum,bromarine,,,,pl04
buchzinum,buclizine,,,,pl04
butacainum,butacaine,,,,pl04
butalbitalum,butalbital,,,,pl04
calciferolum,calciferol,,,,pl04
carbacholum,carbachol,,,,pl04
carbarsonum,carbarsone,,,,pl04
carbimazolum,carbimazol,,,,pl04
carbinoxaminum,carbinoxamine,,,,pl04
carzenidum,carzenide,,,,pl04
chiniofonum,chiniofon,,,,pl04
chlorbetamidum,chlorbetamid,,,,pl04
chlormerodrinum,chlormerodrine,,,,pl04
chlorobutanolum,chlorobutanol,,,,pl04
chlorocresolum,chlorocresol,,,,pl04
chloroquinum,chloroquin,,,,pl04
chlorphenaminum,chlorphenamine,,,,pl04
chlortetracyclinum,chlortetracycline,,,,pl04
cholini chloridum,choline chloride,,,,pl04
conessinum,conessine,,,,pl04
cycriminum,cycrimine,,,,pl04
aesoxycortonum,desoxycortone,,,,pl04
dibrompropamidinum,dibrompropamidine,,,,pl04
dichloroxylenolum,dichloroxylenol,,,,pl04
digoxinum,digoxin,,,,pl04
dihexyverinum,dihexyverine,,,,pl04
dihydralazinum,dihydralazine,,,,pl04
dimazolum,dimazole,,,,pl04
dithranolum,dithi nol,,,,pl04
edrophonii chloridlum,edr.phonium chloride,,,,pl04
ergometrinum,ergometrine,,,,pl04
ergotaminum,ergotamine,,,,pl04
erythromycinum,erythromycin,,,,pl04
ethaverinum,ethav tine,,,,pl04
gitahurun amorphum,gitahurun amorph,,,,pl04
gitalin amorphous,,,,,pl04
glyceilum,glycerol.,,,,pl04
hexylcainum,hexyicaine,,,,pl04
hydroxystilbamidinum,hydroxystilbamidine,,,,pl04
isophanum insulinum,isophane insulin,,,,pl04
levorphanolum,levorphanol,,,,pl04
levothyroxinum natricum,levothyroxine sodium,,,,pl04
lobelinum,lobeline,,,,pl04
rucanthonum,"macrogolum,400",,,,pl04
meclozinum,meclozine,,,,pl04
metarsoprelum,melarsoprol,,,,pl04
mepacrinum,mcpacrine,,,,pl04
meprykcainum,meprykaune,,,,pl04
mersalylum,mersalyl,,,,pl04
methioninum,methionine,,,,pl04
methoxammum,methexamine,,,,pl04
methylcellulosum,methylcellulose,,,,pl04
methylpentynolum,methylpentynol,,,,pl04
methyltestosteronum,methyftestosterone,,,,pl04
neoarsphenaminum,neoarsphenamine,,,,pl04
neostigmini bromidum,neostigmine bromide,,,,pl04
nicethamidum,nikethamide,,,,pl04
nicotinamidum,nicotinamide,,,,pl04
qestradiolum,pestradiol,,,,pl04
qestronum,destrone,,,,pl04
pamaquinum,pamaquin,,,,pl04
pentaquinum,pentaquin,,,,pl04
pentetrazolum,pentetrazol,,,,pl04
pentolonium,pentoloni,,,,pl04
pentolonium,pentoloni,,,,pl04
pethidinum,pethidine,,,,pl04
phenacainum,phenacaine,,,,pl04
phenacelinum,phenacetin,,,,pl04
phenazonum,phenazone,,,,pl04
phenazopyridinum,phenazopyridine,,,,pl04
phenobarbitalum,phenobarbital,,,,pl04
phenobarbitalum natricum,phenobarbital sodium,,,,pl04
phenytoinum,phenytoin,,,,pl04
pramocainum,pramocaine,,,,pl04
primidonum,primidone,,,,pl04
progesteronum,progesterone,,,,pl04
proguanilum,proguanil,,,,pl04
propoxycainum,propoxycume,,,,pl04
quinisocainum,quinisocaine,,,,pl04
reserpinum,reserpine,,,,pl04
riboflavinum,riboflavine,,,,pl04
secobarbitalum,secobarbital,,,,pl04
solasulfonum,solasulfone,,,,pl04
succinylsulfathiazolum,succinylsulfathiazole,,,,pl04
sulfadiazinum,sulfadiazine,,,,pl04
su fadiazinum natricum,suifadiazine sodium,,,,pl04
sulfadicramidum,sulfadicramide,,,,pl04
sulfaguanidinum,sulfaguanidine,,,,pl04
sulfamerazinum,sulfamerazine,,,,pl04
sulfamerazinum natricum,sulfamerazine sodium,,,,pl04
sulfanilamidum,sulfanilamide,,,,pl04
sulfaproxylinum,sulfaproxyline,,,,pl04
sulfarsphenaminum,sulfarsphenamine,,,,pl04
sulfathiazolum,sulfathiazole,,,,pl04
testosteronum,testosterone,,,,pl04
tetrabarbitalum,tetrabarbital,,,,pl04
tetracainum,tetracaine,,,,pl04
tetracycluum,tetracycline,,,,pl04
thialbarbitalum,thialbarbital,,,,pl04
thiaminum,thiamine,,,,pl04
thiopentalum natricum,thiopental sodium,,,,pl04
thiotetrabarbitalum,thiotetrabarbital,,,,pl04
tolonii chloridum,tolonium chloride,,,,pl04
tosylchloramidum natricum,tosylchloramide sodium,,,,pl04
tretanunum,tretamine,,,,pl04
tricyclamoli chloridum,tricyclamol chloride,,,,pl04
tryparsamidum,tryparsamide,,,,pl04
viomycinum,viomycin,,,,pl04
acctylmethadolum,acetylmethadol,,,,pl05
alphacetylmethadolum,alphacetylmethadol,,,,pl05
alphamethadolum,alphamethadol,,,,pl05
anileridinum,anileridine,,,,pl05
betacetylmethadolum,betacetylmethadol,,,,pl05
betamethadolum,etamethadol,,,,pl05
betaprodinum,betaprodine,,,,pl05
desomorphinum,desomorphine,,,,pl05
dimepheptanolum,dunepheplanol,,,,pl05
dipipanonum,dipipanone,,,,pl05
ethoheptazinum,ethoheptazine,,,,pl05
hydroxypethidinum,hydtoxypethidine,,,,pl05
melethoheptazinum,metethoheplazine,,,,pl05
mctheptazinum,methentazine,,,,pl05
methyldesorphinum,methy ldesorphine,,,,pl05
methyldihydromorphinum,methyldihydromorphine,,,,pl05
myrophinum,myrophine,,,,pl05
normethadonum,normethadone,,,,pl05
oxphencridinum,oxpheneridine~,,,,pl05
oxymorphonum,oxymorphone,,,,pl05
pheneridinum,pheneridine,,,,pl05
henomorphanum,phenomorphan,,,,pl05
proheptazinum,proheptazine,,,,pl05
propcridinum,properidinc,,,,pl05
propoxyphenum,propoxyphene,,,,pl05
thebaconum,thebacon,,,,pl05
acenocoumarolum,acenocoumarol,,,,pl06
acepromazinum,acepromazinc,,,,pl06
acetazolamidum,acetazolamide,,,,pl06
acidum edeticum,cdetic acid,,,,pl06
aldosteronum,aldosterone,,,,pl06
ambenonii chloridum,ambenonium chloride,,,,pl06
ambucainum,ambucaine,,,,pl06
ambucetamidum,ambucetamide,,,,pl06
aminometiadinum,aminometradine,,,,pl06
amiphenazolum,amiphenazole,,,,pl06
amisometradinum,amisometradine,,,,pl06
amolanonum,amolanone,,,,pl06
azacyclonolum,azacyclonol,,,,pl06
bemegridum,bemegride,,,,pl06
benactyzinum,benactyzine,,,,pl06
benzonatatum,benzonatate,,,,pl06
betazolum,betazole,,,,pl06
bietamiverinum,bietamiverine,,,,pl06
busulfanum,busulfan,,,,pl06
captodiamum,captodiame,,,,pl06
chlorambucilum,chlorambucii,,,,pl06
chlordimorinum,chlordimorine,,,,pl06
chlorhexidinum,chlorhexidine,,,,pl06
chlorisondamini chloridum,chlorisondaminc chloride,,,,pl06
chloroprocainum,chloroprocaine,,,,pl06
chlorotrianisenum,chalorotrianisene,,,,pl06
chloroxylenolum,chloroxylenol,,,,pl06
cinnofuradionum,cinnofuradione,,,,pl06
clidinii bromidum,clidinium bromide,,,,pl06
corticotrophinum-zinci hydroxydum,corticotrophin-zinc hydroxide,,,,pl06
crotamitonum,crotamiton,,,,pl06
cryofluoranum,cryofluorane,,,,pl06
cyclomethycainum,cyclomethycaine,,,,pl06
cycloserinum,cycloserine,,,,pl06
demecolcinum,demecolcine,,,,pl06
deserpidinum,deserpidine,,,,pl06
dextromoramidum,dextromoramide,,,,pl06
dichlorophenum,dichlorophen,,,,pl06
dicycloverinum,dicycloverine,,,,pl06
dimethoxanatum,dimethoxanate,,,,pl06
dioxethedrinum,dioxethedrin,,,,pl06
diphenadionum,diphenadione,,,,pl06
diphenylpyralinum,diphenylpyraline,,,,pl06
dipyrocetylum,dipyrocetyl,,,,pl06
dycloninum,dyclonine,,,,pl06
ecothiopati rodidum,ecothiopate iodide,,,,pl06
endomycinum,endomycin,,,,pl06
etamiphyllinum,etamiphyllin,,,,pl06
ethinamatum,ethinamate,,,,pl06
ethotoinum,ethotoin,,,,pl06
ethylphenacemidum,ethylphenacemide,,,,pl06
ethypiconum,ethypicone,,,,pl06
etoxeridinum,etoxeridine,,,,pl06
florantyronum,florantyrone,,,,pl06
fluoxymesteronum,fluoxymesterone,,,,pl06
forminitrazolum,forminitrazole,,,,pl06
glucurolactonum,glucurolactone,,,,pl06
glutethimidum,glutethimide,,,,pl06
halothanum,halothane,,,,pl06
hexetidinum,hexetidine,,,,pl06
histapyrrodinum,histapyrrodine,,,,pl06
homarylaminum,homarylamine,,,,pl06
hydroxyzinum,hydroxyzine,,,,pl06
isometheptenum,isometheptene,,,,pl06
isothipendylum,isothipendyl,,,,pl06
lauralkonii chloridum,lauralkonium chloride,,,,pl06
leucovorinum,leucovorin,,,,pl06
levomoramidum,levomoramide,,,,pl06
liothyroninum,liothyronine,,,,pl06
mecamylaminum,mecamylamine,,,,pl06
meprobamatum,mercaptopurine,,,,pl06
mesuximidum,mesuximide,,,,pl06
methallenestrilum,methallenestril,,,,pl06
methituralum,methitural,,,,pl06
methocidinum,methocidin,,,,pl06
methopromazinum,methopromazine,,,,pl06
methoxyphedrinum,methoxyphedrine,,,,pl06
methylphenidatum,methylphenidat,,,,pl06
methyprylonum,methyprylon,,,,pl06
midamalinum,midamaline,,,,pl06
monobenzonum,monobenzone,,,,pl06
morpheridinum,morpheridine,,,,pl06
nidroxyzonum,nidroxyzonc,,,,pl06
notethandrolonum,norethandrolone,,,,pl06
norethisteronum,norethisterone,,,,pl06
novobiocinum,novobiocin,,,,pl06
nystatinum,nystatin,,,,pl06
oleandomycinum,oleandomycin,,,,pl06
ostreogrycinum,ostreogrycin,,,,pl06
oxeladinum,oxeladin,,,,pl06
oxycinchophenum,oxycinchophen,,,,pl06
pentacynii chloridum,pentacynium chloride,,,,pl06
pentoxyverinum,pentoxyverine,,,,pl06
petrichloralum,petrichloral,,,,pl06
phenaglycodolum,phenaglycodol,,,,pl06
phenamazolinum,phenamazoline,,,,pl06
phenmetrazinum,phenmetrazine,,,,pl06
phenobutiodilum,phenobutiodil,,,,pl06
phenoxybenzaminum,phenoxybenzamine,,,,pl06
phenoxymethylpenicillinum,phenoxymethylpenicillin,,,,pl06
phensuximidum,phensuximide,,,,pl06
phenythilonum,phenythilone,,,,pl06
phenyltoloxaminum,phenyltoloxamine,,,,pl06
phthalylsulfamethizolum,phthalylsulfamethizole,,,,pl06
pimetremidum,pimetremide,,,,pl06
pipenzolati bromidum,pipenzolate bromide,,,,pl06
piperidolatum,piperidolate,,,,pl06
prodeconii bromidum,prodeconium bromide,,,,pl06
promazinum,promazine,,,,pl06
tetryzolinum,tetryzoline,,,,pl06
thenalidinum,thenalidine,,,,pl06
thyrotrophinum,thyrotrophin,,,,pl06
tolbutamidum,tolbutamide,,,,pl06
toolproninum,tolpronine,,,,pl06
tridthexethyli iodidum,tridihexethyl iodide,,,,pl06
trimeperidinum,trimeperidine,,,,pl06
triprolidinum,triprolidine,,,,pl06
vancomycinum,vancomycin,,,,pl06
verazidum,verazide,,,,pl06
zoxazolaminum,zoxazolamine,ène,,,pl06
cainum,caine,,,,pl06
sulfonum,sulfone,,,,pl06
quinum,quine,,,,pl06
crinum,crine,,,,pl06
dionum,dione,,,,pl06
toinum,toin,,,,pl06
stigminum,stigmine,,,,pl06
dextropropoxyphenum,dextropropoxyphene,,,,pl07
dimenoxadolum,dimenoxadol,,,,pl07
levopropoxyphenum,levopropoxyphen,,,,pl07
devoprexyphenum,levopropoxyphene,,,,pl07
nicomorphinum,nicomorphine,,,,pl07
norcodeinum,norcodeine,,,,pl07
normorphinum,normorphine,,,,pl07
noscapinum,noscapine,,,,pl07
acetylmethadolum,acetylmethadol,,,,pl07
alphacetylmethadolum,alphacetylmethadol,,,,pl07
alphamethadolum,alphamethadol,,,,pl07
anileridinum,anileridine,,,,pl07
betacctylmethadolum,betacctylmethadol,,,,pl07
betamethadolum,betamethadol,,,,pl07
betaprodinum,betaprodine,,,,pl07
desomorphinum,desomorphine,,,,pl07
diethylthiambutenum,diethylthiambutene,,,,pl07
dimethylthiambutcnum,dimethylthiambutene,,,,pl07
dipipanonum,dipipanone,,,,pl07
ethoheptazinum,cthohcptazine,,,,pl07
cthylmethylthiambutenum,cthylmethylthiambutenc,,,,pl07
hydroxypethidinum,hydroxypethidine,,,,pl07
levallor phanum,levallorphan,,,,pl07
levorphanolum,levorphanol,,,,pl07
metethoheptazinum,metethoheptazine,,,,pl07
metheptazinum,metheptazine,,,,pl07
mcthyldesorphinum,methyldesorphine,,,,pl07
methyldihydromorphinum,methyldihydromorphine,,,,pl07
myrophinum,myrophine,,,,pl07
normelhadonum,normethadone,,,,pl07
oxpheneridinum,oxphencridine,,,,pl07
oxymorphonum,oxymorphone,,,,pl07
phenomorphanum,phenomorphan,,,,pl07
proheptazinum,proheptazine,,,,pl07
properidinum,properidine,,,,pl07
propoxyphenum,propoxyphene,,,,pl07
acetyldigitoxinum,acctyldigitoxin,,,,pl08
acidum trethocanicum,trethocanic acid,,,,pl08
alimemazinum,alimemazine,,,,pl08
amanozinum,amanozine,,,,pl08
ambazonum,ambazone,,,,pl08
aminopromazinum,aminopromazine,,,,pl08
aminoxytriphenum,aminoxytriphene,,,,pl08
amopyroquinum,amopyroquin,,,,pl08
beclamidum,beclamide,,,,pl08
benzmalaccnum,benzmalacene,,,,pl08
bialamicolum,bialamicol,,,,pl08
brompheniraminum,brompheniramine,,,,pl08
broparoestrolum,broparoestrol,,,,pl08
bupheninum,buphenine,,,,pl08
buthalitalum natricum,buthalital sodium,,,,pl08
butopyrammonii iodidum,butopyrammonium iodide,,,,pl08
chaulmosulfonum,chaulmosulfone,,,,pl08
chlorazanilum,chlorazanil,,,,pl08
chlorbenzoxaminum,chlorbenzoxamine,,,,pl08
chlormezanonum,chlormezanone,,,,pl08
chlorothiazidum,chlorothiazide,,,,pl08
chlorphenesinum,chlorphenesin,,,,pl08
chlorproguanilum,chlorproguanil,,,,pl08
chlorpropamidum,chlorpropamnide,,,,pl08
chlorzoxazonum,chlorzoxazone,,,,pl08
clemizolum,clemizole,,,,pl08
clemizolum penicillinum,clemizole penicillin,,,,pl08
cyclandelatum,cyclandelate,,,,pl08
cyclobenzaprinum,cyclobenzaprine,,,,pl08
cyclopregnolum,cyclopregnol,,,,pl08
dequalinii chloridum,dequalinium chloride,,,,pl08
dexamethasonum,dexamethasone,,,,pl08
diathymosulfonum,diathymosulfone,,,,pl08
dichlormezanonum,dichlormezanone,,,,pl08
dihydrocodeinum,dibydrocodeine,,,,pl08
diloxanidum,diloxanide,,,,pl08
dimethazanum,dimethazan,,,,pl08
dimethisteronum,dimethisterone,,,,pl08
diphoxazidum,diphoxazide,,,,pl08
dithiazanini iodidum,dithiazanine iodide,,,,pl08
fluorometholonum,fluorometholone,,,,pl08
furmethonolum,furmethonol,,,,pl08
furmethoxadonum,furmethoxadone,,,,pl08
glybuthiazolum,glybuthiazol,,,,pl08
glyprothiazolum,glyprothiazol,,,,pl08
hedaquinit chlondum,hedaquinium chloride,,,,pl08
hexadimethrini bromidum,hexadimethrine bromide,,,,pl08
hydroxindasolum,hydroxindasol,,,,pl08
hydroxychloroqumum,hydroxychloroquine,,,,pl08
hydroxymycinum,hydroxymycin,,,,pl08
imipraminum,imipramine,,,,pl08
inproquonum,inproquone,,,,pl08
isopropamidi iodidum,isopropamide iodide,,,,pl08
isoxsuprinum,khelloside,,,,pl08
levomepromazinum,levomepromazinc,,,,pl08
lysergidum,lysergide,,,,pl08
mannomustinum,mannomustine,,,,pl08
melphalanum,melphalan,,,,pl08
methocarbamolum,methocarbamol,,,,pl08
methohexitalum,methohexital,,,,pl08
methylprednisolonum,methylprednisolone,,,,pl08
monophosphothiaminum,monophosphothiamine,,,,pl08
orphenadrinum,orphenadrine,,,,pl08
oxadimedinum,oxadimedine,,,,pl08
oxanamidum,oxanamide,,,,pl08
oxybuprocainum,oxybuprocainc,,,,pl08
oxyphenbutazonum,oxyphenbutazone,,,,pl08
oxyphenisatinum,oxyphenisatine,,,,pl08
paracetamolum,paracetamol,,,,pl08
paridocainum,paridocaine,,,,pl08
pasiniazidum,pasiniazid,,,,pl08
pecazinum,pecazinc,,,,pl08
pempidinum,pempidinc,,,,pl08
perphenazinum,perphenazinc,,,,pl08
phenactropinii chloridum,phenactropinium chloride,,,,pl08
pheniraminum,pheniramine,,,,pl08
phenyracillinum,phenyracillin,,,,pl08
piprinhydrinatum,piprinhydrinate,,,,pl08
poloxalkolum,poloxalkol,,,,pl08
polybenzarsolum,polybenzarsol,,,,pl08
poskinum,poskine,,,,pl08
propiomazinum,propiomazine,,,,pl08
pyrazinamidum,pyrazinamide,,,,pl08
renanolonum,renanolonc,,,,pl08
ristocetinum,ristocetin,,,,pl08
salinazidum,salinazid,,,,pl08
sulfaethidolum,sulfaethidole,,,,pl08
sulfamethoxypyridazinum,sulfamethoxypyridazine,,,,pl08
sulfinpyrazonum,sulfinpyrazone,,,,pl08
sulocarbilatum,sulocarbilate,,,,pl08
tacrinum,tacrinc,,,,pl08
thalidomidum,thalidomide,,,,pl08
thiambutosinum,thiambutosinc,,,,pl08
thiocolchicosidum,thiocolchicoside,,,,pl08
thiopropazatum,thiopropazate,,,,pl08
thioridazinum,thioridazine,,,,pl08
triacetinum,triacetin,,,,pl08
triacetyloleandomycinum,triacetyloleandomycin,,,,pl08
triamcinolonum,triamcinolone,,,,pl08
tropiglinum,tropigline,,,,pl08
xylometazolinum,xylometazoline,ène,,,pl08
cainum,caine,,,,pl08
sulfonum,sulfone,,,,pl08
quinum,quine,,,,pl08
crinum,crine,,,,pl08
dionum,dione,,,,pl08
toinum,toin,,,,pl08
stigminum,stigmine,,,,pl08
allylprodinum,allylprodine,,,,pl09
benzethidinum,benzethidine,,,,pl09
furethidinum,furethidine,,,,pl09
levophenacylmorphanum,levophenacylmorphan,,,,pl09
metazocinum,metazocine,,,,pl09
norlevorphanolum,norlevorphanol,,,,pl09
phenazocinum,phenazocine,,,,pl09
piminodinum,piminodine,,,,pl09
acidum thyropropicum,thyropropic acid,,,,pl10
allylestrenolum,allylestrenól,,,,pl10
aminoglutethimidum,aminoglutethimide,,,,pl10
amphenidonum,amphenidone,,,,pl10
anisindionum,anisindione,,,,pl10
benzthiazidum,benzthiazide,,,,pl10
biperidenum,biperiden,,,,pl10
bunamiodylum,bunamiodyl,,,,pl10
butadiazamidum,butadiazamide,,,,pl10
calcii carbimidum,calcium carbimide,,,,pl10
carisoprodolum,carisoprodol,,,,pl10
chlorphenoxaminum,chlorphenoxamine,,,,pl10
chlorprothixenum,chlorprothixene,,,,pl10
chlorthenoxazinum,chlorthenoxazine,,,,pl10
chymotrypsinum,chymotrypsin,,,,pl10
cinnamaverinum,cinnamaverine,,,,pl10
colistinum,colistin,,,,pl10
cyclophosphamidum,cyclophosphamide,,,,pl10
cyproheptadinum,cyproheptadine,,,,pl10
demecarii bromidum,demecarium bromide,,,,pl10
demethylchlortetracyclinum,demethylchlortetracycline,,,,pl10
dexbrompheniraminum,dexbrompheniramine,,,,pl10
dexchlorpheniraminum,dexchlorpheniramine,,,,pl10
diampromidum,diampromide,,,,pl10
dichlorisonum,dichlorisone,,,,pl10
dieldrinum,dieldrin,,,,pl10
dimeprozanum,dimeprozane,,,,pl10
dimethizolinum,dimethizoline,,,,pl10
diphenoxylatum,diphenoxylate,,,,pl10
dipiproverinum,dipiproverine,,,,pl10
ditophalum,ditophal,,,,pl10
emylcamatum,emylcamate,,,,pl10
ethenzamidum,ethenzamide,,,,pl10
ethionamidum,ethionamide,,,,pl10
ferrocholinatum,ferrocholinate,,,,pl10
flumethiazidum,flumethiazide,,,,pl10
fluphenazinum,fluphenazine,,,,pl10
glucagonum,glucagon,,,,pl10
griseofulvinum,griseofulvin,,,,pl10
halopenii chloridum,halopenium chloride,,,,pl10
haloperidolum,haloperidol,,,,pl10
hexapropymatum,hexapropymate,,,,pl10
hexcarbacholini bromidum,hexcarbacholine bromide,,,,pl10
homochlorcyclizinum,homochlorcyclizine,,,,pl10
hydrargaphenum,hydrargaphen,,,,pl10
hydrochlorothiazidum,hydrochlorothiazide,,,,pl10
bydroflumethiazidum,hydroflumethiazide,,,,pl10
hydroxindasatum,hydroxindasate,,,,pl10
hydroxystenoozolum,hydroxystenozole,,,,pl10
kanamycinum,kanamycin,,,,pl10
levisoprenalinum,levisoprenaline,,,,pl10
mebhydrolinum,mebhydrolin,,,,pl10
mepenzolate bromidum,mepenzolate bromide,,,,pl10
mephenoxalonum,mephenoxalone,,,,pl10
mestanolonum,mestanolone,,,,pl10
metahexamidum,metahexamide,,,,pl10
methaqualonum,methaqualone,,,,pl10
methazolamidum,methazolamide,,,,pl10
methdilazinum,methdilazine,,,,pl10
methotrexatum,methotrexate,,,,pl10
methylchromonum,methylchromone,,,,pl10
nialamidum,nialamide,,,,pl10
nicothiazonum,nicothiazone,,,,pl10
nifurethazonum,nifurethazone,,,,pl10
nihydrazonum,nihydrazone,,,,pl10
norvinisteronum,norvinisterone,,,,pl10
octatropini methylbromidum,octatropine methylbromide,,,,pl10
oxyphencycliminum,oxyphencyclimine,,,,pl10
palmidrolum,palmidrol,,,,pl10
paronomycinum,paronomycin,,,,pl10
penicillinasum,penicillinase,,,,pl10
pentapiperidum,pentapiperide,,,,pl10
phanquinonum,phanquinone,,,,pl10
phenampromidum,phenampromide,,,,pl10
phenelzinum,phenelzine,,,,pl10
phenforminum,phenformin,,,,pl10
phenglutarimidum,phenglutarimide,,,,pl10
phenprobamatum,phenprobamate,,,,pl10
phetharbitalum,phetharbital,,,,pl10
pipamazinum,pipamazine,,,,pl10
pipethanatum,pipethanate,,,,pl10
polycarbophilum,polycarbophil,,,,pl10
pralidoximi methiodidum,pralidoxime methiodide,,,,pl10
procainum,procaine,,,,pl10
prothixenum,prothixene,,,,pl10
protokylolum,protokylol,,,,pl10
proxyphyllinum,proxyphylline,,,,pl10
styramatum,styramate,,,,pl10
sulfachlorpyridazinum,sulfachlorpyridazine,,,,pl10
sulfadimethoxinum,sulfadimethoxine,,,,pl10
sulfaphenazolum,sulfaphenazol,,,,pl10
sulfatolamidum,sulfatolamide,,,,pl10
syrosingopinum,syrosingopine,,,,pl10
thiamphenicolum,thiamphenicol,,,,pl10
thihexinoli methylbromidum,thihexinol methylbromide,,,,pl10
thioproperazinum,thioproperazine,,,,pl10
toloxychlorinolum,toloxychlorinol,,,,pl10
triclazatum,triclazate,,,,pl10
triclobisonii chloridum,triclobisonium chloride,,,,pl10
trifluoperazinum,trifluoperazine,,,,pl10
triflupromazinum,triflupromazine,,,,pl10
trimethobenzamidum,trimethobenzamide,,,,pl10
trolnitratum,trolnitrate,ène,,,pl10
cainum,caine,caïne,,,pl10
sulfonum,sulfone,,,,pl10
quinum,quine,,,,pl10
crinum,crine,,,,pl10
dionum,dione,,,,pl10
toinum,toin,,,,pl10
stigminum,stigmine,,,,pl10
acidum xenazoicum,xenazoic acid,,,,pl11
acidum xenyhexenicum,xenyhexenic acid,,,,pl11
amitriptylinum,amitriptyline,,,,pl11
amphotalidum,amphotalide,,,,pl11
asparlocimum,aspartocin,,,,pl11
bamethanum,bamethan,,,,pl11
bendroflumethiazidum,bendroflumethiazide,,,,pl11
benziodaronum,benziodarone,,,,pl11
benzphetaminum,benzphetamine,,,,pl11
betamethasonum,betamcthasonc,,,,pl11
carbenzidum,carbcnzidc,,,,pl11
carperidinum,carperidine,,,,pl11
cetohexazinum,cetohexazine,,,,pl11
chlordiazepoxidum,chlordiazepoxide,,,,pl11
chlormidazolum,chlormidazole,,,,pl11
chloroserpidinum,chloroserpidinc,,,,pl11
chlorphenterminum,chlorphenterminc,,,,pl11
cinnarizinum,cinnarizine,,,,pl11
clonitazenum,clonitazene,,,,pl11
cloquinatum,cloquinate,,,,pl11
crotoniazidum,crotoniazide,,,,pl11
detrothyroninum,detrothyronine,,,,pl11
dexpanthenolum,dexpanthenol,,,,pl11
diisoprominum,diisopromine,,,,pl11
dimeflinum,dimeflinc,,,,pl11
disulfamidum,disulfamide,,,,pl11
ethambutolum,cthambutol,,,,pl11
cthosuximídum,ethosuximide,,,,pl11
ctonitazenum,ctonitazene,,,,pl11
guancthidinum,guanethidine,,,,pl11
haloprogesteronum,haloprogesterone,,,,pl11
hydromorphinolum,hydromorphinol,,,,pl11
hydroxocobalaminum,hydroxocobalamin,,,,pl11
iminophenimidum,iminophenimide,,,,pl11
isoaminilum,isoaminile,,,,pl11
isocarboxazidum,isocarboxazid,,,,pl11
mepivacainum,mepivacainc,,,,pl11
mctaxalonum,mctaxalon,,,,pl11
methastyridonum,methastyridone,,,,pl11
methiomeprazinum,methiomeprazinc,,,,pl11
mcthoserpidinum,methoserpidine,,,,pl11
methoxyfluranum,methoxyflurane,,,,pl11
methyclothiazidum,mcthyclothiazide,,,,pl11
methyscrgidum,mcthysergide,,,,pl11
metronidazolum,metronidazole,,,,pl11
naphthononum,naphthonone,,,,pl11
nealbarbitalum,nealbarbital,,,,pl11
nifuroximum,nifuroxime,,,,pl11
nitrofurantomum,nitrofurantoin,,,,pl11
oxymetholonum,oxymetholone,,,,pl11
phebutazinum,phebutazine,,,,pl11
phencyclidinum,phencyclidinc,,,,pl11
phendimetrazinum,phendimetrazine,,,,pl11
phenethicillinum,phcnethicillin,,,,pl11
pheniprazinum,pheniprazine,,,,pl11
phenoperidinum,phenoperidinc,,,,pl11
phenprocoumonum,phenprocoumon,,,,pl11
phenterminum,phentermine,,,,pl11
piperacctazinum,piperacetazine,,,,pl11
piperylonum,piperylone,,,,pl11
piprocurarii iodilum,piprocurarium iodide,,,,pl11
prampinum,prampine,,,,pl11
pseudoephedrinum,pscudoephedrine,,,,pl11
pyrophendanum,pyrophendane,,,,pl11
pyroxaminum,pyroxaminc,,,,pl11
quinethazonum,quinethazone,,,,pl11
rolitetracyclinum,rolitetracycline,,,,pl11
salazosulfadimidinum,salazosulfadimidine,,,,pl11
spironolactonum,spironolactone,,,,pl11
sulfamonomethoxinum,sulfamonomethoxine,,,,pl11
tctrabenazinum,tctrabenazinc,,,,pl11
thiethylperazinum,thicthylperazine,,,,pl11
thiofuradenum,thiofuradenc,,,,pl11
thiramum,thiram,,,,pl11
tranylcyprominum,tranylcyprominc,,,,pl11
trichlormethiazidum,trichlormethiazide,,,,pl11
trichlormethinum,trichlormethine,,,,pl11
trimccainum,trimecainc,,,,pl11
trimethoprimum,trimcthoprim,,,,pl11
triparanolum,triparanol,,,,pl11
tropenzilini bromidum,tropenziline bromide,,,,pl11
tropicamidum,tropicamide,,,,pl11
valnoctamidum,valnoctamidc,,,,pl11
xenthioratum,xenthiorate,,,,pl11
xenygloxalum,tri(2-chlorocthyl)aminc,ène,,,pl11
cainum,caine,,,,pl11
sulfonum,sulfone,,,,pl11
quinum,quinc,,,,pl11
crinum,crine,,,,pl11
dionum,dione,,,,pl11
toinum,toin,toïne,,,pl11
stigminum,stigmine,,,,pl11
acetohexamidum,acetohexamide,,,,pl12
acidum aminocaproicum,aminocaproic acid,,,,pl12
acidum foscolicum,foscolic acid,,,,pl12
aconiazidum,aconiazide,,,,pl12
amfecloralum,amfecloral,,,,pl12
amfomycinum,amfomycin,,,,pl12
angiotensinamidum,angiotensinamide,,,,pl12
aprofenum,aprofene,,,,pl12
atropin oxydum,atropine oxide,,,,pl12
azatepum,azatcpa,,,,pl12
azathioprinum,azathioprine,,,,pl12
bamipinum,bamipine,,,,pl12
bendazolum,bendazol,,,,pl12
benzindopyrinum,benzindopyrine,,,,pl12
benzopyrronii bromidum,benzopyrronium bromide,,,,pl12
benzpiperylonum,benzpiperylone,,,,pl12
bibenzonii bromidum,bibenzonium bromide,,,,pl12
bromchlorenonum,bromchlorenone,,,,pl12
brometenaminum,brometenamine,,,,pl12
bromindionum,bromindione,,,,pl12
broxaldinum,broxaldine,,,,pl12
broxyquinolinum,broxyquinoline,,,,pl12
bucetinum,bucetin,,,,pl12
butamoxanum,butamoxane,,,,pl12
butynaminum,butynamine,,,,pl12
camylofinum,camylofin,,,,pl12
capreomycinum,capreomycin,,,,pl12
carfenazinum,carfenazine,,,,pl12
cetoximum,cetoxime,,,,pl12
chloracyzinum,chloracyzine,,,,pl12
chloralodolum,chloralodol,,,,pl12
chlorproethazinum,chlorproethazine,,,,pl12
chlortaliddonum,chlortalidone,,,,pl12
cintramidum,cintramide,,,,pl12
clofedanolum,clofedanol,,,,pl12
clofenetaminum,clofenetamin,,,,pl12
clometocillinum,clometocillin,,,,pl12
clomifenum,clomifene,,,,pl12
clopenthixolum,clopenthixol,,,,pl12
cyclobutyrolum,cyclobutyrol,,,,pl12
cyclopenthiazidum,cyclopenthiazide,,,,pl12
cyclopyrronii bromidum,cyclopyrronium bromide,,,,pl12
cyclothiazidum,cyclothiazide,,,,pl12
defosfamidum,defosfamide,,,,pl12
deptropinum,deptropine,,,,pl12
dextrothyroxinum natricum,sodium dextrothyroxine,,,,pl12
diazcpamum,diazepam,,,,pl12
diazoxidum,diazoxide,,,,pl12
difencloxazinum,difencloxazine,,,,pl12
dimethadionum,dimethadione,,,,pl12
dioxamatum,dioxamate,,,,pl12
diprofenum,diprofene,,,,pl12
disopyramidum,disopyramide,,,,pl12
droxypropinum,droxypropine,,,,pl12
dydrogesteronum,dydrogesterone,,,,pl12
epiestriolum,epiestriol,,,,pl12
epipropidinum,epipropidine,,,,pl12
etaminilum,etaminile,,,,pl12
etamivanum,etamivan,,,,pl12
etebenecidum,etebenecid,,,,pl12
ethomoxanum,ethomoxane,,,,pl12
etryptaminum,etryptamine,,,,pl12
etybenzatropinum,etybenzatropine,,,,pl12
febarbamatum,febarbamate,,,,pl12
fenadiazolum,fenadiazole,,,,pl12
fenbutrazatum,fenbutrazate,,,,pl12
fencamfaminum,fencamfamin,,,,pl12
fenoxazolinum,fenoxazoline,,,,pl12
fenoxypropazinum,fenoxypropazine,,,,pl12
fenyramidolum,fenyramidol,,,,pl12
fludroxycortidum,fludroxycortide,,,,pl12
fluoresonum,fluoresone,,,,pl12
fluroxenum,floroxene,,,,pl12
ftivazidum,ftivazide,,,,pl12
ganglefenum,ganglefene,,,,pl12
glycopyrronii bromidum.,glycopyrronium bromide,,,,pl12
glycyclamidum,glycyclamide,,,,pl12
glysobuzolum,glysobuzole,,,,pl12
haletazolum,haletazole,,,,pl12
heptolamidum,heptolamide,,,,pl12
hexafluronii bromidum,bexafluronium bromide,,,,pl12
hexapradolum,hexapradol,,,,pl12
indopinum,indopine,,,,pl12
iofendylatum,lofendylate,,,,pl12
isopropicillinum,isopropicillm,,,,pl12
levamfetaminum,levamfetamine,,,,pl12
levopropicillinum,levopropicillin,,,,pl12
mebutamatum,mebutamate,,,,pl12
mecloqualonum,mecloqualone,,,,pl12
mefeclorazinum,mefeclorazine,,,,pl12
melarsonylum kalicum,melarsonyl potassium,,,,pl12
meractinomycinum,meractinomycin,,,,pl12
mestranolum,mestranol,,,,pl12
metacyclinum,metacycline,,,,pl12
metaglycodolum,metaglycodol,,,,pl12
metamfazonum,metamfazone,,,,pl12
metandienonum,metandienone,,,,pl12
metenolonum,metenolone,,,,pl12
metetoinum,metetoin,,,,pl12
methyldopum,methyldopa,,,,pl12
meticillinum,meticillin,,,,pl12
metofolinum,metofoline,,,,pl12
morazonum,morazonc,,,,pl12
moroxydinum,moroxydine,,,,pl12
nanofinum,nanofin,,,,pl12
nicocodinum,nicocodine,,,,pl12
noracymethadolum,noracymethadol,,,,pl12
nortriptylinum,nortriptyline,,,,pl12
noxytiolinum,noxytiolin,,,,pl12
opiniazidum,opiniazide,,,,pl12
oxandrolonum,oxandrolone,,,,pl12
oxymesteronum,oxymesterone,,,,pl12
oxypertinum,oxypertine,,,,pl12
paramethasonum,paramethasone,,,,pl12
pemolinum,pemoline,,,,pl12
penicillaminum,penicillamine,,,,pl12
pentamoxanum,pentamoxane,,,,pl12
pipacyclinum,pipacycline,,,,pl12
pipazetatum,pipazetate,,,,pl12
polynoxylinum,polynoxylin,,,,pl12
polythiazidum,polythiazide,,,,pl12
prenylaminum,prenylamine,,,,pl12
pridinolum,pridinol,,,,pl12
pristinamycinum,pristinamycine,,,,pl12
prodilidinum,prodilidine,,,,pl12
propinetidinum,propinetidine,,,,pl12
propyromazinum,propyromazine,,,,pl12
psilocybinum,psilocybine,,,,pl12
pyritinolum,pyritinol,,,,pl12
rofluranum,roflurane,,,,pl12
rufocromomycinum,rufocromomycine,,,,pl12
secbutabarbitalum,secbutabarbital,,,,pl12
solypertinum,solypertine,,,,pl12
spirazinum,spirazine,,,,pl12
sulfacarbamidum,sulfacarbamide,,,,pl12
sulfalenum,sulfalene,,,,pl12
sulfametomidinum,sulfametomidine,,,,pl12
sulfamoxolum,sulfamoxole,,,,pl12
sulfasymazinum,sulfasymazine,,,,pl12
symetinum,symetine,,,,pl12
teclothiazidum,teclothiazide,,,,pl12
tefluranum,teflurane,,,,pl12
thiohexamidum,thiohexamide,,,,pl12
tifencillinum,tifencillin,,,,pl12
tigloidinum,tigloidine,,,,pl12
tolazamidum,tolazamide,,,,pl12
tolboxanum,tolboxane,,,,pl12
tolpentamidum,tolpentamide,,,,pl12
tozalinonum,tozalinone,,,,pl12
triamterinum,triamterine,,,,pl12
trimedoximum,trimedoxime,,,,pl12
vinblastinum,vinblastine,,,,pl12
vinylbitalum,vinylbital,,,,pl12
xanthiolum,xanthiol,,,,pl12
xantocillinum,xantocillin,,,,pl12
xenysalatum,xenysalate,,,,pl12
tigloidinum,tigloidine,,,,pl12
triamterenum,triamterene,,,,pl12
aceclidinum,aceclidine,,,,pl13
acetiaminum,acetiamine,,,,pl13
acetryptinum,acetryptine,,,,pl13
acetylcysteinum,acetylcysteine,,,,pl13
acidum clofenamicum,clofenamic acid,,,,pl13
acidum flufenamicum,flufenamic acid,,,,pl13
acidum fusidicum,fusidic acid,,,,pl13
acidum fyticum,fytic acid,,,,pl13
acidum iotalamicum,iotalamic acid,,,,pl13
acidum kainicum,kainic acid,,,,pl13
acidum mefenamicum,mefenamic acid,,,,pl13
acidum nalidixicum,nalidixic acid,,,,pl13
acrisorcinum,acrisorcin,,,,pl13
albutoinum,albutoin,,,,pl13
aloxiprinum,aloxiprin,,,,pl13
altizidum,altizide,,,,pl13
amhomycinum,ambomycin,,,,pl13
amfepramonum,amfepramone,,,,pl13
ampicillinum,ampicillin,,,,pl13
ampyriminum,ampyrimine,,,,pl13
anazolenum natricum,sodium anazolene,,,,pl13
anilamatum,anilamate,,,,pl13
argipressinum,argipressin,,,,pl13
argiprestocinum,argiprestocin,,,,pl13
azotomycinum,azotomycin,,,,pl13
batilolum,batilol,,,,pl13
benfotiaminum,benfotiamine,,,,pl13
bentiaminum,bentiamine,,,,pl13
benzaronum,benzarone,,,,pl13
benzbromaronum,benzbromarone,,,,pl13
benzilonii bromidum,benzilonium bromide,,,,pl13
benzodepum,benzodep,,,,pl13
benzquinamidum,benzquinamide,,,,pl13
betahistinum,betahistine,,,,pl13
betanidinum,betanidine,,,,pl13
betoxycainum,betoxycaine,,,,pl13
bisacodylum,bisacodyl,,,,pl13
bisbentiaminum,bisbentiamine,,,,pl13
bolasteronum,bolasterone,,,,pl13
bromacrylidum,bromacrylide,,,,pl13
bufenadrinum,bufenadrine,,,,pl13
butaperazinum,butaperazine,,,,pl13
butaverinum,butaverine,,,,pl13
butizidum,butizide,,,,pl13
butopiprinum,butopiprine,,,,pl13
carsalamum,carsalam,,,,pl13
clefamidum,clefamnide,,,,pl13
clobenztropinum,clobenztropine,,,,pl13
clodacainum,clodacaine,,,,pl13
clodantoinum,clodantoin,,,,pl13
clofenamidum,clofenamide,,,,pl13
clofibratum,clofibrate,,,,pl13
clonitratum,clonitrate,,,,pl13
clopamidum,clopamide,,,,pl13
cloralum betainum,cloral betaine,,,,pl13
clorindionum,clorindione,,,,pl13
cloxacillinum,cloxacillin,,,,pl13
colecalciferolum,colecalciferol,,,,pl13
coumetarolum,coumetarol,,,,pl13
cyamemazinum,cyamemazine,,,,pl13
cyclarbamatum,cyclarbamate,,,,pl13
cyclomenolum,cyclomenol,,,,pl13
cyclovalonum,cyclovalone,,,,pl13
desipraminum,desipramine,,,,pl13
dexoxadrolum,dexoxadrol,,,,pl13
diclofenamidum,diclofenamide,,,,pl13
dietroxinum,dietroxine,,,,pl13
difenidolum,difenidol,,,,pl13
dimefadanum,dimefadane,,,,pl13
dimetindenum,dimetindene,,,,pl13
dioxadrolum,dioxadrol,,,,pl13
dipyridamolum,dipyridamole,,,,pl13
doxapramum,doxapram,,,,pl13
drostanolunum,drostanolone,,,,pl13
duazomycinum,duazomycin,,,,pl13
efloxatum,efloxate,,,,pl13
epitizidum,epitizide,,,,pl13
ethylestrenolum,ethylestrenol,,,,pl13
etoxazenum,etoxazene,,,,pl13
etymemazinum,etymemazine,,,,pl13
felypressinum,felypressin,,,,pl13
fenbenicillinum,fenbenicillin,,,,pl13
fencarbamidum,fencarbamide,,,,pl13
fenyripolum,fenyripol,,,,pl13
fluanisonum,fluanisone,,,,pl13
flumetasonum,flumetasone,,,,pl13
fluorouracilum,fluorouracil,,,,pl13
fluperolonum,fluperolone,,,,pl13
fluprednisolonum,fluprednisolone,,,,pl13
flurotylum,flurotyl,,,,pl13
furazolidonum,furazolidone,,,,pl13
galantaminum,galantamine,,,,pl13
glucaloxum,glucalox,,,,pl13
glypinamidum,glypinamide,,,,pl13
hexadilinum,hexadiline,,,,pl13
hexamidinum,hexamidine,,,,pl13
hexopyrronii bromidum,hexopyrronium bromide,,,,pl13
indometacinum,indometacin,,,,pl13
iproclozidum,iproclozide,,,,pl13
isoetarinum,isoetarine,,,,pl13
kitasamycinum,kitasamycin,,,,pl13
leiopyrrolum,leiopyrrole,,,,pl13
levoglutamidum,levoglutamide,,,,pl13
levoxadrolum,levoxadrol,,,,pl13
lincomycinum,lincomycin,,,,pl13
lucimycinum,lucimycin,,,,pl13
lynestrenolum,lynestrenol,,,,pl13
lypressinum,lypressin,,,,pl13
mecloxaminum,mecloxamine,,,,pl13
mecysteinum,mecysteine,,,,pl13
megestrolum,megestrol,,,,pl13
melengestrolum,melengestrol,,,,pl13
menotrophinum,menotrophin,,,,pl13
meraleinum natricum,sodium meralein,,,,pl13
meturedepum,meturedepa,,,,pl13
metyraponum,metyrapone,,,,pl13
molinazonum,molinazone,,,,pl13
morinamidum,morinamide,,,,pl13
nafcillinum,nafcillin,,,,pl13
naloxonum,naloxone,,,,pl13
niclosamidum,niclosamide,,,,pl13
nonapyriminum,nonapyrimine,,,,pl13
noretynodrelum,noretynodrel,,,,pl13
octotiaminum,octotiamine,,,,pl13
ortetaminum,ortetamine,,,,pl13
oxazepamum,oxazepam,,,,pl13
oxetacainum,oxetacaine,,,,pl13
oxomemazinum,oxomemazine,,,,pl13
oxonazinum,oxonazine,,,,pl13
oxybutyninum,oxybutynin,,,,pl13
oxyclipinum,oxyclipine,,,,pl13
oxyfenamatum,oxyfenamate,,,,pl13
oxymetazolinum,oxymetazoline,,,,pl13
oxypendylum,oxypendyl,,,,pl13
oxypyrronii bromidum,oxypyrronium bromide,,,,pl13
oxytocinum,oxytocin,,,,pl13
pargylinum,pargyline,,,,pl13
paxamatum,paxamate,,,,pl13
pentabamatum,pentabamate,,,,pl13
pentalamidum,pentalamide,,,,pl13
periciazinum,periciazine,,,,pl13
picloxydinum,picloxydine,,,,pl13
pimetinum,pimetine,,,,pl13
prednisolamatum,prednisolamate,,,,pl13
prednylidenum,prednylidene,,,,pl13
propetandrolum,propetandrol,,,,pl13
propicillinum,propicillin,,,,pl13
prosultiaminum,prosultiamine,,,,pl13
pyrrocainum,pyrrocaine,,,,pl13
quingestronum,quingestrone,,,,pl13
renytolinum,renytoline,,,,pl13
rifamnycinum,rifamycin,,,,pl13
sparsomycinum,sparsomycin,,,,pl13
sparteinum,sparteine,,,,pl13
spectinomycinum,spectinomycin,,,,pl13
stilbazii iodidum,stilbazium iodide,,,,pl13
streptoniazidum,streptoniazid,,,,pl13
sucraloxum,sucralox,,,,pl13
sultiamum,sultiame,,,,pl13
teclozanum,teclozan,,,,pl13
tiabendazolum,tiabendazole,,,,pl13
tiemondii iodidum,tiemonium iodide,,,,pl13
tifenamiium,tifenamil,,,,pl13
tolpropaminum,tolpropamine,,,,pl13
tolpyrramidum,tolpyrramide,,,,pl13
triclofosum,triclofos,,,,pl13
trimetamidum,trimetamide,,,,pl13
trimipraminum,trimipramine,,,,pl13
trometamolum,trometamol,,,,pl13
tyloxapolum,tyloxapol,,,,pl13
uramustinum,uramustine,,,,pl13
uredepum,uredepa,,,,pl13
vinleurosinum,vinleurosine,,,,pl13
vinleurosinum,vinleurosine,,,,pl13
vinrosidinum,vinrosidine,,,,pl13
vinrosidinum,vinrosidine,,,,pl13
virgimycinum,virgimycin,,,,pl13
virgimycinum,virgimycin,,,,pl13
amidopyrinum,amidopyrine,,,,pl13
calciferolum,calciferol,-caïne,-vérine,,pl13
acecarbromalum,acecarbromal,,,,pl14
acefyllinum piperazinum,accfylline piperazine,,,,pl14
aceperonum,aceperone,,,,pl14
acidum asparticum,aspartic acid,,,,pl14
acidum etacrynicum,etacrynic acid,,,,pl14
acidum iobenzamicum,iobenzamic acid,,,,pl14
acidum iosefamicum,tosefamic acid,,,,pl14
acoxatrmum,acoxatrine,,,,pl14
adicillinum,adicillin,,,,pl14
alcloxum,alcloxa,,,,pl14
aldioxum,aldioxa,,,,pl14
allopurinolum,allopurinol,,,,pl14
almecillinum,almecillin,,,,pl14
amfetylinum,amfetyline,,,,pl14
amicyclinum,amicycline,,,,pl14
aminorexum,aminorex,,,,pl14
amiperonum,amiperone,,,,pl14
anisopirolum,anisopirol,,,,pl14
argininum,arginine,,,,pl14
azidamfenicolum,azidamfenicol,,,,pl14
becantonum,becantone,,,,pl14
benperidolum,benperidol,,,,pl14
benzetimidum,benzetimide,,,,pl14
bietaserpinum,bietaserpine,,,,pl14
bluensomycinum,bluensomycin,,,,pl14
bronopolum,bronopol,,,,pl14
butinolinum,butinoline,,,,pl14
butoxylatum,butoxylate,,,,pl14
buzepidi metiodidum,buzepide metiodide,,,,pl14
cafedrinum,cafedrine,,,,pl14
capuridum,capuride,,,,pl14
carbubarbum,carbubarb,,,,pl14
cefalotinum,cefalotin,,,,pl14
cepalonium,cepaloni,,,,pl14
cepalonium,cepaloni,,,,pl14
cepaloramum,cepaloram,,,,pl14
cetofenicolum,cetofenicol,,,,pl14
clibucainum,clibucaine,,,,pl14
clofexamidum,clofexamide,,,,pl14
clomethiazolum,clomethiazole,,,,pl14
clominorexum,clominorex,,,,pl14
clorindanolum,clorindanol,,,,pl14
clorprenalinum,clorprenaline,,,,pl14
cotininum,cotinine,,,,pl14
cyclazocinum,cyclazocine,,,,pl14
cycliraminum,cycliramine,,,,pl14
cytarabinum,cytarabine,,,,pl14
dalanatum insulinum,dalanated insulin,,,,pl14
dantronum,dantron,,,,pl14
deferoxaminum,deferoxamine,,,,pl14
demecyclinum,demecycline,,,,pl14
deslanosidum,deslanoside,,,,pl14
dibenzepinum,dibenzepin,,,,pl14
dibromsalanum,dibromsalan,,,,pl14
dimantinum,dimantine,,,,pl14
dimecolonii iodidum,dimecolonium iodide,,,,pl14
dimelazinum,dimelazine,,,,pl14
dimevamidum,dimevamide,,,,pl14
domoxinum,domoxin,,,,pl14
droperidolum,droperidol,,,,pl14
estomycinum,estomycine,,,,pl14
etafedrinum,etafedrine,,,,pl14
ethiazidum,ethiazide,,,,pl14
etofyllinum,ctofylline,,,,pl14
etoglucidum,etoglucid,,,,pl14
etosalamidum,etosalamide,,,,pl14
etozolinum,etozolin,,,,pl14
fenfluraminum,fenfluramine,,,,pl14
fenmetramidum,fenmetramnide,,,,pl14
fenozolonum,fenozolone,,,,pl14
fentalynum,fentanyl,,,,pl14
flucarbrilum,fucarbril,,,,pl14
fluminorexum,fluminorex,,,,pl14
flupentixolum,flupentixol,,,,pl14
formetorexum,formetorex,,,,pl14
furosemidum,furosemide,,,,pl14
gefarnatum,gefarnate,,,,pl14
gentamycinum,gentamycin,,,,pl14
glyoctamidum,glyoctamide,,,,pl14
heptabarbum,heptabarb,,,,pl14
heteronii bromidum,heteronium bromide,,,,pl14
hydracarbazinum,hydracarbazine,,,,pl14
hydrobentizidum,hydrobentizide,,,,pl14
ibufenacum,ibufenac,,,,pl14
iopydolum,iopydol,,,,pl14
iopydonum,iopydone,,,,pl14
litracenum,litracen,,,,pl14
lymecyclinum,lymecycline,,,,pl14
meprotixolum,meprotixol,,,,pl14
mequinolum,mequinol,,,,pl14
metamfepramonum,metamfepramone,,,,pl14
metisazonum,metisazone,,,,pl14
metixenum,metixene,,,,pl14
metoclopramidum,metoclopramide,,,,pl14
mimbanum,mimbane,,,,pl14
minocyclinum,minocycline,,,,pl14
moperonum,moperone,,,,pl14
moxisylytum,moxisylyte,,,,pl14
nicofuranosum,nicofuranose,,,,pl14
nifuroxazidum,nifuroxazide,,,,pl14
nifurthiazolum,nifurthiazole,,,,pl14
nitrocyclinum,nitrocycline,,,,pl14
norgesteronum,norgesterone,,,,pl14
norpipanonum,norpipanone,,,,pl14
octacainum,octacaine,,,,pl14
orciprenalinum,orciprenaline,,,,pl14
oxolaminum,oxolamine,,,,pl14
panthenolum,panthenol,,,,pl14
parapenzolati bromidum,parapenzolate bromide,,,,pl14
penmesterolum,penmesterol,,,,pl14
pentazocinum,pentazocine,,,,pl14
penthrichloralum,penthrichloral,,,,pl14
pimethixenum,pimethixene,,,,pl14
polyetadenum,polyetadene,,,,pl14
prazepamum,prazepam,,,,pl14
prilocainum,prilocaine,,,,pl14
procymatum,procymate,,,,pl14
prolonii iodidum,prolonium iodide,,,,pl14
pronetalolum,pronetalol,,,,pl14
propanididum,propanidid,,,,pl14
propiolactonum,propiolactone,,,,pl14
protheobrominum,protheobromine,,,,pl14
protriptylinum,protriptyline,,,,pl14
prozapinum,prozapine,,,,pl14
pyridofyllinum,pyridofylline,,,,pl14
pyrinolinum,pyrinoline,,,,pl14
pyrovaleronum,pyrovalerone,,,,pl14
quinacillinum,quinacillin,,,,pl14
quinbolonum,quinbolone,,,,pl14
quindonii bromidum,quindonium bromide,,,,pl14
quinestrolum,quinestrol,,,,pl14
rolicyprinum,rolicyprine,,,,pl14
rutamycinum,rutamycin,,,,pl14
simtrazenum,simtrazene,,,,pl14
spiramidum,spiramide,,,,pl14
spiroxasonum,spiroxasone,,,,pl14
spiroxatrinum,spiroxatrine,,,,pl14
streptonigrinum,streptonigrin,,,,pl14
sulazepamum,sulazepam,,,,pl14
sulfamethoxazolum,sulfamethoxazole,,,,pl14
sulfametinum,sulfametin 一,,,,pl14
sulfaperinum,sulfaperin,,,,pl14
terizidonum,terizidone,,,,pl14
theodrenalinum,theodrenaline,,,,pl14
theophyllinum ephedrinum,theophylline ephedrine,,,,pl14
tigloidinum,tigloidine,,,,pl14
tiocarlidum,tiocarlide,,,,pl14
tiomesteronum,tiomesterone,,,,pl14
tocofersolanum,tocofersolan,,,,pl14
tolnaftatum,tolnaftate,,,,pl14
tonzonii bromidum,tonzonium bromide,,,,pl14
triaziquonum,triaziquone,,,,pl14
tribromsalanum,tribromsalan,,,,pl14
triclofenolum piperazinum,triclofenol piperazine,,,,pl14
trimetazidinum,trimetazidine,,,,pl14
tritoqualinum,tritoqualine,,,,pl14
tybamatum,tybamate,-caïne,,,pl14
quinum,quinoline derivatives,,,,pl14
aceglutamidum,aceglutamide,,,,pl15
aceprometazinum,aceprometazine,,,,pl15
acidum ioglycamicum,ioglycamic acid,,,,pl15
acidum oxolonicum,oxolinic acid,,,,pl15
actinoquinolum,actinoquinol,,,,pl15
aklomidum,aklomide,,,,pl15
alfasonum,alfasone,,,,pl15
alfetaminum,alfetamine,,,,pl15
amantadinum,amantadine,,,,pl15
ampyzinum,ampyzine,,,,pl15
anisacrilum,anisacril,,,,pl15
antafenitum,antafenite,,,,pl15
antazonitum,antazonite,,,,pl15
antelmycinum,antelmycin,,,,pl15
antienitum,antienite,,,,pl15
atromepinum,atromepine,,,,pl15
bamifyllinum,bamifylline,,,,pl15
benhepazonum,benhepazone,,,,pl15
benorteronum,benorterone,,,,pl15
benzydaminum,benzydamine,,,,pl15
bezitramidum,bezitramide,,,,pl15
bromamidum,bromamide,,,,pl15
buramatum,buramate,,,,pl15
cactinomycinum,cactinomycin,,,,pl15
carbamazepinum,carbamazepine,,,,pl15
carbenoxolonum,carbenoxolone,,,,pl15
carfimatum,carfimate,,,,pl15
cefaforidinum,cefaloridine,,,,pl15
cetalkonii chloridum,cetalkonium chloride,,,,pl15
clocinizinum,clocinizine,,,,pl15
clometeronum,clometerone,,,,pl15
clopononum,cloponone,,,,pl15
cloretatum,cloretate,,,,pl15
codoximum,codoxime,,,,pl15
cortodoxonum,cortodoxone,,,,pl15
coumamycinum,coumamycin,,,,pl15
cyclexanonum,cyclexanone,,,,pl15
cyheptropinum,cyheptropine,,,,pl15
cypenaminum,cypenamine,,,,pl15
desaspidinum,desaspidin,,,,pl15
desmethylmoramidum,desmethylmoramide,,,,pl15
diarbaronum,diarbarone,,,,pl15
dimecaminum,dimecamine,,,,pl15
diponii bromidum,diponium bromide,,,,pl15
ditolamidum,ditolamide,,,,pl15
dosulepinum,dosulepin,,,,pl15
doxepin um,doxepin,,,,pl15
embraminum,embramine,,,,pl15
encypratum,encyprate,,,,pl15
enoxolonum,enoxolone,,,,pl15
etamsylatum,etamsylate,,,,pl15
etomidatum,etomidate,,,,pl15
felipyrinum,felipyrine,,,,pl15
fenaclonum,fenaclon,,,,pl15
fenamisalum,fenamisal,,,,pl15
feneritrolum,feneritrol,,,,pl15
fenharmanum,fenharmane,,,,pl15
ferrotreninum,ferrotrenine,,,,pl15
flavoxatum,flavoxate,,,,pl15
fluocortolonum,fluocortolone,,,,pl15
fluspirilenum,fluspirilene,,,,pl15
fosfestrolum,fosfestrol,,,,pl15
furazolii chloridum,furazolium chloride,,,,pl15
fusafunginum,fusafungine,,,,pl15
glafeninum,glafenine,,,,pl15
glyhexamidum,glyhexamide,,,,pl15
glymidinum natricum,glymidine sodium,,,,pl15
guanisoquinum,guanisoquine,,,,pl15
guanoclorum,guanoclor,,,,pl15
guanoxanum,guanoxan,,,,pl15
hepzidinum,hepzidine,,,,pl15
hetacillinum,hetacillin,,,,pl15
hexasonli iodidum,hexasonium iodide,,,,pl15
hexedinum,hexedine,,,,pl15
hexobendinum,hexobendine,,,,pl15
homofenazinum,homofenazine,,,,pl15
hymecromonum,hymecromone,,,,pl15
iodamidum,iodamide,,,,pl15
iprindolum,iprindole,,,,pl15
ketocainum,ketocaine,,,,pl15
levorinum,levorin,,,,pl15
lidoflazinum,lidoflazine,,,,pl15
mebanazinum,mebanazine,,,,pl15
mebutizidum,mebutizide,,,,pl15
meclofenoxatum,meclofenoxate,,,,pl15
medrogestonum,medrogestone,,,,pl15
mefeserpinum,mefeserpine,,,,pl15
megluminum,meglumine,,,,pl15
meladrazinum,meladrazine,,,,pl15
meprednisonum,meprednisone,,,,pl15
methaniazidum,methaniazide,,,,pl15
mexenonum,mexenone,,,,pl15
mofebutazonum,mofebutazone,,,,pl15
moxastinum,moxastin,,,,pl15
myrtecainum,myrtecaine,,,,pl15
namoxyratum,namoxyrate,,,,pl15
natamycinum,natamycin,,,,pl15
neutramycinum,neutramycin,,,,pl15
nicametatum,nicametate,,,,pl15
niceverinum,niceverine,,,,pl15
nicodicodinum,nicodicodine,,,,pl15
nifenazonum,nifenazone,,,,pl15
nitrodanum,nitrodan,,,,pl15
nitroxolinum,nitroxoline,,,,pl15
norboletonum,norboletone,,,,pl15
octamoxinum,octamoxin,,,,pl15
opipramolum,opipramol,,,,pl15
osalmidum,osalmid,,,,pl15
oxacillinum,oxacillin,,,,pl15
oxamarinum,oxamarin,,,,pl15
oxysonii iodidum,oxysonium iodide,,,,pl15
pecocyclinum,pecocycline,,,,pl15
peliomycinum,peliomycin,,,,pl15
pengitoxinum,pengitoxin,,,,pl15
perastinum,perastin,,,,pl15
quillifolinum,quillifoline,,,,pl15
quindecaminum,quindecamine,,,,pl15
quinestradolum,quinestradol,,,,pl15
quingestanolum,quingestanol,,,,pl15
relomycinum,relomycin,,,,pl15
rifamidum,rifamide,,,,pl15
rolodinum,rolodine,,,,pl15
salverinum,salverine,,,,pl15
sancyclinum,sancycline,,,,pl15
simaldratum,simaldrate,,sorbitani sesquíoleas,,pl15
spirilenum,spirilene,,,,pl15
sulclamidum,sulclamide,,,,pl15
sulfanitranum,sulfanitran,,,,pl15
sulfomyxinum,sulfomyxin,,,,pl15
symclosenum,symclosene,,,,pl15
tenylidonum,tenylidone,,,,pl15
testolactonum,testolactone,,,,pl15
tiametonil iodidum,tiametonium iodide,,,,pl15
tiamiprinum,tiamiprine,,,,pl15
tipepidinum,tipepidine,,,,pl15
tofenacinum,tofenacin,,,,pl15
tramazolinum,tramazoline,,,,pl15
triampyzinum,triampyzine,,,,pl15
trimetozinum,trimetozine,,,,pl15
troclosenum kalicum,potassium troclosene,,,,pl15
tyromedanum,tyromedan,,,,pl15
visnadinum,visnadine,,,,pl15
xenytropii bromidum,xenytropium bromide,,,,pl15
xylocoumarolum,xylocoumarol,,,,pl15
xyloxeminum,xyloxemine,-caïne,,,pl15
acidum hydroxytoluinicum,hydroxytoluinic acid,,,,pl16
acidum hydroxytoluinicum,hydroxytoluinic acid,,,,pl16
acidum nafcaproicum,nafcaproic acid,,,,pl16
acidum sulfaloxicum,sulfaloxic acid,,,,pl16
acidum tranexamicum,tranexamic acid,,,,pl16
alloclamidum,alloclamide,,,,pl16
alverinum,alverine,,,,pl16
amfepentorexum,nfepentorex,,,,pl16
amicarbalidum,amicarbalide,,,,pl16
amiodaronum,amiodarone,,,,pl16
amprolium,amproli,,,,pl16
amprolium,amproli,,,,pl16
anagestonum,anagestone,,,,pl16
azabonum,azabon,,,,pl16
azacosterolum,azacosterol,,,,pl16
azintamidum,azintamide,,,,pl16
barbexaclonum,barbexaclone,,,,pl16
bencyclanum,bencyclane,,,,pl16
biclotymolum,biclotymol,,,,pl16
bolmantalatum,bolmantalate,,,,pl16
buclosamidum,buclosamide,,,,pl16
bunamidinum,bunamidine,,,,pl16
buquinolatum,buquinolate,,,,pl16
butanilicainum,butanilicaine,,,,pl16
butaxaminum,butaxamine,,,,pl16
butidrinum,butidrine,,,,pl16
butriptylinum,butriptyline,,,,pl16
carbazocinum,carbazocine,,,,pl16
carpipraminum,carpipramine,,,,pl16
cefaloglycinum,cefaloglycin,,,,pl16
clamoxyquinum,clamoxyquine,,,,pl16
clioquinolum,clioquinol,,,,pl16
clocortolonum,clocortolone,,,,pl16
cloforexum,cloforex,,,,pl16
clomocyclinum,clomocycline,,,,pl16
cloracetadolum,cloracetadol,,,,pl16
clotiapinum,clotiapine,,,,pl16
colestyraminum,colestyramine,,,,pl16
coumafosum,coumafos,,,,pl16
crufomatum,crufomate,,,,pl16
cyacetacidum,cyacetacide,,,,pl16
cyprazepamum,cyprazepam,,,,pl16
cyprolidolum,cyprolidol,,,,pl16
cyproteronum,cyproterone,,,,pl16
dextrofeminum,dextrofemine,,,,pl16
difebarbamatum,difebarbamate,,,,pl16
difluanazinum,difluanazine,,,,pl16
dihydroergotaminum,dihydroergotamine,,,,pl16
dimethyli sulfoxidum,dimethyl sulfoxide,,,,pl16
diminazenum,diminazene,,,,pl16
dimpylatum,dimpylate,,,,pl16
dioxationum,dioxation,,,,pl16
diaxybenzonum,dioxybenzone,,,,pl16
distigmini bromidum,distigmine bromide,,,,pl16
dodeclonii bromidum,dodeclonium bromide,,,,pl16
doxycyclinum,doxycycline,,,,pl16
embutramidum,embutramide,,,,pl16
epinephrinum,epinephrine,,,,pl16
estrazinolum,estrazinol,,,,pl16
etymidum,etymide,,,,pl16
fenamifurilum,fenamifuril,,,,pl16
fenamolum,fenamole,,,,pl16
fenimidum,fenimide,,,,pl16
fenpentadiolum,fenpentadiol,,,,pl16
flopropionum,flopropione,,,,pl16
floxuridinum,floxuridine,,,,pl16
flubanilatum,flubanilate,,,,pl16
flugestonum,flugestone,,,,pl16
fluindarolum,fluindarol,,,,pl16
flumedroxonum,flumedroxone,,,,pl16
flusalanum,flusalan,,,,pl16
folescutolum,folescutol,,,,pl16
furazabolum,furazabol,,,,pl16
furfenorexum,furfenorex,,,,pl16
guaiactaminum,guaiactamine,,,,pl16
guaiapatum,guaiapate,,,,pl16
guaifyllinum,guaifylline,,,,pl16
guanaclinum,guanacline,,,,pl16
guanoctinum,guanoctine,,,,pl16
guanoxyfenum,guanoxyfen,,,,pl16
halocarbanum,halocarban,,,,pl16
haloxonum,haloxon,,,,pl16
heptaverinum,heptaverine,,,,pl16
hydroxycarbamidum,hydroxycarbamide,,,,pl16
ibuprofenum,ibuprofen,,,,pl16
imidolinum,imidoline,,,,pl16
imolaminum,imolamine,,,,pl16
ketaminum,ketamine,,,,pl16
lactulosum,lactulose,,,,pl16
mebezonii iodidum,mebezonium iodide,,,,pl16
medibazinum,medibazine,,,,pl16
medrysonum,medrysane,,,,pl16
mefrusidum,mefruside,,,,pl16
mesoridazinum,mesoridazine,,,,pl16
metabromsalanum,metabromsalan,,,,pl16
metalliburum,metallibure,,,,pl16
metazamidum,metazamide,,,,pl16
meticranum,meticrane,,,,pl16
metindizatum,metindizate,,,,pl16
metofenazatum,metofenazate,,,,pl16
metrifonatum,metrifonate,,,,pl16
metylperonum,metyiperone,,,,pl16
metyridinum,metyridine,,,,pl16
mithramycinum,mithramycin,,,,pl16
nafiverinum,nafiverine,,,,pl16
nafoxidinum,nafoxidine,,,,pl16
naftalofosum,naftalofos,,,,pl16
naftazonum,naftazone,,,,pl16
naftypramidum,naftypramide,,,,pl16
nifuradenum,nifuradene,,,,pl16
nifurdazilum,nifurdazil,,,,pl16
nifurmeronum,nifurmerone,,,,pl16
nifurprazinum,nifurprazine,,,,pl16
nifursemizonum,nifursemizone,,,,pl16
nitrazepamum,nitrazepam,,,,pl16
nogalamycinum,nogalamycin,,,,pl16
norfenefrinum,norfenefrine,,,,pl16
obidoximi chloridum,obidoxime chloride,,,,pl16
octafonii chloridum,octafonium chloride,,,,pl16
oxybenzonum,axybenzone,,,,pl16
oxyclozanidum,oxyclozanide,,,,pl16
oxyfedrinum,oxyfedrine,,,,pl16
paraflutizidum,paraflutizide,,,,pl16
pecilocinum,pecilocin,,,,pl16
penamecillinum,penamecillin,,,,pl16
penimepicyclinum,penimepicycline,,,,pl16
pentorexum,pentorex,,,,pl16
pifenatum,pifenate,,,,pl16
pipobromanum,pipobroman,,,,pl16
prednazatum,prednazate,,,,pl16
procarbazinum,procarbazine,,,,pl16
proglumidum,proglumide,,,,pl16
prolintanum,prolintane,,,,pl16
propipocainum,propipocaine,,,,pl16
propiramum,propiram,,,,pl16
propyperonum,propyperone,,,,pl16
protionamidum,protionamide,,,,pl16
pyridaronum,pyridarone,,,,pl16
pyrimitatum,pyrimitate,,,,pl16
pyritidii bromidum,pyritidium bromide,,,,pl16
pyrrolifenum,pyrrolifene,,,,pl16
quinetalatum,quinetalate,,,,pl16
racefeminum,racefemine,,,,pl16
racemelfalanum,racemelfalan,,,,pl16
sulformetoxinum,sulformetoxine,,,,pl16
sulisobenzonum,sulisobenzone,,,,pl16
terodilinum,terodiline,,,,pl16
tetramisolum,tetramisole,,,,pl16
tiamizidum,tiamizide,,,,pl16
tioguaninum,tioguanine,,,,pl16
tiotixenum,tiotixene,,,,pl16
tioxolonum,tioxolone,,,,pl16
tolycainum,tolycaine,,,,pl16
triclacetamolum,triclacetamol,,,,pl16
triclocarbanum,triclocarban,,,,pl16
triclodazolum,triclodazol,,,,pl16
trifluperidolum,trifluperidol,,,,pl16
trioxysalenum,trioxysalen,,,,pl16
tylosinum,tylosin,,,,pl16
urokinasum,urokinase,,,,pl16
verapamilum,verapamil,,,,pl16
vinglycinatum,vinglycinate,,,,pl16
vintiamolum,vintiamol,,,,pl16
digitoxinum,digitoxin,,,,pl16
acefurtiaminum,acefurtiamine,,,,pl17
acetorphinum,acetorphine,,,,pl17
acevaltratum,acevaltrate,,,,pl17
acevaltratum,acevaltrate,,,,pl17
acidum clamidoxicum,clamidoxic acid,,,,pl17
acidum meclofenamicum,meclofenamic acid,,,,pl17
acidum niflumicum,niflumic acid,,,,pl17
acidum nixylicum,nixylic acid,,,,pl17
acidum nixylicum,nixylic acid,,,,pl17
alcuronii chloridum,alcuronium chloride,,,,pl17
amantocillinum,amantocillin,,,,pl17
amicibonum,amicibone,,,,pl17
amiquinsinum,amiquinsin,,,,pl17
antramycinum,antramycin,,,,pl17
antridonii chloridum,antridonium chloride,,,,pl17
apicyclinum,apicycline,,,,pl17
beclotiaminum,beclotiamine,,,,pl17
broquinaldolum,broquinaldol,,,,pl17
bucolomum,bucolome,,,,pl17
buforminum,buformin.,,,,pl17
bupivacainum,bupivacaine,,,,pl17
butetamatum,butetamate,,,,pl17
candicidinum,candicidin,,,,pl17
carbocloralum,carbocloral,,,,pl17
cetotiaminum,cetotiamine,,,,pl17
cidoxepinum,cidoxepin,,,,pl17
cimemoxinum,cimemoxin,,,,pl17
cinanserinum,cinanserin,,,,pl17
cinnopentazonum,cinnopentazone,,,,pl17
cinnopropazonum,cinnopropazone,,,,pl17
citicolinum,citicoline,,,,pl17
clinolamidum,clinolamide,,,,pl17
clofaziminum,clofazimine,,,,pl17
clofenciclanum,clofenciclan,,,,pl17
clofezonum,clofezone,,,,pl17
clomipraminum,clomipramine,,,,pl17
cloperidonum,cloperidone,,,,pl17
cloquinozinum,cloquinozine,,,,pl17
clormecainum,clormecaine,,,,pl17
cyclazodonum,cyclazodone,,,,pl17
cyclofenilum,cyclofenil,,,,pl17
cycotiaminum,cycotiamine,,,,pl17
cyheptamidum,cyheptamide,,,,pl17
cyprenorphinum,cyprenorphine,,,,pl17
cyprodenatum,cyprodenate,,,,pl17
dantrolenum,dantrolene,,,,pl17
demelverinum,demelverine,,,,pl17
descinolonum,descinolone,,,,pl17
dextriferronum,dextriferron,,,,pl17
dibupyronum,dibupyrone,,,,pl17
dicarfenum,dicarfen,,,,pl17
didrovaltratum,didrovaltrate,,,,pl17
difemerinum,difemerine,,,,pl17
dimetotiazinum,dimetotiazine,,,,pl17
dimetridazolum,dimetridazole,,,,pl17
dinsedum,dinsed,,,,pl17
drotaverinum,drotaverine,,,,pl17
etabenzaronum,etabenzarone,,,,pl17
etaqualonum,etaqualone,,,,pl17
ethyneronum,ethynerone,,,,pl17
etorphinum,etorphine,,,,pl17
fenpipramidum,fenpipramide,,,,pl17
fenpipranum,fenpiprane,,,,pl17
fenproporexum,fenproporex,,,,pl17
flavaminum,flavamine,,,,pl17
flucloxacillinum,flucloxacillin,,,,pl17
flumetramidum,flumetramide,,,,pl17
ftalofynum,ftalofyne,,,,pl17
furaltadonum,furaltadone,,,,pl17
fursultiaminum,fursultiamine,,,,pl17
gamfexinum,gamfexine,,,,pl17
glyclopyramidum,glyclopyramide,,,,pl17
haloproginum,haloprogin,,,,pl17
hamycinum,hamycin,,,,pl17
hexacypronum,hexacyprone,,,,pl17
hycanthonum,hycanthone,,,,pl17
idoxuridinum,idoxuridine,,,,pl17
indoxolum,indoxole,,,,pl17
ketimipraminum,ketimipramine,,,,pl17
leptaclinum,leptacline,,,,pl17
leucinocainum,leucinocaine,,,,pl17
levofuraltadonum,levofuraltadone,,,,pl17
meclastinum,meclastine,,,,pl17
metribolonum,metribolone,,,,pl17
mikamycinum,mikamycin,,,,pl17
mitogillinum,mitogillin,,,,pl17
mitopodozidum,mitopodozide,,,,pl17
mitotenaminum,mitotenamine,,,,pl17
myfadolum,myfadol,,,,pl17
nifuraldezonum,nifuraldezone,,,,pl17
nifuratelum,nifuratel,,,,pl17
nifurvidinum,nifurvidine,,,,pl17
niridazolum,niridazole,,,,pl17
nitarsonum,nitarsone,,,,pl17
nonoxynolum,nonoxynol,,,,pl17
norbudrinum,norbudrine,,,,pl17
norgestrelum,norgestrel,,,,pl17
orestratum,orestrate,,,,pl17
oxaflumazinum,oxaflumazine,,,,pl17
oxyridazinum,oxyridazine,,,,pl17
pipamperonum,pipamperone,,,,pl17
poloxalenum,poloxalene,,,,pl17
primaperonum,primaperone,,,,pl17
proclonolum,proclonol,,,,pl17
proquinolatum,proquinolate,,,,pl17
proscillaridinum,proscillaridin,,,,pl17
pyrantelum,pyrantel,,,,pl17
pyrrolnitrinum,pyrrolnitrin,,,,pl17
quinaldinum coeruleum,quinaldine blue,,,,pl17
quinazosinum,quinazosin,,,,pl17
quinprenalinum,quinprenaline,,,,pl17
quipazinum,quipazine,,,,pl17
rifampicinum,rifampicin,,,,pl17
rimantadinum,rimantadine,,,,pl17
roletamidum,roletamide,,,,pl17
roxarsonum,roxarsone,,,,pl17
roxoperonum,roxoperone,,,,pl17
simetridum,simetride,,,,pl17
spiperonum,spiperone,,,,pl17
stenbolonum,stenbolone,,,,pl17
sulfabenzum,sulfabenz,,,,pl17
sulfaclomidum,sulfaclomide,,,,pl17
talbutalum,talbutal,,,,pl17
teroxalenum,teroxalene,,,,pl17
tetrazepamum,tetrazepam,,,,pl17
tetroquinonum,tetroquinone,,,,pl17
tiazesimum,tiazesim,,,,pl17
toqulzinum,toquizine,,,,pl17
trimoxaminum,trimoxamine,,,,pl17
troxerutinum,troxerutin,,,,pl17
valtratum,valtrate,,,,pl17
zinci pyrithionum,zinc pyrithione,,,,pl17
raccmelfalanum,raccmelfalan,,,,pl17
sarcolysinum,sarcolysin,,,,pl17
acetergaminum,acetergamine,,,,pl18
acidum acexamicum,acexamic acid,,,,pl18
etonamum,etonam,,,,pl18
fantridonum,fantridone,,,,pl18
picodralazinum,picodralazine,,,,pl18
silandronum,silandrone,,,,pl18
sultroponium sultroponium,sutilaina sutilains,,,,pl18
talastinum,talastine,,,,pl18
tiosalanum,tiosalan,,,,pl18
zolaminum,methylphenylmethylene,,,,pl18
nonoxynolum,nonoxinolum 9,céf-,-vérine,,pl18
acidum fepentolicum,fepentolic acid,,,,pl19
alprenololum,alprenolol,,,,pl19
ambusidum,ambuside,,,,pl19
atolidum,atolide,,,,pl19
azaribinum,azaribine,,,,pl19
bepiastinum,bepiastine,,,,pl19
bolenolum,bolenol,,,,pl19
decloxizinum,decloxizine,,,,pl19
menoctonum,menoctone,,,,pl19
mequidoxum,mequidox,,,,pl19
nebramycinum,nebramycin,,,,pl19
nitroxinilum,nitroxinil,,,,pl19
octodrinum,octodrine,,,,pl19
parbendazolum,parbendazole,,,,pl19
prazitonum,prazitone,,,,pl19
propizepinum,propizepine,,,,pl19
sulbentinum,sulbentine,,,,pl19
taloximinum,taloximine,,,,pl19
tilidinum,tilidine,céf-,-vérine,,pl19
acidum canrenoicum,canrenoic acid,,,,pl20
acidum cicrotoicum,cicrotoic acid,,,,pl20
acidum clofibricum,clofibric acid,,,,pl20
acidum metiazinicum,metiazinic acid,,,,pl20
benmoxinum,benmoxin,,,,pl20
boldenonum,boldenone,,,,pl20
bromhexinum,bromhexine,,,,pl20
bufexamacum,bufexamac,,,,pl20
cingestolum,cingestol,,,,pl20
cloprothiazolum,cloprothiazole,,,,pl20
clotioxonum,clotioxone,,,,pl20
creatinolfosfatum,creatinolfosfate,,,,pl20
danazolum,danazol,,,,pl20
dexivacainum,dexivacaine,,,,pl20
etolorexum,etolorex,,,,pl20
filipinum,filipin,,,,pl20
flualamidum,flualamide,,,,pl20
geroquinolum,geroquinol,,,,pl20
medazepamum,medazepam,,,,pl20
metampicillinum,metampicillin,,,,pl20
metoserpatum,metoserpate',,,,pl20
mianserinum,mianserin,,,,pl20
mitoguazonum,mitoguazone,,,,pl20
moquizonum,moquizone,,,,pl20
niclofolanum,niclofolan,,,,pl20
nifurfolinum,nifurfoline,,,,pl20
nifurpiponum,nifurpipone,,,,pl20
nifursolum,nifursol,,,,pl20
nimazonum,nimazone,,,,pl20
norfluranum,norflurane,,,,pl20
nortetrazepamum,nortetrazepam,,,,pl20
noxiptilinum,noxiptiline,,,,pl20
orpressinum,orpressin,,,,pl20
oxifentorexum,oxifentorex,,,,pl20
prifinii bromidum,prifinium bromide,,,,pl20
profadolum,profadol,,,,pl20
tetridaminum,tetridamine,,,,pl20
sulfadoxinum,sulformetoxine,,,,pl20
crinum,gli-,-vérine,,,pl20
acidum ellagicum,ellagic acid,,,,pl21
acidum yohimbicum,yohimbic acid,,,,pl21
aptocainum,aptocaine,,,,pl21
aranotinum,aranotin,,,,pl21
azaserinum,azaserine,,,,pl21
bolazinum,bolazine,,,,pl21
carbomerum,carbomer,,,,pl21
dacuronii bromidum,dacuronium bromide,,,,pl21
diflumidonum,diflumidone,,,,pl21
difluprednatum,difluprednate,,,,pl21
diprenorphinum,diprenorphine,,,,pl21
ditazolum,ditazole,,,,pl21
flunidazolum,flunidazole,,,,pl21
fospiratum,fospirate,,,,pl21
levamisolum,levamisole,,,,pl21
levodopum,levodopa,,,,pl21
nisobamatum,nisobamate,,,,pl21
plmefyllinum,pimefylline,,,,pl21
piquizilum,piquizil,,,,pl21
promolatum,promolate,,,,pl21
spirgetinum,spirgetine,,,,pl21
triflumidatum,triflumidate,-vérlne,,,pl21
acedapsonum,acedapsone,,,,pl22
acroninum,acronine,,,,pl22
bendazacum,bendazac,,,,pl22
bucrilatum,bucrilate,,,,pl22
bunololum,bunolol,,,,pl22
chromocarbum,chromocarb,,,,pl22
ciclacillinum,ciclacillin,,,,pl22
cinoxatum,cinoxate,,,,pl22
clonixerilum,clonixeril,,,,pl22
clonixinum,clonixin,,,,pl22
clozapinum,clozapine,,,,pl22
cofisatinum,cofisatin,,,,pl22
dexbenzetimidum,dexbenzetimide,,,,pl22
ecinaminum,ecinamine,,,,pl22
enestebolum,enestebol,,,,pl22
epimestrolum,epimestrol,,,,pl22
eprozinolum,eprozinol,,,,pl22
euprocinum,euprocin,,,,pl22
flucloroloni acetonidum,fluclorolone acetonide,,,,pl22
flucytosinum,flucytosine,,,,pl22
flufenisalum,flufenisa!,,,,pl22
flunarizinum,flunarizine,,,,pl22
flutiazinum,flutiazin,,,,pl22
ftormetazinum,ftormetazine,,,,pl22
ftorpropazinum,ftorpropazine,,,,pl22
kallidinogenasum,kallidinogenase,,,,pl22
ketoxalum,ketoxal,,,,pl22
mecrilatum,mecrilate,,,,pl22
meglucyclinum,meglucycline,,,,pl22
memotinum,memotine,,,,pl22
menitrazepamum,menitrazepam,,,,pl22
mepiroxolum,mepiroxol,,,,pl22
metacetamolum,metacetamol,,,,pl22
metiapinum,metiapine,,,,pl22
nequinatum,nequinate,,,,pl22
nifurizonum,nifurizone,,,,pl22
ocrilatum,ocrilate,,,,pl22
oxibetainum,oxibetaine,,,,pl22
pizotifenum,pizotifen,,,,pl22
politefum,politef,,,,pl22
rizolipasum,rizolipase,,,,pl22
propoxyphenum,propoxyphene,céf-,-vérine,,pl22
acidum arsanilicum,arsanilic acid,,,,pl23
acidum difenoxilicum,difenoxilic acid,,,,pl23
carbarilum,carbaril,,,,pl23
cellaburatum,cellaburate,,,,pl23
cicliomenolum,cicliomenol,,,,pl23
citiolonum,citiolone,,,,pl23
clofenvinfosum,clofenvinfos,,,,pl23
detanosalum,detanosal,,,,pl23
dimesonum,dimesone,,,,pl23
dinitolmidum,dinitolmide,,,,pl23
famotinum,famotine,,,,pl23
fenocinolum,fenocinol,,,,pl23
fenticlorum,fenticlor,,,,pl23
glidanilum,glidanile,,,,pl23
ifosfamidum,ifosfamide,,,,pl23
intrazolum,intrazole,,,,pl23
josamycinum,josamycin,,,,pl23
lorazepamum,lorazepam,,,,pl23
mazindolum,mazindol,,,,pl23
medigoxinum,medigoxin,,,,pl23
nafominum,nafomine,,,,pl23
oxisuranum,oxisuran,,,,pl23
perlapinum,perlapine,,,,pl23
pindololum,pindolol,,,,pl23
pipoxolanum,pipoxolan,,,,pl23
piribedilum,piribedil,,,,pl23
resorantelum,resorantel,,,,pl23
ticlatonum,ticlatone,,,,pl23
tiletaminum,tiletamine,,,,pl23
tiprenololum,tiprenolol,,,,pl23
toldimfosum,toldimfos,,,,pl23
tolmetinum,tolmetin,,,,pl23
trazodonum,trazodone,,,,pl23
vidarabinum,vidarabine,,,,pl23
warfarinum,warfarin,,,,pl23
domiphent bromidum,domiphen bromide,-vérine,,,pl23
almestronum,almestrone,,,,pl24
bitipazonum,"bitipazone """,,,,pl24
carperonum,carperone,,,,pl24
clanobutinum,clanobutin,,,,pl24
clenpirinum,clenpirin,,,,pl24
clotrimazolum,clotrimazole,,,,pl24
codactidum,codactide,,,,pl24
delfantrinum,delfantrine,,,,pl24
etasulinum,etasuline,,,,pl24
fendlilinum,fendlilin,,,,pl24
flamenolum,flamenol,,,,pl24
floctafeninum,floctafenine,,,,pl24
glisoxepidum,glisoxepide,,,,pl24
imidocarbum,imidocarb,,,,pl24
lopraminum,lopramine,,,,pl24
nomifensinum,nomifensine,,,,pl24
orazamidum,orazamide,,,,pl24
panidazolum,panidazole,,,,pl24
pendecamainum,pendecamaine,,,,pl24
fefazolinum,tefazoline,,,,pl24
troleandomycinum,troleandomycin,-vérine,,,pl24
acidum bromebricum,bromebric acid,,,,pl25
acidum capobenicum,capobenic acid,,,,pl25
alletorphinum,alletorphine,,,,pl25
amadinonum,amadinone,,,,pl25
amoxapinum,aspartamum aspartame,,,,pl25
benfluorexum,benfluorex,,,,pl25
benzoclidinum,benzoclidine,,,,pl25
bumecainum,bumecaine,,,,pl25
butirosinum,butirosin,,,,pl25
cefacetrilum,cefacetrile,,,,pl25
cloxifenolum,cloxifenol,,,,pl25
dicolinii iodidum,dicolinium iodide,,,,pl25
doxorubicinum,doxorubicin,,,,pl25
enfluranum,enflurane,,,,pl25
flutizenolum,flutizenol,,,,pl25
heliomycinum,heliomycin,,,,pl25
homprenorphinum,homprenorphine,,,,pl25
indoraminum,indoramin,,,,pl25
letimidum,letimide,,,,pl25
metazidum,metazide,,,,pl25
metochalconum,metochalcone,,,,pl25
minoxidilum,minoxidil,,,,pl25
mitocarcinum,mitocarcin,,,,pl25
mixidinum,mixidine,,,,pl25
moracizinum,moracizine,,,,pl25
naproxenum,naproxen,,,,pl25
naproxolum,naproxol,,,,pl25
nefopamum,nefopam,,,,pl25
oxaflozanum,oxaflozane,,,,pl25
oxazolamum,oxazolam,,,,pl25
oxazoronum,oxazorone,,,,pl25
padimatum,padimate,,,,pl25
pemeridum,pemerid,,,,pl25
picolaminum,picolamine,,,,pl25
pipebuzonum,pipebuzone,,,,pl25
pipotiazinum,pipotiazine,,,,pl25
pitofenonum,pitofenone,,,,pl25
quintiofosum,quintiofos,,,,pl25
serazidum,serazide,,,,pl25
sisomicinum,sisomicin,,,,pl25
spiclomazinum,spiclomazine,,,,pl25
suncillinum,suncillin,,,,pl25
tofisolinum,tofisoline,,,,pl25
treloxinatum,treloxinate,,,,pl25
trepirii iodidum,trepirium iodide,,,,pl25
trestolonum,trestolone,,,,pl25
tretinoinum,tretinoin,,,,pl25
trospii chloridum,trospium chloride,,,,pl25
viminolum,viminol,,,,pl25
demethylchlortetracyclinum,demethylchlortetracyclin,,,,pl25
demeclocyclinum,demeclocycline,-vérine,,,pl25
acidum iodoxamicum,iodoxamic acid,,,,pl26
amiterolum,amiterol,,,,pl26
azalomycinum,azalomycin,,,,pl26
benaprizinum,benaprizine,,,,pl26
benproperinum,benproperine,,,,pl26
cefradinum,cefradine,,,,pl26
chymopapainum,chymopapain,,,,pl26
ciclopiroxum,ciclopirox,,,,pl26
clobetasolum,clobetasol,,,,pl26
clobetasonum,clobetasone,,,,pl26
cotriptylinum,cotriptyline,,,,pl26
coumazolinum,coumazoline,,,,pl26
dinoprostum,dinoprost,,,,pl26
doxibetasolum,doxibetasol,,,,pl26
drofeninum,drofenine,,,,pl26
etocarlidum,etocarlide,,,,pl26
fenoterolum,fenoterol,,,,pl26
gitoformatum,gitoformate,,,,pl26
glucosaminum,glucosamine,,,,pl26
guanabenzum,guanabenz,,,,pl26
mecobalaminum,mecobalamin,,,,pl26
metrizamidum,metrizamide,,,,pl26
mitolactolum,mitolactol,,,,pl26
mitomycinum,mitomycin,,,,pl26
molsidominum,molsidomine,,,,pl26
morforexum,morforex,,,,pl26
osmadizonum,osmadizone,,,,pl26
oxapii iodidum,oxapium iodide,,,,pl26
picoperinum,picoperine,,,,pl26
polidocanolum,poloxamerum 331,,,,pl26
quindoxinum,quindoxin,,,,pl26
rimiterolum,rimiterol,,,,pl26
risocainum,risocaine,,,,pl26
ruvazonum,ruvazone,,,,pl26
sulbenicillinum,sulbenicillin,,,,pl26
sultopridum,sultopride,,,,pl26
talopramum,talopram,,,,pl26
talsupramum,talsupram,,,,pl26
thyroglobulinum,thyroglobulin,,,,pl26
tiaramidum,tiaramide,,,,pl26
tobramycinum,tobramycin,,,,pl26
todralazinum,todralazine,,,,pl26
tofisopamum,tofisopam,,,,pl26
trazitilinum,trazitiline,,,,pl26
treosulfanum,treosulfan,,,,pl26
zepastinnum,zepastine,,,,pl26
serazidum,serazid,,,,pl26
benserazidum,benserazide,-vérine,,,pl26
acidum fenofibricum,fenofibric acid,,,,pl27
alfadolonum,alfadolone,,,,pl27
alonimidum,alonimid,,,,pl27
amixetrinum,amixetrine,,,,pl27
amoxicillinum,amoxicilline,,,,pl27
bidimazii iodidum,bidimazium iodide,,,,pl27
bromopridum,bromopride,,,,pl27
citenazonum,citenazone,,,,pl27
cloguanamilum,cloguanamil,,,,pl27
clometacinum,clometacin,,,,pl27
dacarbazinum,dacarbazine,,,,pl27
damotepinum,damotepine,,,,pl27
difetarsonum,difetarsone,,,,pl27
dropranololum,dropranolol,,,,pl27
elantrinum,elantrine,,,,pl27
lomustinum,lomustine,,,,pl27
metitepinum,metitepine,,,,pl27
nifedipinum,nifedipine,,,,pl27
partricinum,partricin,,,,pl27
piriqualonum,piriqualone,,,,pl27
rodocainum,rodocaine,,,,pl27
semustinum,semustine,,,,pl27
taurultamum,taurultam,,,,pl27
urapidilum,urapidil,,,,pl27
zipeprolum,zipeprol,,,,pl27
cefradinum,cefradine,,,,pl27
gitoformatum,gitoformate,,,,pl27
phebutazinum,phebutazin,,,,pl27
febuverinum,febuverine,-vérine,,,pl27
acebutololum,acebutolol,,,,pl28
acidum cicloxilicum,cicloxilic acid,,,,pl28
acidum iopronicum,iopronic acid,,,,pl28
acidum iotranicum,iotranic acid,,,,pl28
acidum valproicum,valproic acid,,,,pl28
amidapsonum,amidapsone,,,,pl28
amifloverinum,amifloverine,,,,pl28
bunitrololum,bunitrolol,,,,pl28
clofibridum,clofibride,,,,pl28
cynarinum,cynarine,,,,pl28
diamfenetidum,diamfenetide,,,,pl28
dichlorvosum,dichlorvos,,,,pl28
diclofenacum,diclofenac,,,,pl28
difamizolum,difamizole,,,,pl28
eledoisinum,eledaisin,,,,pl28
fenaperonum,fenaperone,,,,pl28
flaverinum,floverine,,,,pl28
flupranonum,flupranone,,,,pl28
ipratropii bromidum,ipratropium bromide,,,,pl28
isofluranum,isoflurane,,,,pl28
ketoprorenum,ketoprofen,,,,pl28
lobendazolum,lobendazole,,,,pl28
lometralinum,lometraline,,,,pl28
menatetrenonum,menatetrenone,,,,pl28
mexiletinum,mexiletine,,,,pl28
ocrasum,ocrase,,,,pl28
olmidinum,olmidine,,,,pl28
pepstatinum,pepstatin,,,,pl28
salsalatum,salsalate,,,,pl28
taclaminum,taclamine,,,,pl28
tisoquonum,tisoquone,,,,pl28
tolindatum,tolindate,,,,pl28
toliprololum,toliprolol,,,,pl28
tolonidinum,tolonidine,,,,pl28
tropatepinum,tropatepine,,,,pl28
vincofosum,vincofos,,,,pl28
hydroxymycinum,hydroxymycin,,,,pl28
paramomycinum,paromomycin,céf-,-térol,,pl28
acidum aceburicum,aceburic acid,,,,pl29
acidum furacrinicum,furacrinic acid,,,,pl29
brosotamidum,brosotamide,,,,pl29
bunaftinum,bunaftine,,,,pl29
buprenorphinum,buprenorphine,,,,pl29
butixiratum,butixirate,,,,pl29
caroxazonum,caroxazone,,,,pl29
ceruletidum,ceruletide,,,,pl29
ciclopraminum,ciclopramine,,,,pl29
clocanfamidum,clocanfamide,,,,pl29
cloridarolum,cloridarol,,,,pl29
cormetasonum,cormetasone,,,,pl29
dazadrolum,dazadrol,,,,pl29
dipyrithionum,dipyrithione,,,,pl29
elucainum,elucaine,,,,pl29
endrisonum,endrisone,,,,pl29
etidocainum,etidocaine,,,,pl29
etofenamatum,etofenamate,,,,pl29
fenalcominum,fenalcomine,,,,pl29
fenbendazolum,fenbendazole,,,,pl29
fenipentolum,fenipentol,,,,pl29
fenisorexum,fenisorex,,,,pl29
fluazacortum,fluazacort,,,,pl29
gemazocinum,gemazocine,,,,pl29
glutaralum,taral,,,,pl29
halazepamum,halazepam,,,,pl29
hetaflurum,hetaflur,,,,pl29
mebiquinum,biquine,,,,pl29
mesabolonum,mesabolone,,,,pl29
metergotaminum,metergotamine,,,,pl29
nicoclonatum,nicoclonate,,,,pl29
niprofazonum,niprofazone,,,,pl29
olaflurum,olaflur,,,,pl29
oxisopredum,oxisopred,,,,pl29
averolinum,papaveroline,,,,pl29
penflutizidum,penflutizide,,,,pl29
pentifyllinum,pentifylline,,,,pl29
prodipinum,prodipine,,,,pl29
propafenonum,propafenone,,,,pl29
propetamidum,propetamide,,,,pl29
umicinum,rosamicin,,,,pl29
salantelum,salantel,,,,pl29
salfluverinum,salfluverine,,,,pl29
giractidum,giractide,céf-,-térol,,pl29
acetiromatum,acetiromate,,,,pl30
udum azolinicum,azolinic acid,,,,pl30
azaftozinum,azaftozine,,,,pl30
carfecillinum,carfecillin,,,,pl30
cinoctramidum,cinoctramide,,,,pl30
rinpropazidum,ropazide,,,,pl30
clopiracum,clopirac,,,,pl30
clotiazepamum,clotiazepam,,,,pl30
cloxiquinum,cloxiquine,,,,pl30
xtilidinum,xtilidin,,,,pl30
diflorasonum,diflorasone,,,,pl30
diftalonum,diftalone,,,,pl30
diltiazemum,diltiazem,,,,pl30
dimemorfanum,dimemorfan,,,,pl30
enprazepinum,enprazepine,,,,pl30
etomidolinum,etomidoline,,,,pl30
fenbufenum,fenbufen,,,,pl30
cibutirolum,cibutirol,,,,pl30
fenclofenacum,fenclofenac,,,,pl30
fenetradilum,fenetradil,,,,pl30
flucetorexum,flucetorex,,,,pl30
furobufenum,furabufen,,,,pl30
hexaprofenum,hexaprofen,,,,pl30
indanorexum,indanorex,,,,pl30
indocatum,indocate,,,,pl30
isoconazolum,isoconazole,,,,pl30
isoxicamum,isoxicam,,,,pl30
lefetaminum,lefetamine,,,,pl30
ecinaronum,mecinarone,,,,pl30
metiamidum,metiamide,,,,pl30
midecamycinum,midecamycin,,,,pl30
oxaprozinum,oxaprozin,,,,pl30
oxibendazolum,oxibendazole,,,,pl30
oxiperomidum,oxiperomide,,,,pl30
reproterolum,reproterol,,,,pl30
romifenonum,nifenone,,,,pl30
saralasinum,saralasin,,,,pl30
secnidazolum,secnidazole,,,,pl30
suloxifenum,suloxifen,,,,pl30
tiazurilum,tiazuril,,,,pl30
tibenzatum,tibenzate,,,,pl30
triclonidum,triclonide,,,,pl30
trixolanum,trixolane,,,,pl30
uldazepamum,uldazepam,,,,pl30
xazinum,xazine,,,,pl30
amfebutamonum,amfebutamone,,,,pl31
brofezilum,brofezil,,,,pl31
nitracenum,itracen,,,,pl31
diclonixinum,dicloralurea,,,,pl31
dopamantinum,dopamantine,,,,pl31
doxenitoinum,doxenitoin,,,,pl31
enviomycinum,enviomycin,,,,pl31
epitiostanolum,enitiostanol,,,,pl31
estazolamum,estazoiam,,,,pl31
etofibratum,etofibrate,,,,pl31
fenacetinolum,fenacetinol,,,,pl31
fenmetozolum,fenmetozole,,,,pl31
fenpipalonum,fenpipalone,,,,pl31
tazepamum,nietazepam,,,,pl31
glibutiminum,glibutimine,,,,pl31
guanoxabenzum,guanoxabenz,,,,pl31
halocortolonum,halocortolone,,,,pl31
ibuterolum,ibuterol,,,,pl31
eptazinolum,eptazinol,,,,pl31
metanixinum,metanixin,,,,pl31
mirincamycinum,mirincamycin,,,,pl31
naftoxatum,naftoxate,,,,pl31
nicofibratum,nicofibrate,,,,pl31
ontianilum,ontianil,,,,pl31
oxilorphanum,orphan,,,,pl31
pirazofurinum,pirazofurin,,,,pl31
proflazepamum,proflazepam,,,,pl31
promestrienum,promestriene,,,,pl31
quinncarbatum,quincarbate,,,,pl31
ribavirinum,ribavirin,,,,pl31
salprotosidum,salprotoside,,,,pl31
seractidum,seractide,,,,pl31
fonterolum,sulfonterol,,,,pl31
suprofenum,suprofen,,,,pl31
talampicillinum,talampicillin,,,,pl31
tazololum,tazolol,,,,pl31
temefosum,temefos,,,,pl31
tianafacum,tianafac,,,,pl31
xenbucinum,xenbucin,céf-,-térol,,pl31
acemetacinum,acemetacin,,,,pl32
acidum iotroxicum,acidum pipemidicum pipemidic acid,,,,pl32
azanatorum,azanator,,,,pl32
butanixinum,butanixin,,,,pl32
butibufenum,butibufen,,,,pl32
carboquonum,carboquone,,,,pl32
carnidazolum,carnidazole,,,,pl32
cicloprofenum,cicloprofen,,,,pl32
clazoliminum,clazolimine,,,,pl32
clebopridum,clebopride,,,,pl32
cliprofenum,cliprofen,,,,pl32
deprostilum,deprostil,,,,pl32
deximafenum,deximafen,,,,pl32
dibuprolum,dibuprol,,,,pl32
difenoximidum,difenoximide,,,,pl32
eterobarbum,eterobarb,,,,pl32
exaprololum,exaprolol,,,,pl32
fazadinii bromidum,fazadinium bromide,,,,pl32
flumizolum,flumizole,,,,pl32
flutazolamum,flutazolam,,,,pl32
ftaxilidum,ftaxilide,,,,pl32
galosemidum,galosemide,,,,pl32
gonadorelinum,gonadorelin,,,,pl32
guabenxanum,guabenxan,,,,pl32
mebenosidum,mebenoside,,,,pl32
mecillinamum,mecillinam,,,,pl32
melizamum,melizame,,,,pl32
mequitazinum,mequitazine,,,,pl32
octopaminum,otopamine,,,,pl32
pinolcainum,pinolcaine,,,,pl32
pipoctanonum,pipoctanone,,,,pl32
pipoxizinum,pipoxizine,,,,pl32
pranolii chloridum,pranolium chloride,,,,pl32
pribecainum,pribecaine,,,,pl32
renoatum kalicum,renoate potassium,,,,pl32
quinupraminum,quinupramine,,,,pl32
razoxanum,razoxane,,,,pl32
sulimarinum,sulimarin,,,,pl32
acidum azolinicum,acidum azolinic,,,,pl32
polysorbatum,polysorbate,céf-,-térol,,pl32
acaprazinum,acaprazine,,,,pl33
acidum iosumeticum,iosumetic acid,,,,pl33
acidum ioxotrizoicum,ioxotrizoic acid,,,,pl33
acidum xanoxicum,xanoxic acid,,,,pl33
acipimoxum,acipimox,,,,pl33
amcinonidum,amcinonide,,,,pl33
atenololum,atenolol,,,,pl33
bentazepamum,bentazepam,,,,pl33
bromperidolum,bromperidol,,,,pl33
budralazinum,budralazine,,,,pl33
buflomedilum,buflomedil,,,,pl33
cartazolatum,cartazolate,,,,pl33
ciclonicatum,ciclonicate,,,,pl33
clmetidinum,etidine,,,,pl33
dextranomerum,dextranomer,,,,pl33
diflunisalum,diflunisal,,,,pl33
dilmefonum,dilmefone,,,,pl33
diproleandomycinum,diproleandomycin,,,,pl33
droclidinii bromidum,droclidinium bromide,,,,pl33
e-hucrilatum,ucrilate,,,,pl33
etazolatum,etazolate,,,,pl33
fencloracum,fenclorac,,,,pl33
flutamidum,flutamide,,,,pl33
gliamilidum,gliamilide,,,,pl33
aliflumidum,umide,,,,pl33
lofexidinum,"macrosalbum $(""mTc)$",,,,pl33
medifoxaminum,medifoxamine,,,,pl33
metoxepinum,metoxepin,,,,pl33
metrafazolinum,metrafazoline,,,,pl33
mexoprofenum,mexoprofen,,,,pl33
mexrenoatum kalicum,mexrenoate potassium,,,,pl33
nitromifenum,nitromifene,,,,pl33
nitroscanatum,nitroscanate,,,,pl33
octriptylinum,octriptyline,,,,pl33
oxiramidum,oxiramide,,,,pl33
piretanidum,piretanide,,,,pl33
pirlenidonum,pirfenidone,,,,pl33
pirozadilum,pirozadil,,,,pl33
pirolazamidum,pirolazamide,,,,pl33
praxadinum,praxadine,,,,pl33
proxibarbalum,proxibarbal,,,,pl33
ripazepamum,ripazepam,,,,pl33
sulnidazolum,sulnidazole,,,,pl33
tidiacicum,tidiacic,,,,pl33
tifemoxonum,tifemoxone,,,,pl33
timonacicum,timonacic,,,,pl33
tiropramidum,tiropramide,,,,pl33
levonorgestrelum,levonorgestrel,,,,pl33
streptonigrinum,streptonigrin,céf-,-térol,,pl33
actaplaninum,actaplanin,,,,pl34
alpertinum,a'-ertine,,,,pl34
bornaprinum,bufrolinum bufrolin,,,,pl34
cafaminolum,calcium clofibrate,,,,pl34
ciclazindolum,ciclazindol,,,,pl34
cimepanolum,cimepanol,,,,pl34
endazolum,flupimazinum flupimazine,,,,pl34
fluspiperonum,flusplperone,,,,pl34
fluvoxaminum,fluvoxamine,,,,pl34
gemcadiolum,gemcadiol,,,,pl34
gemfibrozilum,gemfibrozil,,,,pl34
glaziovinum,glaziovine,,,,pl34
imafenum,imafen,,,,pl34
iproxaminum,iproxamine,,,,pl34
isonixinum,isonixin,,,,pl34
kzocinum,lonazolacum lonazolac,,,,pl34
lorajminum,lorajmine,,,,pl34
nifuralidum,nifuralide,,,,pl34
nuclotixenum,nuclotixene,,,,pl34
octoxinolum,octoxinol,,,,pl34
piflutixolum,piflutixol,,,,pl34
sulisatinum,sulisatin,,,,pl34
tisopurinum,tisopurine,,,,pl34
tofetridinum,tofetridine,,,,pl34
trebenzominum,trebenzomine,,,,pl34
sulimarinum,sulimarin,,,,pl34
macrogolum,macrogol,,,,pl34
metylperonum,metylperone,,,,pl34
acidum diprogulicum,diprogulic acid,,,51876-97-2,pl35
alrestatinum,alrestatin,,,51876-97-2,pl35
bezafibratum,bezafibrate,,,41859-67-0,pl35
bucainidum,bucainide,,,51481-62-0,pl35
bucumololum,bucumolol,,,58409-59-9,pl35
butamisolum,butamisole,,,54400-59-8,pl35
butoctamidum,butoctamid,,,32828-26-9,pl35
carbantelum,carbantel,,,22790-84-7,pl35
cargutocinum,cargutocin,,,33605-67-3,pl35
carprofenum,corprofen,,,53716-49-7,pl35
celiprololum,celiprolol,,,56980-93-9,pl35
ciapilomum,ciapiiome,,,53131-74-1,pl35
fosfonetum natricum,fosfonet sodium,,,54870-27-8,pl35
frentizolum,frentizole,,,26130-02-9,pl35
gabexatum,gabexate,,,39492-01-8,pl35
glutaurinum,glutaurine,,,56488-60-9,pl35
guanclofinum,guanclofine,,,55926-23-3,pl35
ibuproxamum,ibuproxam,,,53648-05-8,pl35
memantinum,memantine,,,19982-08-2,pl35
metirosinum,metirosine,,,672-87-7,pl35
mofoximum,mofoxime,,,29936-79-6,pl35
narasinum,narasin,,,55134-13-9,pl35
nitracrinum,nitracrine,,,4533-39-5,pl35
propisergidum,propisergide,,,5793-04-4,pl35
rotamicillinum,rotamicillin,,,55530-41-1,pl35
tiamulinum,tiamulin,,,56142-71-3,pl35
timoprazolum,timoprazole,,,57237-97-5,pl35
tizolemidum,tizolemide,,,56488-58-7,pl35
torasemidum,torasemide,,,56211-40-6,pl35
sifenum,trilostane,,,32295-18-4,pl35
vinpolinum,andr,-azépam,céf-,57694-27-6,pl35
adamexinum,adamexine,,,54785-02-3,pl36
alifluranum,aliflurane,,,,pl36
amineptinum,amineptine,,,,pl36
amitriptylinoxidum,amitriptylinoxide,,,,pl36
amoscanatum,amoscanate,,,56689-41-9,pl36
azelastinum,azelastine,,,,pl36
azepindolum,azepindole,,,26304-61-0,pl36
azipraminum,azipramine,,,58503-82-5,pl36
belarizinum,belarizine,,,52395-99-0,pl36
bevantololum,bevantolol,,,59170-23-9,pl36
budipinum,budipine,,,57982-78-2,pl36
buserelinum,buserelin,,,57982-77-1,pl36
carazololum,carazolol,,,57775-29-8,pl36
boprostum,boprost,,,35700-23-3,pl36
carbutamidum,carbutamide,,,339-43-5,pl36
carcainii chloridum,carcainium chloride,,,1042-42-8,pl36
carnitinum,carnitine,,,461-06-3,pl36
chloralosum,chloralose,,,15879-93-3,pl36
clindolum,lindole,,,32211-97-5,pl36
ciprafamidum,prafamide,,,35452-73-4,pl36
closantelum,closantel,,,57808-65-8,pl36
colterolum,colterol,,,18866-78-9,pl36
crotetamidum,crotetamide,,,6168-76-9,pl36
droxacinum,droxacin,,,35067-47-1,pl36
mexadolum,mexadol,,,30914-89-7,pl36
gleptoferronum,gleptoferron,,,57680-55-4,pl36
halopredonum,halopredone,,,57781-15-4,pl36
iproheptinum,iproheptine,,,13946-02-6,pl36
mezilaminum,mezilamine,,,50335-55-2,pl36
moprololum,moprolo1,,,5741-22-0,pl36
nifuroquinum,nifuroquine,,,,pl36
oxitropii bromidum,oxitropium bromide,,,,pl36
pamatololum,pamatolol,,,57474-29-0,pl36
pargololum,pargolol,,,,pl36
penirololum,penirolol,,,58503-83-6,pl36
quazepamum,ropizinum ropizine,,,36735-22-5,pl36
suclofenidum,suclofenide,,,30279-49-3,pl36
sufentanilum,sufentanil,,,56030-54-7,pl36
sufosfamidum,sufosfamide,,,37753-10-9,pl36
sulfiramum,sulfiram,,,,pl36
sulodexidum,sulodexide,,,57821-29-1,pl36
teprotidum,teprotide,,,,pl36
thenyldiaminum,thenylddiamine,,,,pl36
tiodonii chloridum,tiodonium chloride,,,,pl36
tiopropaminum,tiopropamine,,,,pl36
tocainidum,tocainide,,,,pl36
toliodii chloridum,toliodium chloride,,,35115-60-7,pl36
tolmesoxidum,tolmesoxide,,,38452-29-8,pl36
ubisindinum,ubisindine,,,26070-78-0,pl36
valofanum,pfane,,,3258-51-3,pl36
vinpocetinum,vinpocetine,,,42971-09-5,pl36
nbamum,ibam,,,50528-97-7,pl36
medigoxinum,medigoxin,,,,pl36
metildigoxinum,metildigoxin,-azépam,céf-,,pl36
acidum iotetricum,iotetric acid,,,60019-19-4,pl37
acidum persilicum,persilic acid,,,4444-23-9,pl37
acidum sultosilicum,sultosilic acid,,,57775-26-5,pl37
almitrinum,almitrine,,,27469-53-0,pl37
anthioliminum,anthiolimine,,,305-97-5,pl37
bamnidazolum,bamnidazole,,,31478-45-2,pl37
benpenolisinum,benpenolisin,,,61990-92-9,pl37
binodalinum,binodaline,,,60662-16-0,pl37
brazergolinum,brazergoline,,,60019-20-7,pl37
budesonidum,budesonide,,,51333-22-3,pl37
cinromidum,cinromide,,,58473-74-8,pl37
dimetipirii bromidum,dimetipirium bromide,,,51047-24-6,pl37
doconazolum,doconazole,,,59831-63-9,pl37
drobulinum,drobuline,,,58473-73-7,pl37
exalamidum,exalamide,,,53370-90-4,pl37
fosfosalum,fosfosal,,,6064-83-1,pl37
furodazolum,furodazole,,,56119-96-1,pl37
gestodenum,gestodene,,,60282-87-3,pl37
gitaloxinum,gitaloxin,,,3261-53-8,pl37
glusoferronum,glusoferron,,,56959-18-3,pl37
iclazepamum,iclazepam,,,57916-70-8,pl37
imexonum,imexon,,,59643-91-3,pl37
indenololum,indenolol,,,60607-68-3,pl37
isamfazonum,isamfazone,,,55902-02-8,pl37
isoxepacum,isoxepac,,,55453-87-7,pl37
levopropylhexedrinum,levopropylhexedrine,,,6192-97-8,pl37
lomifyllinum,lomifylline,,,10226-54-7,pl37
megalomicinum,megalomicin,,,28022-11-9,pl37
octastinum,octastine,,,59767-12-3,pl37
oxametacinum,oxametacin,,,27035-30-9,pl37
pifarninum,pifarnine,,,56208-01-6,pl37
ponfibratum,ponfiborate,,,53341-49-4,pl37
tioctilatum,tioctilate,,,10489-23-3,pl37
tioperidonum,tioperidone,,,52618-67-4,pl37
tixanoxum,tixanox,,,,pl37
tixanoxum,tixanox,,,40691-50-7,pl37
trifluridinum,trifluridine,,,,pl37
triflusalum,triflusal,,,322-79-2,pl37
uredofosum,uredofos,,,52406-01-6,pl37
urefibratum,urefibrate,,,38647-79-9,pl37
vetrabutinum,vetrabutine,,,3735-45-3,pl37
vincanolum,vincanol,,,19877-89-5,pl37
ximoprofenum,ximoprofen,,,56187-89-4,pl37
glidanilum,glidanil,,,,pl37
glicetanilum,glidanile,,,,pl37
alrestatinum,alrestatin,-azépam,céf-,51411-04-2,pl37
acidum spaglumicum,spaglumic acid,,,4910-46-7,pl38
alaproclatum,alaproclate,,,60719-82-6,pl38
amfenacum,amfenac,,,51579-82-9,pl38
amrinonum,amrinone,,,,pl38
arildonum,arildone,,,56219-57-9,pl38
azepexolum,azepexole,,,36067-73-9,pl38
betamicinum,betamicin,,,36889-15-3,pl38
ciprocinonidum,ciprocinonide,,,58524-83-7,pl38
cirazolinum,cirazoline C13H1 $\{\}_{6}N_{2}O$  59939-16-1 ),,,,pl38
clidlanacum,clidanac,,,34148-01-1,pl38
climbazolum,climbazole,,,38083-17-9,pl38
dazolicinum,dazolicine,,,61477-97-2,pl38
desogestrelum,desogestrel,,,,pl38
dimetamfetaminum,dimetamfetamine,,,,pl38
diosminum,diosmin,,,,pl38
diprobutinum,diprobutine,,,,pl38
dupracetamum,dupracetam,,,,pl38
ethchlorvynolum,ethchlorvynol,,,54024-22-5,pl38
febantelum,febantel,,,58306-30-2,pl38
flucindolum,flucindole,,,40594-09-0,pl38
fludalaninum,fludalanine,,,35523-45-6,pl38
flumoxonidum,flumoxonide,,,60135-22-0,pl38
metipranololum,metipranolol,,,,pl38
mociprazinum,mociprazine,,,22664-55-7,pl38
otilonii bromidum,otilonium bromide,,,26095-59-0,pl38
oxarbazolum,oxarbazole,,,,pl38
oxatomidum,oxatomide,,,17259-75-5,pl38
pareptidum,pareptide,,,61484-38-6,pl38
pargeverinum,pargeverine,,,13479-13-5,pl38
paroxetinum,paroxetine,,,61869-08-7,pl38
pirolatum,pirolate,,,55149-05-8,pl38
racemetirosinum,racemetirosine,,,620-30-4,pl38
strinolinum,strinoline,,,39862-58-3,pl38
valpromidum,valpromide,,,2430-27-5,pl38
trimopamum,trimopam,,,,pl38
trepipamum,trepipam,,,,pl38
silibininum,silibinin,-azépambol,-azépambol,51354-32-6,pl38
acecainidum,acecainide,,,32795-44-1,pl39
acidum ioprocemicum,ioprocemic acid,,,1456-52-6,pl39
cetabenum,cetaben,,,55986-43-1,pl39
cis-diamminedichloroplatinum,clinofibratum clinofibrate,,,15663-27-1,pl39
endralazinum,endralazine,,,39715-02-1,pl39
fuprazolum,fuprazole,,,60248-23-9,pl39
indobufenum,indobufen,,,,pl39
iprazochromum,iprazochrome,,,63610-08-2,pl39
iprocrololum,iprocrolol,,,37855-80-4,pl39
isobutambenum,isobutamben,,,,pl39
isocromilum,isocromil,,,57009-15-1,pl39
isofezolacum,isofezolac,,,50270-33-2,pl39
nordazepamum,nordazepam,,,1088-11-5,pl39
nufenoxolum,nufenoxoie,,,57726-65-5,pl39
orpanoxinum,orpanoxin,,,60653-25-0,pl39
oxitriptanum,oxitriptan,,,4350-09-8,pl39
proxicromilum,proxicromil,,,60400-92-2,pl39
tinazolinum,tinazoline,,,62882-99-9,pl39
topteronum,topterone,,,60607-35-4,pl39
zopiclonum,zopiclone,,,43200-80-2,pl39
zorubicinum,zorubicin,,,54083-22-6,pl39
colestipolum,colestipol,,,,pl39
glutaurinum,carteololum-,,,,pl39
deflazacortum,deflazacort,,,,pl39
pentafluranolum,pentafluranol,-azépam,céf-,65634-39-1,pl39
acarbosum,acarbose,,,56180-94-0,pl40
afurololum,afurolol,,,65776-67-2,pl40
alepridum,alepride,,,66564-15-6,pl40
alfacalcidolum,alfacalcidol,,,41294-56-8,pl40
alinidinum,alinidine,,,33178-86-8,pl40
amafolonum,amafolone,,,50588-47-1,pl40
azimexonum,mexon,,,64118-86-1,pl40
butoconazolum,butoconazole,,,64872-76-0,pl40
cefotiamum,cefotiam,,,61622-34-2,pl40
celucloralum,celucloral,,,,pl40
chenodiolum,chenodiol,,,474-25-9,pl40
cibenzolinum,cibenzoline,,,53267-01-9,pl40
ciclosidominum,ciclosidomine,,,66564-16-7,pl40
ciclotizolamum,ciclotizolam,,,58765-21-2,pl40
cinoquidoxum,cinoquidox,,,64557-97-7,pl40
endomidum,endomide,,,4582-18-7,pl40
epicainidum,epicainide,,,66304-03-8,pl40
etilamfetaminum,etilamfetamine,,,457-87-4,pl40
etiracetamum,etiracetam,,,33996-58-6,pl40
etizolamum,etizolam,,,40054-69-1,pl40
fecleminum,feclemine,,,3590-16-7,pl40
fepitrizolum,fepitrizol,,,,pl40
fluindionum,fluindione,,,,pl40
fluproquazonum,fluproquazone,,,,pl40
fluretofenum,fluretofen,,,,pl40
furofenacum,furofenac,,,53415-46-6,pl40
ioglunidum,ioglunide,,,,pl40
isaxoninum,isaxonine,,,,pl40
isoprofenum,isoprofen,,,,pl40
maitansinum,maitansine,,,56562-79-9,pl40
nomelidinum,nomelidine,,,60324-59-6,pl40
orconazolum,onazole,,,22833-02-9,pl40
oxapadolum,oxapadol,,,56969-22-3,pl40
oxifunginum,oxifungin,,,64057-48-3,pl40
paraxazonum,paraxazone,,,,pl40
picilorexum,picilorex,,,62510-56-9,pl40
picotrinum,picotrin,,,64063-57-6,pl40
pirifibratum,pirifibrate,,,55285-45-5,pl40
quinuclii bromidum,quinuclium bromide,,,64755-06-2,pl40
sfericasum,sfericase,,,63551-77-9,pl40
taglutimidum,taglutimide,,,57648-21-2,pl40
tiopinacum,tiopinac,,,61220-69-7,pl40
tolimidonum,tolimidone,,,41964-07-2,pl40
tolnidaminum,tolnidamine,,,50454-68-7,pl40
valconazolum,valconazole,,,56097-80-4,pl40
xinidaminum,xinidamin,,,,pl40
iomapidolum,iomapidol,,,,pl40
iopamidolum,iopamidol,,,,pl40
norgestimatum,andr,-azépam,céf-,,pl40
acidum oroticum,orotic acid,,,,pl41
alafosfalinum,alafosfalin,,,60668-24-8,pl41
cinitapridum,cinitapride,,,66564-14-5,pl41
cipropridum,cipropride,,,68475-40-1,pl41
cloranololum,cloranolol,,,39563-28-5,pl41
crinololum,crinolol,,,65655-59-6,pl41
diacetololum,diacetolol,,,28197-69-5,pl41
exifonum,exifone,,,52479-85-3,pl41
guaietolinum,guaietolin,,,63834-83-3,pl41
halazonum,halazone,,,,pl41
halogabidum,halogabide,,,62666-20-0,pl41
halometasonum,halometason,,,50629-82-8,pl41
indalpinum,pine,,,63758-79-2,pl41
isotretinoinum,isotretinoin,,,,pl41
itanoxonum,itanoxone,,,,pl41
ketoconazolum,ketoconazole,,,,pl41
levofacetoperanum,levofacetoperane,,,,pl41
lidamidinum,lidamidine,,,,pl41
mesulfamidum,mesulfamide,,,4759-48-2,pl41
naprodoximum,naprodoxime,,,57925-64-1,pl41
nitroclofenum,nitroclofene,,,39224-48-1,pl41
phenindionum,phenindione,,,68399-57-5,pl41
salafibratum,salafibrate,,,65236-29-5,pl41
talniflumatum,talniflumate,,,66898-62-2,pl41
tegafurum,tegafur,,,17902-23-7,pl41
tiosinaminum,tiosinamine,,,109-57-9,pl41
trioxifenum,trioxifene,,,63619-84-1,pl41
xinomilinum,xinomiline,,,52832-91-4,pl41
zetidolinum,zetidoline,,,51940-78-4,pl41
rosamicinum,rosamicin,,,,pl41
rosaramicinum,rosaramicin,,,,pl41
tropabazatum,tropabazate,-azépam,céf-,,pl41
acedobenum,acedoben,,,556-08-1,pl42
aciclovirum,aciclovir,,,59277-89-3,pl42
benclonidinum,benclonidine,,,57647-79-7,pl42
bopindololum,bopindolol,,,62658-63-3,pl42
bornelonum,bornelone,,,2266-11-1,pl42
broperamolum,broperamole,,,33144-79-5,pl42
brovincaminum,brovincamine,,,57475-17-9,pl42
clofuracum,clofurac,,,68401-81-0,pl42
declenperonum,declenperone,,,63388-37-4,pl42
delanteronum,delanterone,,,63014-96-0,pl42
democonazolum,democonazole,,,70161-09-0,pl42
dimepranolum,dimepranol,,,53657-16-2,pl42
drometrizolum,drometrizole,,,2440-22-4,pl42
etocrilenum,etocrilene,,,5232-99-5,pl42
fenprostalenum,fenprostalene,,,69381-94-8,pl42
feprosidninum,feprosidnine,,,22293-47-6,pl42
flufosalum,flufosal,,,65708-37-4,pl42
furaprofenum,furaprofen,,,67700-30-5,pl42
gemeprostum,gemeprost,,,64318-79-2,pl42
glucuronamidum,glucuronamide,,,61914-43-0,pl42
impromidinum,impromidine,,,55273-05-7,pl42
imuracetamum,imuracetam,,,67542-41-0,pl42
indanazolinum,indanazoline,,,40507-78-6,pl42
inosinum,inosine,,,47141-42-4,pl42
metioprimum,metioprim,,,68902-57-8,pl42
metralindolum,metralindole,,,54188-38-4,pl42
nabitanum,nabitan,,,66556-74-9,pl42
nantradolum,nantradol,,,65511-41-3,pl42
octrizolum,octrizole,,,3147-75-9,pl42
oxendolonum,oxendolone,,,33765-68-3,pl42
oxiconazolum,oxiconazole,,,64211-45-6,pl42
pentomonum,pentomone,,,67102-87-8,pl42
peradoximum,peradoxime,,,51832-87-2,pl42
pivenfrinum,pivenfrine,,,,pl42
prenisteinum,prenisteine,,,,pl42
primidololum,primidolol,,,,pl42
quifenadinum,quifenadine,,,67577-23-5,pl42
sulerginum,sulergine,,,59032-40-5,pl42
trientinum,trientine,,,112-24-3,pl42
naftifunginum,naftifungin,,,,pl42
naftifinum,naftifungin,céf-,-métacine,,pl42
acrihellinum,acrihellin,,,67696-82-6,pl43
almasilatum,almasilate,,,71205-22-6,pl43
bicifadinum,bicifadine,,,71195-57-8,pl43
halofantrinum,halofantrine,,,69756-53-2,pl43
iohexolum,iohexol,,,66108-95-0,pl43
ivermectinum,ivermectin,,,70288-86-7,pl43
loprodiolum,loprodiol,,,2209-86-1,pl43
medroxalolum,medroxalol,,,56290-94-9,pl43
metaterolum,metaterol,,,3571-71-9,pl43
metbufenum,metbufen,,,63472-04-8,pl43
mobenzoxaminum,mobenzoxamine,,,65329-79-5,pl43
nicoboxilum,nicoboxil,,,,pl43
nonivamidum,conivamide,,,13912-80-6,pl43
pirazolacum,pirazolac,,,71002-09-0,pl43
piroctonum,piroctone,,,,pl43
pirquinozolum,pirquinozol,,,,pl43
pridefinum,pridefine,,,50650-76-5,pl43
prosulpridum,prosulpride,,,68556-59-2,pl43
proxorphanum,proxorphan,,,69815-38-9,pl43
rifapentinum,rifapentine,,,61379-65-5,pl43
somatostatinum,somatostatin,,,38916-34-6,pl43
suriclonum,suriclon,,,53813-83-5,pl43
talosalatum,talosalate,,,66898-60-0,pl43
tamitinolum,tamitinol,,,59429-50-4,pl43
teoprololum,teoprolol,,,65184-10-3,pl43
tizanidinum,tizanidine,,,51322-75-9,pl43
progabidum,progabide,,,,pl43
tritiozinum,tritiozine,,,,pl43
brovincaminum,brovincamine,,,,pl43
oltiprazum,oltipraz,,,,pl43
pirmenolum,pirmenol,,,,pl43
verocaininum,verocainin,,,,pl43
tiapamilum,tiapamil,-azépam,céf-,,pl43
zidum,"steroids, androgens",-vérine,,,pl43
acidum clavulanicum,clavulanic acid,,,58001-44-8,pl44
acivicinum,acivicin,,,57296-63-6,pl44
actagardinum,actagardin,,,34765-96-3,pl44
altretaminum,altretamine,,,645-05-6,pl44
amifostinum,amifostine,,,63717-27-1,pl44
amsacrinum,amsacrine,,,,pl44
aniracetamum,aniracetam,,,,pl44
anitrazafenum,anitrazafen,,,,pl44
astromicinum,astromicin,,,51264-14-3,pl44
carbazeranum,carbazeran,,,70724-25-3,pl44
cathinum,cathine,,,492-39-7,pl44
cathinonum,cathinone,,,71031-15-7,pl44
cefetrizolum,cefetrizole,,,65307-12-2,pl44
cefmenoximum,cefotetanum cefotetan,,,65085-01-0,pl44
ciadoxum,ciadox,,,,pl44
cinamololum,cinamolol,,,39099-98-4,pl44
defibrotidum,defibrotide,,,,pl44
diciferronum,diciferron,,,65606-61-3,pl44
esnum,uimesna,,,16208-51-8,pl44
disobutamidum,disobutamide,,,68284-69-5,pl44
doxifluridinum,doxifluridine,,,3094-09-5,pl44
emorfazonum,emorfazone,,,38957-41-4,pl44
enilconazolum,enilconazole,,,41078-02-8,pl44
enviroximum,enviroxime,,,72301-79-2,pl44
iprazonum,iprazone,,,,pl44
lindanum,lindane,,,,pl44
lodiperonum,lodiperone,,,72444-63-4,pl44
luprostiolum,luprostiol,,,67110-79-6,pl44
malotilatum,malotilate,,,59937-28-9,pl44
mariptilinum,mariptiline,,,60070-14-6,pl44
meclonazepamum,meclonazepam,,,58662-84-3,pl44
metkefamidum,metkefamide,,,66960-34-7,pl44
moclobemidum,moclobemide,,,71320-77-9,pl44
nabumetonum,nabumetone,,,42924-53-8,pl44
nicorandilum,nicorandil,,,65141-46-0,pl44
nicoxamatum,nicoxamat,,,5657-61-4,pl44
nimesulidum,nimesulide,,,51803-78-2,pl44
nizofenonum,nizofenone,,,54533-85-6,pl44
nonaperonum,nonaperone,,,32462-30-9,pl44
oxmetidinum,oxmetidine,,,72830-39-8,pl44
oxoprostolum,oxoprostol,,,69648-40-4,pl44
perafensinum,perafensine,,,72444-62-3,pl44
piclonidinum,piclonidine,,,72467-44-8,pl44
pirisudanolum,pirisudanol,,,33605-94-6,pl44
prednicarbatum,prednicarbate,,,73771-04-7,pl44
prizidilolum,prizidilol,,,59010-44-5,pl44
rescimetolum,pimetol,,,73573-42-9,pl44
sudexanoxum,sudexanox,,,58761-87-8,pl44
sulbactamum,sulbactam,,,68373-14-8,pl44
sulmazolum,sulmazole,,,73384-60-8,pl44
sulverapridum,sulverapride,,,73747-20-3,pl44
surfomerum,surfomer,,,71251-04-2,pl44
tendamistatum,tendamistat,,,,pl44
tenocyclidinum,tenocyclidine,,,21500-98-1,pl44
terazosinum,azosin,,,63590-64-7,pl44
chenodiolum,chenodiol,,,,pl44
crinololum,crinolol,,,,pl44
moxifensinum,moxifensine,,,,pl44
cianidolum,cianidol,,,,pl44
fibrafyllinum,fibrafylline,,,,pl44
pepleomycinum,pepleomycin,,,,pl44
peplomycinum,peplomycin,-azépam,céf-,,pl44
adinazolamum,adinazolam,,,37115-32-5,pl45
alfaprostolum,alfaprostol,,,74176-31-1,pl45
alusulfum,alusulf,,,61115-28-4,pl45
ametantronum,ametantrone,,,64862-96-0,pl45
benolizimum,benolizime,,,61864-30-0,pl45
carbetocinum,carbetocin,,,37025-55-1,pl45
carmellosum,carmellose,,,9000-11-7,pl45
carmofurum,carmofur,,,61422-45-5,pl45
decominolum,decominol,,,60812-35-3,pl45
enolicamum,enolicam,,,59755-82-7,pl45
eptazocinum,eptazocine,,,72522-13-5,pl45
esaprazolum,esaprazole,,,64204-55-3,pl45
flutoprazepamum,flutoprazepam,,,25967-29-7,pl45
lotifazolum,lotifazole,,,71119-10-3,pl45
naboctatum,naboctate,,,74912-19-9,pl45
oxaprotilinum,oxaprotiline,,,56433-44-4,pl45
pentamustinum,pentamustine,,,73105-03-0,pl45
perfluaminum,perfluamine,,,338-83-0,pl45
pyrithyldionum,pyrithyldione,,,,pl45
spirorenonum,spirorenone,,,74220-07-8,pl45
thymostimulinum,thymostimulin,,,75458-65-0,pl45
tilbroquinolum,tilbroquinol,,,7175-09-9,pl45
tiliquinolum,tiliquinol,,,5541-67-3,pl45
tiofacicum,tiofacic,,,72324-18-6,pl45
tolfamidum,tolfamide,,,70788-29-3,pl45
sulerginum,sulergine,,,,pl45
alisactidum,alisactide,,,,pl45
vintenatum,vintenat,,,,pl45
vincantenatum,vincantenate,-azépambol,-azépambol,,pl45
adrafinilum,adrafinil,,,63547-13-7,pl46
altrenogestum,altrenogest,,,850-52-2,pl46
asocainolum,asocainol,,,77400-65-8,pl46
camostatum,camostat,,,59721-28-7,pl46
cilobaminum,cilobamine,,,69429-84-1,pl46
cromitrilum,cromitrile,,,53736-51-9,pl46
desocriptinum,desocriptine,,,66759-48-6,pl46
detomidinum,detomidine,,,76631-46-4,pl46
dexetozolinum,dexetozoline,,,77519-25-6,pl46
disoprofolum,disoprofol,,,2078-54-8,pl46
fenflumizolum,fenflumizole,,,75444-64-3,pl46
fosenazidum,fosenazide,,,16543-10-5,pl46
fosmidomycinum,fosmidomycin,,,66508-53-0,pl46
gabapentinum,gabapentin,,,60142-96-3,pl46
indeloxazinum,indeloxazine,,,60929-23-9,pl46
ketanserinum,ketanserin,,,74050-98-9,pl46
leflunomidum,unomide,,,75706-12-6,pl46
lobenzaritum,lobenzaarit,,,63329-53-3,pl46
loxanastum,loxanast,,,69915-62-4,pl46
murocainidum,murocainide,,,66203-94-9,pl46
napactadinum,napactadine,,,76631-45-3,pl46
nicainoprolum,nicainoprol,,,76252-06-7,pl46
nitrefazolum,nitrefazole,,,21721-92-6,pl46
picoprazolum,picoprazole,,,78090-11-6,pl46
pimobendanum,pimobendan,,,74150-27-9,pl46
pinafidum,pinafide,,,54824-20-3,pl46
pirenperonum,pirenperone,,,75444-65-4,pl46
promelasum,promelase,,,,pl46
propentofyllinum,propentofylline,,,55242-55-2,pl46
ricainidum,ricainide,,,74517-78-5,pl46
ridaflonum,ridafione,,,23419-43-4,pl46
spirendololum,spirendolol,,,65429-87-0,pl46
suprocionum,suproclone,,,77590-92-2,pl46
temocillinum,temocillin,,,66148-78-5,pl46
terlipressinum,terlipressin,,,,pl46
tonazocinum,tonazocine,,,71461-18-2,pl46
tranilastum,tranilast,,,53902-12-8,pl46
triciribinum,triciribine,,,35943-35-2,pl46
trimexilinum,trimexiline,,,58757-61-2,pl46
vinzolidinum,vinzolidine,,,67699-40-5,pl46
viqualinum,viqualine,,,72714-74-0,pl46
tiofaacicum,tiofaacic,,,,pl46
steproninum,stepronin,-azépam,céf-,,pl46
rinum,"steroids, androgens",-vérine,,,pl46
acidum halocrinicum,halocrinic acid,,,72481-99-3,pl47
amitrazum,amitraz,,,,pl47
ancarololum,ancarolol,,,75748-50-4,pl47
bisantrenum,bisantrene,,,78186-34-2,pl47
cefpiramidum,cefpiramide,,,70797-11-4,pl47
clemeprolum,clemeprol,,,71827-56-0,pl47
dazoxibenum,dazoxiben,,,78218-09-4,pl47
diaziquonum,diaziquone,,,57998-68-2,pl47
disoglusidum,disogluside,,,14144-06-0,pl47
droxicainidum,droxicainide,,,78421-12-2,pl47
etisomicinum,etisomicin,,,70639-48-4,pl47
etisulerginum,etisulergine,,,64795-23-9,pl47
falipamilum,falipamil,,,78759-75-8,pl47
filenadolum,filenadol,,,78168-92-0,pl47
flumezapinum,flumezapine,,,61325-80-2,pl47
fluprazinum,fluprazine,,,76716-60-4,pl47
furoxicillinum,furoxicillin,,,78186-33-1,pl47
fuzlocillinum,fuzlocillin,,,66327-51-3,pl47
idarubicinum,idarubicin,,,58957-92-9,pl47
jotrolum,iotrol,,,79770-24-4,pl47
isodapamidum,isodapamide,,,75820-08-5,pl47
leuprorelinum,leuprorelin,,,53714-56-0,pl47
lofemizolum,lofemizole,,,65571-68-8,pl47
manozodilum,manozodil,,,77528-67-7,pl47
mesulerginum,mesulergine,,,64795-35-3,pl47
misoprostolum,isoprostol,,,59122-46-2,pl47
nonabinum,nonabine,,,16985-03-8,pl47
oxagrelatum,oxagrelate,,,56611-65-5,pl47
picumastum,picumast,,,39577-19-0,pl47
pidorubicinum,pidorubicin,,,56420-45-2,pl47
tecoplaninum,tecoplanin,,,61036-62-2,pl47
tenonitrozolum,tenonitrozole,,,3810-35-3,pl47
etamestrolum,etamestrol,,,,pl47
etiprostonum,etiprostone,,,,pl47
malathionum,malathion,,,,pl47
pafenalolum,pafenalol,,,75949-61-0,pl47
sulfaquinoxalinum,sulfaquinoxaline,-azépam,céf-,,pl47
acefluranolum,acefluranol,,,80595-73-9,pl48
acetylleucinum,acetylleucine,,,68170-97-8,pl48
biprofenidum,biprofenide,,,70976-76-0,pl48
bisoprololum,bisoprolol,,,66722-44-9,pl48
bucromaronum,bucromarone,,,78371-66-1,pl48
cefbuperazonum,cefbuperazone,,,76610-84-9,pl48
cicloprololum,cicloprolol,,,63659-12-1,pl48
clorsulonum,clorsulon,,,60200-06-8,pl48
croscarmellosum,croscarmellose,,,9000-11-7,pl48
dacemazinum,dacemazine,,,518-61-6,pl48
denzimolum,denzimo,,,73931-96-1,pl48
doqualastum,doqualast,,,64019-03-0,pl48
famotidinum,famotidine,,,76824-35-6,pl48
fanetizolum,fanetizole,,,79069-94-6,pl48
fenprinastum,fenprinast,,,75184-94-0,pl48
flavodilolum,flavodilol,,,79619-31-1,pl48
flordipinum,flordipine,,,77590-96-6,pl48
fluradolinum,fluradoline,,,71316-84-2,pl48
fotretaminum,fotretamine,,,37132-72-2,pl48
furafyllinum,furafylline,,,80288-49-9,pl48
hyprolosum,hyprolose,,,9004-64-2,pl48
ipsalazidum,ipsalazide,,,80573-03-1,pl48
lamtidinum,lamtidine,,,73278-54-3,pl48
levlofexidinum,levlofexidine,,,81447-78-1,pl48
linogliridum,linogliride,,,75358-37-1,pl48
lomevactonum,lomevactone,,,81478-25-3,pl48
mexafyllinum,mexafylline,,,80294-25-3,pl48
milacemidum,milacemide,,,76990-56-2,pl48
mitindomidum,mitindomide,,,10403-51-7,pl48
moxonidinum,moxonidine,,,75438-57-2,pl48
nicogrelatum,nicogrelate,,,80614-21-7,pl48
nizatidinum,nizatidine,,,76963-41-2,pl48
parvaquonum,parvaquone,,,4042-30-2,pl48
piconolum,piconol,,,586-98-1,pl48
pildralazinum,pildralazine,,,64000-73-3,pl48
pumitepum,pumitepa,,,42061-52-9,pl48
rifaxidinum,rifaxidin,,,80621-81-4,pl48
rofelodinum,rofelodine,,,76696-97-4,pl48
rosaprostolum,saprostol,,,56695-65-9,pl48
satranidazolum,satranidazole,,,56302-13-7,pl48
sertralinum,sertraline,,,79617-96-2,pl48
spiroplatinum,spiroplatin,,,74790-08-2,pl48
sultamicillinum,sultamicillin,,,76497-13-7,pl48
taziprinonum,taziprinone,,,79253-92-2,pl48
tefludazinum,tefludazine,,,80680-06-4,pl48
tiazofurinum,tiazofurine,,,60084-10-8,pl48
tibalosinum,tibalosin,,,63996-84-9,pl48
ticabesonum,ticabesone,,,74131-77-4,pl48
tolpadolum,toipadol,,,77502-27-3,pl48
trenizinum,trenizine,,,82190-93-0,pl48
xamoterolum,xamoterol,,,81801-12-9,pl48
xibenololum,xibenolol,,,81584-06-7,pl48
xorphanolum,xorphanol,,,77287-89-9,pl48
zolenzepinum,zolenzepine,,,78208-13-6,pl48
axetilum,axetil,,,,pl48
delmetacinum,delmetacin,,,,pl48
pentamustinum,pentamustine,,,,pl48
ciloprostum,ciloprost,,,,pl48
iloprostum,iloprost,,,,pl48
desocriptinum,desocriptine,,,,pl48
ridiflonum,ridaflone,,,,pl48
cianergolinum,cianergoline,,,,pl48
epirubicinum,epirubicin,,,,pl48
pirlimycinum,pirlimycin,,,,pl48
tecoplaninum,tecoplanin,,,,pl48
teicoplaninum,teicoplanin,-azépam,céf-,,pl48
acidum fosmenicum,fosmenic acid,,,13237-70-2,pl49
alfuzosinum,alfuzosin,,,81403-80-7,pl49
alifedrinum,alifedrine,,,78756-61-3,pl49
boforsinum,boforsin,,,66575-29-9,pl49
bucricainum,bucricaine,,,316-15-4,pl49
caracemidum,caracemide,,,81424-67-1,pl49
dienogestum,dienogest,,,65928-58-7,pl49
ditercalinii chloridum,ditercalinium chloride,,,74517-42-3,pl49
ditiomustinum,ditiomustine,,,82599-22-2,pl49
dribendazolum,dribendazole,,,,pl49
edetolum,edetol,,,,pl49
enoxacinum,enoxacin,,,63667-16-3,pl49
eproxindinum,eproxindine,,,83200-08-2,pl49
fezolaminum,fezolamine,,,80410-36-2,pl49
flumazepilum,flumazepil,,,78755-81-4,pl49
idazoxanum,idazoxan,,,79944-58-4,pl49
imidololum,imidolol,,,78459-19-5,pl49
isotiquimidum,isotiquimide,,,56717-18-1,pl49
ketorfanolum,ketorfanol,,,79798-39-3,pl49
mepixanoxum,mepixanox,,,17854-59-0,pl49
mifobatum,mifobate,,,76541-72-5,pl49
murabutidum,murabutide,,,74817-61-1,pl49
nabazenilum,nabazenil,,,58019-65-1,pl49
nabilonum,nabilone,,,51022-71-0,pl49
hacartocinum,nacartocin,,,77727-10-7,pl49
nafimidonum,nafimidone,,,64212-22-2,pl49
ofloxacinum,ofloxacin,,,83380-47-6,pl49
oxalinastum,oxalinast,,,,pl49
panuraminum,panuramine,,,,pl49
pincainidum,pincainide,,,70009-66-4,pl49
piroxicillinum,piroxicillin,,,82509-56-6,pl49
rolgamidinum,rolgamidine,,,64506-49-6,pl49
tebuquinum,tebuquine,,,74129-03-6,pl49
thymopentinum,thymopentin,,,69558-55-0,pl49
tinabinolum,tinabinol,,,50708-95-7,pl49
tizabrinum,tizabrin,,,83573-53-9,pl49
tomoxetinum,tomoxetine,,,83015-26-3,pl49
trimoprostilum,trimoprostil,,,69900-72-7,pl49
zomebazamum,zomebazam,,,78466-70-3,pl49
biprofenidum,biprofenide,,,,pl49
bifepramidum,bifepramide,,,,pl49
rifaximinum,rifaxidin,,,,pl49
ridaflonum,ridaflone,céf-,-réhne,,pl49
alaceprilum,alacepril,,,74258-86-9,pl50
amflutizolum,amflutizole,,,82114-19-0,pl50
amosulalolum,amosulalol,,,85320-68-9,pl50
aptazapinum,aptazapine,,,71576-40-4,pl50
aspoxicillinum,aspoxicillin,,,63358-49-6,pl50
avridinum,avridine,,,35607-20-6,pl50
benaxibinum,benaxibine,,,27661-27-4,pl50
bencianolum,bencianol,,,85443-48-7,pl50
bunazosinum,bunazosin,,,80755-51-7,pl50
cabastinum,cabastine,,,79449-98-2,pl50
carbetimerum,carbetimer,,,82230-03-3,pl50
cifostodinum,cifostodine,,,633-90-9,pl50
diacereinum,diacerein,,,13739-02-1,pl50
dicirenonum,dicirenone,,,41020-79-5,pl50
dilevalolum,dilevalol,,,75659-07-3,pl50
dopexaminum,dopexamine,,,86197-47-9,pl50
dotarizinum,dotarizine,,,84625-59-2,pl50
enalaprilatum,enalaprilat,,,,pl50
enisoprostum,enisoprost,,,81026-63-3,pl50
enprostilum,enprostil,,,73121-56-9,pl50
erocainidum,erocainide,,,85750-38-5,pl50
fosfocreatininum,fosfocreatinine,,,5786-71-0,pl50
guaimesalum,guaimesal ),,,81674-79-5,pl50
hyalosidasum,hyalosidase,,,37326-33-3,pl50
icospiramidum,icospiramide,,,79449-99-3,pl50
idebenonum,idebenone,,,58186-27-9,pl50
indanidinum,indolaprilum indolapril,,,85392-79-6,pl50
itraconazolum,itraconazole,,,84625-61-6,pl50
ketotrexatum,ketotrexate,,,52196-22-2,pl50
laurixaminum,laurixamine,,,7617-74-5,pl50
laurocapramum,laurocapram,,,59227-89-3,pl50
lenampicillinum,lenampicillin,,,86273-18-9,pl50
levocabastinum,levocabastine,,,79516-68-0,pl50
lisinoprilum,lisinopril,,,76547-98-3,pl50
lufuradomum,lufuradom,,,85118-42-9,pl50
meciadanolum,meciadanol,,,65350-86-9,pl50
mifentidinum,mifentidine,,,83184-43-4,pl50
nafarelinum,nafarelin,,,76932-56-4,pl50
naflocortum,naflocort,,,59497-39-1,pl50
nafoxadolum,nafoxadol,,,84145-90-4,pl50
nedocromilum,nedocromil,,,69049-73-6,pl50
nefazodonum,nefazodone,,,83366-66-9,pl50
propacetamolum,propacetamol,,,66532-85-2,pl50
proterguridum,proterguride,,,77650-95-4,pl50
quinacainolum,quinacainol,,,86024-64-8,pl50
ropivacainum,ropivacaine,,,84057-95-4,pl50
tauromustinum,tauromustine,,,85977-49-7,pl50
eprofenum,eprofen,,,85702-89-2,pl50
telenzepinum,telenzepine,,,80880-90-6,pl50
teprenonum,teprenone,,,,pl50
teriparatidum,teriparatide,,,,pl50
tilactasum,tilactase,,,9031-11-2,pl50
tiprinastum,tiprinast,,,83153-39-3,pl50
tubulozolum,tubulozole,,,84697-22-3,pl50
ufenamatum,ufenamate,,,67330-25-0,pl50
valproatum seminatricum,valproatum seminatric,,,,pl50
valproate semisodium,valproate semisodi,,,76584-70-8,pl50
vinepidinum,vinepidine,,,68170-69-4,pl50
zinoconazolum,zinoconazole,,,84697-21-2,pl50
binodalinum,binodaline,,,,pl50
binedalinum,binedaline,,,,pl50
furoxicillinum,furoxicillin,,,,pl50
fumoxicillinum,fumoxicillin,,,,pl50
isodapamidum,isodapamide,,,,pl50
zidapamidum,zidapamide,,,,pl50
mithramycinum,mithramycin,,,,pl50
plicamycinum,plicamycin,,,,pl50
stilonii iodidum,stionium iodide,,,77257-42-2,pl50
tiosinaminum,tiosinamine,,,,pl50
imidololum,imidolol,,,,pl50
nipradololum,nipradolal,,,,pl50
acifranum,acifran,,,72420-38-3,pl51
climazolamum,climazolam,,,,pl51
dazmegrelum,dazmegrel,,,,pl51
deloxolonum,deloxolone,,,,pl51
dezaguaninum,dezaguanine,,,59467-77-5,pl51
diproteverinum,diproteverine,,,69373-95-1,pl51
eldexomerum,eldexomer,,,,pl51
epostanum,epostane,,,80471-63-2,pl51
flurithromycinum,flurithromycin,,,,pl51
fostedilum,fostedil,,,82664-20-8,pl51
losulazinum,losulazine,,,75917-92-9,pl51
lutrelinum,lutrelin,,,66866-63-5,pl51
mipimazolum,mipimazole,,,20406-60-4,pl51
ramifenazonum,ramifenazone,,,3615-24-5,pl51
ristianolum,ristianol,,,78092-65-6,pl51
ritanserinum,ritanserin,,,87051-43-2,pl51
tenilsetamum,tenilsetam,,,86696-86-8,pl51
acidum halocrinicum,acidum halocrinic,,,,pl51
brocrinatum,brocrinat,,,,pl51
indacrinonum,indacrinic acid,,,,pl51
boforsinum,boforsin,,,,pl51
colforsinum,colforsin,,,,pl51
darodipinum,darodipine,,,,pl51
abunidazolum,abunidazole,,,89796-99-6,pl52
amonafidum,amonafide,,,69408-81-7,pl52
anaxironum,anaxirone,,,77658-97-0,pl52
azaloxanum,azaloxan,,,,pl52
barucainidum,barucainide,,,,pl52
besulpamidum,besulpamide,,,,pl52
biclodilum,biclodil,,,,pl52
buciclovirum,buciclovir,,,72822-56-1,pl52
cinfiumidum,cinflumide,,,64379-93-7,pl52
clidafidinum,clidafidine,,,33588-20-4,pl52
cloricromenum,cloricromen,,,68206-94-0,pl52
cloticasonum,cloticasone,,,87556-66-9,pl52
dagapamilum,dagapamil,,,85247-76-3,pl52
darenzepinum,renzepine,,,84629-61-8,pl52
decapinolum,decapinol,,,79874-76-3,pl52
dimoxaprostum,dimoxaprost,,,90243-98-4,pl52
ebastinum,ebastine,,,90729-43-4,pl52
edoxudinum,edoxudine,,,15176-29-1,pl52
eflornithinum,eflornithine,,,67037-37-0,pl52
emopamilum,emopamil,,,78370-13-5,pl52
enilospironum,enilospirone,,,59798-73-1,pl52
enoxamastum,enoxamast,,,74604-76-5,pl52
etacepridum,etacepride,,,68788-56-7,pl52
eticlopridum,eticlopride,,,84226-12-0,pl52
etomoxirum,etomoxir,,,82258-36-4,pl52
imiloxanum,imiloxan,,,81167-16-0,pl52
iopentolum,iopentol,,,,pl52
isobromindionum,isobromindione,,,,pl52
ivoqualinum,ivoqualine,,,88578-07-8,pl52
lamotriginum,lamotrigine,,,84057-84-1,pl52
lemidosulum,lemidosul,,,88041-40-1,pl52
lodinixilum,lodinixil,,,86627-50-1,pl52
loflucarbanum,loflucarban,,,790-69-2,pl52
lotrifenum,lotrifen,,,66535-86-2,pl52
luxabendazolum,luxabendazole,,,90509-02-7,pl52
maduramicinum,maduramicin,,,84878-61-5,pl52
mopidralazinum,mopidralazine,,,86401-95-8,pl52
motapizonum,motapizone,,,,pl52
nesapidilum,nesapidil,,,,pl52
ociltidum,ociltide,,,90697-57-7,pl52
octimibatum,octimibate,,,,pl52
olsalazinum,olsalazine,,,89838-96-0,pl52
oxodipinum,oxodipine,,,90729-41-2,pl52
quazinonum,quazinone,,,70018-51-8,pl52
rifabutinum,rifabutin,,,72559-06-9,pl52
rilapinum,rilapine,,,79781-95-6,pl52
sulicrinatum,sulicrinat,,,90207-12-8,pl52
tasuldinum,tasuldine,,,,pl52
tazadolenum,tazadolene,,,,pl52
tazifyllinum,tazifylline,,,82650-83-7,pl52
terbinafinum,toltrazurilum toltrazuril,,,78628-80-5,pl52
tomoxiprolum,tomoxiprole,,,76145-76-1,pl52
vigabatrinum.,vigabatrin,,,60643-86-9,pl52
sulfonas natricum,sulfonate sodium,,,,pl52
mesalazinum,mesalazine,,,,pl52
nilvadipinum,nilvadipine,,,,pl52
abamectinum,abamectin,,,65195-55-3,pl53
acidum ioxabrolicum,ioxabrolic acid,,,96191-65-0,pl53
alpidemum,alpidem,,,82626-01-5,pl53
conazolum,conazole,,,93479-96-0,pl53
azamulinum,azamulin,,,76530-44-4,pl53
danosteinum,danosteine,,,4938-00-5,pl53
dinalinum,dinaline,,,58338-59-3,pl53
dioxadilolum,dioxadilol,,,80743-08-4,pl53
eltenacum,eltenac,,,72895-88-6,pl53
fengabinum,fengabine,,,80018-06-0,pl53
stololum,stolol,,,87721-62-8,pl53
fosarilatum,fosarilate,,,73514-87-1,pl53
glimepiridum,glimepiride,,,93479-97-1,pl53
histrelinum,histrelin,,,76712-82-8,pl53
iodixanolum,iodixanol,,,92339-11-2,pl53
irloxacinum,irloxacin,,,91524-15-1,pl53
lactalfatum,lactalfate,,,96427-12-2,pl53
lucartamidum,lucartamide,,,76743-10-7,pl53
medetomidinum,medetomidine,,,86347-14-0,pl53
midazogrelum,midazogrel,,,80614-27-3,pl53
naminterolum,naminterol,,,93047-40-6,pl53
nitraquazonum,nitraquazone,,,56739-21-0,pl53
peracloponum,peraclopone,,,96164-19-1,pl53
rindoprilum,rindopril,,,82834-16-0,pl53
pipequalinum,pipequaline,,,77472-98-1,pl53
pirmagrelum,pirmagrel,,,85691-74-3,pl53
ralitolinum,ralitoline,,,93738-40-0,pl53
rokitamycinum,rokitamycin,,,74014-51-0,pl53
roquinimexum,roquinimex,,,84088-42-6,pl53
sorbinilum,sorbinil,,,68367-52-2,pl53
adolinum,spiradoline,,,87151-85-7,pl53
tioxamastum,tioxamast,,,,pl53
tioxamastum,tioxamast,,,74531-88-7,pl53
tolgabidum,tolgabide,,,88914-11-6,pl53
toremifenum,toremifene,,,89778-26-7,pl53
trandolaprilum,trandolaporil,,,87679-37-6,pl53
trecadrinum,trecadrine,,,90845-56-0,pl53
taltibridum,taltibrid,,,,pl53
metamizolum natricum,metamizole sodium,,,,pl53
acitematum,acitemate,,,64405-40-9,pl54
amebucortum,amebucort,,,83625-35-8,pl54
amorolfinum,amorolfine,,,78613-35-1,pl54
anpirtolinum,anpirtoline,,,98330-05-3,pl54
atamestanum,atamestane,,,96301-34-7,pl54
atiprosinum,atiprosin,,,89303-63-9,pl54
dametralastum,dametralast,,,71680-63-2,pl54
dazoquinastum,delaprilum delapril,,,76002-75-0,pl54
duoperonum,duoperone,,,62030-88-0,pl54
esupronum,esuprone,,,91406-11-0,pl54
felbamatum,felbamate,,,,pl54
felbinacum,felhinac,,,,pl54
fenfluthrinum,fenfluthrin,,,25451-15-4,pl54
formidacillinum,formidacillin,,,98048-07-8,pl54
gepironum,gepirone,,,83928-76-1,pl54
gloximonamum,gloximonam,,,90850-05-8,pl54
idralfidinum,idralfidine,,,95668-38-5,pl54
ifoxetinum,ifoxetine,,,86939-10-8,pl54
inocoteronum,inocoterone,,,83646-97-3,pl54
lomeprolum,lomeprol,,,78649-41-9,pl54
iosarcolum,iosarcol,,,97702-82-4,pl54
irindalonum,irindalon,,,96478-43-2,pl54
isepamicinum,isomazolum isomazole,,,58152-03-7,pl54
loratadinum,loratadine,,,79794-75-5,pl54
maroxepinum,maroxepin,,,65509-24-2,pl54
medorinonum,medorinone,,,88296-61-1,pl54
mergocriptinum,mergocriptine,,,81968-16-3,pl54
mitoquidonum,mitoquidone,,,91753-07-0,pl54
oximonamum,oximonam,,,90898-90-1,pl54
oxindanacum,oxindanac,,,68548-99-2,pl54
piritreximum,piritrexim,,,72732-56-0,pl54
preclamolum,preclamol,,,47543-65-7,pl54
ractopaminum,ractopamine,,,97825-25-7,pl54
raloxifenum,raloxifene,,,84449-90-1,pl54
ramciclanum,ramciclane,,,96743-96-3,pl54
reboxetinum,reboxetine,,,71620-89-8,pl54
recainamum,recainam,,,74738-24-2,pl54
rimcazolum,rimcazole,,,75859-04-0,pl54
rodorubicinum,rodorubicin,,,96497-67-5,pl54
rolziracetamum,rolziracetam,,,18356-28-0,pl54
roxatidinum,roxatidine,,,,pl54
roxithromycinum,roxithromycin,,,80214-83-1,pl54
somatremum,somatrem,,,,pl54
sometribovum,sometribove,,,,pl54
sopecainolum,sopecainol,,,82030-87-3,pl54
sufotidinum,sufotidine,,,80343-63-1,pl54
sumacetamolum,sumacetamol,,,69217-67-0,pl54
temarotenum,marotene,,,75078-91-0,pl54
timelotemum,timelotem,,,96306-34-2,pl54
ulobetasolum,ulobetasol,,,98651-66-2,pl54
zaltidinum,dine,,,85604-00-8,pl54
zindotrinum,zindotrine,,,56383-05-2,pl54
zindoxifenum,zindoxifene,,,86111-26-4,pl54
heparinum natricum,heparin,,,,pl54
itrocainidum,itrocainide,,,86914-11-6,pl54
altapizonum,altapizone,,,93277-96-4,pl55
amlexanoxum,amlexanox,,,68302-57-8,pl55
amylmetacresolum,amylmetacresol,,,1300-94-3,pl55
ardacinum,ardacin,,,,pl55
befiperidum,methylbenzamide,,,100927-14-8,pl55
bemitradinum,bemitradine,,,88133-11-3,pl55
bifemelanum,bifemelane,,,90293-01-9,pl55
brolamfetaminum,brolamfetamine,,,64638-07-9,pl55
bromfenacum,bromfenac,,,91714-94-2,pl55
bropiriminum,bropirimine,,,56741-95-8,pl55
difloxacinum,difloxacin,,,98106-17-3,pl55
eclazolastum,eclazolast,,,80263-73-6,pl55
epinastinum,epinastine,,,80012-43-7,pl55
flomoxefum,flomoxef,,,99665-00-6,pl55
miglitolum,miglitol,,,72432-03-2,pl55
molracetamum,molracetam,,,94746-78-8,pl55
nosantinum,nosantine,,,76600-30-1,pl55
ozagrelum,ozagrel,,,82571-53-7,pl55
paldimycinum,paldimycin,,,94554-99-1,pl55
ramixotidinum,ramixotidine,,,84071-15-8,pl55
sometriporum,sometripor,,,72492-12-7,pl55
tropanserinum,tropanserin,,,85181-40-4,pl55
amfetaminum,amfetamine,,,,pl55
benzfetaminum,benzfetamine,,,,pl55
dexamfetaminum,dexamfetamine,,,,pl55
hydroxyamfetaminum,hydroxyamphetamine,,,,pl55
metamfetaminum,methamphetamine,,,,pl55
sulfasalazinum,sulfasalazine,,,,pl55
flumazepilum,flumazepil,,,,pl55
flumazenilum,flumazepil,,,,pl55
salmeterolum,salmaterol,,,,pl55
isradipinum,isrodipine,,,,pl55
formidacillinum,formidacillin,,,,pl55
fomidacillinum,fomidacillin,,,,pl55
solpecainolum,solpecainol,,,,pl55
quadazocinum,quadazocin,,,,pl55
fenum,st,,,,pl55
acidum piridronicum,piridronic acid,,,75755-07-6,pl56
azumolenum,azumolene,,,64748-79-4,pl56
budotitanum,budotitane,,,85969-07-9,pl56
clazurilum,clazuril,,,101831-36-1,pl56
disuprazolum,uprazole,,,101831-37-2,pl56
iraprinum,firaprine,,,84252-03-9,pl56
fleroxacinum,fleroxacin,,,79660-72-3,pl56
flosequinanum,flosequinan,,,76568-02-0,pl56
ilmofosinum,ilmofosine,,,83519-04-4,pl56
ioversolum,ioversol,,,87771-40-2,pl56
modafinilum,modafinil,,,68693-11-8,pl56
mometasonum,pmetasone,,,105102-22-5,pl56
nilutamidum,nilutamide,,,63612-50-0,pl56
pantenicatum,pantenicate,,,96922-80-4,pl56
rilopiroxum,rilopirox,,,104153-37-9,pl56
rimoproginum,rimoprogin,,,37750-83-7,pl56
ritiometanum,ritiometan,,,34914-39-1,pl56
sabeluzolum,sabeluzole,,,104153-38-0,pl56
saterinonum,saterinone,,,102669-89-6,pl56
savoxepinum,savoxepin,,,79262-46-7,pl56
ganserinum,anserin,,,87729-89-3,pl56
selprazinum,selprazine,,,103997-59-7,pl56
setiptilinum,setiptiline,,,57262-94-9,pl56
talipexolum,talipexole,,,101626-70-4,pl56
ubenimexum,ubenimex,,,58970-76-6,pl56
omoconazolum,omoconazole,,,,pl56
etretinum,etretin,,,,pl56
eptaprostum,eptaprost,,,,pl56
eptaloprostum,eptaloprost,,,,pl56
sometribovum,sometribove,,,,pl56
adibendanum,adibendan,,,100510-33-6,pl57
aloxistatinum,aloxistatin,,,88321-09-9,pl57
benexatum,benexate,,,78718-52-2,pl57
ebrotidinum,ebrotidine,,,100981-43-9,pl57
etanidazolum,etanidazole,,,22668-01-5,pl57
ibacitabinum,ibacitabine,,,611-53-0,pl57
indolidanum,indolidan,,,100643-96-7,pl57
lacidipinum,lacidipine,,,103980-78-4,pl57
levofenfluraminum,levofenfluramine,,,37577-24-5,pl57
molfarnatum,molfarnate,,,83689-23-0,pl57
pelanserinum,pelanserin,,,2208-51-7,pl57
retelliptinum,retelliptine,,,72238-02-9,pl57
rotraxatum,rotraxate,,,92071-51-7,pl57
sizofiranum,sizofiran,,,9050-67-3,pl57
somatorelinum,somatorelin,,,83930-13-6,pl57
tameridonum,tameridone,,,102144-78-5,pl57
rifuracum,tigemonamum tigemonam,,,97483-17-5,pl57
tilisololum,tilisolol,,,85136-71-6,pl57
vinorelbinum,p.7,,,71486-22-1,pl57
cinoquidoxum,cinoquidox,,,,pl57
ciadoxum,ciadox,,,,pl57
ademetioninum,ademetionine,,,17176-17-9,pl57
rofenum,prost,,,,pl57
alaninum,alanine,,,,pl58
alonacicum,alonacic,,,,pl58
ansoxetinum,ansoxetine,,,,pl58
atipamezolum,atipamezole,,,,pl58
azithromycinum,azithromycin,,,105292-70-4,pl58
bamaluzolum,bamaluzole,,,87034-87-5,pl58
brequinarum,brequinar,,,96187-53-0,pl58
brolaconazolum,brolaconazole,,,108894-40-2,pl58
clanfenurum,clanfenur,,,51213-99-1,pl58
clipoxaminum,clipoxamine,,,109525-44-2,pl58
crisnatolum,crisnatol,,,96389-68-3,pl58
cromakalimum,cromakalim,,,94470-67-4,pl58
cysteinum,cysteine,,,,pl58
dalbraminolum,dalbraminol,,,81528-80-5,pl58
daptomycinum,htomycin,,,103060-53-3,pl58
flutemazepamum,flutemazepam,,,52391-89-6,pl58
idenastum,idenast,,,108674-88-0,pl58
insulinum arginum,insulinum argin,,,68859-20-1,pl58
irsogladinum,irsogladine,,,57381-26-7,pl58
isamoltanum,isamoltan,,,55050-95-8,pl58
isoleucinum,isoleucine,,,,pl58
leucinum,leucine,,,,pl58
levdropropizinum,levdropropizine,,,99291-24-4,pl58
libenzaprilum,libenzapril,,,97878-35-8,pl58
lysinum,lysine,,,73684-69-2,pl58
naxaprostenum,naxaprostene,,,87269-59-8,pl58
ornithinum,ornithine,,,,pl58
orotirelinum,orotirelin,,,62305-86-6,pl58
phenylalaninum,phenylalanine,,,,pl58
pirazmonamum,pirazmonam,,,108319-07-9,pl58
pramipexolum,pramipexole,,,104632-26-0,pl58
prolinum,proline,,,147-85-3,pl58
rilozaronum,rilozarone,,,79282-39-6,pl58
romifidinum,romifidine,,,65896-16-4,pl58
salmisteinum,salmisteine,,,89767-59-9,pl58
saruplasum,saruplase,,,99149-95-8,pl58
sematilidum,sematilide,,,101526-83-4,pl58
serinum,serine,,,57227-17-5,pl58
sudismasum,sudismase,,,110294-55-8,pl58
taprostenum,taprostene,,,108945-35-3,pl58
taurinum,taurine,,,107-35-7,pl58
temafloxacinum,temafloxacin,,,108319-06-8,pl58
tepoxalinum,tepoxalin,,,103475-41-8,pl58
threoninum,threonine,,,,pl58
tibenelastum,tibenelast,,,97852-72-7,pl58
traboxopinum,traboxopine,,,103624-59-5,pl58
tryptophanum,tryptophan,,,,pl58
tyrosinum,tyrosine,,,,pl58
ufiprazolum,ufiprazole,,,73590-85-9,pl58
valinum,valine,,,,pl58
vapiprostum,vapiprost,,,85505-64-2,pl58
zabiciprilum,zabicipril,,,83059-56-7,pl58
delmopinolum,delmopinol,,,,pl58
famiraprinii chloridum,famiraprinium chloride,,,108894-41-3,pl58
pentiapinum,pentiapine,,,,pl58
triptorelinum,triptorelin,,,,pl58
cefpodoximum,cefpodoxime,,,80210-62-4,pl58
acidum butedronicum,butedronic acid,,,51395-42-7,pl59
paramagnetic contrast medium,inhibitor of tumor-induced,,,40391-99-9,pl59
alfadexum,alfadex,,,10016-20-3,pl59
alteplasum,alteplase,,,105857-23-6,pl59
anistreplasum,anistreplase,,,,pl59
arpromidinum,arpromidine,,,81669-57-0,pl59
cefcanelum,cefcanel,,,41952-52-7,pl59
colestolonum,colestolone,,,,pl59
dexmedetomidinum,dexmedetomidine,,,50673-97-7,pl59
docarpaminum,docarpamine,,,,pl59
dopropidilum,dopropidil,,,,pl59
dumorelinum,dumorelin,,,113775-47-6,pl59
docarpaminum,docarpamine,,,,pl59
dopropidilum,dopropidil,,,,pl59
dumorelinum,dumorelin,,,105953-59-1,pl59
edelfosinum,edelfosine,,,70641-51-9,pl59
emedastinum,emedastine,,,87233-61-2,pl59
etrabaminum,etrabamine,,,70590-58-8,pl59
fiacitabinum,fiacitabine,,,69123-90-6,pl59
granisetronum,granisetron,,,109889-09-0,pl59
inaperisonum,inaperisone,,,99323-21-4,pl59
ioxilanum,ioxilan,,,107793-72-6,pl59
contrast medium,contrast medi,,,,pl59
isbogrelum,isbogrel,,,89667-40-3,pl59
nebracetamum,nebracetam,,,97205-34-0,pl59
nelezaprinum,nelezaprine,,,69624-60-8,pl59
noberastinum,noberastine,,,,pl59
nuvenzepinum,nuvenzepine,,,,pl59
ondansetronum,ondansetron,,,110588-56-2,pl59
noberastinum,noberastine,,,,pl59
nuvenzepinum,nuvenzepine,,,,pl59
ondansetronum,ondansetron,,,99614-02-5,pl59
pentisomidum,pentisomide,,,96513-83-6,pl59
roxindolum,roxindole,,,112192-04-8,pl59
tazanolastum,tazanolast,,antiallergíc,109581-73-9,pl59
vinmegallatum,vinmegallate,,,83482-77-3,pl59
zardaverinum,zardaverine,,,,pl59
digolilum,digolil,,,,pl59
aprotininum,aprotinin,,,,pl59
midalcipranum,midalcipran,,,,pl59
milnacipranum,milnacipran,,,,pl59
pimelautidum,pimelautide,,,,pl59
bermastinum,bermastin,,,,pl59
clipoxaminum,clipoxamin,,,,pl59
cliropaminum,clipoxamine,,,,pl59
abecarnilum,abecarnil,,,111841-85-1,pl60
ambamustinum,ambamustine,,,85754-59-2,pl60
apafantum,apafant,,,105219-56-5,pl60
atosibanum,atosiban,,,90779-69-4,pl60
azetirelinum,azetirelin,,,84386-11-8,pl60
binfloxacinum,binfloxacin,,,108437-28-1,pl60
colextranum,colextran,,,9015-73-0,pl60
cyromazinum,cyromazine,,,66215-27-8,pl60
delfaprazinum,delfaprazine,,,117827-81-3,pl60
elbanizinum,elbanizine,,,110629-41-9,pl60
erbulozolum,erbulozole,,,,pl60
esafloxacinum,esafloxacin,,,79286-77-4,pl60
gadopenamidum,gadopenamide,,,117827-80-2,pl60
contrast medium,contrast medi,,,,pl60
irtemazolum,irtemazole,,,115574-30-6,pl60
lodelabenum,lodelaben,,,93105-81-8,pl60
meropenemum,meropenem,,,96036-03-2,pl60
nanterinonum,nanterinone,,,,pl60
napirimusum napirimus,"antiparkinson, antidepressant",,,103775-10-6,pl60
naxagolidum,naxagolide,,,88058-88-2,pl60
nicaravenum,nicaraven,,,79455-30-4,pl60
orlipastatum,orlipastat,,,96829-58-2,pl60
perfomedilum,perfomedil,,,92268-40-1,pl60
riluzolum,riluzole,,,1744-22-5,pl60
romazaritum,romazarit,,,109543-76-2,pl60
sergolexolum,sergolexole,,,108674-86-8,pl60
spiraprilatum,spiraprilat,,,83602-05-5,pl60
tabilautidum,tabilautide,,,78088-46-7,pl60
tandospironum,tandospirone,,,87760-53-0,pl60
temurtidum,temurtide,,,66112-59-2,pl60
ombinum,thrombin,,,,pl60
tosufloxacinum,tosufloxacin,,,108138-46-1,pl60
locicortonum,locicortoloni dicibas,,,113165-32-5,pl60
ablukastum,ablukast,,,96566-25-5,pl61
acamprosatum,acamprosate,,,77337-76-9,pl61
acidum alendronicum,alendronic acid,,,66376-36-1,pl61
acidum neridronicum,neridronic acid,,,79778-41-9,pl61
altoqualinum,altoqualine,,,121029-11-6,pl61
atrimustinum,atrimustine,,,75219-46-4,pl61
bemoradanum,bemoradan,,,112018-01-6,pl61
cefdinirum,cefdinir,,,91832-40-5,pl61
cilutazolinum,cilutazoline,,,104902-08-1,pl61
danofloxacinum,danofloxacin,,,112398-08-0,pl61
decitabinum,decitabine,,,2353-33-5,pl61
deslorelinum,deslorelin,,,,pl61
texibuprofenum,xibuprofen,,,57773-65-6,pl61
deslorelinum,deslorelin,,,,pl61
texibuprofenum,xibuprofen,,,51146-56-6,pl61
divaplonum,divaplon,,,90808-12-1,pl61
docebenonum,docebenone,,,80809-81-0,pl61
elgodipinum,elgodipine,,,119413-55-7,pl61
emonapridum,emonapride,,,93664-94-9,pl61
enalkirenum,enalkiren,,,113082-98-7,pl61
epervudinum,epervudine,,,60136-25-6,pl61
famciclovirum,famciclovir,,,104227-87-4,pl61
fibrinum,fibrin,,,105851-17-0,pl61
galamustinum,galamustine,,,105618-02-8,pl61
losigamonum,losigamone,,,112856-44-7,pl61
moxidectinum,moxidectin,,,113507-06-5,pl61
ocfentanilum,ocfentanil,,,,pl61
pemirolastum,pemirolast,,,101343-69-5,pl61
penciclovirum,penciclovir,,,39809-25-1,pl61
tolacetamolum,blacetamol,,,114485-92-6,pl61
rifametanum,rifametane,,,94168-98-6,pl61
romurtidum,romurtide,,,78113-36-7,pl61
suronacrinum,suronacrine,,,104675-35-6,pl61
tenidapum,tenidap,,,100599-27-7,pl61
troquidazolum,troquidazole,,,108001-60-1,pl61
mequitazii iodidum,mequitazii iodid,,,,pl61
mequitamii iodidum,mequitazium iodide,,,,pl61
stinum,stin,,,,pl61
lepamum,bol,,,,pl61
dipinum,gest,,,,pl61
dinum,vin-,,,,pl61
acidum risedronicum,risedronic acid,,,105462-24-6,pl62
actaritum,actarit,,,18699-02-0,pl62
batoprazinum,batoprazine,,,,pl62
brifentanilum,brifentanil,,,105685-11-8,pl62
candoxatrilum,candoxatril,,,123122-55-4,pl62
ciclesonidum,ciclesonide,,,67199-66-0,pl62
dapropterinum,dapropterin,,,62989-33-7,pl62
devazepidum,devazepide,,,103420-77-5,pl62
dosmalfatum,dosmalfate,,,122312-55-4,pl62
duteplasum,duteplase,,,120608-46-0,pl62
ecogramostimum,ecogramostim,,,123120-99-0,pl62
elsamitrucinum,elsamitrucin,,,97068-30-9,pl62
eptastigminum,eptastigmine,,,,pl62
dotozinum,dotozine,,,,pl62
finasteridum,finasteride,,,101246-68-8,pl62
fluvastatinum,fluvastatin,,,,pl62
fosinoprilatum,fosinoprilat,,,95399-71-6,pl62
girisopamum,girisopam,,,82230-53-3,pl62
levemopamilum,levemopamil,,,101238-51-1,pl62
meribendanum,meribendan,,,119322-27-9,pl62
oxilofrinum,oxilofrine,,,365-26-4,pl62
quinagolidum,quinagolide,,,,pl62
quinagolidum,quinagolide,,,87056-78-8,pl62
risotilidum,risotilide,,,,pl62
risotilidum,risotilide,,,120688-08-6,pl62
rociclovirum,rociclovir,,,,pl62
rociclovirum,rociclovir,,,108436-80-2,pl62
sampirtinum,sampirtine,,,,pl62
sampirtinum,sampirtine,,,115911-28-9,pl62
sarafloxacinum,sarafloxacin,,,98105-99-8,pl62
saviprazolum,saviprazole,,,121617-11-6,pl62
sezolamidum,sezolamide,,,123308-22-5,pl62
sobuzoxanum,sobuzoxane,,,98631-95-9,pl62
somalaporum,somalapor,,,106282-98-8,pl62
somenoporum,somenopor,,,119693-74-2,pl62
hirdinum,timirdine,,,100417-09-2,pl62
hracizinum,tiracizine,,,83275-56-3,pl62
trelnarizinum,trelnarizine,,,123205-52-7,pl62
tropisetronum,tropisetron,,,89565-68-4,pl62
vapreotidum,vapreotide,,,103222-11-3,pl62
zatebradinum,zatebradine,,,85175-67-3,pl62
erbuminum,erbumine,,,119391-55-8,pl62
manidipinum,manidipine,,,120092-68-4,pl62
nebracetamum,nebracetam,,,116041-13-5,pl62
carmoxirolum,carmoxirole,,,,pl62
gevotrolinum,evotroline,,,,pl62
adaprololum,adaprolol,,,101479-70-3,pl63
afalaninum,afalanine,,,2901-75-9,pl63
aldesleukinum,aldesieukin,,,110942-02-4,pl63
butixocortum,butixocort,,,120815-74-9,pl63
cilobradinum,cilobradine,,,109859-50-9,pl63
doramectinum,doramectin,,,67392-87-4,pl63
gadodiamidum,gadodiamide,,,122795-43-1,pl63
giracodazolum,giracodazole,,,110883-46-0,pl63
ibutilidum,ibutilid,,,122647-31-8,pl63
isalsteinum,isalsteine,,,,pl63
ledazerolum,ledazerol,,,116795-97-2,pl63
levosulpiridum,levosulpiride,,,23672-07-3,pl63
lisadimatum,lometrexolum lometrexol,,,,pl63
midesteinum,esteine,,,136-44-7,pl63
mivazerolum,mivazerol,,,125472-02-8,pl63
neticonazolum,neticonazole,,,11178-99-9,pl63
nicoracetamum,nicoracetam,,,128326-80-7,pl63
ormaplatinum,ormaplatin,,,62816-98-2,pl63
otenzepadum,otenzepad,,,100158-38-1,pl63
prrodavirum,pirodavir,,Proposed Interñational,124436-59-5,pl63
prisotinolum,prisotinol,,,,pl63
repagermanium repagermanium,nootropic agent,,,78997-40-7,pl63
roxadimatum,roxadimate,,,58882-17-0,pl63
somavubovum,somavubove,,,126752-39-4,pl63
sparfloxacinum,sparfioxacin,,,110871-86-8,pl63
spiriprostilum,spiriprostil,,,122946-42-3,pl63
sucrosofatum,sucrosofate,,,57680-56-5,pl63
sulazurilum,sulazuril,,,108258-89-5,pl63
telmesteinum,telmesteine,,,122946-43-4,pl63
tirilazadum,tirilazad,,,,pl63
utibaprilum,utibapril,,,110101-66-1,pl63
tirilazadum,tirilazad,,,,pl63
utibaprilum,utibapril,,,109683-61-6,pl63
vanoxerinum,vanoxerine,,,67469-69-6,pl63
zeniplatinum,zeniplatin,,,111490-36-9,pl63
zileutonum,zileuton,,,111406-87-2,pl63
docosilum,docosil,,,,pl63
emonapridum,emonaprid,,,,pl63
nemonapridum,nemonapride,,,,pl63
moxidectinum,moxidectin,,,120210-48-2,pl63
dapropterinum,dapropterin,,,,pl63
sapropterinum,sapropterin,,,124083-20-1,pl63
abanoquilum,abanoquil,,,90402-40-7,pl64
acadesinum,acadesine,,,2627-69-2,pl64
acidum gadobenicum,gadobenic acid,,,113662-23-0,pl64
adapalenum,adapalene,,,106685-40-9,pl64
adozelesinum,adozelesin,,,,pl64
alentemolum,alentemol,,,112891-97-1,pl64
bokalantum,armokalant,,,123955-10-2,pl64
ameltolidum,ameltolide,,,787-93-9,pl64
aprikalimum,aprikalim,,,92569-65-8,pl64
aprosulatum natricum,aprosulate sodium,,,123072-45-7,pl64
arbutaminum,arbutamine,,,,pl64
avizafonum,avizafone,,,128470-16-6,pl64
arbutaminum,arbutamine,,,,pl64
avizafonum,avizafone,,,65617-86-9,pl64
barnidipinum,barnidipine,,,104713-75-9,pl64
batelapinum,batelapine,,,95634-82-5,pl64
bemesetronum,bemesetron,,,,pl64
bertosamilum,bertosamil,,,,pl64
betamipronum,betamipron,,,,pl64
bimakalimum,bimakalim,,,40796-97-2,pl64
bemesetronum,bemesetron,,,,pl64
bertosamilum,bertosamil,,,,pl64
betamipronum,betamipron,,,,pl64
bimakalimum,bimakalim,,,126825-36-3,pl64
bemesetronum,bemesetron,,,,pl64
bertosamilum,bertosamil,,,,pl64
betamipronum,betamipron,,,,pl64
bimakalimum,bimakalim,,,,pl64
bemesetronum,bemesetron,,,,pl64
bertosamilum,bertosamil,,,,pl64
betamipronum,betamipron,,,,pl64
bimakalimum,bimakalim,,,3440-28-6,pl64
bindaritum,bindarit,,,130641-38-2,pl64
brinazaronum,brinazarone,,,89622-90-2,pl64
carperitidum,carperitide,,,89213-87-6,pl64
cefdaloximum,cefdaloxime,,,111223-26-8,pl64
crospovidonum,crospovidone,,,9003-39-8,pl64
didanosinum,didanosine,,,69655-05-6,pl64
draflazinum,aflaazine,,,120770-34-5,pl64
ecabetum,ecabet,,,33159-27-2,pl64
englitazonum,englitazone,,,109229-58-5,pl64
enloplatinum,enloplatin,,,111523-41-2,pl64
etarotenum,etarotene,,,87719-32-2,pl64
fadrozolum,fadrozole,,,102676-47-1,pl64
fantofaronum,fantofarone,,,114432-13-2,pl64
fasudilum,fasudil,,,103745-39-7,pl64
gadoteridolum,gadoteridol,,,120066-54-8,pl64
paramagnetic contrast medium,irinotecanum Irinotecan,,,97682-44-5,pl64
leucigiumerum,leuciglumer,,,41385-14-2,pl64
liarozolum,liarozole,,,115575-11-6,pl64
loteprednolum,loteprednol,,,121288-39-9,pl64
lufirontlum,lufironil,,,128075-79-6,pl64
mirfentanilum,mirfentanit,,,117523-47-4,pl64
mizolastinum,mizolastine,,,108612-45-9,pl64
mofezolacum,mofezolac,,,78967-07-4,pl64
molgramostimum,molgramostim,,,99283-10-0,pl64
mosapraminum,mosapramine,,,89419-40-9,pl64
nadifloxacinum,nadifloxacin,,,,pl64
nafagrelum,nafagrel,,,,pl64
nefiracetamum,nefiracetam,,,124858-35-1,pl64
oxiglutationum,oxiglutatione,,,,pl64
palonidipinum,palonidipine,,,,pl64
panipenemum,panipenem,,,27025-41-8,pl64
parnaparinum natrium,parnaparin sodium,,,,pl64
pegaspargasum,pegaspargase,,,130167-69-0,pl64
quinotolastum,quinotolast,,,101193-40-2,pl64
quinupristinum,quinupristin,,,120138-50-3,pl64
racementholum,racementhol,,,15356-70-4,pl64
regramostimum,regramostim,,,,pl64
ritolukastum,ritolukast,,,111974-60-8,pl64
sumarotenum,sumarotene,,,105687-93-2,pl64
tamsulosinum,tamsulosin,,,106133-20-4,pl64
temocaprilum,temocapril,,,111902-57-9,pl64
vinfosiltinum,vinfosiltine,,,,pl64
vinleucinolum,vinleucinol,,,,pl64
vorozolum,vorozole,,,123286-00-0,pl64
zabiciprilatum,zabiciprilat,,,90103-92-7,pl64
zalospironum,zalospirone,,,114298-18-9,pl64
levdropropizinum,levdropropizin,,,,pl64
levodropropizinum,levdropropizine,,,,pl64
acemannanum,acemannan,,,,pl64
taludipinum,taludipine,,,,pl64
teludipinum,teludipine,,,,pl64
fosquidonum,fosquidone,,,,pl64
acidum aceneuramicum,aceneuramic acid,,,131-48-6,pl65
amrubicinum,amrubicin,,,110267-81-7,pl65
amtolmetinum guacilum,amtolmetin guacil,,,87344-06-7,pl65
araprofenum,araprofen,,,15250-13-2,pl65
becliconazolum,becliconazole,,,,pl65
becliconazolum,becliconazole,,,,pl65
becliconazolum,becliconazole,,,112893-26-2,pl65
binospironum,binospirone,,,102908-59-8,pl65
jeridolum,teridol,,,132722-73-7,pl65
celmoleukinum,celmoleukin,,,94218-72-1,pl65
dapoxetinum,dapoxetine,,,119356-77-3,pl65
debropolum,debropol,,,24403-04-1,pl65
deramciclanum,deramciclane,,,120444-71-5,pl65
dexverapamilum,dexverapamil,,,38321-02-7,pl65
dolasetronum,dolasetron,,,115956-12-2,pl65
egualenum,egualen,,,,pl65
eltanolonum,id,,,99287-30-6,pl65
egualenum,egualen,,,,pl65
eltanolonum,eltanolone,,,99287-30-6,pl65
entacaponum,entacapone,,,130929-57-6,pl65
espatropatum,espatropate,,,132829-83-5,pl65
ganirelixum,ganirelix,,,124904-93-4,pl65
levcycloserinum,levcycloserine,,,,pl65
levcycloserinum,levcycloserine,,,339-72-0,pl65
levdobutaminum,levdobutamine,,,61661-06-1,pl65
lexithromycinum,lexithromycin,,,53066-26-5,pl65
linarotenum,linarotene,,,127304-28-3,pl65
modipafantum,modipafant,,,,pl65
naglivanum,naglivan,,,122957-06-6,pl65
modipafantum,modipafant,,,,pl65
naglivanum,naglivan,,,122575-28-4,pl65
panadiplonum,panadiplon,,,,pl65
parcetasalum,parcetasal,,,,pl65
pirsidominum,agonist,,,124423-84-3,pl65
panadiplonum,panadiplon,,,,pl65
parcetasalum,parcetasal,,,,pl65
pirsidominum,pirsidomine,,,87549-36-8,pl65
polifeprosanum,polifeprosan,,,90409-78-2,pl65
rotafagrelum,rolafagrel,,,89781-55-5,pl65
sifaprazinum,sifaprazine,,,131635-06-8,pl65
siltepiasum,silteplase,,,131081-40-8,pl65
stavudinum,stavudine,,,3056-17-5,pl65
tacalcitoium,tacalcitol,,,57333-96-7,pl65
terdecamnycinum,terdecamycin,,,113167-61-6,pl65
tinzaparinum natricum,tinzaparin sodium,,,,pl65
tolterodinum,tolterodine,,,124937-51-5,pl65
topotecanum,topotecan,,,123948-87-8,pl65
utibaprilatum,utibaprilat,,,109683-79-6,pl65
verlukastum,verlukast,,,120443-16-5,pl65
voglibosum,voglibose,,,83480-29-9,pl65
dofosfatum,dofosfate,,,,pl65
mofetilum,mofetil,,,,pl65
octilum,octyl,,,,pl65
amifostinum,amifostine,,,20537-88-6,pl65
roxatidinum,roxatidine,,,78273-80-0,pl65
epalrestatum,epalrestat,,,,pl65
beraprostum,beraprost,,,,pl65
cefdaloximum,cefdaloxime,,,80195-36-4,pl65
cetrorelixum,cetrorelix,,,120287-85-6,pl65
reviparinum natrium,reviparinum natri,,,,pl65
reviparinum natricum,reviparin sodium,,,,pl65
tamsulosinum,tamsulosin,,,,pl65
terikalantum,terikalant,,,121277-96-1,pl65
albifyllinum,albifylline,,,107767-55-5,pl66
alosetronum,alosetron,,,122852-42-0,pl66
atovaquonum,atovaquone,,,95233-18-4,pl66
befloxatonum,befloxatone,,,134564-82-2,pl66
betadexum,betadex,,,7585-39-9,pl66
cefditorenum,cefditoren,,,104145-95-1,pl66
cefozopranum,cefozopran,,,113359-04-9,pl66
cilnidipinum,cilnidipine,,,132203-70-4,pl66
deriglidolum,deriglidole,,,,pl66
dexfosfoserinum,dexfosfoserine,,,122830-14-2,pl66
ersoferminum,growth factor,,,111212-85-2,pl66
formestanum,formestane,,,566-48-3,pl66
gadobutrolum,gadobutrol,,,138071-82-6,pl66
paramagnetic contrast medium,paramagnetic contrast medi,,,,pl66
idraprilum,drapril,,,127420-24-0,pl66
llatreotidum,ilatreotide,,,126132-83-0,pl66
itopridum,itopride,,,122898-67-3,pl66
lamivudinum,lamivudine,,,134678-17-4,pl66
lanoconazolum,lanoconazole,,,101530-10-3,pl66
lesopitronum,lesopitron,,,132449-46-8,pl66
lifarizinum,lifarizine,,,119514-66-8,pl66
losartanum,losartan,,,114798-26-4,pl66
maslimomabum,maslimomab,,,127757-92-0,pl66
mecaserminum,mecasermin,,,68562-41-4,pl66
mosapridum,mosapride,,,,pl66
nartograstimum,nartograstrm,,,112885-41-3,pl66
nebacumabum,nebacumab,,,,pl66
necopidemum,necopidem,,,,pl66
nevirapinum,nevirapine,,,138661-01-5,pl66
odalprofenum,odalprofen,,,,pl66
htetreotidum,pentetreotide,,,,pl66
perfosfamidum,perfosfamide,,,137460-88-9,pl66
plomestanum,plomestane,,,77016-85-4,pl66
racephedrinum,racephedrine,,,126222-34-2,pl66
sargramostimum,sargramostim,,,123774-72-1,pl66
seproxetinum,seproxetine,,,126924-38-7,pl66
sevirumabum,sevirumab,,,,pl66
simendanum,simendan,,,129566-95-6,pl66
tamolarizinum,tamolarizine,,,128229-52-7,pl66
trimegestonum,trimegestone,,,74513-62-5,pl66
tucaresolum,tucaresol,,,,pl66
tuvirumabum,tuvirumab,,,120373-36-6,pl66
velaresolum,velaresol,,,77858-21-0,pl66
zaldaridum,zaldaride,,,109826-26-8,pl66
zoniclezolum,zoniclezole,,,121929-20-2,pl66
orlipastatum,orlipastat,,,,pl66
orlistatum,orlistat,,,,pl66
rcilobradinum,cilobradine,,,,pl66
lenograstimum,lenograstim,,,135968-09-1,pl66
racementholum,racementol,,,61197-73-7,pl66
amesergidum,amesergide,,,,pl67
amitivirum,amitivir,,,121588-75-8,pl67
andolastum,andolast,,,132640-22-3,pl67
camiglibosum,camiglibose,,,127214-23-7,pl67
carsatrinum,carsatrin,,,125363-87-3,pl67
ecabapidum,ecabapide,,,104775-36-2,pl67
icatibantum,icatibant,,,130308-48-4,pl67
contrast medium,latanoprostum latanoprost,,,130209-82-4,pl67
linopirdinum,linopirdine,,,105431-72-9,pl67
pranlukastum,praniukast,,,103177-37-3,pl67
remifentanilum,remifentanil,,,132875-61-7,pl67
revizinonum,revizinone,,,133718-29-3,pl67
enemum,rupenem,,,84845-57-8,pl67
semorphonum,semorphone,,,88939-40-6,pl67
turosteridum,turosteride,,,137099-09-3,pl67
venritidinum,venritidine,,,93064-63-2,pl67
zanoteronum,zanoterone,,,107000-34-0,pl67
acoxilum,acoxil,,,,pl67
teceleukinum,teceleukin,,,,pl67
niguldipinum,niguldipine,,,,pl67
cilobradinum,cilobradine,,,109859-78-1,pl67
alestramustinum,alestramustine,,,139402-18-9,pl68
alglucerasum,alglucerase,,,143003-46-7,pl68
alovudinum,alovudine,,,25526-93-6,pl68
berefrinum,berefrine,,,105567-83-7,pl68
cilansetronum,cilansetron,,,120635-74-7,pl68
ecadotrilum,ecadotril,,,112573-73-6,pl68
fialuridinum,fialuridine,,,69123-98-4,pl68
icoduline icodulinum,igmesinum igmesine,,,138511-81-6,pl68
iobitridolum,iobitrido!,,,136949-58-1,pl68
contrast medium,serotonin receptor antagonist,,,123258-84-4,pl68
losoxantronum,losoxantrone,,,88303-60-0,pl68
osateronum,osaterone,,,105149-04-0,pl68
ramorelixum,ramorelix,,,136639-71-9,pl68
siratiazemum,siratiazem,,,138778-28-6,pl68
sonerminum,sonermin,,,144916-42-7,pl68
sulopenemum,sulopenem,,,120788-07-0,pl68
tallimustinum,tallimustine,,,115308-98-0,pl68
teloxantronum,teloxantrone,,,91441-48-4,pl68
thymoctonanum,thymoctonan,,,107489-37-2,pl68
tiquesidum,tiqueside,,,,pl68
tirapazaminum,tirapazamine,,,99759-19-0,pl68
troglitazonum,troglitazone,,,97322-87-7,pl68
valsartanum,valsartan,,,,pl68
hydroxydum,corticotrophin zinc hydroxide,,,,pl68
docetaxolum,docetaxol,,,,pl68
docetaxelum,docetaxo!,,,,pl68
leuciglumerum,leuciqlumer,,,144058-40-2,pl68
alvirceptum sudotoxum,alvircept sudotox,,,,pl69
aranidipinum,aranidipine,,,137487-62-8,pl69
ciprokirenum,ciprokiren,,,143631-62-3,pl69
ferpifosatum natricum,ferpifosate sodium,,,138708-32-4,pl69
iloperidonum,iloperidone,,,133454-47-4,pl69
nildipinum,emildipine,,,125729-29-5,pl69
ormeloxifenum,ormeloxifene,,,78994-24-8,pl69
selfotelum,selfotel,,,110347-85-8,pl69
ularitidum,ularitide,,,118812-69-4,pl69
valaciclovirum,valaciclovir,,,124832-26-4,pl69
vebufloxacinum,vebufloxacin,,,79644-90-9,pl69
epolaminum,epolamine,,,2955-88-6,pl69
pipecuronii bromidum,pipecuronium bromide,,,52212-02-9,pl69
adrafinilum,adrafinil,,,,pl69
bropiriminum,bropirimine,,,,pl69
masnidipinum,masnidipin,,,,pl69
lercanidipinum,lercanidipine,,,,pl69
bizeiesinum,bizelesin,,,,pl69
glemanserinum,glemanserin,,,,pl69
leminoprazolum,leminoprazole,,,,pl69
abciximabum,abciximab,,,143653-53-6,pl70
adelmidrolum,adelmidrol,,,,pl70
afovirsenum,afovirsen,,,,pl70
aglepristonum,aglepristone,,,,pl70
alnespironum,alnespirone,,,,pl70
arteflenum,thymidine,,,1675-66-7,pl70
adelmidrolum,adelmidrol,,,,pl70
afovirsenum,afovirsen,,,,pl70
aglepristonum,aglepristone,,,,pl70
alnespironum,alnespirone,,,,pl70
arteflenum,arteflene,,,138298-79-0,pl70
batimastatum,batimastat,,,130370-60-4,pl70
certoparinum natricum,certoparin sodium,,,,pl70
cinalukastum,cinalukast,,,,pl70
detumomabum,detumomab,,,128312-51-6,pl70
dexketoprofenum,dexketoprofen,,,22161-81-5,pl70
elopiprazolum,elopiprazole,,,115464-77-2,pl70
emideltidum,emideltide,,,62568-57-4,pl70
enlimomabum,enlimomab,,,142864-19-5,pl70
imitrodastum,imitrodast,,,114686-12-3,pl70
iralukastum,iralukast,,,151581-24-7,pl70
laflunimusum,laflunimus,,,,pl70
laflunimus,,,,147076-36-6,pl70
lafutidinum,lafutidine,,,118288-08-7,pl70
laurcetii bromidum,laurcetium bromide,,,1794-75-8,pl70
lecimibidum,lecimibide,,,130804-35-2,pl70
ledismasum,ledismase,,,149394-67-2,pl70
lemoxinolum,lemoxinol,,,112809-51-5,pl70
lubeluzolum,lubeluzole,,,144665-07-6,pl70
nupafantum,nupafant,,,139133-27-0,pl70
oxeclosporinum,oxeclosporin,,,135548-15-1,pl70
sprodiamidum,sprodiamide,,,138721-73-0,pl70
radiocontrast medium,radiocontrast medi,,,,pl70
telmisartanum,telmisartan,,,144701-48-4,pl70
temoporfinum,temoporfin,,,122341-38-2,pl70
tisartanum,tisartan,,,137882-98-5,pl70
tolafentrinum,tolafentrine,,,139308-65-9,pl70
tradecamidum,tradecamide,,,132787-19-0,pl70
votumumabum,votumumab,,,148189-70-2,pl70
xanomelinum,xanomeline,,,131986-45-3,pl70
zankirenum,zankiren,,,138742-43-5,pl70
zolasartanum,zolasartan,,,145781-32-4,pl70
edaminum,edamine,,,,pl70
mitindomidum,mitindomide,,,,pl70
gadodiamidum,gadodiamide,,,131410-48-5,pl70
pendetidum,pendetide,,,148805-91-8,pl70
acidum gadoxeticum,gadoxetic acid,acide gadoxétique,ácido gadoxetico,135326-11-3,pl71
acidum ibandronicum,ibandronic acid,acide ibandronique,ácido ibandrónico,118072-93-8,pl71
acidum olpadronicum,olpadronic acid,acide olpadronique,ácido olpadrónico,118072-93-8,pl71
acidum zoledronicum,zoledronic acid,acide zolédronique,ácido zoledrónico,118072-93-8,pl71
apaxifyllinum,apaxifylline,apaxifylline,nootropo,151581-23-6,pl71
atorvastatinum,atorvastatin,hypolipémiant,atorvastatina,,pl71
balaziponum,balazipone,balazipona,citoprotector,137109-71-8,pl71
balofloxacinum,balofloxacin,balofloxacine,balofloxacino,150490-85-0,pl71
candlesartanum,candesartan,candésartan,candesartan,145040-37-5,pl71
cefluprenamum,cefluprenam,cefluprenam,antibiótico,116853-25-9,pl71
cefoselisum,antibrotic,céfosélis,antibiótico,122841-10-5,pl71
cilmoslimum,cilmostim,cilmostim,modulador de los neutrofilos polimorfonucleares,132210-43-6,pl71
coleslimidum,colestimide,hypolipémiant,colestimida,95522-45-5,pl71
dacliximabum,dacliximnab,Immunosuppresseur,inmunosupresor,152923-56-3,pl71
delavirdinum,delavirdine,délavirdine,,136817-59-9,pl71
dexpemedolacum,dexpemedolac,dexpémédolac,dexpemedolaco,114030-44-3,pl71
elegatranum,efegatran,inhibiteur de la thrombine,efegatran,105806-65-3,pl71
efletirizinum,[2-[4-[bis(p-fluorophenyl)methy|]-1-piperazinyl]ethoxy]acetic acid,efletirizine,efletirizina,150756-35-7,pl71
eprosarlanum,eprosarlan,eprosartan,"$A_{3},$ ,20%: $C_{41}H_{57}NO_{10}S$",150702-33-3,pl71
gadoversetamidum,"[N,N-bis[2-[[(carboxymethyl)[(2-methoxyethyl)carbamoyl]methyl]amino]ethyl}= glycinato(3-)]gadolinium","[N,N-bis[2-[(carboxyméthyl)[2-[(2-méthoxyéthyl)amino]-2-oxoéthyi]amino]= éthyl]glycinato(3-)]gadolinium",gadoversetamide,20098-14-0,pl71
ifetrobanum,"o-[[(1S,2R,3S,4R)-3-[4-(pentylcarbamoyl)-2-oxazolyl]-7-oxabicyclo[2 2.1]hept-2-yl]methyl]hydrocinnamic acid",ifetroban,imidaprilat,89371-44-8,pl71
inolimomabum,inolimomab,immunosuppresseur,inmunosupresor,152981-31-2,pl71
ipenoxazonum,"(+)-(4S,5R)-3-[3-(hexahydro-1H-azepin-1-yl)propyl]-4-isobutyl-5-phenyl-2-oxazolidinone",ipenoxazone,oxazolidinona,104454-71-9,pl71
irbesartanum,"2-butyl-3-[p-(o-1H-tetrazol-5-ylphenyl)benzy1]-1,3- diazaspiro[4.4]non-1-en-4-one",irbesartan,Itamelina,121750-57-0,pl71
lexacalcitolum,lexacalcitol,lexacalcitol,lutropinum alfa,152923-57-4,pl71
nacolomabum talenatoxum,nacolomab tafenatox,nacolomab tafénatox,nacolomab tafenatox,150631-27-9,pl71
nemorubicinum,nemorubicin,nemorubicina,antineoplásico,108852-90-0,pl71
pazufloxacinum,pazufloxacin,pazufloxacine,pazufloxacino,127045-41-4,pl71
perospironum,perospirone,pérospirone,antipsicótico,150915-41-6,pl71
pimilproslum,pimilprost,pimilprost,inhibidor de la agregación plaquetaria,139403-31-9,pl71
regavirumabum,regavirumab,regavirumab,rocépafant,132418-36-1,pl71
ruzadolanum,ruzadolane,ruzadolane,,115762-17-9,pl71
teverelixum,teverelix,teverelix,,144743-92-0,pl71
versetamidum,versetamide,"N,N-bis[2-[(carboxyméthyl)[2-[(2-méthoxyéthyl)amino]-2-oxoéthyl]amino]éthyl]= glycine",versétamide,129009-83-2,pl71
verteporfinum,verteporfin,verteporfina,carbamato,107753-78-6,pl71
zifrosilonum,zifrosilone,zifrosilone,,132236-18-1,pl71
zucapsaicinum,zucapsaicin,valproate semisodique,"antiprotozoal substances, metronidazole derivatives",114977-28-5,pl71
ololum,-olol,,,,pl71
acitazanolastum,acitazanolast,acitazanolast,acitazanolast,114607-46-4,pl72
adefovirum,adefovir,adéfovir,adefovir,106941-25-7,pl72
afelimomabum,afelimomab,afélimomab,afelimomab,156227-98-4,pl72
alniditanum,alniditan,"antimigraineux, agoniste de la sérotonine",alniditan,152317-89-0,pl72
anakinrum,anakinra,anakinra,anakinra,143090-92-0,pl72
anastrozolum,anastrozole,antinéoplasique,anastrozol,120511-73-1,pl72
aptiganelum,aptiganel,aptiganel,antiarrítmico,149908-53-2,pl72
basifunginum,basifungin,D-phénylalanyi-L-prolyl-L-arginyl-L-prolyl-glycyl-glycyl-glycyl-glycyl-L-asparaginyl-glycyl-L-a-aspartyl-L-phénylalanyl-L-ax-glutamyl-L-α-glutamyl-L-isoleucyl-L-prolyl-L-α-glutamyl-L-α-glutamyl-L-tyrosyl-L-leucine anticoagulant,anticoagulante,128270-60-0,pl72
capecitabinum,capecitabine,capécitabine,capecitabina,113852-37-2,pl72
cromoglicas lisetilum,cromoglicate lisetil,"cromoglicate lisétil (+)-5,5'-[[2-[[(2S)-2,6-diaminohexanoyl]oxy]propane-1,3-diyl]dioxy]bis(4-oxo-4H-chromène-2-carboxylate d'éthyle)","antialérgico, antiasmático",110816-79-0,pl72
ebalzotanum,ebalzotan,agoniste de la sérotonine,ebalzotan,149494-37-1,pl72
elisartanum,"elisartan (±)-1-hydroxyethyl 2-butyl-4-chloro-1-[p-(o-1H-tetrazol-5-ylphenyl)benzyl]= imidazole-5-carboxylate, ethyl carbonate (ester)",antagoniste du récepteur de l'angiotensine Il,elisartan,158682-68-9,pl72
epoetinum epsilonum,epoetin epsilon,époétine epsilon,epoetina epsiton,102786-52-7,pl72
ersentilidum,ersentilide,ersentilide,,125279-79-0,pl72
examorelinum,examorelin,examoréline,examorelina,140703-51-1,pl72
fampridinum,fampridine,fampridina,antagonista del potasio,504-24-5,pl72
fenleutonum,fenleuton,Inhibiteur de la synthèsè des leucotriènes,fenleuton,141579-54-6,pl72
fodipirum,fodipir,fodipir,agente de diagnóstico,118248-91-2,pl72
fradafibanum,"(3S,5S)-5-[[(4'-amidino-4-biphenylyl)oxy]methyl]-2-oxo-3-pyrrolidineacetic acid",fradafiban,goralatida,120081-14-3,pl72
imigglucerasum,imiglucerase,imiglucérase,imiglucerasa,154248-97-2,pl72
inogatranum,inogatran,inogatran,inhibidor de la trombina,155415-08-0,pl72
insulinum lisprum,insulin lispro,insuline lispro,,133107-64-9,pl72
lamifibanum,lamifiban,acide 2-[[1-[(2S)-2-[(4-amidinobenzoyl)amino]-3-(4-hydroxyphényl)= propanoyl]pipéridin-4-yl]oxy]acétique,lamifiban,144412-49-7,pl72
lanperisonum,lanperisone,lanpérisone,,116287-14-0,pl72
lanprostonum,"lanproston (Z)-7-[(1R,2R,3R,5S)-2-[(E)-2-[2-[(m-chlorophenoxy)methyl]-1,3-dioxolan-2-yl]vinyl]-3,5-dihydroxycyclopentyl]-5-heptenoic acid luteotropic agent (vet.)",lanprostone,luteotrópico (vet.),,pl72
lenerceptum,lenercept,lénercept,lenercept,143943-73-1,pl72
lisofyllinum,lisofylline,lisofylline,,100324-81-0,pl72
lobucavirum,lobucavir,mangafodipir,mapinastine,137500-42-6,pl72
mazapertinum,mazapertine,mazapertine,mazapertina,134208-17-6,pl72
mibefraddilum,mibefradil,mibéfradil,mirisetron,135905-89-4,pl72
mobenakinum,mobenakin,mobénakine,mobenakina,124146-64-1,pl72
muplestimum,muplestim,muplestim,napsagatran,154397-77-0,pl72
netivudinum,netivudine,nétivudine,,,pl72
nicanartinum,nicanartine,nicanartine,,150443-71-3,pl72
nicotredolum,nicotredole,nicotrédole,ansiolítico,96604-21-6,pl72
olopatadinum,olopatadine,olopatadine,olopatadina,113806-05-6,pl72
ontazolastum,ontazolast,ontazolast,antasmático,147432-77-7,pl72
orientiparcinum,orientiparcin,,| --- |,159445-63-3,pl72
pegorgoteinum,pegorgotein,pégorgotéine,pegorgotein,155773-57-2,pl72
premafloxacinum,premafloxacin,prémafloxacine,premafloxacino,143383-65-7,pl72
priliximabum,priliximab,priliximab,Inmunomodulador,147191-91-1,pl72
prulifloxacinum,prulifloxacin,prulifloxacine,prulifloxacino,123447-62-1,pl72
quiflaponum,quiflapon,inhibiteur de la protéine activant la 5-lipoxygénase (FLAP),quiflapon,136668-42-3,pl72
rofleponidum,rofleponide,samixogrel,sanfetrinem,156769-21-0,pl72
saprisartanum,saprisartan,,,146623-69-0,pl72
saprisartan,"1-[[3-bromo-2-[o-(1,1,1-trifluoromethanesulfonamido)phenyl]-",1-[[3-bromo-2-[2-[[(tnfluorométhyl)sulfonyl]amino]phényl]benzofuran-5-yl]méthyl]-4-cyclopropyl-2-éthyl-1H-imidazole-5-carboxamide antagoniste du récepteur de l'angiotensine Il,saprisartan,146623-69-0,pl72
seprilosum,seprilose,séprilose,setipafant,132418-35-0,pl72
tagorizinum,tagorizine,tagorizine,,118420-47-6,pl72
talsaclidinum,talsaclidine,(3R)-3-(2-propynyloxy)quinuclidine,(3F)-3-(2-propiniloxi)quinuclidina,147025-53-4,pl72
tasosartanum,"5,8-dihydro-2,4-dimethyl-8-[p-(o-1H-tetrazol-5-ylphenyl)benzyl]pyrido= [2,3-d]pyrimidin-7(6H)-one",tasosartan,tazaroteno,118292-40-3,pl72
toborinonum,toborinone,toborinone,toborinona,143343-83-3,pl72
vedaprofenum,vedaprofen,védaprofène,zanamivir,145858-51-1,pl72
p. 6 candesartanum,candesartan,candésartan,insértese el número del registro del CAS por el siguiente:,145858-51-1,pl72
apafluranum,apaflurane,produit à usage diagnostique,apaffurano,431-89-0,pl73
azalanstatum,azalanstat,azalanstat,,143393-27-5,pl73
bisnafidum,bisnafide,bisnafida,144849-63-B,96946-42-8,pl73
delequaminum,"(8aR,12aS,13aS)-5,8,8a,9,10,11,12,12a,13,13a-decahydro-3-methoxy-12-(methylsulfonyl)-6H-isoquino[2,1-g][1,6]naphthyridine",delequamine,fozivudina tidoxilo,141790-23-0,pl73
ilomastatum,ilomastat,antinéoplasique,Ilomastat,113716-48-6,pl73
ipidacrinum,"9-amino-2,3,5,6,7,8-hexahydro-1H-cyclopenta[b]quinoline",Ipidacrine,inhibidor de la acetiicolinesterasa,62732-44-9,pl73
lenapenemum,lenapenem,antibiotique,lenapenem,149951-16-6,pl73
lepirudinum,lepirudin,anticoagulant,minolteparina sodica,9041-08-1,pl73
mipitrobanum,mipitroban,mipitroban,mipitrobán,,pl73
montelukastum,montelukast,napitano,y enantiómero,148152-63-0,pl73
nateplasum,nateplase,natéplase,mezcla dde:,139076-62-3,pl73
odulimomabum,odulimomab,odulimomab,odulimomab,159445-64-4,pl73
panamesinum,panamesine,panamésine,,139225-22-2,pl73
piclamilastum,piclamilast,,antiasmático,144035-83-6,pl73
plusonerminum,plusonermin,plusonermine,plusonermina,148504-51-2,pl73
pomisartanum,"4'-[[2-ethyl-4-methyl-6-(5,6,7,8-tetrahydroimidazo[1,2-a]pyridin-2-yl)-",pomisartan,"[1,5-c]pirimidin-2(3H)-ona",148504-51-2,pl73
rufinamidum,rufinamide,rufinamide,,106308-44-5,pl73
salnacedinum,salnacedin,salnacédine,salnacedina,87573-01-1,pl73
stacofyllinum,stacofylline,estacofilina,susalimod,149556-49-0,pl73
tamibarotenum,tamibarotene,tamibarotène,tamibaroteno,143224-34-4,pl73
thymalfasinum,thymalfasin,thymalfasine,Ac-Ser-Asp-Ala-Ala-Val-Asp-Thr-Ser-Ser-Glu-,62304-98-7,pl73
tirofibanum,tirofiban,tirofiban,tirofibán,144494-65-5,pl73
trovafloxacinum,trovafloxacin,trovafloxacine,trovafloxacino,137234-62-9,pl73
cilexetilum,cilexétil,remplacer la description par:,"respectivamente, en la cadena de proteina",159445-62-2,pl73
abafunginum,abafungin,"antibactérien, antifongique",abafungina,129639-79-8,pl74
abirateronum,abiraterone,abiratérone,"17-(3-piridil)androsta-5,16-dien-3β-ol antiandrógeno",154229-19-3,pl74
acidum ranelicum,ranelic acid,acide ranélique,ácido ranélico,135459-87-9,pl74
alinastinum,alinastine,alinastine,alinastina,154541-72-7,pl74
almurtidum,almurtide,almurtide,,61136-12-7,pl74
amelometasonum,amelometasone,amélométasone,,123013-22-9,pl74
apadolinum,apadoline,apadoline,,135003-30-4,pl74
arcitumomabum,arcitumomab,,,154361-48-5,pl74
arcitumomab,arcitumomab,arcitumomab,agente de diagnóstico,154361-48-5,pl74
asimadolinum,asimadoline,asimadoline,,153205-46-0,pl74
atizoramum,atizoram,atizoram,atizoram,135637-46-6,pl74
atliprofenum,atliprofen,atliprofène,ácido $(\pm )$ $P$ -3-tienilhidratropico,,pl74
avorelinum,avorelin,avorelina,agonista de la hormona de liberación de hormona luteinizante,140703-49-7,pl74
becaplerminum,becaplermin,,,165101-51-9,pl74
cariporidum,cariporide,cariporide,inhibidor del transporte activo $Na^{+}/H^{+}$,159138-80-4,pl74
cerivastatinum,cerivastatin,cérivastatine,cerivastatina,145599-86-6,pl74
ceterminum,cetermin,cétermine,,14320-04-8,pl74
ciaftalanum zincum,ciaftalan zinc,,ciaftalán zinc,14320-04-8,pl74
dabelotinum,dabelotine,dabélotine,dabelotina,118976-38-8,pl74
danaparoidum natricum,danaparoid sodium,danaparoïde sodique,danaparoide sódico,153438-49-4,pl74
dapitantum,dapitant,"(3aS,4S,7aS)-hexahydro-2-[(αS)-o-methoxyhydratropoyl}-",dapitant,153438-49-4,pl74
dexsotalolum,dexsotalol,dexsotalol,dexsotalol,30236-32-9,pl74
droxinavirum,droxinavir,droxinavir,,159910-86-8,pl74
edaravonum,edaravone,édaravone,,,pl74
edrecolomabum,edrecolomab,édrécolomab,edrecolomab,156586-89-9,pl74
eletriptanum,eletriptan,élétriptan,eletriptán,143322-58-1,pl74
emoctakinum,emoctakin,emoctakin,| --- |,,pl74
fabesetronum,"(+)-(R)-B,9-dihydro-10-methyl-7-[(5-methylimidazol-4-yl)methyl]pyrido= [1,2-ajindol-6(7H)-one",fabesetron,13503B-57-2,129300-27-2,pl74
fexofenadinum,fexofenadine,fexofénadine,fexofenadina,145216-43-9,pl74
furominum,furomine,produit à usage diagnostique,furomina,160738-57-8,pl74
glaspimodum,glaspimod,glaspimod,,134143-28-5,pl74
igovomabum,igovomab,igovomab,igovomab,150378-17-9,pl74
indinavirum,indinavir,indinavir,,150378-17-9,pl74
iroplactum,iroplact,Iroplact,| --- |,154248-96-1,pl74
levobupivacainum,levobupivacaine,lévobupivacaïne,,27262-47-1,pl74
linetastinum,linetastine,linétastine,,159776-68-8,pl74
lintitrlptum,lintitrlpt,lintitript,lintitript,136381-85-6,pl74
lirexapridum,lirexapride,lirexapride,lirexaprida,149882-10-0,pl74
melagatranum,melagatran,mélagatran,inhibidor de la trombina,159776-70-2,pl74
milamelinum,milameline,milaméline,nootrópico,139886-32-1,pl74
milodistimum,milodistim,miproxifeno,| APARSPSPST |  QPWEHVNAIQ |  EALRLLDLSR |  DTAAEMNEEV |,129612-87-9,pl74
nepaprazolum,nepaprazole,népaprazole,y enantiómero,156601-79-5,pl74
osanetantum,"N-[1-[3-[ $S$ )-1-benzoyl-3-(3,4-dichlorophenyl)-3-piperidyl]propyl]-4-phenyl-",osanetant,osanetant,160492-56-8,pl74
pagoclonum,pagoclone,pagoclone,pagoclona,135729-56-5,pl74
pamaquesidum,pamaqueside,pamaquéside,pamaquesida,150332-35-7,pl74
peldesinum,peldesine,peldésine,peldesina,133432-71-0,pl74
pramlintidum,pramlintide,pramlintide,pramlintida,111974-69-7,pl74
raltitrexedum,raltitrexed,raltitrexed,raltitrexed,76675-97-3,pl74
revatropatum,revatropate,révatropate,,149926-91-0,pl74
rismorelinum,rismorelin,rismoréline,rismorelina,155213-67-5,pl74
rupatadinum,"8-chloro-6,11-dihydro-11-[1-[(5-methyl-3-pyridyl)methyl]-4-piperidylidene]-5H-benzo[5,6]cyclohepta[1,2-b]pyridine",rupatadine,rupatadina,158876-82-5,pl74
samarii ( $^{153}Sm$ ) lexidronamum,samarium ( $\{\}^{153}Sm$  ) lexidronam,sampatrilat,inhibidor de la enzima conversora de la angiotensina,154427-83-5,pl74
sildenafilum,sildenafil,sildénafil,,139755-83-2,pl74
sinitrodilum,sinitrodil,sinitrodil,,143248-63-9,pl74
sipatriginum,sipatrigine,sipatrigine,sipatrigina,130800-90-7,pl74
tilnoprofenum arbamelum,tilnoprofen arbamel,tilnoprofène arbamel,,,pl74
traferminum,trafermin,trafermine,trafermina,131094-16-1,pl74
trifosminum,trifosmin,trifosmina,valnemulin,83622-85-9,pl74
xemilofibanum,xemilofiban,xémilofiban,xemilofibán,123760-07-6,pl74
zinostatinum stimalamerum,zinostatin stimalamer,antagoniste du récepteur du fibrinogène,zinostatina estimalámero,123760-07-6,pl74
zolmitriptanum,zolmitriptan,zolmitriptan,zolmitriptán,141845-82-1,pl74
colestimidum,colestimid,,,102733-72-2,pl74
colestilanum,colestimide,insert /insérer / insértese,sustituyase la descripción por la siguiente:,102733-72-2,pl74
marsidominum,marsidomin,,,102733-72-2,pl74
darsidominum,marsidomine,CAS par:,CAS por:,102733-72-2,pl74
agomelatinum,agomelatine,agomélatine,alatrofloxacin,157182-32-6,pl75
anseculinum,anseculin,nootrope,anseculina,155773-59-4,pl75
aripiprazolum,aripiprazole,aripiprazole,aripiprazol,129722-12-9,pl75
arofyllinum,arofylline,arofylline,antiasmático,136145-07-8,pl75
atiprimodum,atiprimod,atiprimod,atiprimod,123018-47-3,pl75
bectumomabum,bectumomab,bectumomab,,158318-63-9,pl75
beloxepinum,beloxepin,anticoagulant,bémiparine sodique,9041-08-1,pl75
cemadotinum cemadotin,"N,N-dimethyl-L-valyl-L-valyl-N-methyl-L-valyl-L-prolyl-N-benzyl-L-prolinamide antineoplastic",antinéoplasique,cemadotina,140661-97-8,pl75
donepezilum,donepezil,nootrope,donepezilo,120014-06-4,pl75
dronedaronum,dronedarone,dronédarone,"antianginoso, antiarrítmico",141626-36-0,pl75
ecamsulum,ecamsule,écamsule,ecamsul,,pl75
efepristinum,efepristin,efepristina,,57206-54-9,pl75
elinafidum,elinafide,elinafida,antineoplásico,162706-37-8,pl75
filaminastum,filaminast,filaminast,filaminast,141184-34-1,pl75
flibanserinum,flibanserin,flibansérine,subunidad β:,150490-84-9,pl75
fomivirsenum,fomivirsen,fomivirseno,,144245-52-3,pl75
foropafantum,foropafant,foropafant,foropafant,155798-07-5,pl75
ivabradinum,ivabradine,Ivabradine,,157476-77-2,pl75
landiololum,landiolol,landiolol,,133242-30-5,pl75
lefradafibanum,lefradafiban,léfradafiban,lefradafibán,149503-79-7,pl75
marimastatum,marimastat,antinéoplasique,marimastat,154039-60-8,pl75
maxacalcitolum,maxacalcitol,maxacalcitol,mazokalim,163250-90-6,pl75
pranazepidum,pranazepide,rizatriptan,rizatriptán,144034-80-0,pl75
saredutantum,saredutant,sarédutant,saredutant,167747-19-5,pl75
taltirelinum,taltirelin,taltiréline,,169312-27-0,pl75
technetium ( $99mTc$ ) pintumomabum,technetium ( $\{\}^{99m}\mathrm {Tc}$ ) pintumomab,produit à usage radiodiagnostique,technétium ( $99mTc$ ) pintumomab,157476-76-1,pl75
terbogrelum,terbogrel,terbogrel,terbogrel,160677-67-8,pl75
vinfluninum,vinflunine,vinflunine,vinflunina,83799-24-0,pl75
abacavirum,abacavir,abacavir,,136470-78-5,pl76
almotriptanum,almotriptan,almotriptan,antidiabético,122384-88-7,pl76
avitriptanum,avitriptan,avitriptan,avitriptán,156862-51-0,pl76
bamaquimastum,bamaquimast,bamaquimast,bamaquimast,135779-82-7,pl76
basiliximabum,basrliximab,Immunomodulateur,basiliximab,179045-86-4,pl76
bimoclomolum,bimoclomol,adjuvant d'antidiabétiques,,130493-03-7,pl76
blonanserinum,blonanserin,inhibiteur de l'anhydrase carbonique,Inhibidor de la anhidrasa carbónica,138890-62-7,pl76
cevimelinum,cevimeline,céviméline,and enantiomer,142155-43-9,pl76
dalcotidinum,dalcotidin,dalcotidine,dalcotidina,120958-90-9,pl76
daniplestimum daniplestim,14-L-alanine-18-L-isoleucine-25-L-histidine-29-L-arginine-32-L-asparagine-37-L-proline-42-L-serine-45-L-methionine-51-L-arginine-55-L-threonine-59-L-leucine-62-L-valine-67-L-histidine-69-L-glutamic acid-73-glycine-76-L-alanine-79-L-arginine-82-L-glutamine-87-L-serine-93-L-serine-9B-L-isoleucine-101-L-alanine-105-L-glutamine-109-L-glutamic acid-116-L-valine-120-L-glutamine-123-L-glutamic acid-14-125-interleukin 3(human clone D11 reduced),daniplestim,daniplestim,161753-30-6,pl76
dexefaroxanum,"(+)-(R)-2-(2-ethyl-2,3-dihydro-2-benzofuranyl)-2-imidazoline",dexefaroxan,4-acridancarboxanilida,143664-11-3,pl76
eldaclmibum,eldacimibe,eldacimibe,eldacimiba,141993-70-6,pl76
eperezolidum,eperezolid,eperezolida,antibacteriano,165800-04-4,pl76
esatenololum,esatenolol,ésaténolol,esatenolol,93379-54-5,pl76
faralimomabum,faralimomab,Immunomodulateur,faralimomab,167816-91-3,pl76
gacyclidinum,gacyclidin,gacyclidine,y enantiómero,68134-81-6,pl76
ganaxolonum,ganaxolone,ganaxolone,,38398-32-2,pl76
hemoglobinum crosfumarilum,hemoglobin crosfumaril,hémoglobine crosfumaril,hemoglobina crosfumarilo,142261-03-8,pl76
indisetronum,"N-(3,9-dimethyl-endo-3,9-diazabicyclo[3.3.1]non-7-yl)-1H-indazole-3-carboxamide",indisetron,3-carboxammida,,pl76
insulinum aspartum,insulin aspart,,,136794-86-0,pl76
insulinum glarginum,insulin glargine,antidiabetic,$28^{B}$ -L-ácido aspártico-insulina(humana) antidiabético,136794-86-0,pl76
israpafantum,israpafant,israpafant,"s-tnazolo[4,3-a][1,4]diazepina",174722-30-6,pl76
lanoteplasum,lanoteplase,lanotéplase,lanoteplasa,175385-62-3,pl76
ledoxantronum,ledoxantrone,ledoxantrona,antineoplásico,113457-05-9,pl76
linezolidum,linezolid,antibactérien,linezolid,165800-03-3,pl76
lintuzumabum,lintuzumab,"Immunoglobuline G 1 {chaîne légère y1 de l'anticorps monoclonal de souris humanisé HuM195 dirigé contre l'antigène CD 33 humain), dimère du disulfure avec la chaîne k del'anticorps monoclonal humnain HuM195immunomodulateur",lintuzumab,166089-32-3,pl76
metesindum,metesind,antinéoplasique,metesind,138384-68-6,pl76
milfasartanum,methyl 2-[[4-butyl-2-methyl-6-oxo-5-[p-(0-1H-tetrazol-5-ylphenyl)benzyl]-,milfasartan,"$3'$ -pirrolidin]-1,2',3,5'(2H)-tetrona",129688-50-2,pl76
nagrestipenum,nagrestipen,nagrestipen,| --- |,166089-33-4,pl76
nelfinavirum,nelfinavir,nelfinavir,,159989-64-7,pl76
nerelimomabum,nerelimomab,nerelimomab,inmunomodulador,162774-06-3,pl76
omiloxetinum,omiloxetine,omiloxétine,y enantiómero,176894-09-0,pl76
opratonii iodidum,opratonium iodide,"iodure de N,N,N-triméthyl-3-(undéc-10-énoyiamino)propan-1-aminium antiseptique",,146919-78-0,pl76
oprelvekinum,oprelvekin,oprelvékine,oprelvekina,145941-26-0,pl76
osutidinum,osutidine,osutidine,,140695-21-2,pl76
pelubiprofenum,pelubiprofen,pélubiprofène,pelubiprofeno,158364-59-1,pl76
quilostigminum,quilostigmine,quilostigmine,quilostigmina,139314-01-5,pl76
retigabinum,retigabine,rétigabine,,150812-12-7,pl76
sabcomelinum,sabcomeline,sabcoméline,nootropo,159912-53-5,pl76
scopinastum,scopinast,scopinast,escopinast,145574-90-9,pl76
soretolidum,soretolide,| tasonerminum |  |,,165942-79-0,pl76
temiverinum,temiverine,témivérine,temiverina,173324-94-2,pl76
teserstigminum,teserstigmine,teserstigmina,nootropo,147650-57-5,pl76
ticolubantum,"(E)-6-[[(2,6-dichlorophenyl)thio]methyl]-3-(phenethyloxy)-2-pyridineacrylic acid",ticolubant,| vedaclidinum |  |,141575-50-0,pl76
anisatilum,anisatil,anisatil,| --- | --- |,53664-53-2,pl76
ecamsulum,ecamsule,"pro-urokinase (activateur d'enzyme) (fraction protéique issue ddu clone humain pA3/pD2/pF1), glycosylée",insértese el número del registro del CAS siguiente:,92761-26-7,pl76
acreozastum,acreozast,acréozast,acreozast,123548-56-1,pl77
aseripidum,aseripide,aséripide,aseripida,182212-66-4,pl77
cedelizumabum,cedelizumab,cédélizumab,,135821-54-4,pl77
ceftizoximum alapivoxilum,ceftizoxime alapivoxil,immunomodulateur,inmunomodulador,135821-54-4,pl77
celgosivirum,celgosivir,,,121104-96-9,pl77
clenoliximabum,clenoliximab,clenoliximab,Inmunomodulador,,pl77
colesevelamum,colesevelam,colésévelam,colesevelam,,pl77
eniluracilum,eniluracil,eniluracil,59989-1B-3,,pl77
enlimomabum pegolum,enlimomab pegol,enlimomab pégol,inmunomodulador,169802-84-0,pl77
eplerenonum,eplerenone,eplerenona,felvizumab,167747-20-8,pl77
fudosteinum,fudosteine,fudostéine,fudosteína,13189-98-5,pl77
gavestinelum,gavestinel,"acide 4,6-dichloro-3-[(E-2-(phénylcarbamoyl)éthényl]-1H-indole-2-carboxylique",gavestinel,153436-22-7,pl77
gavestinel,,,"ácido 4,6-dicloro-3-[(E)-2-(fenilcarbamoil)vinil]indol-2-carboxílico antagonista de los receptores de NMDA",153436-22-7,pl77
glufosfamidum,glufosfamide,"N,N'-bis(2-chloroéthyl)phosphorodiamidate de β-D-glucopyranosyle antinéoplasique",glufosfamide,132682-98-5,pl77
infliximabum,infliximab,Infliximab,| MCDLPQTHSLG | NRRALILLAQ | MRRISPFSCL |  KDRHDFGFPQ |,118390-30-0,pl77
lanepitantum,"N-[(R)-2-indol-3-yl-1-[[N-(o-methoxybenzyl)acetamido] methyl]ethyl] [1,4'-bipiperidine]-1'-acetamide",lanepitant,lanepitant,170566-84-4,pl77
licostinelum,licostinel,licostinel,"6,7-dicloro-1,4-dihidro-5-nitro-2,3-quinoxalinadiona",153504-81-5,pl77
lumefantrinum,lumefantrine,lurnéfantrine,antipalúdico,82186-77-4,pl77
milacainidum,milacainide,mivobulina,nonacog alfa,113478-33-4,pl77
oberadilolum oberadilol,"(±)-4-chloro-2-[3-[[1,1-dimethyl-2-[p-(1,4,5,6-tetrahydro-4-methyl-6-oxo-3-pyndazinyl)anilino]ethyl]amino]-2-hydroxypropoxy]benzonitrile $\beta$ -adrenoceptor antagonist",obéradilol,,114856-44-9,pl77
opanixilum opanixil,"4-amino-2-(4,4-dimethyl-2-oxo-1-imidazolidinyl)-N-ethyl-α,α,α-trifluoro-5-pyrimidinecarboxy-m-toluidide antihyperlipidaemic",opanixil,,152939-42-9,pl77
oraziponum,orazipone,Immunosuppresseur,,137109-78-5,pl77
pegmusirudinum,pegmusirudin,pegmusirudine,pegmusirudina,186638-10-8,pl77
pifonakinum pifonakin,36-L-aspartic acid-141-L-serineinterleukin 1α (human clone p10A),pifonakine,pifonakina,112721-39-8,pl77
pleconarilum,pleconaril,pléconaril,pralmorelina,158861-67-7,pl77
rituximabum,rituximab,rituximab,inmunomodulador,174722-31-7,pl77
rivastigminum,rivastigmine,rivastigmine,rivastigmina,123441-03-2,pl77
roflumilastum,roflumilast,roxifiban,roxifibán,170902-47-3,pl77
sevelamerum,sevelamer,sévélamer,sevelámero,52757-95-6,pl77
sibrafibanum,sibrafiban,sibrafiban,sibrafibán,172927-65-0,pl77
tazomelinum,tazomeline,"| upénazime | 3,3'-(butane-1,4-diyldrimino)bis(3-méthylbutan-2-one) (E,E)-dioxime<br>produit à usage diagnostique |",| upenazimum |  |,99821-47-3,pl77
vatanidipinum,vatanidipine,acide ranélique,p. 8 dalteparinum natricum daltepann sodium,135459-90-4,pl77
p. 14 fexofenadinum,fexofenadine,fexofénadine,p 16 igovomabum,108912-17-0,pl77
teserstigminum,teserstigmin,,,,pl77
terestigminum,teserstigmine,daltéparine sodique,sustituyase la descripción por la siguiente:,,pl77
abarelixum,abarelix,abarelix,ácido minodrónico,127657-42-5,pl78
atreleutonum,atreleuton,atréleuton,atreleutón,40077-57-4,pl78
bepotastinum,bepotastine,bépotastine,bepotastina,125602-71-3,pl78
bibapcitidum,bibapcitide,bibapcitida,biricodar,177563-40-5,pl78
clevudinum,clevudine,clévudine,,163252-36-6,pl78
declopramidum,declopramide,déclopramide,,891-60-1,pl78
denileukinum diftitoxum,denileukin diftitox,denileukina diftitox,embusartan,164150-85-0,pl78
fidarestatum fidarestat,fidarestat,fidarestat,inhibidor de la reductasa de aldosas,136087-85-9,pl78
frovatriptanum,frovatriptan,frovatriptan,ibutamoreno,159634-47-6,pl78
ipamorelinum ipamorelin,$2-methylalanyl-L-histidyl-3-(2-naphthyl)-D-alanyl-D-phenylalanyl-L-lysinamide$ growfacor,ipamoréline,,170851-70-4,pl78
levocetirizinum,levocetirizine,lévocétirizine,levocetirizina,130018-77-8,pl78
levosalbutamolum,levosalbutamol,lévosalbutamol,levosalbutamol,110143-10-7,pl78
lotrafibanum,"(S)-2,3,4,5-tetrahydro-4-methyl-3-oxo-7-[[4-(4-piperidyl)piperidino]carbonyl]-1H-1,4-benzodiazepine-2-acetic acid",lotrafiban,mespiperona $^{11}C)$,94153-50-1,pl78
mitiglinidum,mitiglinide,mitiglinide,mitiglinida,151096-09-2,pl78
moxilubantum,moxilubant,moxilubant,14739B-01-4,,pl78
nelzarabinum,nelzarabine,nélzarabine,nepadutant,183747-35-5,pl78
nepafenacum,nepafenac,népicastat,inhibidor de la dopamina β-hidroxilasa,173997-05-2,pl78
nitisinonum,nitisinone,nitisinone,nolatrexed,167305-00-2,pl78
pamiteplasum,pamiteplase,pamitéplase,pamiteplasa,151912-42-4,pl78
paricalcitolum,paricalcitol,paricalcitol,paricalcitol,131918-61-1,pl78
pemetrexedum,pemetrexed,pémétrexed,pemetrexed,137281-23-3,pl78
perflenapentum,perflenapent,perflenapent,perflisopent,157716-52-4,pl78
pexigananum,pexiganan,pibutidine,pibutidina,103922-33-4,pl78
pregabalinum,pregabalin,prégabaline,pregabalina,148553-50-8,pl78
rapacuronii bromidum,rapacuronium bromide,antagoniste des récepteurs neuro-musculaires,androstan-16β-yl]-1-(prop-2-ényl)pipéridinium,156137-99-4,pl78
rifalazilum,rifalazil,rifalazil,,122320-73-4,pl78
robalzotanum,robalzotan,robalzotan,rosiglitazona,122320-73-4,pl78
seocalcitolum,seocalcitol,séocalcitol,análogo de la vitamina D,134404-52-7,pl78
silperisonum,silperisone,silpérisone,,138531-07-4,pl78
sivelestatum,sivelestat,sivélestat,sivelestat,148408-65-5,pl78
targininum,targinine,targinine,inhibidor de la sintetasa del óxido nitrico,17035-90-4,pl78
technetii $samTc)$  apcitidum,technétium $(99mTc)$  apcitide,témocaprilate,temocaprilato,110221-53-9,pl78
tifacoginum,tifacogin,tifacogine,| ADSEEDEEHT | IITDTELPPL | KLMHSFCAFK | ADDGPCKAIM |,148883-56-1,pl78
tobicillinum,"tobicillin (+)-a-hydroxy-m-tolyl (2S,5R,6R)-3,3-dimethyl-7-oxo-6-(2-phenylacetamido)-4-thia-1-azabicyclo[3 2.0]heptane-2-carboxylate, isobutyrate (ester) antibiotic (vet.)","(2S,5R,6R)-3,3-diméthyl-7-oxo-6-[(2-phénylacétyl)amino]-4-thia-1-azabicyclo-[3 2.0]heptane-2-carboxylate de 3-[[(2-méthylpropanoyl)oxy]méthyl]phényle antibiotique (vét.)",tobicilline,151287-22-8,pl78
trastuzumabum,trastuzumab,immunomodulateur,inmunomodulador,180288-69-1,pl78
tremacamrum,tremacamra,tremacamra,,155576-45-7,pl78
valganciclovirum,valganciclovir,xaliprodène,xaliprodeno,135354-02-8,pl78
ziconotidum,ziconatide,remplacer la description suivante:,sustituyase la descripción por la siguiente:,107452-89-1,pl78
alvamelinum,alvameline,alvaméline,alvamelina,151912-11-7,pl79
amprenavirum,amprenavir,amprénavir,,,pl79
anatumomabum mafenatoxum,anatumomab mafenatox,anatumomab mafénatox,Inmunomodulador,109791-32-4,pl79
ancestimum,ancestim,ancestim,gamolenato de ascorbilo,109791-32-4,pl79
calcobutrolum,calcobutrol,defoslimod,dextiopronin,187348-17-0,pl79
eniporidum,eniporide,éniporide,Inhibidor del transporte activo $Na^{+}/H^{+}$,,pl79
esomeprazolum,esomeprazole,ésonarimod,esonarimod,114870-03-0,pl79
iturelixum,iturelix,Iturélix,iturelix,112568-12-4,pl79
midafotelum,(-)-(A)-4-[(E)-3-phosphonoallyl]-2-piperazinecarboxylic acid,midafotel,midaxifilina,151159-23-8,pl79
midostaurinum,midostaurin,midostaurina,antineoplásico,120685-11-2,pl79
morolimumabum,morolmumab,morolimumab,morolimumab,202833-07-6,pl79
natalizumabum,natalizumab,natalizumab,,189261-10-7,pl79
natalizumab,,,"inmunoglobulina G 4 (cadena y del anticuerpo monoclonal humanizado de ratón AN100226 dirigido contra la integrina 4 humana), dímero del disulfuro con la cadena ligera del anticuerpo monoclonal humanizado de ratón AN100226inmunomodulador",189261-10-7,pl79
olamufloxacinum,olamufloxacin,palivizumab,palivizumab,188039-54-5,pl79
piboserodum,piboserod,antagoniste de la sérotonine,piboserod,152811-62-6,pl79
repinotanum,repinotan,répinotan,repinotán,144980-29-0,pl79
sardomozidum,sardomozide,sardomozide,antineoplásico,149400-88-4,pl79
stannsoporfinum,stannsoporfin,estannsopoorfina,tegaserod,106344-20-1,pl79
tenecteplasum,tenecteplase,ténectéplase,tenecteplasa,191588-94-0,pl79
p. 269 biricodarum,biricodar,-olol,alcaloides de la vinca,146978-48-5,pl79
abaperidonum,abaperidone,alitrétinoine,alitretinoína,5300-03-8,pl80
anecortavum,anecortave,anécortave,,7753-60-8,pl80
artemotilum,artemotil,atorolimumab,inmunomodulador,202833-08-7,pl80
avasimibum,avasimibe,avasimibe,avasímiba,166518-60-1,pl80
bexarotenum,bexarotene,bexarotène,bexaroteno,153559-49-0,pl80
carabersatum,carabersat,carabersate,carabersato,162808-62-0,pl80
celecoxibum,celecoxio,célécoxib,corifollitropinum alfa,161982-62-3,pl80
deracoxibum,deracooxib,déracoxib,deracoxib,169590-41-4,pl80
desloratadinum,"8-chloro-6,11-dihydro-11-(4-piperidylidene)-5H-benzo[5,6]cyclohepta-",desloratadine,antiasmático,51372-29-3,pl80
ecopipamum,ecopipam,antagoniste des récepleurs D1/D5 de la dopamine,ecopipam,112108-01-7,pl80
emtricitabinum,emtricitabine,emtricitabine,,143491-57-0,pl80
enrasentanum,"(1S,2R,3S)-3-[2-(2-hydroxyethoxy)-4-methoxyphenyl]-",enrasentan,enrasentano,167256-08-8,pl80
eplivanserinum,eplivanserin,antagoniste de la sérotonine,eplivanserina,130579-75-8,pl80
ethylcellulosum,auxiliaire pharmaceutique,exisulind,exisulind,140637-86-1,pl80
gantofibanum,gantofiban,,gantofibán,103766-25-2,pl80
gimeracilum,gimeracil,giméracil,,103766-25-2,pl80
hemoglobinum glutamerum,hemoglobin glutamer,"5-cloro-2,4-piridinadiol",oxygen carrier,103766-25-2,pl80
hyetellosum,hyetellose,hyétellose,éter 2-hidroxietílico de celulosa,9004-62-0,pl80
hymetellosum,hymetellose,hymétellose,éter 2-hidroxilico metílico de celulosa,9032-42-2,pl80
hyprolosum,hyprolose,hyprolose,,9004-64-2,pl80
insulinum detemirum,insulin detemir,itavastatine,Itavastatina,192725-17-0,pl80
lusupultidum,lusupultide,lusupultide,,200074-80-2,pl80
maribavirum,manbavir,maribavir,,176161-24-3,pl80
minopafantum,minopafant,minopafant,minopafant,128420-61-1,pl80
minretumomabum,minretumomab,minrétumomab,minretumomab,195189-17-4,pl80
mivotilatum,mivotlate,mivotilate,,124584-08-3,pl80
olmesartanum,olmesartan,olmésartan,olmesartán,144689-63-4,pl80
oseltamivirum,oseltamivir,oséitamivir,,196618-13-0,pl80
oteracilum,oteracil,otéracil,oteracilo,937-13-3,pl80
parecoxibum,parecoxib,parécoxib,inhibidor de la cicloxigenasa-2,198470-84-7,pl80
pegacaristimum,pegacaristim,pégacaristim,pegacaristim,187139-68-0,pl80
pegnartograstimum,pegnartograstim,immunomodulateur,pegnartograstim,204565-76-4,pl80
ponazurilum,ponazuril,ponazuril,coccidiostático,69004-04-2,pl80
rofecoxibum,rofecoxib,rofécoxib,,162011-90-7,pl80
sarizotanum sarizotan,(-)-3-[[I(R)-2-chromanylmethyl]amino]methyl]-5-(p-fluorophenyl)pyridine antipsychotic,sarizotan,sarizotán,177975-08-5,pl80
satraplatinum satraplatin,(OC-6-43)-bis(acetato)amminedichloro(cyclohexylamine)platinum antineoplastic,satraplatine,satraplatino,8050-81-5,pl80
sitamaquinum,sitamaquine,sitamaquine,,57695-04-2,pl80
matrix metalloproteinase inhibitor,solimastat,inhibiteur de la métalloprotéinase de la matrice,solimastat,,pl80
sonepiprazolum,sonepiprazole,sonépiprazole,sonepiprazol,170858-33-0,pl80
tabimorelinum,tabimorelin,talampanel,talampanel,161832-65-1,pl80
telithromycinum,telithromycin,télithromycine,tótco,108605-62-5,pl80
timcodarum,timcodar,timcodar,timcodar,179033-51-3,pl80
tipranavirum,tipranavir,tipranavir,,174484-41-4,pl80
tonabersatum,tonabersat,tonabersate,,175013-84-0,pl80
tositumomabum,tositumomab,tositumomab,inmunomodulador,192391-48-3,pl80
travoprostum,travoprost,travoprost,,157283-68-6,pl80
upidosinum,upidosin,antagoniste $\alpha _{1}$  -adrénergique,upidosina,152735-23-4,pl80
valdecoxibum,valdecoxib,valdécoxib,vangatalcite,181695-72-7,pl80
vepalimomabum,vepalimomab,immunomodulateur,vepalimomab,195158-85-1,pl80
vilazodonum,vilazodone,vilazodone,"(Crónica de la OMS, Vol. 21, No. 11, 1967)",21102-49-8,pl80
p.22 calcitoninum,calcitonin,hormone polypeptidique qui abaisse le taux de calcium,"(Crónica de la OMS, Vol. 28, No. 3, 1974)",,pl80
p. 16 satumomabum,satumomab,remplacer la description par la suivante:,"(Información Farmacéutica OMS, Vol. 6, No. 4, 1992)",119141-88-7,pl80
capromabum,capromab,,,119141-88-7,pl80
detumomabum,detumomab,,,119141-88-7,pl80
enlimomabum,enlimomab,,,119141-88-7,pl80
abciximab,,remplacer la ddescription par la suivante:,"(Información Farmacéutica OMS, Vol. 7, No. 4, 1993)",119141-88-7,pl80
capromabum,capromab,capromab,sustitúyase la descripción por la siguiente,119141-88-7,pl80
detumomabum,detumomab,,sustitúyase la descripción por la siguiente:,119141-88-7,pl80
enlimomabum,enlimomab,sustitúyase la descripción por la siguiente:,sustitúyase la descnpción por la siguiente:,119141-88-7,pl80
p. 27 priliximabum,priliximab,remplacer la descnption par la suivante:,sustitúyase la descnpción por la siguiente:,119141-88-7,pl80
nelzarabinum,nelzarabin,,,119141-88-7,pl80
nelarabinum,nelzarabine,nélzarabine,sustitúyase la fórmula molecular por:,119141-88-7,pl80
abetimusum,abetimus,abétimus,inmunosupresor,167362-48-3,pl81
acidum caloxeticum,caloxetic acid,acide caloxétique,ácido caloxético,135306-78-4,pl81
anidulafunginum,anidulafungin,anidulafungine,anidulafungina,166663-25-8,pl81
artenimolum,artenimol,arténimol,antipalúdico,81496-81-3,pl81
bexlosteridum,bexlosteride,bexlosterida,antineoplásico,148905-78-6,pl81
cadrofloxacinum,cadrofloxacin,cadrofloxacine,cadrofloxacino,140128-74-1,pl81
cilengitidum,cilengitide,cilengitide,| -Arg-Gly-Asp-D-Phe-MeVal  |,188968-51-6,pl81
cipemastatum,cipemastat,cipémastat,cipemastat,190648-49-8,pl81
clamikalantum,clamikalant,antagoniste des canaux potassiques,clamikalant,158751-64-5,pl81
esketaminum,esketamine,eskétamine,,33643-46-8,pl81
etanerceptum,etanercept,étanercept,| LPAQVAFTPY | APEPGSTCRL | REYYDQTAQM | CCSKCSPGQH |,185243-69-0,pl81
exatecanum,exatecan,antinéoplasique,exatecán,171335-80-1,pl81
falnidamolum,falnidamol,falnidamol,finrozolum,204714-56-7,pl81
fosfructosum,fosfructose,fosfructose,fosfructosa,488-69-7,pl81
frakefamidum,frakefamide,frakéfamide,,188196-22-7,pl81
ganstigminum,ganstigmine,ganstigmina,inhibidor de la colinesterasa,,pl81
gemifloxacinum,gémifloxacine,ibritumomab tiuxetán,inmunomodulador,206181-63-7,pl81
idremcinalum,idremcinal,idremcinal,agonista de la motilina,110480-13-2,pl81
ilodecakinum,ilodecakin,immunosuppresseur,inmunosupresor,149824-15-7,pl81
izonsteridum,izonsteride,izonsterida,antineoplásico,176975-26-1,pl81
lasofoxifenum,lasofoxifene,agoniste/antagoniste partiel des cestrogènes,lasofoxifeno,180916-16-9,pl81
liaterminum,liatermin,liatermine,liatermmina,188630-14-0,pl81
licarbazepinum,licarbazepine,licarbazépine,et énantiomère y enantiómero,29331-92-8,pl81
mepolizumabum,mepolizumab,mépolizumab,mepolizumab,196078-29-2,pl81
olanexidinum,olanexidine,,,146510-36-3,pl81
pibrozelesinum,pibrozelesin,piborozelesina,pimécrolimus,137071-32-0,pl81
prazarelixum,prazarelix,prazarélix,tostdlhomodlódlodotop,134457-28-6,pl81
ranpirnasum,ranpirnase,ranpirnasa,| EDWLTFQKKH | ITNTRDVDCD | NIMSTNLFHC | KDKNTFIYSR |,196488-72-9,pl81
rasburicasum,rasburicase,rasburicase,rasburicasa,,pl81
rovelizumabum,rovelizumab,rovelizumab,inmunomodulador,197099-66-4,pl81
sarakalimum,sarakalim,sarakalim,sarakalim,165108-07-6,pl81
sibrotuzumabum,sibrotuzumab,immunomodulateur,sibrotuzumab,216669-97-5,pl81
siramesinum,siramesine,siramésine,siramesina,147817-50-3,pl81
talnetantum,talnetant,talnetant,talnetant,174636-32-9,pl81
tesmilifenum,tesmilifene,tesmilifène,tesmilifeno,98774-23-3,pl81
tezosentanum,N-[6-(2-hydroxyethoxy)-5-(o-methoxyphenoxy)-2-[2-(1H-tetrazol-5-yl)-,tezosentan,tezosentano,180384-57-0,pl81
tocladesinum,tocladesine,tocladésine,tocladesina,41941-56-4,pl81
troxacitabinum,troxacitabine,antinéoplasique,troxacitabina,145918-75-8,pl81
merpentanum,merpentan,merpentán,:,131881-03-3,pl81
adalimumabum,adalimumab,adalimumab,inmunomodulador,171752-56-0,pl82
adrogolidum,"adrogolide (5aR,11bS)-4,5,5a,6,7,11b-hexahydro-2-propylbenzo[f]thieno[2,3-c]quinoline-9,10-diol diacetate (ester)","antiparkinsonien, agoniste du récepteur D1 de la dopamine",adrogolida,171752-56-0,pl82
alemcinalum,alemcinal,alemcinal,altiniclinum,179120-92-4,pl82
amiglumidum,amiglumide,amiglumide,amiglumida,119363-62-1,pl82
anisperimusum,anisperimus,immunosuppresseur,inmunosupresor,156740-57-7,pl82
bilastinum,p-[2-[4-[1-(2-ethoxyethyl)-2-benzimidazolyl]piperidino]ethyl]-,bilastine,bilastina,202189-78-4,pl82
binetrakinum,binetrakin,binétrakine,binetrakina,207137-56-2,pl82
bulaquinum,bulaquine,bulaquine,antipalúdico,223661-25-4,pl82
cangrelorum,cangrelor,cangrélor,cangrelor,,pl82
cetuximabum,cetuximab,cetuximab,inmunomodulador,205923-56-4,pl82
cilomilastum,cilomilast,cilomilast,cilomilast,153259-65-5,pl82
conivaptanum,"$4^{11}$ -[(4 $,5$ -dihydro-2-methylimidazo[4,5-d][1]benzazepin-6(1H)-yl)carbonyl]-2-biphenylcarboxanilide",conivaptan,conivaptán,210101-16-9,pl82
crobenetinum,crobenetine,crobenetina,antagonista del sodio,,pl82
cystinum,cystine,acide aminée,L-cistina,,pl82
darusentanum,darusentan,"(+)-acide (2S)-2-(4,6-diméthoxypyrimidin-2-yloxy)-3-méthoxy-",darusentán,171714-84-4,pl82
donitriptanum,donitriptan,"antimigraineux, agoniste de la sérotonine",donitriptán,170912-52-4,pl82
doxercalciferolum,doxercalciferol,doxercalciferol,doxercalciferol,54573-75-0,pl82
emfilerminum,emfilermin,emfilermine,emfilermina,159075-60-2,pl82
emivirinum,emivirine,émivirine,,149950-60-7,pl82
entecavirum,entecavir,entécavir,,142217-69-4,pl82
epitumomabum,epitumomab,epitumomab,antineoplásico,205923-57-5,pl82
epratuzumabum,epratuzumab,épratuzumab,epratuzumab,205923-57-5,pl82
eptapironum,eptapirone,eptapirona,"3,5(2H,4H)-diona",179756-85-5,pl82
escitalopramum,escitalopram,escitalopram,,128196-01-0,pl82
evernimicinum,evernimicin,évernimicine,evernimicina,109545-84-8,pl82
everolimusum,everolimus,immunosuppresseur,inmunosupresor,159351-69-6,pl82
ezlopitantum,"(2S,3S)-2-(diphenylmethyl)-3-[(5-isopropyl-",ezlopitant,figopitant,208993-54-8,pl82
implitapidum,implitapide,implitapide,,177469-96-4,pl82
irampanelum,irampanel,irampanel,antagonista del AMPA,206260-33-5,pl82
irofulvenum,irofulven,irofulveno,itriglumidum,153322-05-5,pl82
lusaperidonum,lusaperidone,lusapéridone,,214548-46-6,pl82
metreleptinum,metreleptin,metreleptina,,186018-45-1,pl82
mitumomabum,mitumomab,mitumomab,inmunomodulador,216503-58-1,pl82
motexafinum,motexafin,motéxafine,,163000-63-3,pl82
nebostinelum nebostinel,nébostinel,antinéoplasique,"(S)-4-amino-N-(4,4-dimethylcyclohexyl)glutaramic acid NMDA receptor antagonist",163000-63-3,pl82
onerceptum,onercept,onercept,* glycosylation sites,199685-57-9,pl82
pegvisomantum,pegvisomant,antagoniste de l'hormone de croissance,pegvisomant,355-42-0,pl82
perflexanum,perflexane,perflexano,medio de contraste para análisis por ultrasonido,355-42-0,pl82
perflutrenum,perflutren,perflutreno,76-19-7,,pl82
pinokalantum,pinokalant,pinokalant,antifúngico,171228-49-2,pl82
prinomastatum,prinomastat,inhibiteur de la métalloprotéinase de la matrice,prinomastat,189353-31-9,pl82
relcovaptanum,relcovaptan,relcovaptan,relcovaptán,150375-75-0,pl82
repiferminum,repifermin,répifermine,,219527-63-6,pl82
resiquimodum,resiquimod,immunomodulateur,resiquimod,144875-48-9,pl82
risarestatum,risarestat,risarestat,risarestat,91421-42-0,pl82
sulamserodum,sulamserod,antagoniste de la sérotonine,sulamserod,,pl82
tanomastatum,tanomastat,tanomastat,tanomastat,178823-49-9,pl82
valrocemidum,valrocemide,valrocémide,,92262-58-3,pl82
vardenafilum,vardenafil,vardénafil,,224785-90-4,pl82
vofopitantum,"(2S,3S)-3-[[2-methoxy-5-[5-(trifluoromethyl)-1H-tetrazol-1-yl]benzyl]amino]-2-phenylpiperidine",vofopitant,vofopitant,168266-90-8,pl82
soproxilum,soproxil,soproxil,,210419-36-6,pl82
olmesartanum,olmesartan,,,134774-45-1,pl82
olmesartanum medoxomilum,olmesartan,olmésartan,olmesartán,134774-45-1,pl82
adekalantum,adekalant,adékalant,,227940-00-3,pl83
alemtuzumabum,alemtuzumab,alemtuzumab,alemtuzumab,216503-57-0,pl83
aliskirenum,aliskiren,aliskirène,inhibidor de la renina,173334-57-1,pl83
amiloxatum,amiloxate,amiloxate,,71617-10-2,pl83
atrasentanum,atrasentan,,,195733-43-8,pl83
atrasentan,"(2R,3R,4S)-1-[(dibutylcarbamoyl)methyl]-2-(p-methoxyphenyl)-4-[3,4-","acide (2R,3R,4S)-4-(1 $,3$ -benzodioxol-5-yl)-1-[2-(dibutylamino)-2-oxoéthyl]-",atrasentán,195733-43-8,pl83
bevacizumabum,bevacizumab,bevacizumab,inmunomodulador,216974-75-3,pl83
bivatuzumabum,bivatuzumab,,,214559-60-1,pl83
bivatuzumab,"immunoglobulin G 1 (human-mouse monoclonal BIWA4 γ1-chain anti-human antigen CD44v8), disulfide with human-mouse monoclonal BIWA4 k-chain, dimer",,,214559-60-1,pl83
bivatuzumab,,"immunoglobuline G1 anti-(antigène CD44v8 humain) (chaîne y1 de l'anticorps monoclonal de souris BIWA4 humanisé), dimère du disulfure avec la chaîne k de l'anticorps monoclonal de souris BIWA4 humaniséimmunnomodulateur",bivatuzumab,214559-60-1,pl83
capravirinum,capravirine,capravirine,,178979-85-6,pl83
capromorelinum,capromorelin,capromoréline,capromorelina,193273-66-4,pl83
cridanimodum,cridanimod,,,38609-97-1,pl83
dabigatranum,dabigatran,dabigatran,inhibidor de la trombina,211914-51-1,pl83
doripenemum,doripenem,doripenem,ecraprostum ecraprost,136892-64-3,pl83
elarofibanum elarofiban,(S)-β-[(R)-1-[3-(4-piperidyl)propionyl]nipecotamido]-3-pyridinepropionic acid,acide (3S)-3-[[[(3R)-1-[3-(pipéridin-4-yl)propanoyl]piperidin-3-yi]carbonyl],elarofibán,198958-88-2,pl83
ensulizolum,ensulizole,ensulizole,ensulizol,27503-81-7,pl83
enzacamenum,enzacamene,enzacamène,y enantiómero,36861-47-9,pl83
eptaplatinum,eptaplatin,,,146665-77-2,pl83
eptaplatin,"N,N'][malonato(2-)-O,O']platinum",eptaplatino,antineoplásico,146665-77-2,pl83
ezetimibum,ezetimibe,ézétimibe,,163222-33-1,pl83
fosamprenavirum,fosamprenavir,gadofosveset,gemtuzumab,220578-59-6,pl83
idraparinuxum natricum,idraparinux sodium,idraparinux sodique,idraparinux sódico,149920-56-9,pl83
isatoribinum,isatoribine,isatoribine,isatoribina,122970-40-5,pl83
labradimilum,labradimil,labradimil,labradimil,171047-47-5,pl83
lerdelimumabum,lerdelimumab,lerdelimumab,,285985-06-0,pl83
levmetamfetaminum,levmetamfetamine,levmétamfétamine,,33817-09-3,pl83
lixivaptanum,lixivaptan,lixivaptan,o-toluanilida,168079-32-1,pl83
melevodopum,"(-)-3,4-dihydroxy-L-phenylalanine,methyl ester",melevodopa,filtro solar,134-09-8,pl83
norelgestrominum,norelgestromin,norélgestromine,,53016-31-2,pl83
ocinoxatum,ocinoxate,ocinoxate,,5466-77-3,pl83
octisalatum,octisalate,,,118-60-5,pl83
opaviralinum,opaviraline,opaviraline,,178040-94-3,pl83
opebacanum,opebacan,opébacan,,206254-79-7,pl83
oritavancinum,oritavancin,oritavancine,,171099-57-3,pl83
antibactérien,"(4""R)-22-O-(3-amino-2,3,6-tridesoxi-3-C-metil-α-L-arabino-hexopiranosil)-N³""-[p-(p-clorofenil)bencil]vancomicina",oritavancina,ozogamicin,171099-57-3,pl83
paliperidonum,paliperidone,palipéridone,,144598-75-4,pl83
ravuconazolum,ravuconazole,rimonabant,rimonabant,168273-06-1,pl83
rostaporfinum,rostaporfin,rostaporfine,rostaporfina,114494-17-6,pl83
rosuvastatinum,rosuvastatin,rosuvastatine,rosuvastatina,168273-06-1,pl83
rotigotinum,rotigotin,rotigotine,rotigotina,99755-59-6,pl83
ruplizumabum,ruplizumab,ruplizumab,inmunomodulador,184036-34-8,pl83
sitaxentanum,sitaxentan,,,184036-34-8,pl83
sitaxentan,"N-(4-chloro-3-methyl-5-isoxazolyl)-2-[[4,5-(methylenedioxy)-o-tolyl]acetyl]-",,endothelin receptor antagonist,184036-34-8,pl83
sitaxentan,yl)acétyl]thiophène-3-sulfonamide,antagoniste du récepteur de l'endothéline,sitaxentán,184036-34-8,pl83
talaporfinum,talaporfin,talaporfine,talaporfina,220201-39-8,pl83
ticalopridum,ticalopride,ticalopride,ticaloprida,202590-69-0,pl83
tolvaptanum,"tolvaptan (±)-4'-[(7-chloro-2,3,4,5-tetrahydro-5-hydroxy-1H-1-benzazepin-1-yl)",tolvaptán,insert,150683-30-0,pl83
amfebutamonum,amfebutamon,,,189752-49-6,pl83
bupropionum,amfebutamone,insérer,,189752-49-6,pl83
fondaparinum natricum,fondaparinum natric,,,189752-49-6,pl83
fondaparinuxum natricum,fondaparin sodium,insert/insérer/insértese,fondaparina sódica,189752-49-6,pl83
itavastatinum,itavastatin,,,189752-49-6,pl83
pitavastatinum,itavastatin,-olol,| -vin- | -vin- } |  |,189752-49-6,pl83
abrineurinum,abrineurin,abrineurine,abrineurina,178535-93-8,pl84
acidum carglumicum,carglumic acid,acide carglumique,ácido carglúmico,1188-38-1,pl84
acidum lidadronicum,lidadronic acid,acide lidadronique,ácido lidadrónico,104138-64-9,pl84
alefaceptum,alefacept,aléfacept,alefacept,222535-22-0,pl84
alfatradiolum,alfatradiol,,,,pl84
alfatradiol,"estra-1,3,5(10)-triene-3,17α-diol",alfatradiol,57-91-0,,pl84
aprepitantum,aprepitant,aprépitant,aprepitant,223577-45-5,pl84
balaglitazonum,balaglitazone,balaglitazone,,199113-98-9,pl84
bimosiamosum,bimosiamose,bimosiamose,bimosiamosa,187269-40-5,pl84
brostallicinum,brostallicin,brostalicina,antineoplásico,203258-60-0,pl84
diflomotecanum,diflomotecan,diflomotécan,diflomotecán,220997-97-7,pl84
edotreotidum,edotreotide,antinéoplasique,edotreotida,204318-14-9,pl84
edronocainum,edronocaine,edronocaina,,190258-12-9,pl84
eflucimibum,eflucimibe,éflucimibe,,202340-45-2,pl84
eganoprostum,eganoprost,éganoprost,,63266-93-3,pl84
emodepsidum,emodepside,émodepside,RLRL RLRL í,155030-63-0,pl84
erlizumabum,erlizumab,erlizumab,ertapenem,153832-46-3,pl84
etoricoxibum,etoricoxib,étoricoxib,etoricoxib,202409-33-4,pl84
eufauserasum,eufauseras,eufauserase,eufauserasa,,pl84
farglitazarum,farglitazar,farglitazar,farglitazar,286930-03-8,pl84
gavilimomabum,gavilimomab,gavilimomab,inmunomodulador,244096-20-6,pl84
gemopatrilatum,gemopatrilat,gémopatrilate,imatinib,207748-29-6,pl84
lemalesomabum,lemalesomab,lémalésomab,lemalesomab,250242-54-7,pl84
litomeglovirum,litomeglovir,litoméglovir,,321915-31-5,pl84
micafunginum,micafungin,micafungine,micafungina,235114-32-6,pl84
mozenavirum,mozenavir,mozénavir,,174391-92-5,pl84
navuridinum,navuridine,navuridine,,84472-85-5,pl84
neramexanum,neramexane,antagoniste des réccepteurs du NMDA,neramexano,219810-59-0,pl84
nolomirolum,nolomirol,nolomirole,nolomirol,90060-42-7,pl84
omaciclovirum,omaciclovir,omaciclovir,,124265-89-0,pl84
omalizumabum,omalizumab,omalizumab,| CDLPQTHSLG | SRRTLMLLAQ | MRKISLFSCL | KDRHDFGFPQ |,215647-85-1,pl84
pipendoxifenum,pipendoxifene,antinéoplasique,pipendoxifeno,198480-55-6,pl84
pradofloxacinum,pradofloxacin,,,195532-12-8,pl84
pradofloxacin,"8-cyano-1-cyclopropyl-6-fluoro-7-[(4aS,7aS)-octahydro-6H-pyrrolo[3,4-b]pyridin-6-yl]-4-oxo-1,4-dihydroquinoline-3-carboxxylic acid antibacterial",pradofloxacine,pradofloxacina,195532-12-8,pl84
reglitazarum,reglitazar,réglitazar,,170861-63-9,pl84
rivoglitazonum,rivoglitazone,rivoglitazone,,185428-18-6,pl84
sabiporidum,sabiporide,sabiporida,inhibidor del transporte activo Na+/H+,261505-80-0,pl84
safinamidum,safinamide,,,133865-89-1,pl84
sibenadetum,4-hydroxy-7-[2-[[2-[[3-(2-,sibenadet,sibenadet,154189-40-9,pl84
soblidotinum,soblidotin,antinéoplasique,soblidotina,149606-27-9,pl84
soneclosanum,soneclosan,sonéclosan,soneclosán,3380-30-1,pl84
sumanirolum,sumanirol,sumanirole,sumanirol,179386-43-7,pl84
taplitumomabum paptoxum,taplitumomab paptox,taplitumomab paptox,inmunomodulador,235428-87-2,pl84
tezacitabinum,tezacitabine,tezacitabina,antineoplásico,130306-02-4,pl84
tidembersatum,tidembersat,tidembersat,antimigrañoso,175013-73-7,pl84
tilmacoxibum,tilmacoxib,tilmacoxib,tilmacoxib,180200-68-4,pl84
tipifarnibum tipifarnib,tipifarnnib,tipifarnnib,antineoplásico,192185-72-1,pl84
tomeglovirum,tomeglovir,traxoprodil,traxoprodil,134234-12-1,pl84
tridolgosirum,tridolgosir,tridolgosir,tridolgosir,72741-87-8,pl84
valomaciclovirum,valomaciclovir,valomaciclovir,,,pl84
vatalanibum,vatalanib,vatalanib,,212141-54-3,pl84
visilizumabum,visilizumab,visilizumab,visilizumab,219716-33-3,pl84
ximelagatranum,ximelagatran,ximélagatran,ximelagatrán,,pl84
zelandopamum,zelandopam,zelandopam,zelandopam,139233-53-7,pl84
ziralimumabum,ziralimumab,ziralimumab,p. 9,110230-98-3,pl84
ocinoxatum,ocinoxat,,,110230-98-3,pl84
octinoxatum,ocinoxate,remplacer la description par la suivante:,,110230-98-3,pl84
ozogamicinum,palipéridone,"antiprotozoal substances, metronidazole derivatives",| -vin- | -vin- } |  |,110230-98-3,pl84
alfimeprasum,alfimeprase,alfiméprase,alfimeprasa,259074-76-5,pl85
alicaforsenum,alicaforsen,alicaforsen,alicaforseno,144506-11-6,pl85
ambrisentanum ambrisentan,"(+)-(2S)-2-[(4,6-dimethylpyrimidin-2-yl)oxy]-3-methoxy-3,3-diphenylpropanoic acid","(+)-acide (2S)-2-[(4,6-diméthylpyrimidin-2-yl)oxy]-3-méthoxy-",ambrisentán,177036-94-1,pl85
amdoxovirum,amdoxovir,"[(2R,4R)-4-(2,6-diamino-9H-purin-9-y!)-1,3-dioxolan-2-yl]méthanol antiviral",,145514-04-1,pl85
amelubantum,amelubant,amélubant,amelubant,,pl85
amotosalenum amotosalen,"3-[(2-aminoethoxy)methyi]-2,5,9-trimethyl-7H-furo[3,2-g][1]benzopyran-7-one photochemical therapy",amotosalène,amotosaleno,161262-29-9,pl85
bimatoprostum,bimatoprost,bimatoprost,,155206-00-1,pl85
caldaretum,caldaret,caldaret,caldaret,98530-76-8,pl85
ecalcidenum,ecalcidene,efalizumab,antipsoriásico,214745-43-4,pl85
enfuvirtidum,enfuvirtide,enfuvirtide,,159519-65-0,pl85
epafipasum,epafipase,épafipase,epafipasa,261356-80-3,pl85
erlosamidum,erlosamide,erlotinib,erlotinib,183321-74-6,pl85
febuxostatum,febuxostat,febuxostat,febuxostat,144060-53-7,pl85
feloprentanum,"(2S)-3-[2-(3,4-dimethoxyphenyl)ethoxy]-2-[(4,6-dimethylpyrimidin-2-yl)oxy]-",feloprentan,OH,209342-40-5,pl85
garnocestimum,garnocestim,garnocestim,| TELRCQ | CLQTLQGIHL | KNIQSVKVKS | PGPHCAQTEV |,166181-63-1,pl85
isegananum,iseganan,iseganán,antibacteriano,257277-05-7,pl85
labetuzumabum,labetuzumab,labétuzumab,labetuzumab,219649-07-7,pl85
laniquidar,,,"11-[1-[2-[4-(quinolin-2-ilmetoxi)fenil]etil]piperidin-4-ilideno]-6,11-dihidro-5H-imidazo[2,1-b][3]benzazepina-3-carboxilato de metilo antineoplásico",197509-46-9,pl85
lapisteridum,lapisteride,lapisterida,inhibidor de la 5á-reductasa,142139-60-4,pl85
laquinimodum,laquinimod,laquinimod,inmunomodulador,248281-84-7,pl85
laronidasum,laronidase,| livaraparin calcium | calcium salt of a low molecular mass heparin that is obtained by nitrous acid depolymerization of heparin from porcine intestinal mucosa; the majority of<br>the components have a 2-O-sulfo-α-L-idopyranosuronic acid structure at the non-reducing end and a 6-O-sulfo-structure at the reducing end of their<br>chain; the mass-average molecular mass ranges between 3000 and 5000<br>with 75% is less than 8000; the degree of sulfatation is approximately 2 per<br>disaccharidic unit<br>anticoagulant |,| --- | --- |,210589-09-6,pl85
manifaxinum,manifaxine,manifaxine,,135306-39-7,pl85
miglustatum,miglustat,miglustat,miglustat,72599-27-0,pl85
mirostipenum,mirostipen,mureletecán,nasaruplasum beta,136653-69-5,pl85
netoglitazonum,netoglitazone,nétoglitazone,,161600-01-7,pl85
ospemifenum,ospemifene,ospémifène,antiestrógeno,128607-22-7,pl85
pegfilgrastimum,pegfilgrastim,pegfilgrastim,pexelizumab,219685-93-5,pl85
pralnacasanum,pralnacasan,pralnacasan,pralnacasán,192755-52-5,pl85
pratosartanum,pratosartan,pratosartan,pratosartán,222834-30-2,pl85
reminertantum,reminertant,réminertant,reminertant,146362-70-1,pl85
reslizumabum,reslizumab,immunomodulateur,reslizumab,241473-69-8,pl85
ruboxistaurinum,ruboxistaurin,ruboxistaurina,inhibidor de la PKC,169939-94-0,pl85
semaxanibum,semaxanib,sémaxanib,semaxanib,98326-32-0,pl85
silodosinum,silodosin,silodosine,,160970-54-7,pl85
solifenacinum,solifenacin,solifénacine,antagonista de los recepotores de la muscarinicos,242478-37-1,pl85
tadalafilum,tadalafil,tadalafil,,171596-29-5,pl85
tafluposidum,"4-[(5R,5aR,8aR,9S)-9-[[4,6-O-[(1R)-ethylidene]-",cytostatic,taflupósido,179067-42-6,pl85
telberminum,telbermin,ténivastatine,tesaglitazar,241800-98-6,pl85
zoticasonum,zoticason,zoticasone,sustitúyase la descripción por la siguiente:,,pl85
p. 278 irofulvenum,irofulveno,insert/insérer/insértese,sustitúyase la descripción por la siguiente:,324758-66-9,pl85
nebostinelum,neboglaminum,nébostinel,sustitúyase la descripción por la sigquiente:,324758-66-9,pl85
p.284 posaconazolum,posaconazol,-olol,-vin- },324758-66-9,pl85
acolbifenum,acolbifene,acolbifène,antiestrógeno,182167-02-8,pl86
asoprisnilum,asoprisnil,asoprisnil,"4,9-ddien-3-ona",198481-32-2,pl86
bifarceptum,bifarcept,bifarcept,| IPNTNYCVSV | YLEHSDEQAV | IKSPLKCTLL | PPGQESEFS |,163796-60-9,pl86
coluracetamum,coluracetam,coluracetam,nootrópico,135463-81-9,pl86
dapivirinum,dapivirine,dapivirine,,244767-67-7,pl86
deferasiroxum,deferasirox,déférasirox,deferasirox,201530-41-8,pl86
degarelixum,degarelix,degarelix,dersalazine,188913-58-8,pl86
detiviciclovirum,detiviciclovir,détiviciclovir,,220984-26-9,pl86
edonentanum,"N-[[2'-[(4,5-dimethylisoxazol-3-yl)sulfamoyl]-4-(oxazol-2-yl)biphenyl-",edonentan,edonentán,210891-04-6,pl86
efaproxiralum,efaproxiral,éfaproxiral,efaproxiral,131179-95-8,pl86
flindokalnerum,flindokalner,flindokalner,gimatecán,292618-32-7,pl86
icaridinum,icaridin,immunomodulateur,iguratimod,123663-49-0,pl86
ilaprazolum,ilaprazole,indisulam,indisulam,247207-64-3,pl86
licofelonum,licofelone,licofélone,licofelona,187164-19-8,pl86
meldonium,meldonium,meldonium,,76144-81-5,pl86
metelimumabum,metelimumab,métélimumab,metelimumab,272780-74-2,pl86
mitemcinalum,mitemcinal,mitemcinal,agonista de la motilina,154738-42-8,pl86
naxifyllinum,"8-[(1S,2R,4S,5S,6S)-3-oxatricyclo[3.2.1.02,4]oct-6-yl]-1,3-dipropyl-",naxifylline,naxifilina,166374-49-8,pl86
oglufanidum,oglufanide,oglufanida,olcegepant,204697-65-4,pl86
oregovomabum,oregovomab,oregovomab,"(2R,3R)-2-(3-carbamimidoilbencil)-3-[[4-(1-oxidopiridin-",193153-04-7,pl86
paliferminum,palifermin,palifermine,palifermina,229614-55-5,pl86
talibegronum,talibegron,talibégron,talibegrón,146376-58-1,pl86
tariquidarum,tariquidar,tariquidar,tebanicline,198283-73-7,pl86
tecastemizolum,tecastemizole,técastémizole,tecastemizol,225239-31-6,pl86
tigecyclinum,tigecycline,tigécycline,tigeciclina,220620-09-7,pl86
tiviciclovirum,tiviciclovir,tiviciclovir,,103024-93-7,pl86
tosagestinum,tosagestin,tosagestin,tosagestina,167354-41-8,pl86
tomoxetinum,tomoxetin,,,160146-17-8,pl86
atomoxetinum,tomoxetine,insérer,,160146-17-8,pl86
tomoxetinum,tomoxetin,,,160146-17-8,pl86
atomoxetinum,atomoxetin,tomoxétine,"(Crónica de la OMS, Vol. 37, No. 2,1983)",160146-17-8,pl86
tomoxetinum,tomoxetin,,,160146-17-8,pl86
atomoxetinum,tomoxetina,insértese,carafibán,160146-17-8,pl86
p. 294 tobicillinum,tobicillina,sustituyase la descripción por la siguiente:,sustituyase la descripción por la siguiente:,160146-17-8,pl86
p. 134 igovomabum,igovomab,insert/insérer/insértese,sustituyase la descripción por la siguiente:,280776-87-6,pl86
radolmidinum,radolmidin,,,280776-87-6,pl86
fadolmidinum,radolmidine,acide gadocolétique,insértese el númnero de registro del CAS siguiente:,280776-87-6,pl86
p. 97 afeletecanum,afeletecan,remplacer la description par la suivante:,| --- | --- | --- |,329306-27-6,pl86
albaconazolum,albaconazole,albaconazole,albaconazol,187949-02-6,pl87
alvimopanum,alvimopan,alvimopan,alvimopán,156053-89-3,pl87
apaziquonum,apaziquone,apaziquone,,114560-48-4,pl87
apolizumabum,apolizumab,apolizumab,apolizumab,267227-08-7,pl87
asenapinum,asenapine,asénapine,asenapina,85650-56-2,pl87
axomadolum,axomadol,axomadol,axomadol,,pl87
bifeprunoxum,bifeprunox,biféprunox,bifeprunox,350992-10-8,pl87
canertinibum,canertinib,canertinib,canertinib,267243-28-7,pl87
cefovecinum,cefovecin,céfovécine,cefovecina,234096-34-5,pl87
cethromycinum,cethromycin,céthromycine,,211915-06-9,pl87
deluceminum,delucemine,délucémine,delucemina,186495-49-8,pl87
ecromeximabum,ecromeximab,écromeximab,ecromeximab,292819-64-8,pl87
eculizumabum,eculizumab,éculizumab,eculizumab,219685-50-4,pl87
edotecarinum,edotecarin,édotécarine,edotecarina,174402-32-5,pl87
eglumegadum,eglumegad,églumégad,eglumegad,176199-48-7,pl87
elzasonanum,elzasonan,elzasonan,elzasonán,,pl87
enecadinum,enecadin,énécadine,enecadina,,pl87
ertiprotafibum,ertiprotafib,ertiprotafib,ertiprotafib,251303-04-5,pl87
eszopiclonum,eszopiclone,eszopiclone,eszopiclona,138729-47-2,pl87
fandosentanum,fandosentan,fandosentan,fandosentán,221241-63-0,pl87
fontolizumabum,fontolizumab,fontolizumab,fontolizumab,326859-36-3,pl87
garenoxacinum,garenoxacin,garénoxacine,garenoxacina,194804-75-6,pl87
idusulfasum,idusulfase,idusulfase,idusulfasa,50936-59-9,pl87
indiplonum,indiplon,indiplon,indiplón,325715-02-4,pl87
inecalcitolum,inecalcitol,inécalcitol,inecalcitol,163217-09-2,pl87
iroxanadinum,iroxanadine,iroxanadine,iroxanadina,276690-58-5,pl87
lidorestatum,lidorestat,lidorestat,lidorestat,245116-90-9,pl87
liraglutidum,liraglutide,liraglutide,liraglutida,204656-20-2,pl87
lubazodonum,lubazodone,lubazodone,lubazodona,161178-07-0,pl87
lubiprostonum,lubiprostone,,,,pl87
lumiracoxibum,lumiracoxib,lumiracoxib,lumiracoxib,220991-20-8,pl87
merimepodibum,merimepodib,mérimépodib,merimepodib,,pl87
mozavaptanum,mozavaptan,mozavaptan,mozavaptán,137975-06-5,pl87
nalfurafinum,nalfurafine,nalfurafine,nalfurafina,152657-84-6,pl87
naminidilum,naminidil,naminidil,naminidil,220641-11-2,pl87
nemifitidum,nemifitide,némifitide,nemifitida,173240-15-8,pl87
nortopixantronum,nortopixantrone,nortopixantrone,nortopixantrona,156090-17-4,pl87
oblimersenum,oblimersen,oblimersen,oblimerseno,190977-41-4,pl87
ortataxelum,ortataxel,ortataxel,ortataxel,186348-23-2,pl87
osemozotanum,osemozotan,osémozotan,osemozotán,137275-81-1,pl87
palindorum,palindore,palindore,palindor,189681-70-7,pl87
pascolizumabum,pascolizumab,pascolizumab,pascolizumab,331243-22-2,pl87
pegaptanibum,pegaptanib,pégaptanib,pegaptanib,,pl87
pegsunerceptum,pegsunercept,,,330988-75-5,pl87
perflubrodecum,perflubrodec,perflubrodec,perflubrodec,307-43-7,pl87
picoplatinum,picoplatin,picoplatine,picoplatino,181630-15-9,pl87
plevitrexedum,plevitrexed,plévitrexed,plevitrexed,153537-73-6,pl87
pumosetragum,pumosetrag,pumosétrag,pumosetrag,153062-94-3,pl87
siplizumabum,siplizumab,siplizumab,siplizumab,288392-69-8,pl87
soraprazanum,soraprazan,soraprazan,soraprazán,261944-46-1,pl87
tacapenemum,tacapenem,tacapénem,tacapenem,193811-33-5,pl87
tapentadolum,tapentadol,tapentadol,tapentadol,175591-09-0,pl87
tecadenosonum,tecadenoson,técadénoson,tecadenosón,204512-90-3,pl87
tecalcetum,tecalcet,técalcet,tecalcet,148717-54-8,pl87
teneliximabum,teneliximab,ténéliximab,teneliximab,299423-37-3,pl87
topixantronum,topixantrone,topixantrone,topixantrona,156090-18-5,pl87
toralizumabum,toralizumab,toralizumab,toralizumab,252662-47-8,pl87
torcetrapibum,torcetrapib,torcétrapib,torcetrapib,262352-17-0,pl87
torcitabinum,torcitabine,torcitabine,torcitabina,40093-94-5,pl87
trabectedinum,trabectedin,trabectédine,trabectedina,114899-77-3,pl87
treprostinilum,treprostinil,tréprostinil,treprostinilo,172903-00-3,pl87
tulathromycinum,tulathromycin,tulathromycinum,tulathromycinum,280755-12-6,pl87
vapaliximabum,vapaliximab,vapaliximab,vapaliximab,336801-86-6,pl87
varespladibum,varespladib,varespladib,varespladib,172732-68-2,pl87
alvocidibum,alvocidib,alvocidib,alvocidib,146426-40-6,pl88
anatibantum,anatibant,anatibant,anatibant,209733-45-9,pl88
ardenerminum,ardenermin,ardénermine,,305391-49-5,pl88
arimoclomolum,arimoclomol,arimoclomol,arimoclomol,289893-25-0,pl88
aselizumabum,aselizumab,asélizumab,aselizumab,163883-88-3,pl88
ataciguatum,ataciguat,,,,pl88
atazanavirum,atazanavir,atazanavir,atazanavir,198904-31-3,pl88
atocalcitolum,atocalcitol,atocalcitol,atocalcitol,302904-82-1,pl88
barixibatum,barixibat,barixibat,barixibat,263562-28-3,pl88
barusibanum,barusiban,barusiban,barusibán,285571-64-4,pl88
bertilimumabum,bertilimumab,bertilimumab,bertilimumab,375348-49-5,pl88
bortezomibum,bortezomib,bortézomib,bortezomib,179324-69-7,pl88
cinacalcetum,cinacalcet,cinacalcet,cinacalcet,226256-56-0,pl88
darunavirum,darunavir,darunavir,darunavir,206361-99-1,pl88
dexmethylphenidatum,dexmethylphenidate,dexméthylphénidate,,40431-64-9,pl88
disodium,disodi,,,168021-79-2,pl88
dofequidarum,dofequidar,doféquidar,dofequidar,129716-58-1,pl88
doramapimodum,doramapimod,doramapimod,doramapimod,199331-40-3,pl88
etravirinum,etravirine,étravirine,etravirina,269055-15-4,pl88
etriciguatum,etriciguat,,,,pl88
fipamezolum,fipamezole,fipamézole,fipamezol,150586-58-6,pl88
gemcabenum,gemcabene,gemcabène,gemcabeno,183293-82-5,pl88
ibrolipimum,ibrolipim,ibrolipim,ibrolipim,133208-93-2,pl88
iclaprimum,iclaprim,iclaprime,iclaprim,192314-93-5,pl88
iosimenolum,iosimenol,iosiménol,iosimenol,181872-90-2,pl88
latidectinum,latidectin,latidectine,latidectina,371918-44-4,pl88
lurasidonum,lurasidone,lurasidone,lurasidona,367514-87-2,pl88
mantabegronum,mantabegron,mantabégron,mantabegrón,36144-08-8,pl88
matuzumabum,matuzumab,,,339186-68-4,pl88
mitratapidum,mitratapid,mitratapid,mitratapid,179602-65-4,pl88
oxeglitazarum,oxeglitazar,oxéglitazar,oxeglitazar,280585-34-4,pl88
posizolidum,posizolid,posizolid,posizolid,252260-02-9,pl88
rafabegronum,rafabegron,rafabégron,rafabegrón,244081-42-3,pl88
rupintrivirum,rupintrivir,rupintrivir,rupintrivir,223537-30-2,pl88
sorafenibum,sorafenib,sorafénib,sorafenib,284461-73-0,pl88
squalaminum,squalamine,squalamine,,148717-90-2,pl88
tacedinalinum,tacedinaline,tacédinaline,tacedinalina,112522-64-2,pl88
telbivudinum,telbivudine,telbivudine,telbivudina,3424-98-4,pl88
tolevamerum,tolevamer,,,,pl88
indiplon,,,,,pl88
indiplon,indiplón,,,,pl88
trabectedin,trabectédine,,trabectedina,,pl88
alamifovirum,alamifovir,alamifovir,alamifovir,193681-12-8,pl89
aprinocarsenum,aprinocarsen,aprinocarsen,aprinocarseno,151879-73-1,pl89
belimumabum,belimumab,bélimumab,belimumab,400010-39-1,pl89
cimicoxibum,cimicoxib,cimicoxib,cimicoxib,265114-23-6,pl89
dabuzalgronum,dabuzalgron,dabuzalgron,dabuzalgrón,219311-44-1,pl89
dacinostatum,dacinostat,dacinostat,dacinostat,9041-08-1,pl89
desvenlafaxinum,desvenlafaxine,dèsvenlafaxine,desvenlafaxina,246539-15-1,pl89
diquafosolum,diquafosol,diquafosol,,59985-21-6,pl89
disermolidum,disermolide,disermolide,disermolida,127943-53-7,pl89
edifoligidum,edifoligide,édifoligide,edifoligida,328538-04-1,pl89
edratidum,edratide,édratide,edratida,433922-67-9,pl89
elsilimomabum,elsilimomab,elsilimomab,elsilimomab,468715-71-1,pl89
elvucitabinum,elvucitabine,elvucitabine,elvucitabina,129805-33-0,pl89
exenatidum,exenatide,exénatide,exenatida,141758-74-9,pl89
firocoxibum,firocoxib,firocoxib,firocoxib,189954-96-9,pl89
fispemifenum,fispemifene,,,,pl89
freselestatum,freselestat,frésélestat,freselestat,208848-19-5,pl89
galiximabum,galiximab,galiximab,galiximab,197462-97-8,pl89
icofungipenum,icofungipen,icofungipen,icofungipeno,198022-65-0,pl89
icrocaptidum,icrocaptide,icrocaptide,icrocaptida,169543-49-1,pl89
iferanserinum,iferanserin,iféransérine,iferanserina,58754-46-4,pl89
istradefyllinum,istradefylline,,,,pl89
ixabepilonum,ixabepilone,ixabépilone,ixabepilona,219989-84-1,pl89
ladostigilum,ladostigil,ladostigil,ladostigilo,209394-27-4,pl89
lapatinibum,lapatinib,lapatinib,lapatinib,231277-92-2,pl89
lomeguatribum,lomeguatrib,lomeguatrib,lomeguatrib,192441-08-0,pl89
odiparcilum,odiparcil,odiparcil,odiparcilo,137215-12-4,pl89
omigananum,omiganan,,,,pl89
pactimibum,pactimibe,pactimibe,pactimiba,189198-30-9,pl89
patupilonum,patupilone,patupilone,patupilona,152044-54-7,pl89
pertuzumabum,pertuzumab,,,380610-27-5,pl89
pixantronum,pixantrone,pixantrone,pixantrona,144510-96-3,pl89
pritumumabum,pritumumab,pritumumab,pritumumab,499212-74-7,pl89
ralfinamidum,ralfinamide,ralfinamide,ralfinamida,133865-88-0,pl89
rebimastatum,rebimastat,rébimastat,rebimastat,259188-38-0,pl89
segesteronum,segesterone,ségestérone,segesterona,7690-08-6,pl89
semapimodum,semapimod,sémapimod,semapimod,352513-83-8,pl89
sufugolixum,sufugolix,sufugolix,sufugolix,308831-61-0,pl89
tafluprostum,tafluprost,tafluprost,tafluprost,209860-87-7,pl89
talizumabum,talizumab,talizumab,talizumab,131608-78-1,pl89
tesofensinum,tesofensine,,,,pl89
tifenazoxidum,tifenazoxide,tifénazoxide,tifenazóxido,279215-43-9,pl89
tisocalcitatum,tisocalcitate,tisocalcitate,tisocalcitato,156965-06-9,pl89
ulifloxacinum,ulifloxacin,ulifloxacin,ulifloxacino,112984-60-8,pl89
vareniclinum,varenicline,varénicline,vareniclina,222732-94-7,pl89
adecatumumabum,adecatumumab,adécatumumab,adecatumumab,503605-66-1,pl90
arformoterolum,arformoterol,,,,pl90
bronchodilatador,,,,67346-49-0,pl90
banoxantronum,banoxantrone,banoxantrone,banoxantrona,136470-65-0,pl90
batabulinum,batabulin,batabuline,batabulina,195533-53-0,pl90
becampanelum,becampanel,bécampanel,becampanel,188696-80-2,pl90
beminafilum,beminafil,,,,pl90
binodenosonum,binodenoson,binodénoson,binodenosón,428863-50-7,pl90
ciluprevirum,ciluprevir,ciluprévir,ciluprevir,300832-84-2,pl90
clazosentanum,clazosentan,clazosentan,clazosentán,180384-56-9,pl90
clofarabinum,clofarabine,clofarabine,clofarabina,123318-82-1,pl90
daglutrilum,daglutril,daglutril,daglutrilo,182821-27-8,pl90
dextofisopamum,dextofisopam,dextofisopam,dextofisopam,82059-50-5,pl90
doranidazolum,doranidazole,doranidazole,doranidazol,149838-23-3,pl90
ecopladibum,ecopladib,écopladib,ecopladib,381683-92-7,pl90
emapunilum,emapunil,émapunil,emapunilo,226954-04-7,pl90
enzastaurinum,enzastaurin,enzastaurine,enzastaurina,170364-57-5,pl90
eslicarbazepinum,eslicarbazepine,eslicarbazépine,eslicarbazepina,104746-04-5,pl90
esoxybutyninum,esoxybutynin,ésoxybutynine,esoxybutynina,345663-45-8,pl90
imidafenacinum,imidafenacin,imidafénacine,imidafenacina,170105-16-5,pl90
lumiliximabum,lumiliximab,,,357613-86-6,pl90
maropitantum,maropitant,maropitant,maropitant,147116-67-4,pl90
mubritinibum,mubritinib,mubritinib,mubritinib,366017-09-6,pl90
muraglitazarum,muraglitazar,muraglitazar,muraglitazar,331741-94-7,pl90
nebentanum,nebentan,nébentan,nebentán,290297-26-6,pl90
omigapilum,omigapil,omigapil,omigapilo,263351-82-2,pl90
pasireotidum,pasireotide,pasiréotide,pasireotida,396091-73-9,pl90
pelitrexolum,pelitrexol,pélitrexol,pelitrexol,446022-33-9,pl90
pruvanserinum,pruvanserin,pruvansérine,pruvanserina,443144-26-1,pl90
ramelteonum,ramelteon,rameltéon,ramelteòn,196597-26-9,pl90
ranibizumabum,ranibizumab,ranibizumab,ranibizumab,347396-82-1,pl90
razaxabanum,razaxaban,razaxaban,razaxabán,218298-21-6,pl90
resequinilum,resequinil,réséquinil,resequinilo,219846-31-8,pl90
rivaroxabanum,rivaroxaban,rivaroxaban,rivaroxabán,366789-02-8,pl90
sabarubicinum,sabarubicin,sabarubicine,sabarubicina,211100-13-9,pl90
solabegronum,solabegron,solabégron,solabegrón,220712-29-8,pl90
tanaprogetum,tanaproget,tanaproget,tanaproget,465540-87-8,pl90
taprizosinum,taprizosin,taprizosine,taprizosina,210538-44-6,pl90
teduglutidum,teduglutide,,,287714-30-1,pl90
tocilizumabum,tocilizumab,,,375823-41-9,pl90
uliprisnilum,uliprisnil,uliprisnil,uliprisnilo,159811-51-5,pl90
urtoxazumabum,urtoxazumab,,urtoxazumab,502496-16-4,pl90
valtorcitabinum,valtorcitabine,valtorcitabine,valtorcitabina,380886-95-3,pl90
vildagliptinum,vildagliptin,vildagliptine,vildagliptina,274901-16-5,pl90
zanolimumabum,zanolimumab,zanolimumab,zanolimumab,652153-01-0,pl90
polietilenglicol,,,,187219-95-0,pl90
abataceptum,abatacept,abatacept,abatacept,332348-12-6,pl91
acotiamidum,acotiamide,acotiamide,acotiamida,420784-05-0,pl91
armodafinilum,armodafinil,armodafinil,armodafinilo,112111-43-0,pl91
bamirastinum,bamirastine,bamirastine,bamirastina,215529-47-8,pl91
befetupitantum,befetupitant,béfétupitant,befetupitant,290296-68-3,pl91
belotecanum,belotecan,bélotécan,belotecán,256411-32-2,pl91
carmoterolum,carmoterol,,,,pl91
cetilistatum,cetilistat,cétilistat,cetilistat,282526-98-1,pl91
dasantafilum,dasantafil,,,,pl91
daxalipramum,daxalipram,daxalipram,daxalipram,189940-24-7,pl91
denufosolum,denufosol,dénufosol,denufosol,211448-85-0,pl91
depelestatum,depelestat,,,506433-25-6,pl91
dirlotapidum,dirlotapide,dirlotapide,dirlotapida,481658-94-0,pl91
edaglitazonum,edaglitazone,édaglitazone,edaglitazona,213411-83-7,pl91
exbivirumabum,exbivirumab,exbivirumab,exbivirumab,569658-80-6,pl91
fampronilum,fampronil,fampronil,fampronilo,134183-95-2,pl91
fidexabanum,fidexaban,fidexaban,fidexabán,183305-24-0,pl91
fingolimodum,fingolimod,fingolimod,fingolimod,162359-55-9,pl91
gadodenteratum,gadodenterate,gadodentérate,gadodenterato,213998-46-0,pl91
golimumabum,golimumab,golimumab,golimumab,476181-74-5,pl91
idronoxilum,idronoxil,idronoxil,idronoxilo,81267-65-4,pl91
imiglitazarum,imiglitazar,imiglitazar,imiglitazar,250601-04-8,pl91
indacaterolum,indacaterol,indacaterol,,,pl91
indibulinum,indibulin,indibuline,indibulina,204205-90-3,pl91
antirhumatismal,,,,457913-93-8,pl91
lanimostimum,lanimostim,lanimostim,lanimostim,117276-75-2,pl91
lemuteporfinum,lemuteporfin,lémutéporfine,lemuteporfina,215808-49-4,pl91
lenalidomidum,lenalidomide,lénalidomide,lenalidomide,191732-72-6,pl91
lestaurtinibum,lestaurtinib,lestaurtinib,lestaurtinib,111358-88-4,pl91
libivirumabum,libivirumab,libivirumab,libivirumab,569658-79-3,pl91
maravirocum,maraviroc,maraviroc,maraviroc,478166-15-3,pl91
milataxelum,milataxel,milataxel,milataxel,393101-41-2,pl91
mirococeptum,mirococept,,,186040-50-6,pl91
palosuranum,palosuran,palosuran,palosurán,540769-28-6,pl91
panitumumabum,panitumumab,,,339177-26-3,pl91
pegamotecanum,pegamotecan,pégamotécan,pegamotecán,203066-49-3,pl91
pelitinibum,pelitinib,pélitinib,pelitinib,257933-82-7,pl91
perflubutanum,perflubutane,perflubutane,perflubutano,355-25-9,pl91
perzinfotelum,perzinfotel,perzinfotel,perzinfotel,144912-63-0,pl91
prasugrelum,prasugrel,prasugrel,prasugrel,150322-43-3,pl91
radafaxinum,radafaxine,radafaxine,radafaxina,192374-14-4,pl91
ranirestatum,ranirestat,ranirestat,ranirestat,147254-64-6,pl91
regadenosonum,regadenoson,régadénoson,regadenosón,313348-27-5,pl91
reparixinum,reparixin,réparixine,reparixina,266359-83-5,pl91
retapamulinum,retapamulin,rétapamuline,retapamulina,224452-66-8,pl91
revaprazanum,revaprazan,révaprazan,revaprazán,199463-33-7,pl91
rilpivirineum,rilpivirine,rilpivirine,,500287-72-9,pl91
ritobegronum,ritobegron,ritobégron,ritobegrón,255734-04-4,pl91
robenacoxibum,robenacoxib,robénacoxib,robenacoxib,220991-32-2,pl91
rostafuroxinum,rostafuroxin,rostafuroxine,rostafuroxina,156722-18-8,pl91
selodenosonum,selodenoson,sélodénoson,selodenosón,110299-05-3,pl91
taltobulinum,taltobulin,taltobuline,taltobulina,228266-40-8,pl91
tandutinibum,tandutinib,tandutinib,tandutinib,387867-13-2,pl91
teglicarum,teglicar,téglicar,teglicar,250694-07-6,pl91
telavancinum,telavancin,télavancine,telavancina,372151-71-8,pl91
tetomilastum,tetomilast,tétomilast,tetomilast,145739-56-6,pl91
tifuvirtidum,tifuvirtide,tifuvirtide,tifuvirtida,251562-00-2,pl91
topilutamidum,topilutamide,topilutamide,topilutamida,260980-89-0,pl91
torapselum,torapsel,torapsel,torapsel,204658-47-9,pl91
trodusqueminum,trodusquemine,trodusquémine,trodusquemina,186139-09-3,pl91
vandetanibum,vandetanib,vandétanib,vandetanib,338992-00-0,pl91
vestipitantum,vestipitant,vestipitant,vestipitant,476413-07-7,pl91
ancrivirocum,ancriviroc,ancriviroc,ancriviroc,370893-06-4,pl92
artemifonum,artemifone,,,,pl92
atilmotinum,atilmotin,atilmotine,atilmotina,533927-56-9,pl92
avanafilum,avanafil,,,,pl92
balicatibum,balicatib,balicatib,balicatib,354813-19-7,pl92
becatecarinum,becatecarin,bécatécarine,becatecarina,119673-08-4,pl92
becocalcidiolum,becocalcidiol,bécocalcidiol,becocalcidiol,524067-21-8,pl92
bemotrizinolum,bemotrizinol,,,,pl92
besilesomabum,besilesomab,bésilésomab,besilesomab,537694-98-7,pl92
bisoctrizolum,bisoctrizole,,,,pl92
canfosfamidum,canfosfamide,canfosfamide,canfosfamida,158382-37-7,pl92
ceftobiprolum,ceftobiprole,ceftobiprole,ceftobiprol,372075-36-0,pl92
davasaicinum,davasaicin,davasaïcine,davasaicina,147497-64-1,pl92
deferitrinum,deferitrin,déféritrine,deferitrina,239101-33-8,pl92
delmitidum,delmitide,delmitide,delmitida,287096-87-1,pl92
deutolperisonum,deutolperisone,deutolpérisone,deutolperisona,474641-19-5,pl92
efipladibum,efipladib,éfipladib,efipladib,381683-94-9,pl92
elomotecanum,elomotecan,élomotécan,elomotecán,220998-10-7,pl92
embeconazolum,embeconazole,embéconazole,embeconazol,604802-70-2,pl92
eritoranum,eritoran,éritoran,eritorán,185955-34-4,pl92
etalocibum,etalocib,étalocib,etalocib,161172-51-6,pl92
farampatorum,farampator,farampator,farampator,211735-76-1,pl92
forodesinum,forodesine,forodésine,forodesina,209799-67-7,pl92
galsulfasum,galsulfase,galsulfase,galsulfasa,552858-79-4,pl92
glucarpidasum,glucarpidase,glucarpidase,glucarpidasa,9074-87-7,pl92
iboctadekinum,iboctadekin,iboctadékine,iboctadekina,479198-61-3,pl92
icomucretum,icomucret,icomucret,icomucret,635715-01-4,pl92
isalmadolum,isalmadol,isalmadol,isalmadol,269079-62-1,pl92
ispinesibum,ispinesib,ispinésib,ispinesib,336113-53-2,pl92
levotofisopamum,levotofisopam,lévotofisopam,levotofisopam,82059-51-6,pl92
linaprazanum,linaprazan,linaprazan,linaprazán,20290-10-2,pl92
naveglitazarum,naveglitazar,navéglitazar,naveglitazar,476436-68-7,pl92
omocianinum,omocianine,omocianine,omocianine,154082-13-0,pl92
peliglitazarum,peliglitazar,péliglitazar,peliglitazar,331744-64-0,pl92
pemaglitazarum,pemaglitazar,pémaglitazar,pemaglitazar,496050-39-6,pl92
perflisobutanum,perflisobutane,perflisobutane,perflisobutano,354-92-7,pl92
piclozotanum,piclozotan,piclozotan,piclozotán,182415-09-4,pl92
pralatrexatum,pralatrexate,pralatrexate,pralatrexato,146464-95-1,pl92
radoterminum,radotermin,radotermine,radotermina,575458-75-2,pl92
raxibacumabum,raxibacumab,,,,pl92
rimeporidum,rimeporide,riméporide,rimeporida,187870-78-6,pl92
saxagliptinum,saxagliptin,saxagliptine,saxagliptina,361442-04-8,pl92
seliciclibum,seliciclib,séliciclib,seliciclib,186692-46-6,pl92
sugammadexum,sugammadex,sugammadex,sugammadex,343306-71-8,pl92
talabostatum,talabostat,talabostat,talabostat,308240-58-5,pl92
talaglumetadum,talaglumetad,talaglumétad,talaglumetad,441765-98-6,pl92
tanogitranum,tanogitran,tanogitran,tanogitrán,637328-69-9,pl92
tefibazumabum,tefibazumab,,,,pl92
temserolimusum,temserolimus,,temserolimus,,pl92
tetraxetanum,tetraxetan,tétraxétan,tetraxetán,60239-18-1,pl92
apixabanum,apixaban,apixaban,apixabán,503612-47-3,pl93
apratastatum,apratastat,apratastat,apratastat,287405-51-0,pl93
arasertaconazolum,arasertaconazole,arasertaconazole,arasertaconazol,583057-48-1,pl93
avosentanum,avosentan,avosentan,avosentán,290815-26-8,pl93
bapineuzumabum,bapineuzumab,bapineuzumab,bapineuzumab,648895-38-9,pl93
belataceptum,belatacept,bélatacept,belatacept,,pl93
brivaracetamum,brivaracetam,brivaracétam,brivaracetam,357336-20-0,pl93
caricotamidum,caricotamide,caricotamide,caricotamida,64881-21-6,pl93
catumaxomabum,catumaxomab,catumaxomab,catumaxomab,509077-98-9,pl93
dapiclerminum,dapiclermin,dapiclermine,dapiclermina,444069-80-1,pl93
dexlansoprazolum,dexlansoprazole,dexlansoprazole,dexlansoprazol,138530-94-6,pl93
dianiclinum,dianicline,dianicline,dianiclina,292634-27-6,pl93
ecallantidum,ecallantide,,E,460738-38-9,pl93
ertumaxomabum,ertumaxomab,,,509077-99-0,pl93
esmirtazapinum,esmirtazapine,esmirtazapine,esmirtazapina,174638-15-4,pl93
isproniclinum,ispronicline,ispronicline,isproniclina,252870-53-4,pl93
istaroximum,istaroxime,istaroxime,istaroxima,203737-93-3,pl93
lecozotanum,lecozotan,lécozotan,lecozotán,434283-16-6,pl93
levolansoprazolum,levolansoprazole,lévolansoprazole,levolansoprazol,138530-95-7,pl93
manitimusum,manitimus,manitimus,manitimús,,pl93
mapatumumabum,mapatumumab,mapatumumab,,658052-09-6,pl93
nebicaponum,nebicapon,nebicapone,,,pl93
nerispirdinum,nerispirdine,nérispirdine,nerispirdina,119229-65-1,pl93
ofatumumabum,ofatumumab,ofatumumab,ofatumumab,679818-59-8,pl93
olmesartanum,olmesartan,olmésartan,olmesartán,144689-24-7,pl93
padoporfinum,padoporfin,padoporfine,padoporfina,274679-00-4,pl93
pagibaximabum,pagibaximab,pagibaximab,pagibaximab,595566-61-3,pl93
palirodenum,paliroden,palirodène,palirodeno,188396-77-2,pl93
peforelinum,peforelin,péforéline,peforelina,147859-97-0,pl93
plerixaforum,plerixafor,plérixafor,plerixafor,110078-46-1,pl93
plitidepsinum,plitidepsin,plitidepsine,plitidepsina,137219-37-5,pl93
pradefovirum,pradefovir,pradéfovir,pradefovir,625095-60-5,pl93
rimacalibum,rimacalib,rimacalib,rimacalib,215174-50-8,pl93
rivaniclinum,rivanicline,rivanicline,rivaniclina,15585-43-0,pl93
rivenprostum,rivenprost,rivenprost,rivenprost,256382-08-8,pl93
satavaptanum,satavaptan,satavaptan,satavaptán,185913-78-4,pl93
seletracetamum,seletracetam,sélétracétam,seletracetam,357336-74-4,pl93
sipoglitazarum,sipoglitazar,sipoglitazar,sipoglitazar,342026-92-0,pl93
sunitinibum,sunitinib,sunitinib,sunitinib,557795-19-4,pl93
surinabantum,surinabant,surinabant,surinabant,288104-79-0,pl93
tasidotinum,tasidotin,tasidotine,tasidotina,192658-64-3,pl93
tasquinimodum,tasquinimod,tasquinimod,tasquinimod,254964-60-8,pl93
terutrobanum,terutroban,térutroban,terutrobán,165538-40-9,pl93
tesetaxelum,tesetaxel,tésétaxel,tesetaxel,333754-36-2,pl93
tretazicarum,tretazicar,trétazicar,tretazicar,21919-05-1,pl93
udenafilum,udenafil,udenafil,,,pl93
valategrastum,valategrast,valatégrast,valategrast,220847-86-9,pl93
valopicitabinum,valopicitabine,valopicitabine,valopicitabina,640281-90-9,pl93
volociximabum,volociximab,volociximab,volociximab,558480-40-3,pl93
zabofloxacinum,zabofloxacin,zabofloxacine,zabofloxacino,219680-11-2,pl93
zalutumumabum,zalutumumab,,,308240-58-6,pl93
alcaftadinum,alcaftadine,alcaftadine,alcaftadina,147084-10-4,pl94
amibegronum,amibegron,amibégron,amibegrón,121524-08-1,pl94
apadenosonum,apadenoson,apadénoson,apadenosón,250386-15-3,pl94
aplavirocum,aplaviroc,aplaviroc,aplaviroc,461443-59-4,pl94
axitinibum,axitinib,axitinib,axitinib,319460-85-0,pl94
bosutinibum,bosutinib,bosutinib,bosutinib,380843-75-4,pl94
brecanavirum,brecanavir,brécanavir,brecanavir,313682-08-5,pl94
capeserodum,capeserod,capésérod,capeserod,769901-96-4,pl94
casopitantum,casopitant,casopitant,casopitant,414910-27-3,pl94
celivaronum,celivarone,célivarone,celivarona,401925-43-7,pl94
cevoglitazarum,cevoglitazar,cévoglitazar,cevoglitazar,839673-52-8,pl94
darapladibum,darapladib,darapladib,darapladib,356057-34-6,pl94
dasatinibum,dasatinib,dasatinib,dasatinib,302962-49-8,pl94
denagliptinum,denagliptin,dénagliptine,denagliptina,132245-57-9,pl94
diaplasininum,diaplasinin,diaplasinine,diaplasinina,481631-45-2,pl94
dilopetinum,dilopetine,dilopétine,dilopetina,247046-52-2,pl94
disomotidum,disomotide,disomotide,disomotida,181477-43-0,pl94
dutacatibum,dutacatib,dutacatib,dutacatib,501000-36-8,pl94
eltrombopagum,eltrombopag,eltrombopag,eltrombopag,496775-61-2,pl94
eprodisatum,eprodisate,éprodisate,eprodisato,21668-77-9,pl94
fimasartanum,fimasartan,fimasartan,fimasartán,247257-48-3,pl94
fosaprepitantum,fosaprepitant,fosaprépitant,fosaprepitant,172673-20-0,pl94
fospropofolum,fospropofol,fospropofol,fospropofol,478296-72-9,pl94
goxalapladibum,goxalapladib,goxalapladib,goxalapladib,412950-27-7,pl94
incyclinidum,incyclinide,incyclinide,,15866-90-7,pl94
indantadolum,indantadol,indantadol,indantadol,202844-10-8,pl94
humain,,humain,humano,640735-09-7,pl94
larotaxelum,larotaxel,larotaxel,larotaxel,156294-36-9,pl94
lisdexamfetaminum,lisdexamfetamine,lisdexamfétamine,,608137-32-2,pl94
masilukastum,masilukast,masilukast,masilukast,136564-68-6,pl94
mavacoxibum,mavacoxib,mavacoxib,mavacoxib,170569-88-7,pl94
nilotinibum,nilotinib,nilotinib,nilotinib,828933-51-3,pl94
obatoclaxum,obatoclax,obatoclax,obatoclax,637334-45-3,pl94
oglemilastum,oglemilast,oglémilast,oglemilast,778576-62-8,pl94
olaparibum,olaparib,olaparib,olaparib,763113-22-0,pl94
orvepitantum,orvepitant,orvépitant,orvepitant,579475-18-6,pl94
ovemotidum,ovemotide,ovémotide,ovemotida,181477-91-8,pl94
ozarelixum,ozarelix,ozarélix,ozarelix,295350-45-7,pl94
paquinimodum,paquinimod,paquinimod,paquinimod,248282-01-1,pl94
parogrelilum,parogrelil,parogrélil,parogrelilo,139145-27-0,pl94
pazopanibum,pazopanib,pazopanib,pazopanib,444731-52-6,pl94
relacatibum,relacatib,rélacatib,relacatib,362505-84-8,pl94
rilapladibum,rilapladib,rilapladib,rilapladib,412950-08-4,pl94
rolipoltidum,rolipoltide,rolipoltide,rolipoltida,,pl94
romidepsinum,romidepsin,romidepsine,romidepsina,128517-07-7,pl94
rotigaptidum,rotigaptide,rotigaptide,rotigaptida,355151-12-1,pl94
sapacitabinum,sapacitabine,sapacitabine,sapacitabina,151823-14-2,pl94
simotaxelum,simotaxel,simotaxel,simotaxel,791635-59-1,pl94
sitagliptinum,sitagliptin,sitagliptine,sitagliptina,486460-32-6,pl94
sontuzumabum,sontuzumab,sontuzumab,sontuzumab,372075-37-1,pl94
sotirimodum,sotirimod,sotirimod,sotirimod,705287-60-1,pl94
tadocizumabum,tadocizumab,tadocizumab,tadocizumab,339086-80-5,pl94
talotrexinum,talotrexin,talotrexine,talotrexina,113857-87-7,pl94
telaprevirum,telaprevir,télaprévir,telaprevir,745013-59-6,pl94
tiplasininum,tiplasinin,tiplasinine,tiplasinina,393105-53-8,pl94
tramiprosatum,tramiprosate,tramiprosate,tramiprosato,339986-90-2,pl94
velaferminum,velafermin,vélafermin,velafermina,295371-00-5,pl94
vicrivirocum,vicriviroc,vicriviroc,vicriviroc,306296-47-9,pl94
vorinostatum,vorinostat,vorinostat,vorinostat,149647-78-9,pl94
zibotentanum,zibotentan,zibotentan,zibotentán,186497-07-4,pl94
zotarolimusum,zotarolimus,zotarolimus,zotarolimus,,pl94
radiopharmaceutical,,,,320345-99-1,pl95
afimoxifenum,afimoxifene,,,,pl95
aleglitazarum,aleglitazar,aléglitazar,aleglitazar,475479-34-6,pl95
citomegalovirus,,,,473553-86-5,pl95
apilimodum,apilimod,apilimod,apilimod,541550-19-0,pl95
apricitabinum,apricitabine,apricitabine,apricitabina,845264-92-8,pl95
azilsartanum,azilsartan,azilsartan,azilsartán,648904-28-3,pl95
bedoradrinum,bedoradrine,bédoradrine,bedoradrina,9001-27-8,pl95
bremelanotidum,bremelanotide,brémelanotide,bremelanotida,9026-00-0,pl95
camobucolum,camobucol,camobucol,camobucol,216167-92-9,pl95
capadenosonum,capadenoson,capadénoson,capadenosón,544417-40-5,pl95
catramilastum,catramilast,catramilast,catramilast,183659-72-5,pl95
cediranibum,cediranib,cédiranib,cediranib,288383-20-0,pl95
denibulinum,denibulin,dénibuline,denibulina,284019-34-7,pl95
dexelvucitabinum,dexelvucitabine,dexelvucitabine,dexelvucitabina,762260-74-2,pl95
elacytarabinum,elacytarabine,élacytarabine,,188181-42-2,pl95
elocalcitolum,elocalcitol,élocalcitol,elocalcitol,199798-84-0,pl95
elsibucolum,elsibucol,elsibucol,elsibucol,762263-14-9,pl95
ferroquinum,ferroquine,,,,pl95
gamithromycinum,gamithromycin,gamithromycin,,145435-72-9,pl95
ilepatrilum,ilepatril,ilépatril,ilepatrilo,218791-21-0,pl95
inakalantum,inakalant,inakalant,inakalant,335619-18-6,pl95
lapaquistatum,lapaquistat,lapaquistat,lapaquistat,189060-13-7,pl95
levonadifloxacinum,levonadifloxacin,lévonadifloxacine,levonadifloxacino,845816-02-6,pl95
lificiguatum,lificiguat,lificiguat,lificiguat,170632-47-0,pl95
lobeglitazonum,lobeglitazone,lobéglitazone,lobeglitazona,607723-33-1,pl95
lorcaserinum,lorcaserin,lorcasérine,lorcaserina,616202-92-7,pl95
mifamurtidum,mifamurtide,mifamurtide,mifamurtida,83461-56-7,pl95
migalastatum,migalastat,migalastat,migalastat,108147-54-2,pl95
mirodenafilum,mirodenafil,,,,pl95
naproxcinodum,naproxcinod,naproxcinod,naproxcinod,163133-43-5,pl95
omtriptolidum,omtriptolide,omtriptolide,omtriptolida,195883-06-8,pl95
pafuramidinum,pafuramidine,pafuramidine,pafuramidina,186953-56-0,pl95
piraxostatum,piraxostat,piraxostat,piraxostat,206884-98-2,pl95
pramiconazolum,pramiconazole,pramiconazole,pramiconazol,219923-85-0,pl95
prinaberelum,prinaberel,prinabérel,prinaberel,501081-76-1,pl95
rosabulinum,rosabulin,rosabuline,rosabulina,501948-05-6,pl95
sagopilonum,sagopilone,sagopilone,sagopilona,305841-29-6,pl95
sodelglitazarum,sodelglitazar,sodelglitazar,sodelglitazar,447406-78-2,pl95
sofigatranum,sofigatran,sofigatran,sofigatrán,187602-11-5,pl95
succinobucolum,succinobucol,succinobucol,succinobucol,216167-82-7,pl95
taribavirinum,taribavirin,taribavirine,taribavirina,119567-79-2,pl95
tezampanelum,tezampanel,tézampanel,tezampanel,154652-83-2,pl95
ticagrelorum,ticagrelor,ticagrélor,ticagrelor,274693-27-5,pl95
tigapotidum,tigapotide,tigapotide,tigapotida,848084-83-3,pl95
tipelukastum,tipelukast,tipélukast,tipelukast,125961-82-2,pl95
tomopenemum,tomopenem,tomopénem,tomopenem,222400-20-6,pl95
tylvalosinum,tylvalosin,tylvalosine,,63409-12-1,pl95
vabicaserinum,vabicaserin,vabicasérine,vabicaserina,620948-93-8,pl95
vapitadinum,vapitadine,vapitadine,vapitadina,793655-64-8,pl95
veliflaponum,veliflapon,véliflapon,veliflapón,128253-31-6,pl95
volinanserinum,volinanserin,,,,pl95
methanol,,,,139290-65-6,pl95
alogliptinum,alogliptin,alogliptine,alogliptina,850649-61-5,pl96
alvespimycinum,alvespimycin,,alvespimycine,467214-20-6,pl96
amifampridinum,amifampridine,amifampridine,amifampridina,,pl96
balamapimodum,balamapimod,balamapimod,balamapimod,863029-99-6,pl96
bevirimatum,bevirimat,bévirimat,bevirimat,174022-42-5,pl96
carisbamatum,carisbamate,carisbamate,carisbamato,194085-75-1,pl96
cevipabulinum,cevipabulin,cévipabuline,cevipabulina,849550-05-6,pl96
dalcetrapibum,dalcetrapib,dalcétrapib,dalcetrapib,211513-37-0,pl96
firategrastum,firategrast,firatégrast,firategrast,402567-16-2,pl96
giripladibum,giripladib,giripladib,giripladib,865200-20-0,pl96
imepitoinum,imepitoin,imépitoïne,imepitoina,188116-07-6,pl96
isavuconazolum,isavuconazole,isavuconazole,isavuconazol,338990-84-4,pl96
linaclotidum,linaclotide,linaclotide,linaclotida,851199-59-2,pl96
litenimodum,litenimod,liténimod,litenimod,280782-97-0,pl96
masitinibum,masitinib,masitinib,masitinib,676258-98-3,pl96
nemonoxacinum,nemonoxacin,némonoxacine,nemonoxacino,378746-64-6,pl96
obinepitidum,obinepitide,obinépitide,obinepitida,348119-84-6,pl96
ozenoxacinum,ozenoxacin,ozénoxacine,ozenoxacino,245765-41-7,pl96
padeliporfinum,padeliporfin,padéliporfine,padeliporfina,759457-82-4,pl96
pamapimodum,pamapimod,pamapimod,pamapimod,449811-01-2,pl96
panobinostatum,panobinostat,panobinostat,panobinostat,404950-80-7,pl96
pardoprunoxum,pardoprunox,,,,pl96
resatorvidum,resatorvid,résatorvid,resatorvid,243984-11-4,pl96
rusalatidum,rusalatide,rusalatide,rusalatida,497221-38-2,pl96
senicapocum,senicapoc,sénicapoc,senicapoc,289656-45-7,pl96
sergliflozinum,sergliflozin,sergliflozine,sergliflozina,408504-26-7,pl96
tanespimycinum,tanespimycin,,tanespimycine,75747-14-7,pl96
telatinibum,telatinib,télatinib,telatinib,332012-40-5,pl96
tesamorelinum,tesamorelin,tésamoréline,tesamorelina,218949-48-5,pl96
vernakalantum,vernakalant,vernakalant,vernakalant,794466-70-9,pl96
votucalisum,votucalis,votucalis,votucalis,189059-71-0,pl96
anamorelinum,anamorelin,anamoréline,anamorelina,249921-19-5,pl97
apremilastum,apremilast,aprémilast,apremilast,847353-30-4,pl97
arterolanum,arterolane,,,,pl97
begacestatum,begacestat,bégacestat,begacestat,769169-27-9,pl97
belinostatum,belinostat,bélinostat,belinostat,414864-00-9,pl97
boceprevirum,boceprevir,bocéprévir,boceprevir,402710-25-2,pl97
carfilzomibum,carfilzomib,carfilzomib,carfilzomib,229016-73-3,pl97
cenersenum,cenersen,,,856676-23-8,pl97
cinaciguatum,cinaciguat,cinaciguat,cinaciguat,600735-73-7,pl97
dapagliflozinum,dapagliflozin,dapagliflozine,dapagliflozina,461432-26-8,pl97
delimotecanum,delimotecan,délimotécan,delimotecán,187852-63-7,pl97
dovitinibum,dovitinib,dovitinib,dovitinib,405169-16-6,pl97
eldecalcitolum,eldecalcitol,eldécalcitol,eldecalcitol,104121-92-8,pl97
elvitegravirum,elvitegravir,elvitégravir,elvitegravir,697761-98-1,pl97
epetirimodum,epetirimod,épétirimod,epetirimod,879555-13-2,pl97
eribulinum,eribulin,éribuline,eribulina,253128-41-5,pl97
faxeladolum,faxeladol,faxéladol,faxeladol,9007-72-1,pl97
flovagatranum,flovagatran,flovagatran,flovagatrán,89957-37-9,pl97
golotimodum,golotimod,,,,pl97
immonomudulator,,,,405159-59-3,pl97
laropiprantum,laropiprant,laropiprant,laropiprant,571170-77-9,pl97
levamlodipinum,levamlodipine,lévamlodipine,levamlodipino,103129-82-4,pl97
lonaprisanum,lonaprisan,lonaprisan,lonaprisán,211254-73-8,pl97
metenkefalinum,metenkefalin,métenkefaline,,58569-55-4,pl97
milveterolum,milveterol,,,,pl97
motesanibum,motesanib,motésanib,motesanib,453562-69-1,pl97
nepiderminum,nepidermin,népidermine,nepidermina,62253-63-8,pl97
neratinibum,neratinib,nératinib,neratinib,698387-09-6,pl97
perampanelum,perampanel,pérampanel,perampanel,380917-97-5,pl97
peretinoinum,peretinoin,pérétinoin,peretinoína,81485-25-8,pl97
pexacerfontum,pexacerfont,pexacerfont,pexacerfont,459856-18-9,pl97
pimavanserinum,pimavanserin,pimavansérine,pimavanserina,706779-91-1,pl97
piragliatinum,piragliatin,piragliatine,piragliatina,625114-41-2,pl97
pomalidomidum,pomalidomide,pomalidomide,pomalidomida,19171-19-8,pl97
posaraprostum,posaraprost,posaraprost,posaraprost,172740-14-6,pl97
pyronaridinum,pyronaridine,,,,pl97
raltegravirum,raltegravir,raltégravir,raltegravir,518048-05-0,pl97
regrelorum,regrelor,régrélor,regrelor,787548-03-2,pl97
rolapitantum,rolapitant,rolapitant,rolapitant,267639-76-9,pl97
ronacaleretum,ronacaleret,ronacaléret,ronacaleret,753449-67-1,pl97
ropidoxuridinum,ropidoxuridine,ropidoxuridine,ropidoxuridina,093265-81-7,pl97
rosonabantum,rosonabant,rosonabant,rosonabant,861151-12-4,pl97
salirasibum,salirasib,salirasib,salirasib,898830-54-1,pl97
sotrastaurinum,sotrastaurin,sotrastaurine,sotrastaurina,425637-18-9,pl97
taranabantum,taranabant,taranabant,taranabant,701977-09-5,pl97
tarenflurbilum,tarenflurbil,tarenflurbil,tarenflurbilo,876387-05-2,pl97
terameprocolum,terameprocol,térameprocol,terameprocol,869858-13-9,pl97
tiliquinatinum,tiliquinatine,tiliquinatine,tiliquinatina,445041-75-8,pl97
totrombopagum,totrombopag,totrombopag,totrombopag,376592-42-6,pl97
trabedersenum,trabedersen,trabedersen,trabedersén,925681-61-4,pl97
trelanserinum,trelanserin,trélansérine,trelanserina,22006-64-0,pl97
tropantiolum,tropantiol,tropantiol,tropantiol,296251-72-4,pl97
voclosporinum,voclosporin,voclosporine,voclosporina,,pl97
adipiplonum,adipiplon,adipiplon,adipiplón,840486-93-3,pl98
agatolimodum,agatolimod,agatolimod,agatolimod,934216-54-3,pl98
aleplasininum,aleplasinin,aléplasinine,aleplasinina,481629-87-2,pl98
almorexantum,almorexant,almorexant,almorexant,871224-64-5,pl98
cytomegalovirus,,,,870524-46-2,pl98
amsilarotenum,amsilarotene,amsilarotène,amsilaroteno,125973-56-0,pl98
anacetrapibum,anacetrapib,anacétrapib,anacetrapib,909110-25-4,pl98
bentamapimodum,bentamapimod,bentamapimod,bentamapimod,848344-36-5,pl98
berubicinum,berubicin,bérubicine,berubicina,677017-23-1,pl98
besifloxacinum,besifloxacin,bésifloxacine,besifloxacina,141388-76-3,pl98
betrixabanum,betrixaban,bétrixaban,betrixabán,869881-54-9,pl98
cabazitaxelum,cabazitaxel,cabazitaxel,cabazitaxel,183133-96-2,pl98
cariprazinum,cariprazine,cariprazine,cariprazina,839712-12-8,pl98
carmegliptinum,carmegliptin,carmégliptine,carmegliptina,813452-18-5,pl98
cobiprostonum,cobiprostone,cobiprostone,cobiprostona,880486-59-9,pl98
daporinadum,daporinad,daporinad,daporinad,201034-75-5,pl98
darinaparsinum,darinaparsin,darinaparsine,darinaparsina,69819-86-9,pl98
deforolimusum,deforolimus,déforolimus,deforolimus,572924-54-0,pl98
dexnebivololum,dexnebivolol,dexnébivolol,dexnebivolol,118457-15-1,pl98
emricasanum,emricasan,emricasan,emricasán,254750-02-2,pl98
eribaxabanum,eribaxaban,éribaxaban,eribaxabán,536748-46-6,pl98
ezatiostatum,ezatiostat,ézatiostat,ezatiostat,168682-53-9,pl98
fasobegronum,fasobegron,fasobégron,fasobegrón,643094-49-9,pl98
favipiravirum,favipiravir,favipiravir,favipiravir,259793-96-9,pl98
fermagatum,fermagate,fermagate,fermagato,119175-48-3,pl98
flopristinum,flopristin,flopristine,flopristina,318498-76-9,pl98
folitixorinum,folitixorin,folitixorine,folitixorina,3432-99-3,pl98
ibodutantum,ibodutant,ibodutant,ibodutant,522664-63-7,pl98
imegliminum,imeglimin,iméglimine,imeglimina,775351-65-0,pl98
laromustinum,laromustine,laromustine,laromustina,173424-77-6,pl98
levonebivololum,levonebivolol,lévonébivolol,levonebivolol,118457-16-2,pl98
linopristinum,linopristin,linopristine,linopristina,899796-83-9,pl98
mirabegronum,mirabegron,mirabégron,mirabegrón,223673-61-8,pl98
monepantelum,monepantel,monépantel,monepantel,887148-69-8,pl98
nelivaptanum,nelivaptan,nélivaptan,nelivaptán,439687-69-1,pl98
nesbuvirum,nesbuvir,nesbuvir,nesbuvir,691852-58-1,pl98
odanacatibum,odanacatib,odanacatib,odanacatib,881191-44-2,pl98
pegloticasum,pegloticase,pègloticase,pegloticasa,885051-90-1,pl98
preladenantum,preladenant,préladénant,preladenant,377727-87-2,pl98
quarfloxinum,quarfloxin,quarfloxine,quarfloxina,865311-47-3,pl98
radiprodilum,radiprodil,radiprodil,radiprodil,442201-24-3,pl98
retosibanum,retosiban,rétosiban,retosibán,820957-38-8,pl98
riociguatum,riociguat,riociguat,riociguat,625115-55-1,pl98
rolofyllinum,rolofylline,rolofylline,,592557-41-0,pl98
tertomotidum,tertomotide,tertomotide,tertomotida,918127-53-4,pl98
tiprolisantum,tiprolisant,tiprolisant,tiprolisant,728917-18-8,pl98
viquidacinum,viquidacin,viquidacine,viquidacina,863031-21-4,pl98
aderbasibum,aderbasib,aderbasib,aderbasib,791828-58-5,pl99
adoprazinum,adoprazine,adoprazine,adoprazina,929881-05-0,pl99
apricoxibum,apricoxib,apricoxib,apricoxib,197904-84-0,pl99
bafetinibum,bafetinib,bafétinib,bafetinib,887650-05-7,pl99
bederocinum,bederocin,bédérocine,bederocina,757942-43-1,pl99
befiradolum,befiradol,béfiradol,befiradol,208110-64-9,pl99
bevasiranibum,bevasiranib,,,,pl99
production,,,,896731-82-1,pl99
custirsenum,custirsen,custirsen,custirsén,903916-27-8,pl99
danusertibum,danusertib,danusertib,danusertib,850607-58-8,pl99
demiditrazum,demiditraz,démiditraz,demiditraz,944263-65-4,pl99
denenicokinum,denenicokin,dénénicokine,denenicokina,716840-32-3,pl99
derquantelum,derquantel,derquantel,derquantel,187865-22-1,pl99
disitertidum,disitertide,,,272105-42-7,pl99
drinabantum,drinabant,drinabant,drinabant,358970-97-5,pl99
dulanerminum,dulanermin,dulanermine,dulanermina,867153-61-5,pl99
edoxabanum,edoxaban,édoxaban,edoxabán,480449-70-5,pl99
elagolixum,elagolix,élagolix,elagolix,834153-87-6,pl99
elesclomolum,elesclomol,élesclomol,elesclomol,488832-69-5,pl99
entinostatum,entinostat,entinostat,entinostat,209783-80-2,pl99
eprotiromum,eprotirome,éprotirome,eprotiromo,355129-15-6,pl99
esreboxetinum,esreboxetine,esréboxétine,esreboxetina,944548-38-3,pl99
ibipinabantum,ibipinabant,ibipinabant,ibipinabant,464213-10-3,pl99
inolitazonum,inolitazone,inolitazone,inolitazona,223132-37-4,pl99
lancovutidum,lancovutide,lancovutide,lancovutida,1391-36-2,pl99
larazotidum,larazotide,larazotide,larazotida,258818-34-7,pl99
lensiprazinum,lensiprazine,lensiprazine,lensiprazina,327026-93-7,pl99
levomilnacipranum,levomilnacipran,lévomilnacipran,levomilnaciprán,96847-55-1,pl99
linagliptinum,linagliptin,linagliptine,linagliptina,668270-12-0,pl99
lixisenatidum,lixisenatide,lixisénatide,lixisenatida,320367-13-3,pl99
macitentanum,macitentan,macitentan,macitentan,441798-33-0,pl99
melogliptinum,melogliptin,mélogliptine,melogliptina,868771-57-7,pl99
mimopezilum,mimopezil,mimopézil,mimopezil,180694-97-7,pl99
mipomersenum,mipomersen,,,,pl99
expression,,,,1000120-98-8,pl99
olesoximum,olesoxime,olésoxime,olesoxima,22033-87-0,pl99
ombrabulinum,ombrabulin,ombrabuline,ombrabulina,181816-48-8,pl99
otenabantum,otenabant,oténabant,otenabant,686344-29-6,pl99
palifosfamidum,palifosfamide,palifosfamide,palifosfamida,31645-39-3,pl99
palovarotenum,palovarotene,palovarotène,palovarotena,410528-02-8,pl99
radezolidum,radezolid,radézolid,radezolid,944548-37-2,pl99
retaspimycinum,retaspimycin,rétaspimycine,,857402-23-4,pl99
saracatinibum,saracatinib,saracatinib,saracatinib,379231-04-6,pl99
semagacestatum,semagacestat,sémagacestat,semagacestat,9041-08-1,pl99
sivifenum,sivifene,,,,pl99
talarozolum,talarozole,talarozole,talarozol,870093-23-5,pl99
talmapimodum,talmapimod,talmapimod,talmapimod,880266-57-9,pl99
tasimelteonum,tasimelteon,tasimeltéon,tasimelteón,609799-22-6,pl99
tasisulamum,tasisulam,tasisulam,tasisulam,519055-62-0,pl99
taspoglutidum,taspoglutide,taspoglutide,taspoglutida,275371-94-3,pl99
tecovirimatum,tecovirimat,técovirimat,tecovirimat,816458-31-8,pl99
teneligliptinum,teneligliptin,ténéligliptine,teneligliptina,760937-92-6,pl99
tildipirosinum,tildipirosin,tildipirosine,tildipirosina,328898-40-4,pl99
tosedostatum,tosedostat,tosédostat,tosedostat,815610-63-0,pl99
vadimezanum,vadimezan,vadimézan,vadimezán,117570-53-3,pl99
velneperitum,velneperit,velnépérit,velneperit,342577-38-2,pl99
adarotenum,adarotene,adarotène,adaroteno,496868-77-0,pl100
afamelanotidum,afamelanotide,afamélanotide,afamelanotida,75921-69-6,pl100
alisporivirum,alisporivir,alisporivir,alisporivir,254435-95-5,pl100
amenamevirum,amenamevir,aménamévir,amenamevir,841301-32-4,pl100
atigliflozinum,atigliflozin,atigliflozine,atigliflozina,647834-15-9,pl100
balapiravirum,balapiravir,balapiravir,balapiravir,690270-29-2,pl100
beloranibum,beloranib,béloranib,beloranib,251111-30-5,pl100
blinatumomabum,blinatumomab,blinatumomab,blinatumomab,853426-35-4,pl100
canosimibum,canosimibe,canosimibe,canosimiba,768394-99-6,pl100
cixutumumabum,cixutumumab,,,947687-12-9,pl100
coleneuramidum,coleneuramide,coléneuramide,coleneuramida,204200-47-5,pl100
cositecanum,cositecan,cositécan,cositecán,203923-89-1,pl100
cutamesinum,cutamesine,cutamésine,cutamesina,165377-43-5,pl100
davunetidum,davunetide,davunétide,davunetida,211439-12-2,pl100
delafloxacinum,delafloxacin,délafloxacine,delafloxacino,189279-58-1,pl100
dirucotidum,dirucotide,dirucotide,dirucotida,152074-97-0,pl100
dutogliptinum,dutogliptin,dutogliptine,dutogliptina,852329-66-9,pl100
elotuzumabum,elotuzumab,elotuzumab,elotuzumab,915296-00-3,pl100
farletuzumabum,farletuzumab,farletuzumab,,896723-44-7,pl100
fidaxomicinum,fidaxomicin,fidaxomicine,fidaxomicina,873857-62-6,pl100
figitumumabum,figitumumab,,,943453-46-1,pl100
fosbretabulinum,fosbretabulin,fosbrétabuline,fosbretabulina,222030-63-9,pl100
fostamatinibum,fostamatinib,fostamatinib,fostamatinib,901119-35-5,pl100
indeglitazarum,indeglitazar,indéglitazar,indeglitazar,75567-37-2,pl100
laninamivirum,laninamivir,laninamivir,laninamivir,203120-17-6,pl100
lesogaberanum,lesogaberan,lésogabéran,lesogaberán,344413-67-8,pl100
limiglidolum,limiglidole,limiglidole,limiglidol,64644-54-8,pl100
lotilibcinum,lotilibcin,lotilibcine,lotilibcina,169148-84-9,pl100
macimorelinum,macimorelin,macimoréline,macimorelina,381231-18-1,pl100
namitecanum,namitecan,namitécan,namitecán,372105-27-6,pl100
necitumumabum,necitumumab,,,945228-48-8,pl100
panobacumabum,panobacumab,panobacumab,panobacumab,885053-97-4,pl100
pozaniclinum,pozanicline,pozanicline,pozaniclina,161417-03-4,pl100
ramucirumabum,ramucirumab,,,947687-13-0,pl100
regorafenibum,regorafenib,régorafénib,regorafenib,1001859-46-6,pl100
robatumumabum,robatumumab,,,934235-44-6,pl100
racotumomabum,racotumomab,racotumomab,racotumomab,946832-34-4,pl100
selumetinibum,selumetinib,sélumétinib,selumetinib,606143-52-6,pl100
serlopitantum,serlopitant,serlopitant,serlopitant,860642-69-9,pl100
siltuximabum,siltuximab,siltuximab,siltuximab,541502-14-1,pl100
sobetiromum,sobetirome,sobétirome,sobetiroma,211110-63-3,pl100
sofiniclinum,sofinicline,sofinicline,sofiniclina,799279-80-4,pl100
solanezumabum,solanezumab,solanezumab,solanezumab,955085-14-0,pl100
arterial,,,,943980-47-0,pl100
tarafenacinum,tarafenacin,tarafénacine,tarafenacina,385367-47-5,pl100
telcagepantum,telcagepant,telcagépant,telcagepant,781649-09-0,pl100
tilivapramum,tilivapram,tilivapram,tilivapram,166741-91-9,pl100
toceranibum,toceranib,tocéranib,toceranib,356068-94-5,pl100
tozasertibum,tozasertib,tozasertib,tozasertib,886584-10-7,pl100
vedolizumabum,vedolizumab,védolizumab,vedolizumab,943609-66-3,pl100
voreloxinum,voreloxin,voréloxine,voreloxina,175414-77-4,pl100
zicronapinum,zicronapine,zicronapine,zicronapina,170381-16-5,pl100
afacifenacinum,afacifenacin,afacifénacine,afacifenacina,877606-63-8,pl101
afegostatum,afegostat,afégostat,afegostat,169105-89-9,pl101
aganirsenum,aganirsen,aganirsen,aganirsén,1146887-67-3,pl101
antinalarial,,,,321915-72-4,pl101
arhalofenatum,arhalofenate,arhalofénate,arhalofenato,24136-23-0,pl101
atalurenum,ataluren,ataluren,atalureno,775304-57-9,pl101
atiratecanum,atiratecan,atiratécan,atiratecán,867063-97-6,pl101
bardoxolonum,bardoxolone,bardoxolone,bardoxolona,218600-44-3,pl101
beclanorsenum,beclanorsen,béclanorsen,beclanorsén,1072859-54-1,pl101
bixalomerum,bixalomer,bixalomère,bixalómero,851373-13-2,pl101
briakinumabum,briakinumab,briakinumab,briakinumab,339308-60-0,pl101
budiodaronum,budiodarone,budiodarone,budiodarona,335148-45-3,pl101
burapitantum,burapitant,burapitant,burapitant,537034-22-3,pl101
danegaptidum,danegaptide,danégaptide,danegaptida,943134-39-2,pl101
daratumumabum,daratumumab,daratumumab,daratumumab,945721-28-8,pl101
davalintidum,davalintide,,,863919-85-1,pl101
elinogrelum,elinogrel,élinogrel,elinogrel,936500-94-6,pl101
elisidepsinum,elisidepsin,élisidepsine,elisidepsina,681272-30-0,pl101
elpetriginum,elpetrigine,elpétrigine,elpetrigina,944130-77-2,pl101
etamicastatum,etamicastat,étamicastat,etamicastat,760173-05-5,pl101
evatanepagum,evatanepag,évatanépag,evatanepag,223488-57-1,pl101
fezakinumabum,fezakinumab,fézakinumab,fezakinumab,1007106-86-6,pl101
filibuvirum,filibuvir,filibuvir,filibuvir,765922-62-1,pl101
fonturacetamum,fonturacetam,fonturacétam,fonturacetam,77472-70-9,pl101
fresolimumabum,fresolimumab,frésolimumab,fresolimumab,948564-73-6,pl101
girentuximabum,girentuximab,girentuximab,girentuximab,916138-87-9,pl101
gisadenafilum,gisadenafil,,,,pl101
givinostatum,givinostat,givinostat,givinostat,957472-14-9,pl101
gosogliptinum,gosogliptin,gosogliptine,gosogliptina,869490-23-3,pl101
imagabalinum,imagabalin,imagabaline,imagabalina,610300-07-7,pl101
imetelstatum,imetelstat,imételstat,imetelstat,844439-96-9,pl101
intetumumabum,intetumumab,intétumumab,intetumumab,629664-81-9,pl101
lagociclovirum,lagociclovir,lagociclovir,lagociclovir,92562-88-4,pl101
lebrikizumabum,lebrikizumab,lébrikizumab,lebrikizumab,953400-68-5,pl101
lersivirinum,lersivirine,lersivirine,lersivirina,473921-12-9,pl101
levomequitazinum,levomequitazine,lévoméquitazine,levomequitazina,88598-74-7,pl101
litronesibum,litronesib,litronésib,litronesib,910634-41-2,pl101
lomitapidum,lomitapide,lomitapide,lomitapida,182431-12-5,pl101
losmapimodum,losmapimod,losmapimod,losmapimod,585543-15-3,pl101
miravirsenum,miravirsen,miravirsen,miravirsén,1072874-90-8,pl101
mocetinostatum,mocetinostat,mocétinostat,mocetinostat,726169-73-9,pl101
modithromycinum,modithromycin,modithromycine,,736992-12-4,pl101
naluzotanum,naluzotan,naluzotan,naluzotán,740873-06-7,pl101
nelotanserinum,nelotanserin,nélotansérine,nelotanserina,839713-36-9,pl101
ocriplasminum,ocriplasmin,ocriplasmine,ocriplasmina,1048016-09-6,pl101
olodaterolum,olodaterol,,,,pl101
razupenemum,razupenem,razupénem,razupenem,426253-04-5,pl101
rilotumumabum,rilotumumab,rilotumumab,rilotumumab,872514-65-3,pl101
rontalizumabum,rontalizumab,rontalizumab,rontalizumab,948570-30-7,pl101
semaglutidum,semaglutide,sémaglutide,semaglutida,910463-68-2,pl101
serdemetanum,serdemetan,serdémétan,serdemetán,881202-45-5,pl101
setileutonum,setileuton,sétileuton,setileutón,910656-27-8,pl101
sifalimumabum,sifalimumab,sifalimumab,sifalimumab,1006877-41-3,pl101
sograzepidum,sograzepide,sograzépide,sograzepida,155488-25-8,pl101
sonedenosonum,sonedenoson,sonédénoson,sonedenosón,151638-93-6,pl101
tafamidisum,tafamidis,tafamidis,tafamidis,37228-64-1,pl101
tanexabanum,tanexaban,tanexaban,tanexabán,365462-23-3,pl101
tecarfarinum,tecarfarin,técarfarine,tecarfarina,432037-57-5,pl101
teprotumumabum,teprotumumab,,,1052105-48-2,pl101
torezolidum,torezolid,torézolid,torezolid,847420-38-6,pl101
velusetragum,velusetrag,vélusétrag,velusetrag,866933-46-2,pl101
zaurategrastum,zaurategrast,zauratégrast,zaurategrast,859212-16-1,pl101
afatinibum,afatinib,afatinib,afatinib,850140-72-6,pl102
atagabalinum,atagabalin,atagabaline,atagabalina,223445-75-8,pl102
barasertibum,barasertib,barasertib,barasertib,722543-31-9,pl102
benralizumabum,benralizumab,benralizumab,benralizumab,1044511-01-4,pl102
cabiotraxetanum,cabiotraxetan,cabiotraxétan,cabiotraxetán,451478-45-8,pl102
canagliflozinum,canagliflozin,canagliflozine,canagliflozina,842133-18-0,pl102
carotegrastum,carotegrast,carotégrast,carotegrast,401904-75-4,pl102
condoliasum,condoliase,condoliase,condoliasa,9024-13-9,pl102
dalotuzumabum,dalotuzumab,,,1005389-60-5,pl102
danoprevirum,danoprevir,danoprévir,danoprevir,916881-67-9,pl102
derenofyllinum,derenofylline,dérénofylline,,251945-92-3,pl102
dilmapimodum,dilmapimod,dilmapimod,dilmapimod,444606-18-2,pl102
dinaciclibum,dinaciclib,dinaciclib,dinaciclib,779353-01-4,pl102
dipraglurantum,dipraglurant,dipraglurant,dipraglurant,872363-17-2,pl102
duvoglustatum,duvoglustat,duvoglustat,duvoglustat,19130-96-2,pl102
emicerfontum,emicerfont,emicerfont,emicerfont,902143-01-5,pl102
foretinibum,foretinib,forétinib,foretinib,849217-64-7,pl102
glembatumumabum,glembatumumab,glembatumumab,glembatumumab,1020264-78-1,pl102
guaraprolosum,guaraprolose,guaraprolose,guaraprolosa,39421-75-5,pl102
intedanibum,intedanib,intédanib,intedanib,656247-17-5,pl102
lasmiditanum,lasmiditan,lasmiditan,lasmiditán,439239-90-4,pl102
latrepirdinum,latrepirdine,latrépirdine,latrepirdina,3613-73-8,pl102
linifanibum,linifanib,linifanib,linifanib,796967-16-3,pl102
lunacalcipolum,lunacalcipol,lunacalcipol,lunacalcipol,250384-82-8,pl102
mapracoratum,mapracorat,mapracorat,mapracorat,887375-26-0,pl102
marizomibum,marizomib,marizomib,marizomib,437742-34-2,pl102
mavrilimumabum,mavrilimumab,mavrilimumab,mavrilimumab,1020748-57-5,pl102
narlaprevirum,narlaprevir,narlaprévir,narlaprevir,865466-24-6,pl102
omadacyclinum,omadacycline,omadacycline,O,873697-71-3,pl102
plinabulinum,plinabulin,plinabuline,plinabulina,714272-27-2,pl102
pridopidinum,pridopidine,pridopidine,pridopidina,346688-38-8,pl102
raseglurantum,raseglurant,raséglurant,raseglurant,757950-09-7,pl102
remimazolamum,remimazolam,rémimazolam,remimazolam,308242-62-8,pl102
resminostatum,resminostat,resminostat,resminostat,864814-88-0,pl102
revamilastum,revamilast,révamilast,revamilast,893555-90-3,pl102
rintatolimodum,rintatolimod,rintatolimod,rintatolimod,38640-92-5,pl102
secukinumabum,secukinumab,sécukinumab,secukinumab,875356-44-8,pl102
selexipagum,selexipag,sélexipag,selexipag,475086-01-2,pl102
sotaterceptum,sotatercept,sotatercept,sotatercept,1001080-50-7,pl102
suvizumabum,suvizumab,suvizumab,suvizumab,936084-30-9,pl102
tenifatecanum,tenifatecan,ténifatécan,tenifatecán,850728-18-6,pl102
tideglusibum,tideglusib,tidéglusib,tideglusib,865854-05-3,pl102
tivozanibum,tivozanib,tivozanib,tivozanib,475108-18-0,pl102
tonapofyllinum,tonapofylline,tonapofylline,,340021-17-2,pl102
topiroxostatum,topiroxostat,topiroxostat,topiroxostat,577778-58-6,pl102
tralokinumabum,tralokinumab,tralokinumab,tralokinumab,1044515-88-9,pl102
varlitinibum,varlitinib,varlitinib,varlitinib,845272-21-1,pl102
veliparibum,veliparib,véliparib,veliparib,912444-00-9,pl102
verucerfontum,verucerfont,vérucerfont,verucerfont,885220-61-1,pl102
volasertibum,volasertib,volasertib,volasertib,943976-23-6,pl102
zoleprodololum,zoleprodolol,zoléprodolol,zoleprodolol,158599-53-2,pl102
amuvatinibum,amuvatinib,amuvatinib,amuvatinib,850879-09-3,pl103
anagliptinum,anagliptin,anagliptine,anagliptina,739366-20-2,pl103
atecegatranum,atecegatran,atécégatran,atecegatrán,433937-93-0,pl103
avibactamum,avibactam,avibactam,avibactam,1192500-31-4,pl103
bavisantum,bavisant,bavisant,bavisant,929622-08-2,pl103
bedaquilinum,bedaquiline,bédaquiline,bedaquilina,843663-66-1,pl103
cenicrivirocum,cenicriviroc,cénicriviroc,cenicriviroc,497223-25-3,pl103
cobicistatum,cobicistat,cobicistat,cobicistat,1004316-88-4,pl103
crizotinibum,crizotinib,crizotinib,crizotinib,877399-52-5,pl103
dacomitinibum,dacomitinib,dacomitinib,dacomitinib,1110813-31-4,pl103
dexpramipexolum,dexpramipexole,dexpramipexole,dexpramipexol,104632-28-2,pl103
drozitumabum,drozitumab,drozitumab,drozitumab,912628-39-8,pl103
dulaglutidum,dulaglutide,dulaglutide,dulaglutida,923950-08-7,pl103
eliglustatum,eliglustat,éliglustat,eliglustat,491833-29-5,pl103
elpamotidum,elpamotide,elpamotide,elpamotida,673478-49-4,pl103
ensituximabum,ensituximab,ensituximab,ensituximab,1092658-06-4,pl103
eteplirsenum,eteplirsen,étéplirsen,eteplirsén,1157852-02-2,pl103
fedovapagonum,fedovapagon,fédovapagon,fedovapagón,863887-89-2,pl103
foralumabum,foralumab,foralumab,foralumab,946415-64-1,pl103
fosdevirinum,fosdevirine,fosdévirine,fosdevirina,1018450-26-4,pl103
ganitumabum,ganitumab,,,905703-97-1,pl103
gataparsenum,gataparsen,gataparsen,gataparsén,1065019-70-6,pl103
gemigliptinum,gemigliptin,gémigliptine,gemigliptina,911637-19-9,pl103
iniparibum,iniparib,iniparib,iniparib,874442-57-6,pl103
radiopharmaceutical,,,,1214283-52-9,pl103
ioforminolum,ioforminol,ioforminol,ioforminol,1095110-48-7,pl103
ipragliflozinum,ipragliflozin,ipragliflozine,ipragliflozina,761423-87-4,pl103
itolizumabum,itolizumab,itolizumab,itolizumab,1008106-64-6,pl103
maraciclatidum,maraciclatide,maraciclatide,maraciclatida,121369-64-0,pl103
mibampatorum,mibampator,mibampator,mibampator,375345-95-2,pl103
navitoclaxum,navitoclax,navitoclax,navitoclax,1175512-71-6,pl103
obenoxazinum,obenoxazine,obenoxazine,obenoxazina,173352-21-1,pl103
olaratumabum,olaratumab,olaratumab,olaratumab,1024603-93-7,pl103
olokizumabum,olokizumab,olokizumab,olokizumab,1007223-17-7,pl103
opicaponum,opicapon,opicapone,,,pl103
orantinibum,orantinib,orantinib,orantinib,252916-29-3,pl103
oxelumabum,oxelumab,oxélumab,oxelumab,89957-37-9,pl103
paliflutinum,paliflutine,paliflutine,paliflutina,845614-11-1,pl103
pegdinetanibum,pegdinetanib,pegdinétanib,pegdinetanib,906450-24-6,pl103
peginesatidum,peginesatide,,,913976-27-9,pl103
pegsiticasum,pegsiticase,pegsiticase,pegsiticasa,1040753-26-1,pl103
ponesimodum,ponesimod,ponésimod,ponesimod,854107-55-4,pl103
rezatomidinum,rezatomidine,rézatomidine,rezatomidina,847829-38-3,pl103
roledumabum,roledumab,rolédumab,roledumab,1174008-79-7,pl103
ruxolitinibum,ruxolitinib,ruxolitinib,ruxolitinib,941678-49-5,pl103
samalizumabum,samalizumab,samalizumab,samalizumab,1073059-33-2,pl103
silmitasertibum,silmitasertib,silmitasertib,silmitasertib,1009820-21-6,pl103
simenepagum,simenepag,siménépag,simenepag,1088845-67-3,pl103
taprenepagum,taprenepag,taprénépag,taprenepag,752187-80-7,pl103
tasocitinibum,tasocitinib,tasocitinib,tasocitinib,477600-75-2,pl103
tedalinabum,tedalinab,tédalinab,tedalinab,916591-01-0,pl103
tegobuvirum,tegobuvir,tégobuvir,tegobuvir,1000787-75-6,pl103
telapristonum,telapristone,télapristone,telapristona,198414-30-1,pl103
temanogrelum,temanogrel,témanogrel,temanogrel,887936-68-7,pl103
tiprelestatum,tiprelestat,,,820211-82-3,pl103
tivantinibum,tivantinib,tivantinib,tivantinib,905854-02-6,pl103
tofogliflozinum,tofogliflozin,tofogliflozine,tofogliflozina,1018448-65-1,pl103
ulimorelinum,ulimorelin,ulimoréline,ulimorelina,842131-33-3,pl103
umifenovirum,umifenovir,umifénovir,umifenovir,131707-25-0,pl103
umirolimusum,umirolimus,umirolimus,umirolimús,,pl103
vaniprevirum,vaniprevir,vaniprévir,vaniprevir,923590-37-8,pl103
vemurafenibum,vemurafenib,vémurafénib,vemurafenib,918504-65-1,pl103
verubulinum,verubulin,vérubuline,verubulina,827031-83-4,pl103
vidofludimusum,vidofludimus,vidofludimus,vidofludimús,,pl103
vilanterolum,vilanterol,vilantérol,vilanterol,503068-34-6,pl103
vipadenantum,vipadenant,vipadénant,vipadenant,442908-10-3,pl103
vismodegibum,vismodegib,vismodégib,vismodegib,879085-55-9,pl103
vorapaxarum,vorapaxar,vorapaxar,vorapaxar,770691-21-9,pl103
abediterolum,abediterol,abéditérol,abediterol,9041-08-1,pl104
aganepagum,aganepag,aganépag,aganepag,910562-18-4,pl104
alisertibum,alisertib,alisertib,alisertib,1028486-01-2,pl104
alvelestatum,alvelestat,alvélestat,alvelestat,848141-11-7,pl104
amatuximabum,amatuximab,amatuximab,amatuximab,931402-35-6,pl104
arbaclofenum,arbaclofen,arbaclofène,arbaclofeno,1174277-80-5,pl104
atinumabum,atinumab,atinumab,atinumab,1226761-65-4,pl104
atopaxarum,atopaxar,atopaxar,atopaxar,751475-53-3,pl104
avagacestatum,avagacestat,avagacestat,avagacestat,1146699-66-2,pl104
bisegliptinum,bisegliptin,biségliptine,bisegliptina,862501-61-9,pl104
burixaforum,burixafor,burixafor,burixafor,1191448-17-5,pl104
cadazolidum,cadazolid,cadazolid,cadazolid,1025097-10-2,pl104
carlumabum,carlumab,carlumab,carlumab,915404-94-3,pl104
cenisertibum,cenisertib,cénisertib,cenisertib,871357-89-0,pl104
crolibulinum,crolibulin,crolibuline,crolibulina,1000852-17-4,pl104
delamanidum,delamanid,délamanid,delamanid,681492-22-8,pl104
edivoxetinum,edivoxetine,édivoxétine,edivoxetina,1194508-25-2,pl104
efinaconazolum,efinaconazole,éfinaconazole,efinaconazol,934868-74-3,pl104
elobixibatum,elobixibat,élobixibat,elobixibat,439087-18-0,pl104
elsiglutidum,elsiglutide,,,,pl104
empagliflozinum,empagliflozin,empagliflozine,empagliflozina,864070-44-0,pl104
enavatuzumabum,enavatuzumab,énavatuzumab,enavatuzumab,62149-33-0,pl104
enokizumabum,enokizumab,énokizumab,enokizumab,909875-08-7,pl104
erismodegibum,erismodegib,érismodégib,erismodegib,956697-53-3,pl104
erteberelum,erteberel,ertébérel,erteberel,533884-09-2,pl104
etrolizumabum,etrolizumab,étrolizumab,etrolizumab,956903-29-0,pl104
forigerimodum,forigerimod,forigérimod,forigerimod,497156-60-2,pl104
fulranumabum,fulranumab,fulranumab,fulranumab,902141-80-4,pl104
gaxilosum,gaxilose,gaxilose,gaxilosa,14087-31-1,pl104
gevokizumabum,gevokizumab,gévokizumab,gevokizumab,1129435-60-4,pl104
granotapidum,granotapide,granotapide,granotapida,594842-13-4,pl104
icrucumabum,icrucumab,icrucumab,icrucumab,1024603-92-6,pl104
irosustatum,irosustat,irosustat,irosustat,288628-05-7,pl104
ivacaftorum,ivacaftor,ivacaftor,ivacaftor,873054-44-5,pl104
ixazomibum,ixazomib,ixazomib,ixazomib,1072833-77-2,pl104
lenvatinibum,lenvatinib,lenvatinib,lenvatinib,417716-92-8,pl104
letaxabanum,letaxaban,létaxaban,letaxabán,870262-90-1,pl104
letermovirum,letermovir,létermovir,letermovir,917389-32-3,pl104
levoglucosum,levoglucose,lévoglucose,levoglucosa,921-60-8,pl104
linsitinibum,linsitinib,linsitinib,linsitinib,867160-71-2,pl104
luseogliflozinum,luseogliflozin,luséogliflozine,luseogliflozina,898537-18-3,pl104
lusutrombopagum,lusutrombopag,lusutrombopag,lusutrombopag,1110766-97-6,pl104
mavoglurantum,mavoglurant,mavoglurant,mavoglurant,543906-09-8,pl104
mericitabinum,mericitabine,méricitabine,mericitabina,940908-79-2,pl104
mogamulizumabum,mogamulizumab,,,1159266-37-1,pl104
namilumabum,namilumab,namilumab,namilumab,1206681-39-1,pl104
naronapridum,naronapride,naronapride,naronaprida,860174-12-5,pl104
onartuzumabum,onartuzumab,onartuzumab,onartuzumab,1133766-06-9,pl104
ordopidinum,ordopidine,,,,pl104
orteronelum,orteronel,ortéronel,orteronel,566939-85-3,pl104
pacritinibum,pacritinib,pacritinib,pacritinib,937272-79-2,pl104
plecanatidum,plecanatide,plécanatide,plecanatida,635318-55-7,pl104
ponatinibum,ponatinib,ponatinib,ponatinib,943319-70-8,pl104
ponezumabum,ponezumab,ponezumab,ponezumab,1178862-65-1,pl104
pracinostatum,pracinostat,pracinostat,pracinostat,929016-96-6,pl104
quizartinibum,quizartinib,quizartinib,quizartinib,950769-58-1,pl104
radotinibum,radotinib,radotinib,radotinib,926037-48-1,pl104
radretumabum,radretumab,radrétumab,radretumab,,pl104
ravatirelinum,ravatirelin,ravatiréline,ravatirelina,204386-76-5,pl104
ronomilastum,ronomilast,ronomilast,ronomilast,418794-42-0,pl104
selurampanelum,selurampanel,sélurampanel,selurampanel,912574-69-7,pl104
seridopidinum,seridopidine,séridopidine,seridopidina,883631-51-4,pl104
setipiprantum,setipiprant,sétipiprant,setipiprant,1219013-68-9,pl104
solithromycinum,solithromycin,solithromycine,,1187560-31-1,pl104
telotristatum,telotristat,télotristat,telotristat,1033805-28-5,pl104
tregalizumabum,tregalizumab,trégalizumab,tregalizumab,1192451-26-5,pl104
ublituximabum,ublituximab,ublituximab,ublituximab,1174014-05-1,pl104
urelumabum,urelumab,urélumab,urelumab,934823-49-1,pl104
usistapidum,usistapide,usistapide,usistapida,403989-79-7,pl104
vesencumabum,vesencumab,vésencumab,vesencumab,1205533-60-3,pl104
vidupiprantum,vidupiprant,vidupiprant,vidupiprant,1169483-24-2,pl104
abexinostatum,abexinostat,abexinostat,abexinostat,783355-60-2,pl105
amilomotidum,amilomotide,amilomotide,amilomotida,1238372-23-0,pl105
anivamersenum,anivamersen,anivamersen,anivamersén,959716-29-1,pl105
asunaprevirum,asunaprevir,asunaprévir,asunaprevir,630420-16-5,pl105
besifovirum,besifovir,bésifovir,besifovir,441785-25-7,pl105
blosozumabum,blosozumab,blosozumab,blosozumab,1132758-87-2,pl105
brodalumabum,brodalumab,,,1174395-19-7,pl105
cabozantinibum,cabozantinib,cabozantinib,cabozantinib,868747-45-9,pl105
ceftolozanum,ceftolozane,ceftolozane,ceftolozano,689293-68-3,pl105
cenderitidum,cenderitide,,,507289-11-4,pl105
humain,,,H,1192706-52-7,pl105
conberceptum,conbercept,conbercept,conbercept,1227158-72-6,pl105
crenezumabum,crenezumab,crénezumab,crenezumab,1095207-05-8,pl105
crenolanibum,crenolanib,crénolanib,crenolanib,670220-88-9,pl105
dabrafenibum,dabrafenib,dabrafénib,dabrafenib,1195765-45-7,pl105
daclatasvirum,daclatasvir,daclatasvir,daclatasvir,1099119-64-5,pl105
dalanterceptum,dalantercept,dalantercept,dalantercept,1186210-24-1,pl105
dasolampanelum,dasolampanel,dasolampanel,dasolampanel,503294-13-1,pl105
delanzomibum,delanzomib,délanzomib,delanzomib,847499-27-8,pl105
delcasertibum,delcasertib,delcasertib,delcasertib,949100-39-4,pl105
dolutegravirum,dolutegravir,dolutégravir,dolutegravir,1051375-16-6,pl105
encaleretum,encaleret,encaléret,encaleret,787583-71-5,pl105
epelsibanum,epelsiban,épelsiban,epelsibán,872599-83-2,pl105
etoxybamidum,etoxybamide,étoxybamide,,66857-17-8,pl105
evacetrapibum,evacetrapib,évacétrapib,evacetrapib,718638-68-7,pl105
faciniclinum,facinicline,facinicline,faciniclina,677306-35-3,pl105
fiboflaponum,fiboflapon,fiboflapon,fiboflapón,936350-00-4,pl105
ficlatuzumabum,ficlatuzumab,ficlatuzumab,ficlatuzumab,1174900-84-5,pl105
galeteronum,galeterone,galétérone,galeterona,851983-85-2,pl105
ganetespibum,ganetespib,ganétespib,ganetespib,1238517-16-2,pl105
radiopharmaceutical,,,,949575-24-0,pl105
irdabisantum,irdabisant,irdabisant,irdabisant,1005402-19-6,pl105
ixekizumabum,ixekizumab,ixékizumab,ixekizumab,1143503-69-8,pl105
ladarixinum,ladarixin,ladarixine,ladarixina,849776-05-2,pl105
lenomorelinum,lenomorelin,lénomoréline,lenomorelina,258279-04-8,pl105
lesinuradum,lesinurad,lésinurad,lesinurad,878672-00-5,pl105
lexibulinum,lexibulin,lexibuline,lexibulina,917111-44-5,pl105
lipegfilgrastimum,lipegfilgrastim,lipegfilgrastim,lipegfilgrastim,1117844-87-7,pl105
lorediplonum,lorediplon,lorédiplon,lorediplón,917393-39-6,pl105
lumacaftorum,lumacaftor,lumacaftor,lumacaftor,936727-05-8,pl105
lurbinectedinum,lurbinectedin,lurbinectédine,lurbinectedina,380449-51-4,pl105
milciclibum,milciclib,milciclib,milciclib,802539-81-7,pl105
naldemedinum,naldemedine,naldémédine,naldemedina,916072-89-4,pl105
naloxegolum,naloxegol,naloxégol,naloxegol,854601-70-0,pl105
narnatumabum,narnatumab,,,1188275-92-4,pl105
navarixinum,navarixin,navarixine,navarixina,473727-83-2,pl105
nelociguatum,nelociguat,nélociguat,nelociguat,625115-52-8,pl105
nivocasanum,nivocasan,nivocasan,nivocasán,908253-63-4,pl105
oclacitinibum,oclacitinib,oclacitinib,oclacitinib,1208319-26-9,pl105
olcorolimusum,olcorolimus,olcorolimus,olcorolimús,,pl105
ozoralizumabum,ozoralizumab,ozoralizumab,ozoralizumab,1167985-17-2,pl105
pateclizumabum,pateclizumab,patéclizumab,pateclizumab,914617-98-4,pl105
pegnivacoginum,pegnivacogin,pégnivacogin,pegnivacogina,959716-28-0,pl105
pictrelisibum,pictrelisib,pictrélisib,pictrelisib,957054-30-7,pl105
pimasertibum,pimasertib,pimasertib,pimasertib,1236699-92-5,pl105
recoflavonum,recoflavone,récoflavone,recoflavona,203191-10-0,pl105
rucaparibum,rucaparib,rucaparib,rucaparib,283173-50-2,pl105
safotibantum,safotibant,safotibant,safotibant,633698-99-4,pl105
selepressinum,selepressin,,,,pl105
serelaxinum,serelaxin,sérélaxine,serelaxina,99489-94-8,pl105
simeprevirum,simeprevir,siméprévir,simeprevir,923604-59-5,pl105
siponimodum,siponimod,siponimod,siponimod,1230487-85-0,pl105
sirukumabum,sirukumab,sirukumab,sirukumab,1194585-53-9,pl105
spriferminum,sprifermin,sprifermine,,890058-52-3,pl105
suvorexantum,suvorexant,suvorexant,suvorexant,1030377-33-3,pl105
tabalumabum,tabalumab,tabalumab,tabalumab,1143503-67-6,pl105
tefinostatum,tefinostat,téfinostat,tefinostat,914382-60-8,pl105
trametinibum,trametinib,tramétinib,trametinib,871700-17-3,pl105
upamostatum,upamostat,upamostat,upamostat,1191101-18-4,pl105
vatelizumabum,vatelizumab,vatélizumab,vatelizumab,1238217-55-4,pl105
mertansinum,mertansin,,,1186098-83-8,pl105
amitifadinum,amitifadine,amitifadine,amitifadina,410074-73-6,pl106
bamosiranum,bamosiran,,,1337968-84-9,pl106
brexpiprazolum,brexpiprazole,brexpiprazole,brexpiprazol,913611-97-9,pl106
buparlisibum,buparlisib,buparlisib,buparlisib,944396-07-0,pl106
camicinalum,camicinal,camicinal,camicinal,923565-21-3,pl106
caplacizumabum,caplacizumab,caplacizumab,caplacizumab,915810-67-2,pl106
cerlapirdinum,cerlapirdine,cerlapirdine,cerlapirdina,925448-93-7,pl106
dexmecamylaminum,dexmecamylamine,dexmécamylamine,,107538-05-6,pl106
drisapersenum,drisapersen,drisapersen,drisapersén,1251830-50-8,pl106
faldaprevirum,faldaprevir,faldaprévir,faldaprevir,801283-95-4,pl106
flanvotumabum,flanvotumab,flanvotumab,flanvotumab,1271734-34-9,pl106
inclacumabum,inclacumab,inclacumab,inclacumab,1256258-86-2,pl106
lucerastatum,lucerastat,lucérastat,lucerastat,141206-42-0,pl106
naltalimidum,naltalimide,naltalimide,naltalimida,160359-68-2,pl106
niraparibum,niraparib,niraparib,niraparib,1038915-60-4,pl106
ondelopranum,ondelopran,ondélopran,ondeloprán,1208912-84-8,pl106
patritumabum,patritumab,,,1262787-83-6,pl106
plazomicinum,plazomicin,plazomicine,plazomicina,1154757-24-0,pl106
pradigastatum,pradigastat,pradigastat,pradigastat,956136-95-1,pl106
pritelivirum,pritelivir,pritélivir,pritelivir,348086-71-5,pl106
quilizumabum,quilizumab,quilizumab,quilizumab,1228538-47-3,pl106
radavirsenum,radavirsen,radavirsen,radavirsén,1228284-45-4,pl106
rafigrelidum,rafigrelide,rafigrélide,rafigrelida,1029711-88-3,pl106
refametinibum,refametinib,réfamétinib,refametinib,923032-37-5,pl106
rigosertibum,rigosertib,rigosertib,rigosertib,592542-59-1,pl106
romosozumabum,romosozumab,romosozumab,romosozumab,909395-70-6,pl106
samidorphanum,samidorphan,samidorphan,,852626-89-2,pl106
sapitinibum,sapitinib,sapitinib,sapitinib,848942-61-0,pl106
sarilumabum,sarilumab,,,108153-74-8,pl106
selisistatum,selisistat,sélisistat,selisistat,49843-98-3,pl106
setrobuvirum,setrobuvir,sétrobuvir,setrobuvir,9041-08-1,pl106
solitomabum,solitomab,solitomab,solitomab,1005198-65-1,pl106
sovaprevirum,sovaprevir,sovaprévir,sovaprevir,1001667-23-7,pl106
sutezolidum,sutezolid,sutézolid,sutezolid,168828-58-8,pl106
tanzisertibum,tanzisertib,tanzisertib,tanzisertib,899805-25-5,pl106
tavaborolum,tavaborole,tavaborole,tavaborol,174671-46-6,pl106
tedatioxetinum,tedatioxetine,tédatioxétine,tedatioxetina,508233-95-2,pl106
tipiracilum,tipiracil,tipiracil,tipiracilo,183204-74-2,pl106
tirasemtivum,tirasemtiv,tirasemtiv,tirasemtiv,1005491-05-3,pl106
tozadenantum,tozadenant,tozadénant,tozadenant,870070-55-6,pl106
trebananibum,trebananib,trébananib,trebananib,894356-79-7,pl106
trelagliptinum,trelagliptin,trélagliptine,trelagliptina,869113-09-7,pl106
vapendavirum,vapendavir,vapendavir,vapendavir,439085-51-5,pl106
vonoprazanum,vonoprazan,vonoprazan,vonoprazán,881681-00-1,pl106
vortioxetinum,vortioxetine,vortioxétine,vortioxetina,1230487-00-9,pl106
actoxumabum,actoxumab,actoxumab,actoxumab,1245634-25-6,pl107
aladorianum,aladorian,aladorian,aladorián,865433-00-7,pl107
alirocumabum,alirocumab,alirocumab,alirocumab,1311281-25-0,pl107
asudemotidum,asudemotide,asudémotide,asudemotida,1018833-53-8,pl107
auriclosenum,auriclosen,auriclosene,,,pl107
avatrombopagum,avatrombopag,avatrombopag,avatrombopag,570406-98-3,pl107
balugrastimum,balugrastim,balugrastim,balugrastim,527698-09-5,pl107
baricitinibum,baricitinib,baricitinib,baricitinib,1187594-09-7,pl107
bevenopranum,bevenopran,bévénopran,bevenoprán,676500-67-7,pl107
bezlotoxumabum,bezlotoxumab,bezlotoxumab,bezlotoxumab,1246264-45-8,pl107
birinapantum,birinapant,birinapant,birinapant,1260251-31-7,pl107
blisibimodum,blisibimod,blisibimod,blisibimod,1236126-45-6,pl107
burlulipasum,burlulipase,burlulipase,burlulipasa,1261982-91-5,pl107
cebranopadolum,cebranopadol,cébranopadol,cebranopadol,863513-91-1,pl107
cindunistatum,cindunistat,cindunistat,cindunistat,364067-22-1,pl107
clazakizumabum,clazakizumab,clazakizumab,clazakizumab,1236278-28-6,pl107
cobimetinibum,cobimetinib,cobimétinib,cobimetinib,934660-93-2,pl107
crisantaspasum,crisantaspase,crisantaspase,crisantaspasa,1349719-22-7,pl107
dactolisibum,dactolisib,dactolisib,dactolisib,915019-65-7,pl107
danirixinum,danirixin,danirixine,danirixina,954126-98-8,pl107
demcizumabum,demcizumab,demcizumab,demcizumab,1243262-17-0,pl107
duligotumabum,duligotumab,,duligotumab,1314238-96-4,pl107
elubrixinum,elubrixin,élubrixine,elubrixina,688763-64-6,pl107
empegfilgrastimum,empegfilgrastim,empegfilgrastim,empegfilgrastim,1192706-53-8,pl107
enobosarmum,enobosarm,énobosarm,enobosarm,841205-47-8,pl107
enoticumabum,enoticumab,énoticumab,enoticumab,1192578-27-0,pl107
ensereptidum,ensereptide,enséreptide,ensereptida,254433-51-7,pl107
enzalutamidum,enzalutamide,enzalutamide,enzalutamida,915087-33-1,pl107
ertugliflozinum,ertugliflozin,ertugliflozine,ertugliflozina,848779-32-8,pl107
evogliptinum,evogliptin,évogliptine,evogliptina,1222102-29-5,pl107
fasiglifamum,fasiglifam,fasiglifam,fasiglifam,1000413-72-8,pl107
fasinumabum,fasinumab,fasinumab,fasinumab,946062-05-1,pl107
fluralanerum,fluralaner,fluralaner,fluralaner,864731-61-3,pl107
futuximabum,futuximab,,,1310460-85-5,pl107
giminabantum,giminabant,giminabant,giminabant,890033-57-5,pl107
golvatinibum,golvatinib,golvatinib,golvatinib,928037-13-2,pl107
ibrutinibum,ibrutinib,ibrutinib,ibrutinib,936563-96-1,pl107
idelalisibum,idelalisib,idélalisib,idelalisib,870281-82-6,pl107
imgatuzumabum,imgatuzumab,,,1200440-65-8,pl107
lampalizumabum,lampalizumab,lampalizumab,lampalizumab,860005-21-6,pl107
latromotidum,latromotide,latromotide,latromotida,1049674-65-8,pl107
lifitegrastum,lifitegrast,lifitégrast,lifitegrast,1025967-78-5,pl107
ligelizumabum,ligelizumab,ligélizumab,ligelizumab,1322627-61-1,pl107
lirilumabum,lirilumab,lirilumab,lirilumab,1000676-41-4,pl107
lomibuvirum,lomibuvir,lomibuvir,lomibuvir,1026785-55-6,pl107
lucitanibum,lucitanib,lucitanib,lucitanib,1058137-23-7,pl107
momelotinibum,momelotinib,momélotinib,momelotinib,1056634-68-4,pl107
neceprevirum,neceprevir,nécéprevir,neceprevir,1229626-28-1,pl107
nivolumabum,nivolumab,nivolumab,nivolumab,946414-94-4,pl107
ocaratuzumabum,ocaratuzumab,ocaratuzumab,ocaratuzumab,1169956-08-4,pl107
omarigliptinum,omarigliptin,omarigliptine,omarigliptina,1226781-44-7,pl107
oprozomibum,oprozomib,oprozomib,oprozomib,935888-69-0,pl107
orticumabum,orticumab,orticumab,orticumab,1314241-10-5,pl107
parsatuzumabum,parsatuzumab,parsatuzumab,parsatuzumab,1312797-14-0,pl107
pefcalcitolum,pefcalcitol,pefcalcitol,pefcalcitol,381212-03-9,pl107
perakizumabum,perakizumab,pérakizumab,perakizumab,89957-37-9,pl107
placulumabum,placulumab,placulumab,placulumab,945781-29-3,pl107
pocapavirum,pocapavir,pocapavir,pocapavir,146949-21-5,pl107
pradimotidum,pradimotide,,,908587-83-7,pl107
quisinostatum,quisinostat,quisinostat,quisinostat,875320-29-9,pl107
rabusertibum,rabusertib,rabusertib,rabusertib,911222-45-2,pl107
relugolixum,relugolix,rélugolix,relugolix,1225283-43-0,pl107
saridegibum,saridegib,saridégib,saridegib,1276027-63-4,pl107
senrebotasum,senrebotase,senrébotase,senrebotasa,1290102-81-6,pl107
sepranolonum,sepranolone,sépranolone,sepranolona,516-55-2,pl107
simtuzumabum,simtuzumab,simtuzumab,simtuzumab,1318075-13-6,pl107
sonolisibum,sonolisib,sonolisib,sonolisib,502632-66-8,pl107
surotomycinum,surotomycin,surotomycine,,479410-20-3,pl107
tenapanorum,tenapanor,ténapanor,tenapanor,1234423-95-0,pl107
trabodenosonum,trabodenoson,trabodénoson,trabodenosón,871108-05-3,pl107
trempamotidum,trempamotide,trempamotide,trempamotida,1232401-60-3,pl107
trifarotenum,trifarotene,trifarotène,trifaroteno,895542-09-3,pl107
vercirnonum,vercirnon,vercirnon,vercirnón,698394-73-9,pl107
vintafolidum,vintafolide,vintafolide,vintafolida,1300724-82-6,pl107
vorsetuzumabum,vorsetuzumab,vorsétuzumab,vorsetuzumab,1165741-01-4,pl107
zatuximabum,zatuximab,,,139570-93-7,pl107
mafodotinum,mafodotin,mafodotine,mafodotina,1009119-64-5,pl107
adelatinibum,adelatinib,adélatinib,adelatinib,944842-54-0,pl108
afoxolanerum,afoxolaner,afoxolaner,afoxolaner,1093861-60-9,pl108
afuresertibum,afuresertib,afurésertib,afuresertib,1357448-54-4,pl108
aldoxorubicinum,aldoxorubicin,aldoxorubicine,aldoxorubicina,1361644-26-9,pl108
alectinibum,alectinib,alectinib,alectinib,1256580-46-7,pl108
apitolisibum,apitolisib,apitolisib,apitolisib,1032754-93-0,pl108
belnacasanum,belnacasan,belnacasan,,273404-37-8,pl108
bimagrumabum,bimagrumab,bimagrumab,bimagrumab,1356922-05-8,pl108
brilacidinum,brilacidin,brilacidine,brilacidina,1224095-98-0,pl108
concizumabum,concizumab,,,1312299-39-0,pl108
copanlisibum,copanlisib,copanlisib,copanlisib,1032568-63-0,pl108
deferitazolum,deferitazole,déféritazole,deferitazol,945635-15-4,pl108
deleobuvirum,deleobuvir,déléobuvir,deleobuvir,863884-77-9,pl108
delparantagum,delparantag,delparantag,delparantag,872454-31-4,pl108
dupilumabum,dupilumab,,,1190264-60-8,pl108
dusigitumabum,dusigitumab,dusigitumab,dusigitumab,1390630-22-4,pl108
emixustatum,emixustat,émixustat,emixustat,1141777-14-1,pl108
entolimodum,entolimod,entolimod,entolimod,951628-22-1,pl108
eravacyclinum,eravacycline,éravacycline,,1207283-85-9,pl108
evodenosonum,evodenoson,évodénoson,evodenosón,844873-47-8,pl108
evolocumabum,evolocumab,évolocumab,evolocumab,1256937-27-5,pl108
fedratinibum,fedratinib,fédratinib,fedratinib,936091-26-8,pl108
filgotinibum,filgotinib,filgotinib,filgotinib,1206161-97-8,pl108
filorexantum,filorexant,filorexant,filorexant,1088991-73-4,pl108
finerenonum,finerenone,finérénone,finerenona,1274863-98-7,pl108
gandotinibum,gandotinib,gandotinib,gandotinib,1360741-07-6,pl108
ilorasertibum,ilorasertib,ilorasertib,ilorasertib,1227939-82-3,pl108
ipatasertibum,ipatasertib,ipatasertib,ipatasertib,1390631-57-8,pl108
lodelcizumabum,lodelcizumab,lodelcizumab,lodelcizumab,1355338-54-3,pl108
luminespibum,luminespib,luminespib,luminespib,747412-49-3,pl108
molidustatum,molidustat,molidustat,molidustat,1154028-82-6,pl108
nesvacumabum,nesvacumab,nesvacumab,nesvacumab,1390628-22-4,pl108
ompinamerum,ompinamer,ompinamère,ompinámero,1359979-10-4,pl108
ozanezumabum,ozanezumab,ozanezumab,ozanezumab,1058624-46-6,pl108
pidilizumabum,pidilizumab,pidilizumab,pidilizumab,1036730-42-3,pl108
pilaralisibum,pilaralisib,pilaralisib,pilaralisib,1313706-14-7,pl108
piromelatinum,piromelatine,piromélatine,piromelatina,1313206-42-6,pl108
poziotinibum,poziotinib,poziotinib,poziotinib,1092364-38-9,pl108
pritoxaximabum,pritoxaximab,pritoxaximab,pritoxaximab,1351470-16-0,pl108
ramaterceptum,ramatercept,ramatercept,ramatercept,,pl108
rebastinibum,rebastinib,rébastinib,rebastinib,1020172-07-9,pl108
recilisibum,recilisib,récilisib,recilisib,334969-03-8,pl108
revexepridum,revexepride,révexépride,revexeprida,219984-49-3,pl108
roxadustatum,roxadustat,roxadustat,roxadustat,808118-40-3,pl108
saroglitazarum,saroglitazar,saroglitazar,saroglitazar,495399-09-2,pl108
seribantumabum,seribantumab,séribantumab,,1334296-12-6,pl108
setoxaximabum,setoxaximab,sétoxaximab,setoxaximab,1351470-17-1,pl108
sofosbuvirum,sofosbuvir,sofosbuvir,sofosbuvir,1190307-88-0,pl108
tecemotidum,tecemotide,técémotide,tecemotida,221214-84-2,pl108
telmapitantum,telmapitant,telmapitant,telmapitant,552292-58-7,pl108
tildrakizumabum,tildrakizumab,tildrakizumab,tildrakizumab,1326244-10-3,pl108
tomicoratum,tomicorat,tomicorat,tomicorat,1309086-46-1,pl108
ulodesinum,ulodesine,ulodésine,ulodesina,548486-59-5,pl108
vibegronum,vibegron,vibégron,vibegrón,1190389-15-1,pl108
voxtalisibum,voxtalisib,voxtalisib,voxtalisib,934493-76-2,pl108
zamicastatum,zamicastat,zamicastat,zamicastat,1331830-76-2,pl108
abaloparatidum,abaloparatide,,,247062-33-5,pl109
abecomotidum,abecomotide,abécomotide,abecomotida,907596-50-3,pl109
abituzumabum,abituzumab,abituzumab,abituzumab,1105038-73-0,pl109
acalisibum,acalisib,acalisib,acalisib,870281-34-8,pl109
aftobetinum,aftobetin,aftobétine,aftobetina,1208971-05-4,pl109
alicdamotidum,alicdamotide,alicdamotide,alicdamotida,1375258-01-7,pl109
anifrolumabum,anifrolumab,,anifrolumab,1326232-46-5,pl109
artefenomelum,artefenomel,,,,pl109
asapiprantum,asapiprant,asapiprant,asapiprant,932372-01-5,pl109
avarofloxacinum,avarofloxacin,avarofloxacine,avarofloxacino,878592-87-1,pl109
axelopranum,axelopran,axélopran,axeloprán,949904-48-7,pl109
basimglurantum,basimglurant,basimglurant,basimglurant,802906-73-6,pl109
binimetinibum,binimetinib,binimétinib,binimetinib,606143-89-9,pl109
ceralifimodum,ceralifimod,céralifimod,ceralifimod,891859-12-4,pl109
ceritinibum,ceritinib,céritinib,ceritinib,1032900-25-6,pl109
codrituzumabum,codrituzumab,codrituzumab,codrituzumab,1269764-99-9,pl109
humain,,,,1363853-26-2,pl109
dasabuvirum,dasabuvir,dasabuvir,dasabuvir,1132935-63-7,pl109
decoglurantum,decoglurant,décoglurant,decoglurant,911115-16-7,pl109
dianexinum,dianexin,dianexine,dianexina,1352413-49-0,pl109
dinutuximabum,dinutuximab,dinutuximab,dinutuximab,1363687-32-4,pl109
doravirinum,doravirine,doravirine,doravirina,1270012-74-2,pl109
eldelumabum,eldelumab,eldélumab,eldelumab,946414-98-8,pl109
eluxadolinum,eluxadoline,,,,pl109
antidiarrheal,,,,864821-90-9,pl109
encorafenibum,encorafenib,encorafénib,encorafenib,1346452-25-2,pl109
fevipiprantum,fevipiprant,févipiprant,fevipiprant,872365-14-5,pl109
filanesibum,filanesib,filanésib,filanesib,885060-09-3,pl109
galunisertibum,galunisertib,galunisertib,galunisertib,700874-72-2,pl109
guselkumabum,guselkumab,guselkumab,guselkumab,1350289-85-8,pl109
idarucizumabum,idarucizumab,idarucizumab,idarucizumab,1362509-93-0,pl109
ipafriceptum,ipafricept,ipafricept,ipafricept,1391727-24-4,pl109
lambrolizumabum,lambrolizumab,lambrolizumab,lambrolizumab,1374853-91-4,pl109
langlenatidum,langlenatide,langlénatide,langlenatida,1296200-77-5,pl109
ledipasvirum,ledipasvir,lédipasvir,ledipasvir,1256388-51-8,pl109
lexanopadolum,lexanopadol,lexanopadol,lexanopadol,1357348-09-4,pl109
liafensinum,liafensine,liafensine,liafensina,1198790-53-2,pl109
lubabegronum,lubabegron,lubabégron,lubabegrón,391920-32-4,pl109
margetuximabum,margetuximab,,,1350624-75-7,pl109
mavatrepum,mavatrep,mavatrep,mavatrep,1118885-67-8,pl109
mirogabalinum,mirogabalin,mirogabaline,mirogabalina,1138245-13-2,pl109
neboterminum,nebotermin,nébotermine,nebotermina,246539-15-1,pl109
nobiprostolanum,nobiprostolan,nobiprostolan,nobiprostolán,120373-67-3,pl109
ombitasvirum,ombitasvir,ombitasvir,ombitasvir,1258226-87-7,pl109
ontuxizumabum,ontuxizumab,ontuxizumab,ontuxizumab,1075214-55-9,pl109
palbociclibum,palbociclib,palbociclib,palbociclib,571190-30-2,pl109
panulisibum,panulisib,panulisib,panulisib,1356033-60-7,pl109
patisiranum,patisiran,patisiran,patisirán,1420706-45-1,pl109
pegbovigrastimum,pegbovigrastim,,,1363409-60-2,pl109
pegteograstimum,pegteograstim,,,1329602-23-4,pl109
pevonedistatum,pevonedistat,pévonédistat,pevonedistat,905579-51-3,pl109
ralimetinibum,ralimetinib,ralimétinib,ralimetinib,862505-00-8,pl109
remeglurantum,remeglurant,réméglurant,remeglurant,1309783-00-3,pl109
ricolinostatum,ricolinostat,ricolinostat,ricolinostat,1316214-52-4,pl109
rimegepantum,rimegepant,rimégépant,rimegepant,1289023-67-1,pl109
ripasudilum,ripasudil,ripasudil,ripasudil,223645-67-8,pl109
riviciclibum,riviciclib,riviciclib,riviciclib,920113-02-6,pl109
rivipanselum,rivipansel,rivipansel,rivipansel,927881-99-0,pl109
roniciclibum,roniciclib,roniciclib,roniciclib,1335098-50-4,pl109
sacubitrilum,sacubitril,sacubitril,sacubitrilo,149709-62-6,pl109
sarecyclinum,sarecycline,sarécycline,,1035654-66-0,pl109
sarsageninum,sarsagenin,sarsagénine,sarsagenina,126-19-2,pl109
sisapronilum,sisapronil,sisapronil,sisapronilo,856225-89-3,pl109
smilageninum,smilagenin,smilagénine,,126-18-1,pl109
tanurmotidum,tanurmotide,tanurmotide,tanurmotida,907596-28-5,pl109
tarextumabum,tarextumab,tarextumab,tarextumab,1359940-55-8,pl109
taselisibum,taselisib,tasélisib,taselisib,1333117-95-5,pl109
topsalysinum,topsalysin,topsalysine,,917121-25-6,pl109
tosatoxumabum,tosatoxumab,tosatoxumab,tosatoxumab,1374419-41-6,pl109
tovetumabum,tovetumab,tovétumab,tovetumab,1243266-04-7,pl109
ubrogepantum,ubrogepant,ubrogépant,ubrogepant,1374248-77-7,pl109
valbenazinum,valbenazine,valbénazine,valbenazina,1025504-45-3,pl109
vantictumabum,vantictumab,,,1345009-45-1,pl109
vatiquinonum,vatiquinone,vatiquinone,vatiquinona,1213269-98-7,pl109
vedroprevirum,vedroprevir,védroprévir,vedroprevir,1098189-15-1,pl109
velcalcetidum,velcalcetide,velcalcétide,velcalcetida,1262780-97-1,pl109
vericiguatum,vericiguat,vériciguat,vericiguat,1350653-20-1,pl109
vilaprisanum,vilaprisan,vilaprisan,vilaprisán,1262108-14-4,pl109
voruciclibum,voruciclib,voruciclib,voruciclib,1000023-04-0,pl109
abametapirum,abametapir,abamétapir,abametapir,738606-46-7,pl110
aclerastidum,aclerastide,aclérastide,aclerastida,227803-63-6,pl110
aducanumabum,aducanumab,aducanumab,aducanumab,1384260-65-4,pl110
alpelisibum,alpelisib,alpélisib,alpelisib,1262449-58-0,pl110
apabetalonum,apabetalone,apabétalone,apabetalona,1044870-39-4,pl110
apatorsenum,apatorsen,apatorsen,apatorsén,1002331-21-6,pl110
astodrimerum,astodrimer,astodrimère,astodrímero,1379746-42-5,pl110
batefenterolum,batefenterol,,,,pl110
bimekizumabum,bimekizumab,bimékizumab,bimekizumab,1418205-77-2,pl110
bococizumabum,bococizumab,bococizumab,bococizumab,1407495-02-6,pl110
brincidofovirum,brincidofovir,brincidofovir,brincidofovir,444805-28-1,pl110
canoctakinum,canoctakin,canoctakine,canoctakina,1019859-03-0,pl110
censavudinum,censavudine,censavudine,censavudina,1350717-96-2,pl110
cipargaminum,cipargamin,,,,pl110
dasotralinum,dasotraline,dasotraline,dasotralina,675126-05-3,pl110
duvelisibum,duvelisib,duvélisib,duvelisib,1201438-56-3,pl110
elbasvirum,elbasvir,elbasvir,elbasvir,1370468-36-2,pl110
entasobulinum,entasobulin,entasobuline,entasobulina,501921-61-5,pl110
entospletinibum,entospletinib,entosplétinib,entospletinib,1229208-44-9,pl110
etiguanfacinum,etiguanfacine,étiguanfacine,etiguanfacina,1345510-43-1,pl110
fimaporfinum,fimaporfin,fimaporfine,fimaporfina,1443547-43-0,pl110
fletikumabum,fletikumab,flétikumab,fletikumab,1357158-22-5,pl110
fosravuconazolum,fosravuconazole,fosravuconazole,fosravuconazol,351227-64-0,pl110
gemilukastum,gemilukast,gémilukast,gemilukast,1232861-58-3,pl110
grapiprantum,grapiprant,grapiprant,grapiprant,415903-37-6,pl110
grazoprevirum,grazoprevir,grazoprévir,grazoprevir,1253909-57-7,pl110
idalopirdinum,idalopirdine,idalopirdine,idalopirdina,467459-31-0,pl110
lefamulinum,lefamulin,léfamuline,lefamulina,1061337-51-6,pl110
lerimazolinum,lerimazoline,lérimazoline,lerimazolina,1401812-88-1,pl110
lotilanerum,lotilaner,lotilaner,lotilaner,1369852-71-0,pl110
luspaterceptum,luspatercept,luspatercept,luspatercept,1373715-00-4,pl110
mipsagarginum,mipsagargin,,,1245732-48-2,pl110
osilodrostatum,osilodrostat,osilodrostat,osilodrostat,928134-65-0,pl110
otlertuzumabum,otlertuzumab,otlertuzumab,otlertuzumab,1372645-37-8,pl110
pexmetinibum,pexmetinib,pexmétinib,pexmetinib,945614-12-0,pl110
pretomanidum,pretomanid,prétomanid,pretomanid,187235-37-6,pl110
ralpancizumabum,ralpancizumab,ralpancizumab,ralpancizumab,1407495-04-8,pl110
relamorelinum,relamorelin,rélamoréline,relamorelina,661472-41-9,pl110
ribuvaptanum,ribuvaptan,ribuvaptan,ribuvaptán,1245620-47-6,pl110
samatasvirum,samatasvir,samatasvir,samatasvir,1312547-19-5,pl110
selinexorum,selinexor,sélinexor,selinexor,1393477-72-9,pl110
sepetaprostum,sepetaprost,sépétaprost,sepetaprost,1418200-58-4,pl110
sotagliflozinum,sotagliflozin,sotagliflozine,sotagliflozina,1018899-04-1,pl110
taladegibum,taladegib,taladégib,taladegib,1258861-20-9,pl110
talazoparibum,talazoparib,talazoparib,talazoparib,1207456-01-6,pl110
tilapertinum,tilapertin,tilapertine,tilapertina,1000690-85-6,pl110
ulocuplumabum,ulocuplumab,,,1375830-34-4,pl110
veledimexum,veledimex,vélédimex,veledimex,1093130-72-3,pl110
verdinexorum,verdinexor,verdinexor,verdinexor,1392136-43-4,pl110
veruprevirum,veruprevir,véruprévir,veruprevir,1216941-48-8,pl110
zastumotidum,zastumotide,zastumotide,zastumotida,949885-73-8,pl110
abrilumabum,abrilumab,abrilumab,abrilumab,1342290-43-0,pl111
acumapimodum,acumapimod,acumapimod,acumapimod,836683-15-9,pl111
albenatidum,albenatide,albénatide,albenatide,1031700-39-6,pl111
asvasiranum,asvasiran,,,870094-26-1,pl111
azeliragonum,azeliragon,azéliragon,azeliragón,603148-36-3,pl111
basmisanilum,basmisanil,basmisanil,basmisanil,1159600-41-5,pl111
beclabuvirum,beclabuvir,béclabuvir,beclabuvir,958002-33-0,pl111
begelomabum,begelomab,bégélomab,begelomab,1403744-56-8,pl111
benzhydrocodonum,benzhydrocodone,benzhydrocodone,,1259440-61-3,pl111
bradaniclinum,bradanicline,bradanicline,bradaniclina,639489-84-2,pl111
briciclibum,briciclib,briciclib,briciclib,865783-99-9,pl111
brontictuzumabum,brontictuzumab,brontictuzumab,brontictuzumab,1447814-75-6,pl111
butylphthalidum,butylphthalide,,butylphthalide,6066-49-5,pl111
cabotegravirum,cabotegravir,cabotégravir,cabotegravir,1051375-10-0,pl111
capmatinibum,capmatinib,capmatinib,capmatinib,1029712-80-8,pl111
cefilavancinum,cefilavancin,céfilavancine,cefilavancina,722454-12-8,pl111
cerdulatinibum,cerdulatinib,cerdulatinib,cerdulatinib,151662-36-1,pl111
dagrocoratum,dagrocorat,dagrocorat,dagrocorat,1044535-52-5,pl111
dalazatidum,dalazatide,dalazatide,dalazatida,1081110-69-1,pl111
dapaconazolum,dapaconazole,dapaconazole,dapaconazol,1269726-67-1,pl111
defactinibum,defactinib,défactinib,defactinib,1399672-02-6,pl111
dianhydrogalactitolum,dianhydrogalactitol,dianhydrogalactitol,,1608089-20-8,pl111
diridavumabum,diridavumab,diridavumab,diridavumab,1393659-46-5,pl111
eflapegrastimum,eflapegrastim,éflapégrastim,eflapegrastim,1270012-79-7,pl111
emactuzumabum,emactuzumab,,,1448221-67-7,pl111
emibetuzumabum,emibetuzumab,émibétuzumab,emibetuzumab,1365287-97-3,pl111
enadenotucirevum,enadenotucirev,énadénotucirev,enadenotucirev,1402042-02-7,pl111
enceniclinum,encenicline,encénicline,enceniclina,550999-75-2,pl111
esuberaprostum,esuberaprost,ésubéraprost,esuberaprost,94132-88-4,pl111
evofosfamidum,evofosfamide,évofosfamide,evofosfamida,33725-54-1,pl111
filociclovirum,filociclovir,filociclovir,filociclovir,632325-71-4,pl111
firivumabum,firivumab,firivumab,firivumab,1443004-15-6,pl111
fosdagrocoratum,fosdagrocorat,fosdagrocorat,fosdagrocorat,1044535-58-1,pl111
funapidum,funapide,funapide,funapide,1259933-16-8,pl111
furaprevirum,furaprevir,furaprévir,furaprevir,1435923-88-8,pl111
gedatolisibum,gedatolisib,gedatolisib,gedatolisib,1197160-78-3,pl111
glasdegibum,glasdegib,glasdégib,glasdegib,1095173-27-5,pl111
idasanutlinum,idasanutlin,idasanutline,idasanutlina,1229705-06-9,pl111
imalumabum,imalumab,imalumab,imalumab,1430205-07-4,pl111
indoximodum,indoximod,indoximod,indoximod,110117-83-4,pl111
irbinitinibum,irbinitinib,irbinitinib,irbinitinib,937263-43-9,pl111
lemborexantum,lemborexant,lemborexant,lemborexant,1369764-02-2,pl111
lenzilumabum,lenzilumab,lenzilumab,lenzilumab,1421830-13-8,pl111
lumretuzumabum,lumretuzumab,,,1448327-63-6,pl111
merotocinum,merotocin,mérotocine,merotocina,1190083-57-8,pl111
mibenratidum,mibenratide,mibenratide,mibenratida,1239011-83-6,pl111
modimelanotidum,modimelanotide,modimélanotide,modimelanotida,926277-68-1,pl111
mongersenum,mongersen,mongersen,mongersén,1443994-46-4,pl111
napabucasinum,napabucasin,napabucasine,napabucasina,83280-65-3,pl111
odalasvirum,odalasvir,odalasvir,odalasvir,927883-84-9,pl111
omipalisibum,omipalisib,omipalisib,omipalisib,1086062-66-9,pl111
orilotimodum,orilotimod,orilotimod,orilotimod,186087-26-3,pl111
pasotuxizumabum,pasotuxizumab,pasotuxizumab,pasotuxizumab,1442657-12-6,pl111
peficitinibum,peficitinib,péficitinib,peficitinib,944118-01-8,pl111
pegargiminasum,pegargiminase,pégargiminase,pegargiminasa,1394129-74-8,pl111
pegcrisantaspasum,pegcrisantaspase,pegcrisantaspase,pegcrisantaspasa,1448590-54-2,pl111
pegvaliasum,pegvaliase,pegvaliase,pegvaliasa,1585984-95-7,pl111
polmacoxibum,polmacoxib,polmacoxib,polmacoxib,301692-76-2,pl111
presatovirum,presatovir,présatovir,presatovir,1353625-73-6,pl111
rabacfosadinum,rabacfosadine,rabacfosadine,rabacfosadina,859209-74-8,pl111
rapastinelum,rapastinel,rapastinel,rapastinel,117928-94-6,pl111
relenopridum,relenopride,rélénopride,relenoprida,1446198-96-4,pl111
revusiranum,revusiran,révusiran,revusirán,1438322-82-7,pl111
ribociclibum,ribociclib,ribociclib,ribociclib,1211441-98-3,pl111
rimiducidum,rimiducid,rimiducid,rimiducid,,pl111
rociletinibum,rociletinib,rocilétinib,rociletinib,1417412-83-9,pl111
sarolanerum,sarolaner,sarolaner,sarolaner,1398609-39-6,pl111
savolitinibum,savolitinib,savolitinib,savolitinib,1313725-88-0,pl111
sembragilinum,sembragiline,sembragiline,sembragilina,379270-37-8,pl111
tepotinibum,tepotinib,tépotinib,tepotinib,1100598-32-0,pl111
tradipitantum,tradipitant,tradipitant,tradipitant,622370-35-8,pl111
transcrocetinum,transcrocetin,transcrocétine,transcrocetina,27876-94-4,pl111
ulixertinibum,ulixertinib,ulixertinib,ulixertinib,869886-67-9,pl111
uprosertibum,uprosertib,uprosertib,uprosertib,1047634-65-0,pl111
vanucizumabum,vanucizumab,vanucizumab,vanucizumab,1448221-05-3,pl111
varlilumabum,varlilumab,varlilumab,varlilumab,1393344-72-3,pl111
velpatasvirum,velpatasvir,velpatasvir,velpatasvir,1377049-84-7,pl111
venetoclaxum,venetoclax,vénétoclax,venetoclax,1257044-40-8,pl111
verinuradum,verinurad,vérinurad,verinurad,1352792-74-5,pl111
vonapanitasum,vonapanitase,vonapanitase,vonapanitasa,916055-92-0,pl111
abemaciclibum,abemaciclib,abémaciclib,abemaciclib,1231929-97-7,pl112
amiselimodum,amiselimod,amisélimod,amiselimod,942399-20-4,pl112
asinerceptum,asinercept,asinercept,asinercept,1450882-18-4,pl112
atezolizumabum,atezolizumab,atézolizumab,atezolizumab,1380723-44-3,pl112
avoralstatum,avoralstat,avoralstat,avoralstat,918407-35-9,pl112
balixafortidum,balixafortide,balixafortide,balixafortida,1383710-57-3,pl112
brolucizumabum,brolucizumab,brolucizumab,brolucizumab,1531589-13-5,pl112
centanafadinum,centanafadine,centanafadine,centanafadina,924012-43-1,pl112
crisaborolum,crisaborole,crisaborole,crisaborol,906673-24-3,pl112
dectrekumabum,dectrekumab,dectrékumab,dectrekumab,1528523-94-5,pl112
desfesoterodinum,desfesoterodine,desfésotérodine,desfesoterodina,207679-81-0,pl112
deutetrabenazinum,deutetrabenazine,deutétrabénazine,deutetrabenazina,1392826-25-3,pl112
durvalumabum,durvalumab,durvalumab,durvalumab,1428935-60-7,pl112
elafibranorum,elafibranor,élafibranor,elafibranor,824932-88-9,pl112
eleclazinum,eleclazine,éléclazine,eleclazina,1443211-72-0,pl112
elgemtumabum,elgemtumab,elgemtumab,elgemtumab,1512559-37-3,pl112
emeramidum,emeramide,éméramide,emeramida,351994-94-0,pl112
epetraborolum,epetraborole,épétraborole,epetraborol,1093643-37-8,pl112
eprociclovirum,eprociclovir,éprociclovir,eprociclovir,1228539-24-9,pl112
erlosibanum,erlosiban,erlosiban,erlosibán,1477482-19-1,pl112
evinacumabum,evinacumab,évinacumab,evinacumab,146479-72-3,pl112
gepotidacinum,gepotidacin,gépotidacine,gepotidacina,1075236-89-3,pl112
gilteritinibum,gilteritinib,giltéritinib,gilteritinib,1254053-43-4,pl112
ibiglustatum,ibiglustat,ibiglustat,ibiglustat,1401090-53-6,pl112
indimilastum,indimilast,indimilast,indimilast,1038825-85-2,pl112
indusatumabum,indusatumab,indusatumab,indusatumab,1514889-12-3,pl112
infigratinibum,infigratinib,infigratinib,infigratinib,872511-34-7,pl112
isatuximabum,isatuximab,isatuximab,isatuximab,1461640-62-9,pl112
lanopepdenum,lanopepden,lanopepdène,lanopepdén,1152107-25-9,pl112
lascufloxacinum,lascufloxacin,lascufloxacine,lascufloxacino,848416-07-9,pl112
lavamilastum,lavamilast,lavamilast,lavamilast,1218778-89-2,pl112
lilotomabum,lilotomab,lilotomab,lilotomab,1453362-55-4,pl112
lokivetmabum,lokivetmab,lokivetmab,lokivetmab,1453362-90-7,pl112
mereletinibum,mereletinib,mérélétinib,mereletinib,1421373-65-0,pl112
motolimodum,motolimod,motolimod,motolimod,926927-61-9,pl112
necuparanibum,necuparanib,nécuparanib,necuparanib,1239309-58-0,pl112
neloniclinum,nelonicline,nélonicline,neloniclina,1026134-63-3,pl112
nemolizumabum,nemolizumab,némolizumab,nemolizumab,1476039-58-3,pl112
nusinersenum,nusinersen,nusinersen,nusinersén,1258984-36-9,pl112
onalespibum,onalespib,onalespib,onalespib,912999-49-6,pl112
ozanimodum,ozanimod,ozanimod,ozanimod,1306760-87-1,pl112
pegpleranibum,pegpleranib,pegpléranib,pegpleranib,1618657-13-8,pl112
pexidartinibum,pexidartinib,pexidartinib,pexidartinib,1029044-16-3,pl112
pinometostatum,pinometostat,pinométostat,pinometostat,1380288-87-8,pl112
radalbuvirum,radalbuvir,radalbuvir,radalbuvir,1314795-11-3,pl112
ralinepagum,ralinepag,ralinépag,ralinepag,1187856-49-0,pl112
relebactamum,relebactam,rélébactam,relebactam,1174018-99-5,pl112
ridinilazolum,ridinilazole,ridinilazole,ridinilazol,308362-25-6,pl112
roneparstatum,roneparstat,ronéparstat,roneparstat,1407492-04-9,pl112
sacrosidasum,sacrosidase,sacrosidase,sacrosidasa,85897-35-4,pl112
sapanisertibum,sapanisertib,sapanisertib,sapanisertib,1224844-38-5,pl112
seletalisibum,seletalisib,sélétalisib,seletalisib,1362850-20-1,pl112
setmelanotidum,setmelanotide,setmélanotide,setmelanotida,920014-72-8,pl112
solcitinibum,solcitinib,solcitinib,solcitinib,1206163-45-2,pl112
somapacitanum,somapacitan,somapacitan,somapacitán,1338578-34-9,pl112
somavaratanum,somavaratan,somavaratan,somavaratán,1448335-08-7,pl112
spanlecortemlocelum,spanlecortemlocel,spanlécortemlocel,,2211447-77-1,pl112
spebrutinibum,spebrutinib,spébrutinib,,1339940-90-7,pl112
tazemetostatum,tazemetostat,tazémétostat,tazemetostat,1403254-99-8,pl112
temsavirum,temsavir,temsavir,temsavir,701213-36-7,pl112
tesidolumabum,tesidolumab,tésidolumab,tesidolumab,1531594-08-7,pl112
toreforantum,toreforant,toréforant,toreforant,952494-46-1,pl112
trofinetidum,trofinetide,trofinétide,trofinetida,1471985-92-8,pl112
verosudilum,verosudil,vérosudil,verosudil,1414854-42-4,pl112
verubecestatum,verubecestat,vérubécestat,verubecestat,1286770-55-5,pl112
vosoritidum,vosoritide,vosoritide,vosoritida,29584-22-3,pl112
satetraxetanum,satetraxetan,satétraxétan,satetraxetán,,pl112
acalabrutinibum,acalabrutinib,acalabrutinib,acalabrutinib,1420477-60-6,pl113
afasevikumabum,afasevikumab,afasévikumab,afasevikumab,1621271-62-2,pl113
alofanibum,alofanib,alofanib,alofanib,1612888-66-0,pl113
altiratinibum,altiratinib,altiratinib,altiratinib,1345847-93-9,pl113
amcasertibum,amcasertib,amcasertib,amcasertib,1129403-56-0,pl113
apalutamidum,apalutamide,apalutamide,apalutamida,956104-40-8,pl113
ascrinvacumabum,ascrinvacumab,ascrinvacumab,ascrinvacumab,1613641-69-2,pl113
avelumabum,avelumab,avélumab,avelumab,1537032-82-8,pl113
belizatinibum,belizatinib,bélizatinib,belizatinib,1357920-84-3,pl113
bexagliflozinum,bexagliflozin,bexagliflozine,bexagliflozina,1118567-05-7,pl113
bictegravirum,bictegravir,bictégravir,bictegravir,1611493-60-7,pl113
bleselumabum,bleselumab,blésélumab,bleselumab,1453067-91-8,pl113
brigatinibum,brigatinib,brigatinib,brigatinib,1197953-54-0,pl113
capsaicinum,capsaicin,capsaïcine,capsaicina,404-86-4,pl113
cenerimodum,cenerimod,cénérimod,cenerimod,1262414-04-9,pl113
cenobamatum,cenobamate,cénobamate,cenobamato,1509916-03-3,pl113
ciraparantagum,ciraparantag,ciraparantag,ciraparantag,943976-23-6,pl113
cobitolimodum,cobitolimod,cobitolimod,cobitolimod,1226822-98-5,pl113
daprodustatum,daprodustat,daprodustat,daprodustat,960539-70-2,pl113
difelikefalinum,difelikefalin,difélikéfaline,,1613303-02-8,pl113
dusquetidum,dusquetide,dusquétide,dusquetida,931395-42-5,pl113
efpegsomatropinum,efpegsomatropin,efpegsomatropine,efpegsomatropina,1314472-89-3,pl113
elamipretidum,elamipretide,élamiprétide,elamipretida,736992-21-5,pl113
emicizumabum,emicizumab,émicizumab,emicizumab,1610943-06-0,pl113
enasidenibum,enasidenib,énasidénib,enasidenib,1446502-11-9,pl113
enerisantum,enerisant,énérisant,enerisant,1152747-82-4,pl113
entrectinibum,entrectinib,entrectinib,entrectinib,1108743-60-7,pl113
erdafitinibum,erdafitinib,erdafitinib,erdafitinib,1346242-81-6,pl113
etripamilum,etripamil,étripamil,etripamilo,1593673-23-4,pl113
evenamidum,evenamide,événamide,evenamida,1092977-61-1,pl113
evocalcetum,evocalcet,évocalcet,evocalcet,870964-67-3,pl113
ezutromidum,ezutromid,ézutromid,ezutromid,945531-77-1,pl113
fibatuzumabum,fibatuzumab,fibatuzumab,fibatuzumab,1234137-51-9,pl113
fitusiranum,fitusiran,fitusiran,fitusirán,1499251-18-1,pl113
fosnetupitantum,fosnetupitant,fosnétupitant,fosnetupitant,1182215-65-1,pl113
graunimotidum,graunimotide,graunimotide,graunimotida,851666-89-2,pl113
guadecitabinum,guadecitabine,guadécitabine,guadecitabina,929901-49-5,pl113
inebilizumabum,inebilizumab,inébilizumab,inebilizumab,340013-96-9,pl113
isunakinrum,isunakinra,isunakinra,isunakinra,1469876-18-3,pl113
landogrozumabum,landogrozumab,landogrozumab,landogrozumab,1391726-30-9,pl113
lefitolimodum,lefitolimod,,,160049-21-4,pl113
mecapegfilgrastimum,mecapegfilgrastim,mécapegfilgrastim,mecapegfilgrastim,1570067-55-8,pl113
merestinibum,merestinib,mérestinib,merestinib,1453084-37-1,pl113
monalizumabum,monalizumab,monalizumab,monalizumab,1228763-95-8,pl113
murepavadinum,murepavadin,murépavadine,murepavadina,944252-63-5,pl113
nadorameranum,nadorameran,nadoraméran,nadoramerán,1613055-09-6,pl113
nastorazepidum,nastorazepide,nastorazépide,nastorazepida,1372784-20-7,pl113
navivumabum,navivumab,navivumab,navivumab,1443004-16-7,pl113
netarsudilum,netarsudil,nétarsudil,netarsudil,1254032-66-0,pl113
obiltoxaximabum,obiltoxaximab,obiltoxaximab,obiltoxaximab,1351337-07-9,pl113
omaveloxolonum,omaveloxolone,omavéloxolone,omaveloxolona,1474034-05-3,pl113
opicinumabum,opicinumab,opicinumab,opicinumab,1422268-07-2,pl113
pamrevlumabum,pamrevlumab,pamrevlumab,pamrevlumab,946415-13-0,pl113
pegcantratinibum,pegcantratinib,pegcantratinib,pegcantratinib,1233363-33-1,pl113
pemafibratum,pemafibrate,pémafibrate,pemafibrato,848259-27-8,pl113
piclidenosonum,piclidenoson,piclidénoson,piclidenosón,152918-18-8,pl113
plozalizumabum,plozalizumab,plozalizumab,plozalizumab,1610761-46-0,pl113
ravidasvirum,ravidasvir,ravidasvir,ravidasvir,1242087-93-9,pl113
rinucumabum,rinucumab,rinucumab,rinucumab,1569263-06-4,pl113
risankizumabum,risankizumab,risankizumab,risankizumab,1613506-32-3,pl113
ronopterinum,ronopterin,ronoptérine,ronopterina,206885-38-3,pl113
rovalpituzumabum,rovalpituzumab,rovalpituzumab,rovalpituzumab,1491917-83-9,pl113
sacubitrilatum,sacubitrilat,sacubitrilate,sacubitrilat,149709-44-4,pl113
selonsertibum,selonsertib,sélonsertib,selonsertib,1448428-04-3,pl113
solnatidum,solnatide,solnatide,solnatida,259206-53-6,pl113
sparsentanum,sparsentan,sparsentan,,254740-64-2,pl113
tavilermidum,tavilermide,tavilermide,tavilermida,263251-78-1,pl113
tegoprazanum,tegoprazan,tégoprazan,tegoprazán,942195-55-3,pl113
tesevatinibum,tesevatinib,tésévatinib,tesevatinib,781613-23-8,pl113
tezepelumabum,tezepelumab,tézépélumab,tezepelumab,1572943-04-4,pl113
tisotumabum,tisotumab,tisotumab,tisotumab,1418731-10-8,pl113
trevogrumabum,trevogrumab,trévogrumab,trevogrumab,1429201-24-0,pl113
vaborbactamum,vaborbactam,vaborbactam,vaborbactam,1492823-75-2,pl113
vesatolimodum,vesatolimod,vésatolimod,vesatolimod,1228585-88-3,pl113
vistusertibum,vistusertib,vistusertib,vistusertib,1009298-59-2,pl113
volanesorsenum,volanesorsen,volanésorsen,volanesorsén,915430-78-3,pl113
volixibatum,volixibat,volixibat,volixibat,1025216-57-2,pl113
voxilaprevirum,voxilaprevir,voxilaprévir,voxilaprevir,1535212-07-7,pl113
zidebactamum,zidebactam,zidébactam,zidebactam,1436861-97-0,pl113
amunaleukinum,amunaleukin,amunaleukine,amunaleukina,,pl113
govitecanum,govitecan,govitécan,govitecán,,pl113
soravtansinum,soravtansine,soravtansine,soravtansina,,pl113
talirinum,talirine,talirine,talirina,,pl113
tesarinum,tesarine,tesarine,tesarina,1225283-42-0,pl113
acebilustatum,acebilustat,acébilustat,acebilustat,943764-99-6,pl114
alalevonadifloxacinum,alalevonadifloxacin,alalévonadifloxacine,alalevonadifloxacino,706809-20-3,pl114
albusomatropinum,albusomatropin,albusomatropine,albusomatropina,1636119-82-8,pl114
avacopanum,avacopan,avacopan,avacopán,1346623-17-3,pl114
bazlitoranum,bazlitoran,bazlitoran,bazlitorán,1438851-35-4,pl114
blontuvetmabum,blontuvetmab,blontuvetmab,blontuvetmab,1608112-78-2,pl114
brimapitidum,brimapitide,brimapitide,brimapitida,1445179-97-4,pl114
cabiralizumabum,cabiralizumab,,cabiralizumab,1613144-80-1,pl114
carotuximabum,carotuximab,carotuximab,carotuximab,1268714-50-6,pl114
cefiderocolum,cefiderocol,céfidérocol,cefiderocol,1225208-94-5,pl114
cemdisiranum,cemdisiran,cemdisiran,cemdisirán,1639264-46-2,pl114
cibinetidum,cibinetide,cibinétide,cibinetida,1208243-50-8,pl114
crotedumabum,crotedumab,crotédumab,crotedumab,152923-56-3,pl114
dapansutrilum,dapansutrile,dapansutrile,dapansutrilo,54863-37-5,pl114
deudextromethorphanum,deudextromethorphan,deudextromethorphane,,177021-00-0,pl114
dolcanatidum,dolcanatide,dolcanatide,dolcanatida,1092457-65-2,pl114
domagrozumabum,domagrozumab,domagrozumab,domagrozumab,1629605-31-7,pl114
edasalonexentum,edasalonexent,édasalonexent,edasalonexento,1204317-86-1,pl114
edonerpicum,edonerpic,édonerpic,edonerpico,519187-23-6,pl114
enoblituzumabum,enoblituzumab,énoblituzumab,enoblituzumab,1353485-38-7,pl114
epacadostatum,epacadostat,épacadostat,epacadostat,1204669-58-8,pl114
esaxerenonum,esaxerenone,ésaxérénone,esaxerenona,1636180-98-7,pl114
fexapotidum,fexapotide,fexapotide,fexapotida,1522051-90-6,pl114
fonadelparum,fonadelpar,fonadelpar,fonadelpar,515138-06-4,pl114
galcanezumabum,galcanezumab,galcanézumab,galcanezumab,1578199-75-3,pl114
galidesivirum,galidesivir,galidésivir,galidesivir,249503-25-1,pl114
givosiranum,givosiran,givosiran,givosirán,1639325-43-1,pl114
glecaprevirum,glecaprevir,glécaprévir,glecaprevir,1365970-03-1,pl114
glesatinibum,glesatinib,glésatinib,glesatinib,936694-12-1,pl114
inclisiranum,inclisiran,inclisiran,inclisirán,1499251-18-1,pl114
intepirdinum,intepirdine,intépirdine,intepirdina,607742-69-8,pl114
ivosidenibum,ivosidenib,ivosidénib,ivosidenib,1448347-49-6,pl114
lanadelumabum,lanadelumab,lanadélumab,lanadelumab,1426055-14-2,pl114
laprituximabum,laprituximab,laprituximab,laprituximab,1640969-63-6,pl114
lendalizumabum,lendalizumab,lendalizumab,lendalizumab,1337966-73-0,pl114
leniolisibum,leniolisib,léniolisib,leniolisib,1354690-24-6,pl114
levoketoconazolum,levoketoconazole,lévokétoconazole,levoketoconazol,142128-57-2,pl114
lorlatinibum,lorlatinib,lorlatinib,lorlatinib,1454846-35-5,pl114
lumateperonum,lumateperone,lumatépérone,lumateperona,1619970-39-6,pl114
mirvetuximabum,mirvetuximab,mirvétuximab,mirvetuximab,1453084-36-0,pl114
mizagliflozinum,mizagliflozin,mizagliflozine,mizagliflozina,666843-10-3,pl114
nafithromycinum,nafithromycin,nafithromycine,,311768-81-7,pl114
naratuximabum,naratuximab,naratuximab,naratuximab,1607824-64-5,pl114
navamepentum,navamepent,navamépent,navamepent,1251537-11-7,pl114
navicixizumabum,navicixizumab,navicixizumab,navicixizumab,1638338-43-8,pl114
nazartinibum,nazartinib,nazartinib,nazartinib,1508250-71-2,pl114
nicodicosapentum,nicodicosapent,nicodicosapent,nicodicosapent,1269181-69-2,pl114
oliceridinum,oliceridine,olicéridine,oliceridina,1401028-24-7,pl114
olmutinibum,olmutinib,olmutinib,olmutinib,1261491-89-7,pl114
omidenepagum,omidenepag,omidénépag,omidenepag,1187451-41-7,pl114
oteseconazolum,oteseconazole,otéséconazole,oteseconazol,1340593-59-0,pl114
pibrentasvirum,pibrentasvir,pibrentasvir,pibrentasvir,1353900-92-1,pl114
pogalizumabum,pogalizumab,pogalizumab,pogalizumab,1638935-72-4,pl114
prexasertibum,prexasertib,prexasertib,prexasertib,1234015-52-1,pl114
prexigebersenum,prexigebersen,prexigébersen,prexigebersén,202484-91-1,pl114
prezalumabum,prezalumab,prézalumab,prezalumab,1523164-68-2,pl114
raxatriginum,raxatrigine,raxatrigine,raxatrigina,934240-30-9,pl114
redaporfinum,redaporfin,rédaporfine,redaporfina,1224104-08-8,pl114
refanezumabum,refanezumab,réfanézumab,refanezumab,1233953-61-1,pl114
revefenacinum,revefenacin,révéfénacine,revefenacina,864750-70-9,pl114
rivabazumabum,rivabazumab,rivabazumab,rivabazumab,1627519-84-9,pl114
ruclosporinum,ruclosporin,ruclosporine,ruclosporina,882569-97-3,pl114
ruzasvirum,ruzasvir,ruzasvir,ruzasvir,1613081-64-3,pl114
sapelizumabum,sapelizumab,sapélizumab,sapelizumab,1638746-88-9,pl114
seviteronelum,seviteronel,sevitéronel,seviteronel,1610537-15-9,pl114
sitravatinibum,sitravatinib,sitravatinib,sitravatinib,1123837-84-2,pl114
talinexomerum,talinexomer,talinexomère,talinexómero,51838-34-7,pl114
tamtuvetmabum,tamtuvetmab,tamtuvetmab,tamtuvetmab,1636180-98-7,pl114
tenalisibum,tenalisib,ténalisib,tenalisib,1639417-53-0,pl114
tetrodotoxinum,tetrodotoxin,,,,pl114
pentol,,,,,pl114
pentol,,,,,pl114
pentol,,,,4368-28-9,pl114
tezacaftorum,tezacaftor,tezacaftor,tezacaftor,1152311-62-0,pl114
timolumabum,timolumab,timolumab,timolumab,1073538-99-4,pl114
vadadustatum,vadadustat,vadadustat,vadadustat,1000025-07-9,pl114
vadastuximabum,vadastuximab,vadastuximab,vadastuximab,1436390-63-4,pl114
verdiperstatum,verdiperstat,verdiperstat,verdiperstat,890655-80-8,pl114
vobarilizumabum,vobarilizumab,vobarilizumab,vobarilizumab,1628814-88-9,pl114
xentuzumabum,xentuzumab,xentuzumab,xentuzumab,1417158-65-6,pl114
zoliflodacinum,zoliflodacin,zoliflodacine,zoliflodacina,1620458-09-4,pl114
glasaretilum,glasaretil,,glasaretilo,,pl114
trizoxetanum,trizoxetan,trizoxétan,trizoxetán,,pl114
somatropin,,,,,pl114
adegramotidum,adegramotide,adégramotide,adegramotida,1252802-98-4,pl115
adomeglivantum,adomeglivant,adoméglivant,adomeglivant,1488363-78-5,pl115
afabicinum,afabicin,afabicine,afabicina,1518800-35-5,pl115
agerafenibum,agerafenib,agérafénib,agerafenib,1188910-76-0,pl115
alicapistatum,alicapistat,alicapistat,alicapistat,1788036-49-6,pl115
andecaliximabum,andecaliximab,andécaliximab,andecaliximab,1518996-49-0,pl115
apararenonum,apararenone,apararénone,apararenona,945966-46-1,pl115
apimostinelum,apimostinel,apimostinel,apimostinel,1421866-48-9,pl115
aprutumabum,aprutumab,aprutumab,aprutumab,1708947-48-1,pl115
asciminibum,asciminib,asciminib,asciminib,1492952-76-7,pl115
atuveciclibum,atuveciclib,atuvéciclib,atuveciclib,1414943-94-4,pl115
audencelum,audencel,audencel,audencel,,pl115
birabresibum,birabresib,birabrésib,birabresib,202590-98-5,pl115
branaplamum,branaplam,branaplam,branaplam,1562338-42-4,pl115
brazikumabum,brazikumab,brazikumab,brazikumab,1610353-18-8,pl115
brilanestrantum,brilanestrant,,,,pl115
burosumabum,burosumab,burosumab,burosumab,1610833-03-8,pl115
camrelizumabum,camrelizumab,camrélizumab,camrelizumab,1798286-48-2,pl115
cannabidiolum,cannabidiol,cannabidiol,cannabidiol,13956-29-1,pl115
casimersenum,casimersen,casimersen,casimersén,1422958-19-7,pl115
cenegerminum,cenegermin,cénégermine,cenegermina,1772578-74-1,pl115
cenplacelum,cenplacel,cenplacel,cenplacel,,pl115
crizanlizumabum,crizanlizumab,crizanlizumab,crizanlizumab,1690318-25-2,pl115
fucosilados,,,,,pl115
cupabimodum,cupabimod,cupabimod,cupabimod,297774-48-2,pl115
darolutamidum,darolutamide,darolutamide,darolutamida,1297538-32-9,pl115
depatuxizumabum,depatuxizumab,dépatuxizumab,depatuxizumab,1585973-65-4,pl115
dexisometheptenum,dexisometheptene,dexisométhéptène,,1620401-56-0,pl115
dezamizumabum,dezamizumab,dézamizumab,dezamizumab,1577222-14-0,pl115
elacestrantum,elacestrant,élacestrant,elacestrant,722533-56-4,pl115
elapegademasum,elapegademase,élapégadémase,elapegademasa,1709806-75-6,pl115
elezanumabum,elezanumab,élézanumab,elezanumab,1791416-49-3,pl115
vesicular,,,,1905397-73-0,pl115
eltrapuldencelum,eltrapuldencel,eltrapuldencel,eltrapuldencel,,pl115
emapalumabum,emapalumab,émapalumab,emapalumab,1709815-23-5,pl115
ensartinibum,ensartinib,ensartinib,ensartinib,1370651-20-9,pl115
enzaplatovirum,enzaplatovir,enzaplatovir,enzaplatovir,1323077-89-9,pl115
epertinibum,epertinib,épertinib,epertinib,908305-13-5,pl115
eptinezumabum,eptinezumab,eptinezumab,eptinezumab,1644539-04-7,pl115
erenumabum,erenumab,érénumab,erenumab,1582205-90-0,pl115
vesicular,,,,1800541-90-5,pl115
evobrutinibum,evobrutinib,évobrutinib,evobrutinib,1415823-73-2,pl115
fezolinetantum,fezolinetant,fézolinétant,fezolinetant,1629229-37-3,pl115
flurdihydroergotaminum,flurdihydroergotamine,flurdihydroergotamine,,1359819-75-2,pl115
fostemsavirum,fostemsavir,fostemsavir,fostemsavir,864953-29-7,pl115
fremanezumabum,fremanezumab,frémanezumab,fremanezumab,220578-59-6,pl115
golodirsenum,golodirsen,golodirsen,golodirsén,1797415-38-3,pl115
imlatoclaxum,imlatoclax,imlatoclax,imlatoclax,1257050-45-5,pl115
inotersenum,inotersen,inotersen,inotersén,1492984-65-2,pl115
itacitinibum,itacitinib,itacitinib,itacitinib,1334298-90-6,pl115
larotrectinibum,larotrectinib,larotrectinib,larotrectinib,1223403-58-4,pl115
lisavanbulinum,lisavanbulin,lisavanbuline,lisavanbulina,1263384-43-5,pl115
lumicitabinum,lumicitabine,lumicitabine,lumicitabina,1445385-02-3,pl115
lupartumabum,lupartumab,lupartumab,lupartumab,1640972-00-4,pl115
lutikizumabum,lutikizumab,lutikizumab,lutikizumab,1791411-57-8,pl115
miridesapum,miridesap,miridésap,miridesap,224624-80-0,pl115
mivebresibum,mivebresib,mivébrésib,mivebresib,1445993-26-9,pl115
nacubactamum,nacubactam,nacubactam,nacubactam,1452458-86-4,pl115
naquotinibum,naquotinib,naquotinib,naquotinib,1448232-80-1,pl115
navoximodum,navoximod,navoximod,navoximod,1402837-78-8,pl115
nelatimotidum,nelatimotide,nélatimotide,nelatimotida,1629213-88-2,pl115
nirogacestatum,nirogacestat,nirogacéstat,nirogacestat,1290543-63-3,pl115
obicetrapibum,obicetrapib,obicétrapib,obicetrapib,1476737-24-2,pl115
padsevonilum,padsevonil,padsévonil,padsevonil,1294000-61-5,pl115
palucorcelum,palucorcel,palucorcel,palucorcel,1620390-06-8,pl115
pimodivirum,pimodivir,pimodivir,pimodivir,1629869-44-8,pl115
poseltinibum,poseltinib,poseltinib,poseltinib,1353562-97-2,pl115
ranevetmabum,ranevetmab,ranévetmab,ranevetmab,1632282-27-9,pl115
ravoxertinibum,ravoxertinib,ravoxertinib,ravoxertinib,1453848-26-4,pl115
recanaclotidum,recanaclotide,récanaclotide,recanaclotida,1667762-62-0,pl115
reltecimodum,reltecimod,reltécimod,reltecimod,1447799-33-8,pl115
remetinostatum,remetinostat,rémétinostat,remetinostat,946150-57-8,pl115
remtolumabum,remtolumab,remtolumab,remtolumab,1791410-27-9,pl115
rogaratinibum,rogaratinib,rogaratinib,rogaratinib,1443530-05-9,pl115
rosiptorum,rosiptor,rosiptor,rosiptor,782487-28-9,pl115
rosmantuzumabum,rosmantuzumab,rosmantuzumab,rosmantuzumab,1684393-04-1,pl115
rosomidnarum,rosomidnar,rosomidnar,rosomidnar,871597-03-4,pl115
rozanolixizumabum,rozanolixizumab,rozanolixizumab,rozanolixizumab,1584645-37-3,pl115
sacituzumabum,sacituzumab,sacituzumab,sacituzumab,1796566-95-4,pl115
satoreotidum,satoreotide,satoréotide,satoreotida,1801415-23-5,pl115
seladelparum,seladelpar,séladelpar,seladelpar,851528-79-5,pl115
seltorexantum,seltorexant,seltorexant,seltorexant,1293281-49-8,pl115
serabelisibum,serabelisib,sérabélisib,serabelisib,1628106-94-4,pl115
somatrogonum,somatrogon,somatrogon,somatrogón,1663481-09-1,pl115
suptavumabum,suptavumab,suptavumab,suptavumab,1629615-23-1,pl115
tavolixizumabum,tavolixizumab,tavolixizumab,tavolixizumab,1635395-25-3,pl115
telisotuzumabum,telisotuzumab,télisotuzumab,telisotuzumab,911208-73-6,pl115
tirabrutinibum,tirabrutinib,tirabrutinib,tirabrutinib,1351636-18-4,pl115
tonabacasum,tonabacase,tonabacase,tonabacasa,1788041-31-5,pl115
tonogenconcelum,tonogenconcel,tonogenconcel,tonogenconcel,,pl115
tozuleristidum,tozuleristide,tozuléristide,tozuleristida,1642152-40-6,pl115
tucidinostatum,tucidinostat,tucidinostat,tucidinostat,1616493-44-7,pl115
upadacitinibum,upadacitinib,upadacitinib,upadacitinib,1310726-60-3,pl115
uprifosbuvirum,uprifosbuvir,uprifosbuvir,uprifosbuvir,1496551-77-9,pl115
utomilumabum,utomilumab,utomilumab,utomilumab,1417318-27-4,pl115
valnivudinum,valnivudine,valnivudine,valnivudina,956483-02-6,pl115
vamorolonum,vamorolone,vamorolone,vamorolona,13209-41-1,pl115
vandefitemcelum,vandefitemcel,vandéfitemcel,vandefitemcel,,pl115
velagliflozinum,velagliflozin,vélagliflozine,velagliflozina,1646819-03-5,pl115
vorolanibum,vorolanib,vorolanib,vorolanib,1013920-15-4,pl115
vunakizumabum,vunakizumab,vunakizumab,vunakizumab,1792181-33-9,pl115
amadotinum,amadotin,amadotine,amadotina,,pl115
duocarmazinum,duocarmazine,duocarmazine,duocarmazina,,pl115
exalidexum,exalidex,exalidex,exalidex,,pl115
ixadotinum,ixadotin,ixadotine,ixadotina,,pl115
efpegsomatropinum,efpegsomatropin,efpègsomatropine,efpegsomatropina,1639324-58-5,pl115
acoziborolum,acoziborole,acoziborole,acoziborol,1266084-51-8,pl116
acrizanibum,acrizanib,acrizanib,acrizanib,1229453-99-9,pl116
aprocitentanum,aprocitentan,aprocitentan,aprocitentán,1103522-45-7,pl116
atelocantelum,atelocantel,atélocantel,atelocantel,1370540-16-1,pl116
atesidorsenum,atesidorsen,atésidorsen,atesidorsén,872063-57-5,pl116
atogepantum,atogepant,atogépant,atogepant,1374248-81-3,pl116
azeloprazolum,azeloprazole,azéloprazole,azeloprazol,955095-45-1,pl116
azintuxizumabum,azintuxizumab,azintuxizumab,azintuxizumab,1826819-58-2,pl116
baliforsenum,baliforsen,baliforsen,baliforsén,1698048-23-5,pl116
balipodectum,balipodect,balipodect,balipodect,1238697-26-1,pl116
balovaptanum,balovaptan,balovaptan,balovaptán,1985606-14-1,pl116
baltaleucelum,baltaleucel,baltaleucel,baltaleucel,,pl116
benzodrocortisonum,benzodrocortison,benzodrocortisone,,,pl116
corticosteroid,,,corticosteroide,1905394-85-5,pl116
bimiralisibum,bimiralisib,bimiralisib,bimiralisib,1225037-39-7,pl116
brivoligidum,brivoligide,brivoligide,brivoligida,1803075-42-4,pl116
cavosonstatum,cavosonstat,cavosonstat,cavosonstat,1371587-51-7,pl116
ceclazepidum,ceclazepide,céclazépide,ceclazepida,1801749-44-9,pl116
citarinostatum,citarinostat,citarinostat,citarinostat,1316215-12-9,pl116
cosdosiranum,cosdosiran,cosdosiran,cosdosirán,1834560-88-1,pl116
cosfroviximabum,cosfroviximab,cosfroviximab,cosfroviximab,1792982-57-0,pl116
dasiglucagonum,dasiglucagon,,,1544300-84-6,pl116
delpazolidum,delpazolid,delpazolid,delpazolid,1219707-39-7,pl116
dematirsenum,dematirsen,dématirsen,dematirsén,1802465-55-9,pl116
derazantinibum,derazantinib,dérazantinib,derazantinib,1234356-69-4,pl116
dezapelisibum,dezapelisib,dézapélisib,dezapelisib,1787232-87-4,pl116
dorzagliatinum,dorzagliatin,dorzagliatine,dorzagliatina,1191995-00-2,pl116
dotinuradum,dotinurad,dotinurad,dotinurad,1285572-51-1,pl116
duvortuxizumabum,duvortuxizumab,duvortuxizumab,duvortuxizumab,1800476-36-1,pl116
eltanexorum,eltanexor,eltanexor,eltanexor,1642300-52-4,pl116
empesertibum,empesertib,empésertib,empesertib,1443763-60-7,pl116
estetrolum,estetrol,,,,pl116
estrogen,,,estrógeno,433304-61-1,pl116
etrasimodum,etrasimod,étrasimod,etrasimod,1206123-37-6,pl116
evagenretcelum,evagenretcel,,,,pl116
firuglipelum,firuglipel,firuglipel,firuglipel,1371591-51-3,pl116
fosmetpantotenatum,fosmetpantotenate,fosmetpantoténate,fosmetpantotenato,1858268-66-2,pl116
frunevetmabum,frunevetmab,frunévetmab,frunevetmab,1708936-80-4,pl116
fruquintinibum,fruquintinib,fruquintinib,fruquintinib,1194506-26-7,pl116
gatipotuzumabum,gatipotuzumab,gatipotuzumab,gatipotuzumab,1264737-26-9,pl116
gedivumabum,gedivumab,gédivumab,gedivumab,1807954-17-1,pl116
gilvetmabum,gilvetmab,gilvetmab,gilvetmab,1808081-43-7,pl116
glepaglutidum,glepaglutide,,,914009-86-2,pl116
ilixadencelum,ilixadencel,ilixadencel,ilixadencel,,pl116
imarikirenum,imarikiren,imarikirène,imarikireno,942123-43-5,pl116
inositolum,inositol,inositol,,,pl116
vitamin,,,vitamina,,pl116
itanapracedum,itanapraced,itanapraced,itanapraced,749269-83-8,pl116
lacnotuzumabum,lacnotuzumab,lacnotuzumab,lacnotuzumab,1831128-32-5,pl116
lanabecestatum,lanabecestat,lanabécestat,lanabecestat,1383982-64-6,pl116
landipirdinum,landipirdine,landipirdine,landipirdina,1000308-25-7,pl116
lanifibranorum,lanifibranor,lanifibranor,lanifibranor,927961-18-0,pl116
larcaviximabum,larcaviximab,larcaviximab,larcaviximab,1522433-40-4,pl116
lesofavumabum,lesofavumab,lésofavumab,lesofavumab,1807960-57-1,pl116
letolizumabum,letolizumab,létolizumab,letolizumab,1450981-87-9,pl116
losatuxizumabum,losatuxizumab,losatuxizumab,losatuxizumab,437608-50-9,pl116
mavacamtenum,mavacamten,mavacamten,mavacamten,1642288-47-8,pl116
midomafetaminum,midomafetamine,midomafétamine,midomafetamina,42542-10-9,pl116
miransertibum,miransertib,miransertib,miransertib,1313881-70-7,pl116
mitapivatum,mitapivat,mitapivat,mitapivat,1260075-17-9,pl116
mocravimodum,mocravimod,mocravimod,mocravimod,509092-16-4,pl116
molibresibum,molibresib,molibrésib,molibresib,1260907-17-2,pl116
neflamapimodum,neflamapimod,néflamapimod,neflamapimod,209410-46-8,pl116
nemiralisibum,nemiralisib,némiralisib,nemiralisib,1254036-71-9,pl116
olamkiceptum,olamkicept,olamkicept,olamkicept,,pl116
oleclumabum,oleclumab,oléclumab,oleclumab,1803176-05-7,pl116
olodanriganum,olodanrigan,olodanrigan,olodanrigán,1316755-16-4,pl116
pegapamodutidum,pegapamodutide,pégapamodutide,pegapamodutida,1848968-91-1,pl116
porgaviximabum,porgaviximab,porgaviximab,porgaviximab,1792982-55-8,pl116
praliciguatum,praliciguat,praliciguat,praliciguat,1628730-49-3,pl116
quilseconazolum,quilseconazole,quilséconazole,quilseconazol,1340593-70-5,pl116
razuprotafibum,razuprotafib,razuprotafib,razuprotafib,1008510-37-9,pl116
relacorilantum,relacorilant,rélacorilant,relacorilant,1496510-51-0,pl116
remdesivirum,remdesivir,remdésivir,remdesivir,1809249-37-3,pl116
ribaxamasum,ribaxamase,ribaxamase,ribaxamasa,1792207-66-9,pl116
rimigorsenum,rimigorsen,rimigorsen,rimigorsén,1196915-71-5,pl116
rislenemdazum,rislenemdaz,rislénemdaz,rislenemdaz,1796570-07-4,pl116
selicrelumabum,selicrelumab,sélicrélumab,selicrelumab,1622140-49-1,pl116
solriamfetolum,solriamfetol,solriamfétol,solriamfetol,178429-62-4,pl116
suvratoxumabum,suvratoxumab,suvratoxumab,suvratoxumab,1629620-18-3,pl116
tapinarofum,tapinarof,tapinarof,tapinarof,79338-84-4,pl116
teprasiranum,teprasiran,téprasiran,teprasirán,1231737-88-4,pl116
teslexivirum,teslexivir,teslexivir,teslexivir,1075798-37-6,pl116
timapiprantum,timapiprant,timapiprant,timapiprant,851723-84-7,pl116
timigutuzumabum,timigutuzumab,timigutuzumab,timigutuzumab,1665274-14-5,pl116
tinostamustinum,tinostamustine,tinostamustine,tinostamustina,1236199-60-2,pl116
tivanisiranum,tivanisiran,tivanisiran,tivanisirán,1848224-71-4,pl116
tomuzotuximabum,tomuzotuximab,tomuzotuximab,tomuzotuximab,1826843-81-5,pl116
tropifexorum,tropifexor,tropifexor,tropifexor,1383816-29-2,pl116
tulinerceptum,tulinercept,,,1623177-41-2,pl116
tulrampatorum,tulrampator,tulrampator,tulrampator,1819334-78-5,pl116
varisacumabum,varisacumab,varisacumab,varisacumab,1610010-60-0,pl116
varodarsenum,varodarsen,varodarsen,varodarsén,1225408-05-8,pl116
voxelotorum,voxelotor,voxélotor,voxelotor,1446321-46-5,pl116
deruxtecanum,deruxtecan,déruxtécan,deruxtecán,,pl116
marboxilum,marboxil,marboxil,marboxilo,1353552-97-2,pl116
adafosbuvirum,adafosbuvir,adafosbuvir,adafosbuvir,1613589-09-5,pl117
adarigilinum,adarigiline,adarigiline,adarigilina,1124197-79-0,pl117
adavivintum,adavivint,adavivint,adavivint,1467013-03-3,pl117
adavosertibum,adavosertib,adavosertib,adavosertib,955365-80-7,pl117
adimlecleucelum,adimlecleucel,adimlecleucel,adimlecleucel,,pl117
alirinetidum,alirinetide,alirinétide,alirinetida,725715-18-4,pl117
alobresibum,alobresib,alobrésib,alobresib,1637771-14-2,pl117
arfolitixorinum,arfolitixorin,arfolitixorine,arfolitixorina,,pl117
asivatrepum,asivatrep,asivatrep,asivatrep,1005168-10-4,pl117
atabecestatum,atabecestat,atabécestat,atabecestat,1200493-78-2,pl117
atidortoxumabum,atidortoxumab,atidortoxumab,atidortoxumab,1939108-95-8,pl117
avadomidum,avadomide,avadomide,avadomida,1802558-87-7,pl117
avapritinibum,avapritinib,avapritinib,avapritinib,1703793-34-3,pl117
beinaglutidum,beinaglutide,béinaglutide,beinaglutida,123475-27-4,pl117
bemarituzumabum,bemarituzumab,bémarituzumab,bemarituzumab,1952272-74-0,pl117
bemcentinibum,bemcentinib,bemcentinib,bemcentinib,1037624-75-1,pl117
berlimatoxumabum,berlimatoxumab,berlimatoxumab,berlimatoxumab,1939109-24-6,pl117
berzosertibum,berzosertib,berzosertib,berzosertib,1232416-25-9,pl117
brexanolonum,brexanolone,brexanolone,brexanolona,516-54-1,pl117
camidanlumabum,camidanlumab,camidanlumab,camidanlumab,1853239-04-9,pl117
canerpaturevum,canerpaturev,canerpaturev,canerpaturev,1662666-66-1,pl117
capivasertibum,capivasertib,capivasertib,capivasertib,1143532-39-1,pl117
cobomarsenum,cobomarsen,cobomarsen,cobomarsén,1848257-52-2,pl117
cofetuzumabum,cofetuzumab,cofétuzumab,cofetuzumab,1869937-48-3,pl117
crenigacestatum,crenigacestat,crénigacestat,crenigacestat,1421438-81-4,pl117
danvatirsenum,danvatirsen,danvatirsen,danvatirsén,1402100-56-4,pl117
darvadstrocelum,darvadstrocel,darvadstrocel,darvadstrocel,1883668-61-8,pl117
delgocitinibum,delgocitinib,delgocitinib,delgocitinib,1009838-50-9,pl117
desidustatum,desidustat,désidustat,desidustat,1616690-16-4,pl117
desmetramadolum,desmetramadol,desmétramadol,desmetramadol,1905459-83-7,pl117
elenbecestatum,elenbecestat,élenbécestat,elenbecestat,1388651-30-6,pl117
elsulfavirinum,elsulfavirine,elsulfavirine,elsulfavirina,868046-19-9,pl117
emiplacelum,emiplacel,émiplacel,emiplacel,,pl117
enarodustatum,enarodustat,énarodustat,enarodustat,1262132-81-9,pl117
exebacasum,exebacase,exébacase,exebacasa,1404122-92-4,pl117
fenebrutinibum,fenebrutinib,fénébrutinib,fenebrutinib,1434049-34-6,pl117
firibastatum,firibastat,firibastat,firibastat,648927-86-0,pl117
foligluraxum,foliglurax,foliglurax,foliglurax,1883329-51-8,pl117
fulacimstatum,fulacimstat,fulacimstat,fulacimstat,1488354-15-9,pl117
garvagliptinum,garvagliptin,garvagliptine,garvagliptina,1601479-87-1,pl117
gimsilumabum,gimsilumab,gimsilumab,gimsilumab,1648796-29-5,pl117
ianalumabum,ianalumab,ianalumab,ianalumab,1929549-92-7,pl117
iberdomidum,iberdomide,iberdomide,iberdomida,1323403-33-3,pl117
iladatuzumabum,iladatuzumab,iladatuzumab,iladatuzumab,1906205-77-3,pl117
imlifidasum,imlifidase,imlifidase,imlifidasa,1947415-68-0,pl117
istiratumabum,istiratumab,istiratumab,istiratumab,1509928-04-4,pl117
ladiratuzumabum,ladiratuzumab,ladiratuzumab,ladiratuzumab,1939139-26-0,pl117
lazertinibum,lazertinib,lazertinib,lazertinib,1903008-80-9,pl117
leflutrozolum,leflutrozole,léflutrozole,leflutrozol,143030-47-1,pl117
lifirafenibum,lifirafenib,lifirafénib,lifirafenib,1446090-79-4,pl117
lonapegsomatropinum,lonapegsomatropin,lonapegsomatropine,lonapegsomatropina,1934255-39-6,pl117
loncastuximabum,loncastuximab,loncastuximab,loncastuximab,1879918-31-6,pl117
loxicodegolum,loxicodegol,loxicodégol,loxicodegol,1211231-76-3,pl117
lumasiranum,lumasiran,lumasiran,lumasirán,1834610-13-7,pl117
mardepodectum,mardepodect,mardépodect,mardepodect,898562-94-2,pl117
milademetanum,milademetan,miladémétan,milademetán,1398568-47-2,pl117
minesapridum,minesapride,minésapride,minesaprida,1184662-54-1,pl117
mirikizumabum,mirikizumab,mirikizumab,mirikizumab,1884201-71-1,pl117
mosunetuzumabum,mosunetuzumab,mosunétuzumab,mosunetuzumab,1823059-12-6,pl117
namodenosonum,namodenoson,namodénoson,namodenosón,163042-96-4,pl117
nangibotidum,nangibotide,nangibotide,nangibotida,2014384-91-7,pl117
olinciguatum,olinciguat,olinciguat,olinciguat,1628732-62-6,pl117
olorofimum,olorofim,olorofim,olorofim,1928707-56-5,pl117
omberacetamum,omberacetam,ombéracétam,omberacetam,1922968-73-7,pl117
opaganibum,opaganib,opaganib,opaganib,915385-81-8,pl117
opiranserinum,opiranserin,opiransérine,opiranserina,1441000-45-8,pl117
pamiparibum,pamiparib,pamiparib,pamiparib,1446261-44-4,pl117
parsaclisibum,parsaclisib,parsaclisib,parsaclisib,1865718-54-2,pl117
pegilodecakinum,pegilodecakin,,,1966111-35-2,pl117
pegzilarginasum,pegzilarginase,pegzilarginase,pegzilarginasa,1659310-95-8,pl117
petesicatibum,petesicatib,pétésicatib,petesicatib,1252637-35-6,pl117
pixatimodum,pixatimod,pixatimod,pixatimod,1144617-49-1,pl117
plocabulinum,plocabulin,plocabuline,plocabulina,920210-99-5,pl117
prasinezumabum,prasinezumab,prasinezumab,prasinezumab,1960462-19-4,pl117
ralanitenum,ralaniten,ralaniten,ralanitén,1203490-23-6,pl117
ravulizumabum,ravulizumab,ravulizumab,ravulizumab,1803171-55-2,pl117
redasemtidum,redasemtide,rédasemtide,redasemtida,1606186-88-2,pl117
relmapirazinum,relmapirazin,relmapirazine,relmapirazina,1313706-17-0,pl117
reloxaliasum,reloxaliase,réloxaliase,reloxaliasa,202011-67-4,pl117
remlarsenum,remlarsen,remlarsen,remlarsén,1848266-71-6,pl117
renapersenum,renapersen,rénapersen,renapersén,1631754-41-0,pl117
riamilovirum,riamilovir,riamilovir,riamilovir,123606-06-4,pl117
rivoceranibum,rivoceranib,rivocéranib,rivoceranib,811803-05-1,pl117
rivogenlecleucelum,rivogenlecleucel,rivogenlecleucel,rivogenlecleucel,,pl117
rovazolacum,rovazolac,rovazolac,rovazolac,1454288-88-0,pl117
seliforantum,seliforant,séliforant,seliforant,1164115-89-2,pl117
setrusumabum,setrusumab,sétrusumab,setrusumab,1847394-95-9,pl117
sirtratumabum,sirtratumab,sirtratumab,sirtratumab,1824663-83-3,pl117
spartalizumabum,spartalizumab,,spartalizumab,1518923-92-6,pl117
tabelecleucelum,tabelecleucel,tabélecleucel,tabelecleucel,,pl117
talacotuzumabum,talacotuzumab,talacotuzumab,talacotuzumab,1826831-79-1,pl117
tasadenoturevum,tasadenoturev,tasadénoturev,tasadenoturev,1448774-00-2,pl117
tasipimidinum,tasipimidine,tasipimidine,tasipimidina,1465908-70-6,pl117
telacebecum,telacebec,télacébec,telacebec,1334719-95-7,pl117
temavirsenum,temavirsen,témavirsen,temavirsén,1637599-57-5,pl117
tibulizumabum,tibulizumab,tibulizumab,tibulizumab,943001-56-7,pl117
tigolanerum,tigolaner,tigolaner,tigolaner,1621436-41-6,pl117
tilsotolimodum,tilsotolimod,tilsotolimod,tilsotolimod,1905415-02-2,pl117
tiragolumabum,tiragolumab,tiragolumab,tiragolumab,1905430-26-3,pl117
tisagenlecleucelum,tisagenlecleucel,tisagenlecleucel,tisagenlecleucel,,pl117
tislelizumabum,tislelizumab,tislélizumab,tislelizumab,1808916-28-0,pl117
trilaciclibum,trilaciclib,trilaciclib,trilaciclib,1374743-00-6,pl117
vactosertibum,vactosertib,vactosertib,vactosertib,1352608-82-2,pl117
valzifloceptum,valziflocept,,,1804910-11-9,pl117
vatinoxanum,vatinoxan,vatinoxan,vatinoxán,114914-42-0,pl117
vecabrutinibum,vecabrutinib,vécabrutinib,vecabrutinib,1510829-06-7,pl117
veldoreotidum,veldoreotide,veldoréotide,veldoreotida,252845-37-7,pl117
vorasidenibum,vorasidenib,vorasidénib,vorasidenib,1644545-52-7,pl117
votrisiranum,votrisiran,votrisiran,votrisirán,1867157-35-4,pl117
zanubrutinibum,zanubrutinib,zanubrutinib,zanubrutinib,1691249-45-2,pl117
zenocutuzumabum,zenocutuzumab,zénocutuzumab,zenocutuzumab,1969309-56-5,pl117
zolbetuximabum,zolbetuximab,zolbétuximab,zolbetuximab,1496553-00-4,pl117
pelidotinum,pelidotin,pélidotine,pelidotina,,pl117
abeprazanum,abeprazan,abéprazan,abeprazán,1902954-60-2,pl118
abrezekimabum,abrezekimab,abrézékimab,abrezekimab,2086325-24-6,pl118
apraglutidum,apraglutide,apraglutide,apraglutida,1295353-98-8,pl118
arazasetronum,arazasetron,arazasétron,arazasetrón,2025360-90-9,pl118
belantamabum,belantamab,bélantamab,belantamab,2050232-20-5,pl118
belvarafenibum,belvarafenib,belvarafénib,belvarafenib,1446113-23-0,pl118
bersanlimabum,bersanlimab,bersanlimab,bersanlimab,80994-59-8,pl118
bulevirtidum,bulevirtide,bulévirtide,bulevirtida,2012558-47-1,pl118
cedazuridinum,cedazuridine,cédazuridine,cedazuridina,1141397-80-9,pl118
cetrelimabum,cetrelimab,cétrélimab,cetrelimab,2050478-92-5,pl118
cevidoplenibum,cevidoplenib,cévidoplénib,cevidoplenib,1703788-21-9,pl118
cibisatamabum,cibisatamab,cibisatamab,cibisatamab,1855925-27-7,pl118
ciforadenantum,ciforadenant,ciforadénant,ciforadenant,1202402-40-1,pl118
cilofexorum,cilofexor,cilofexor,cilofexor,1418274-28-8,pl118
cligosibanum,cligosiban,cligosiban,cligosibán,900510-03-4,pl118
conteltinibum,conteltinib,conteltinib,conteltinib,1384860-29-0,pl118
contezolidum,contezolid,contézolid,contezolid,1112968-42-9,pl118
cusatuzumabum,cusatuzumab,cusatuzumab,cusatuzumab,2061938-98-3,pl118
deutivacaftorum,deutivacaftor,deutivacaftor,deutivacaftor,1413431-07-8,pl118
difamilastum,difamilast,difamilast,difamilast,937782-05-3,pl118
diroleutonum,diroleuton,diroleuton,diroleutón,1783-84-2,pl118
domatinostatum,domatinostat,domatinostat,domatinostat,910462-43-0,pl118
edicotinibum,edicotinib,édicotinib,edicotinib,2026634-47-7,pl118
efinopegdutidum,efinopegdutide,,,1905448-17-0,pl118
elismetrepum,elismetrep,élismétrep,elismetrep,1400699-64-0,pl118
enapotamabum,enapotamab,enapotamabum,enapotamab,1912424-97-5,pl118
enexasogaolum,enexasogaol,énexasogaol,enexasogaol,23513-13-5,pl118
epaminuradum,epaminurad,épaminurad,epaminurad,1198153-15-9,pl118
epeleutonum,epeleuton,épéleuton,epeleutón,1667760-39-5,pl118
etidaligidum,etidaligide,étidaligide,etidaligida,1974402-87-3,pl118
etigilimabum,etigilimab,étigilimab,etigilimab,2044984-83-8,pl118
faricimabum,faricimab,faricimab,faricimab,1607793-29-2,pl118
delecionados,,,,1954659-47-2,pl118
fimepinostatum,fimepinostat,fimépinostat,fimepinostat,1339928-25-4,pl118
firsocostatum,firsocostat,firsocostat,firsocostat,1434635-54-7,pl118
flotetuzumabum,flotetuzumab,flotétuzumab,flotetuzumab,1664355-28-5,pl118
gadopiclenolum,gadopiclenol,gadopiclénol,gadopiclenol,933983-75-6,pl118
ganaplacidum,ganaplacide,,,,pl118
gefapixantum,gefapixant,géfapixant,gefapixant,1015787-98-0,pl118
ibrexafungerpum,ibrexafungerp,ibrexafungerp,ibrexafungerp,1207753-03-4,pl118
imaprelimabum,imaprelimab,imaprélimab,imaprelimab,2014343-04-3,pl118
iscalimabum,iscalimab,iscalimab,iscalimab,2031153-61-2,pl118
lanraplenibum,lanraplenib,lanraplénib,lanraplenib,1800046-95-0,pl118
lenabasumum,lenabasum,lénabasum,lenabasum,137945-48-3,pl118
lenvervimabum,lenvervimab,lenvervimab,lenvervimab,2055006-79-4,pl118
leronlimabum,leronlimab,léronlimab,leronlimab,674782-26-4,pl118
licogliflozinum,licogliflozin,licogliflozine,licogliflozina,1291094-73-9,pl118
lifileucelum,lifileucel,lifileucel,lifileucel,,pl118
linerixibatum,linerixibat,linérixibat,linerixibat,1345982-69-5,pl118
linzagolixum,linzagolix,linzagolix,linzagolix,935283-04-8,pl118
livoletidum,livoletide,livolétide,livoletida,1088543-62-7,pl118
lotamilastum,lotamilast,lotamilast,lotamilast,947620-48-6,pl118
macozinonum,macozinone,macozinone,macozinona,1377239-83-2,pl118
mavelertinibum,mavelertinib,mavélertinib,mavelertinib,1977487-95-8,pl118
mavorixaforum,mavorixafor,mavorixafor,mavorixafor,558447-26-0,pl118
mosedipimodum,mosedipimod,mosédipimod,mosedipimod,221139-79-3,pl118
nedisertibum,nedisertib,nédisertib,nedisertib,1637542-33-6,pl118
nemorexantum,nemorexant,némorexant,nemorexant,1505484-82-1,pl118
netakimabum,netakimab,nétakimab,netakimab,1796570-08-5,pl118
nidufexorum,nidufexor,nidufexor,nidufexor,1957239-88-1,pl118
onvatilimabum,onvatilimab,,,912587-25-8,pl118
opinerceptum,opinercept,,,2055118-96-0,pl118
otaplimastatum,otaplimastat,otaplimastat,otaplimastat,,pl118
parimifasorum,parimifasor,parimifasor,parimifasor,1796641-10-5,pl118
pavinetantum,pavinetant,pavinétant,pavinetant,941690-55-7,pl118
pegcetacoplanum,pegcetacoplan,pegcétacoplan,pegcetacoplán,2019171-69-6,pl118
pemigatinibum,pemigatinib,pémigatinib,pemigatinib,1513857-77-6,pl118
praconasum,praconas,,praconasa,2098615-90-6,pl118
ravagalimabum,ravagalimab,ravagalimab,ravagalimab,1966978-67-5,pl118
revosimelinum,revosimeline,révosiméline,revosimelina,1810001-96-7,pl118
risdiplamum,risdiplam,risdiplam,risdiplam,1825352-65-5,pl118
roblitinibum,roblitinib,roblitinib,roblitinib,1708971-55-4,pl118
romilkimabum,romilkimab,romilkimab,romilkimab,1399584-78-1,pl118
samrotamabum,samrotamab,samrotamab,samrotamab,1039726-31-2,pl118
seclidemstatum,seclidemstat,séclidemstat,seclidemstat,1423715-37-0,pl118
setafrastatum,setafrastat,sétafrastat,setafrastat,1399715-48-0,pl118
surufatinibum,surufatinib,surufatinib,surufatinib,1308672-74-3,pl118
sutimlimabum,sutimlimab,sutimlimab,sutimlimab,2049079-64-1,pl118
tagraxofuspum,tagraxofusp,tagraxofusp,tagraxofusp,1971880-37-1,pl118
tebentafuspum,tebentafusp,,,1874157-95-5,pl118
tegavivintum,tegavivint,tégavivint,tegavivint,1227637-23-1,pl118
telratolimodum,telratolimod,telratolimod,telratolimod,1359993-59-1,pl118
tengonerminum,tengonermin,tengonermine,tengonermina,1208229-58-6,pl118
tepoditamabum,tepoditamab,tépoditamab,tepoditamab,2044679-53-8,pl118
timbetasinum,timbetasin,timbétasine,timbetasina,77591-33-4,pl118
tomivosertibum,tomivosertib,tomivosertib,tomivosertib,1446410-98-5,pl118
tricaprilinum,tricaprilin,tricapriline,tricaprilina,538-23-8,pl118
umbralisibum,umbralisib,umbralisib,umbralisib,1532533-67-7,pl118
upacicalcetum,upacicalcet,upacicalcet,upacicalcet,1333218-50-0,pl118
uproleselanum,uproleselan,uprolésélan,uproleselán,1815583-32-4,pl118
valemetostatum,valemetostat,valémétostat,valemetostat,1809336-39-7,pl118
vanalimabum,vanalimab,vanalimab,vanalimab,2055640-86-1,pl118
viltolarsenum,viltolarsen,viltolarsen,viltolarsén,2055732-84-6,pl118
vopratelimabum,vopratelimab,vopratélimab,vopratelimab,2039148-04-2,pl118
zilucoplanum,zilucoplan,zilucoplan,zilucoplán,960210-99-5,pl118
abelacimabum,abelacimab,abélacimab,abelacimab,2098724-83-3,pl119
abivertinibum,abivertinib,abivertinib,abivertinib,1557267-42-1,pl119
adriforantum,adriforant,adriforant,adriforant,943057-12-3,pl119
alteminostatum,alteminostat,altéminostat,alteminostat,1246374-97-9,pl119
amelparibum,amelparib,amelparib,amelparib,1227156-72-0,pl119
amlivirsenum,amlivirsen,amlivirsen,amlivirsén,1637640-12-0,pl119
ampreloxetinum,ampreloxetine,ampréloxétine,ampreloxetina,1227056-84-9,pl119
asalhydromorphonum,asalhydromorphone,asalhydromorphone,,1431529-94-0,pl119
aticaprantum,aticaprant,aticaprant,aticaprant,1174130-61-0,pl119
avoplacelum,avoplacel,avoplacel,avoplacel,,pl119
azelapragum,azelaprag,azélaprag,azelaprag,2049980-18-7,pl119
bamadutidum,bamadutide,bamadutide,bamadutida,1596343-09-7,pl119
bempegaldesleukinum,bempegaldesleukin,bempégaldesleukine,bempegaldesleukina,1939126-74-5,pl119
bevifimodum,bevifimod,bévifimod,bevifimod,1918149-01-5,pl119
birtamimabum,birtamimab,birtamimab,birtamimab,1608108-91-3,pl119
brilaroxazinum,brilaroxazine,brilaroxazine,brilaroxazina,1239729-06-6,pl119
budigalimabum,budigalimab,budigalimab,budigalimab,2098225-93-3,pl119
camsirubicinum,camsirubicin,camsirubicine,camsirubicina,236095-26-4,pl119
cemiplimabum,cemiplimab,cémiplimab,cemiplimab,1801342-60-8,pl119
cenupatidum,cenupatide,cénupatide,cenupatida,1006388-38-0,pl119
ceralasertibum,ceralasertib,céralasertib,ceralasertib,1352226-88-0,pl119
cimlanodum,cimlanod,cimlanod,cimlanod,1620330-72-4,pl119
cintirorgonum,cintirorgon,cintirorgon,cintirorgón,1227156-72-0,pl119
coblopasvirum,coblopasvir,coblopasvir,coblopasvir,1312608-46-0,pl119
cotadutidum,cotadutide,cotadutide,cotadutida,1686108-82-6,pl119
crovalimabum,crovalimab,crovalimab,crovalimab,1917321-26-6,pl119
danicopanum,danicopan,danicopan,danicopán,1903768-17-1,pl119
dersimelagonum,dersimelagon,dersimélagon,dersimelagón,1835256-48-8,pl119
dilanubicelum,dilanubicel,dilanubicel,dilanubicel,,pl119
dilpacimabum,dilpacimab,dilpacimab,dilpacimab,1791420-09-1,pl119
dostarlimabum,dostarlimab,dostarlimab,dostarlimab,2022215-59-2,pl119
durlobactamum,durlobactam,durlobactam,durlobactam,1820660-69-2,pl119
transcription,,,,2098615-91-7,pl119
elopultidum,elopultide,élopultide,elopultida,1018791-84-8,pl119
eluforsenum,eluforsen,,,,pl119
promotion,,,,2101868-82-8,pl119
encequidarum,encequidar,encéquidar,encequidar,849675-66-7,pl119
ensifentrinum,ensifentrine,ensifentrine,ensifentrina,1884461-72-6,pl119
exicorilantum,exicorilant,exicorilant,exicorilant,1332837-31-6,pl119
foslinanibum,foslinanib,foslinanib,foslinanib,1256037-60-1,pl119
fosmanogepixum,fosmanogepix,fosmanogépix,fosmanogepix,2091769-17-2,pl119
frovocimabum,frovocimab,frovocimab,frovocimab,1643672-70-1,pl119
futibatinibum,futibatinib,futibatinib,futibatinib,1448169-71-8,pl119
galicaftorum,galicaftor,galicaftor,galicaftor,1918143-53-9,pl119
gancotamabum,gancotamab,gancotamab,gancotamab,1509928-00-0,pl119
golexanolonum,golexanolone,golexanolone,golexanolona,2089238-18-4,pl119
gosuranemabum,gosuranemab,gosuranémab,gosuranemab,1788032-39-2,pl119
hydromethylthioninum,hydromethylthionine,hydrométhylthionine,H,613-11-6,pl119
iadademstatum,iadademstat,iadademstat,iadademstat,1431304-21-0,pl119
ilginatinibum,ilginatinib,ilginatinib,ilginatinib,2097132-02-8,pl119
lenzumestrocelum,lenzumestrocel,lenzumestrocel,lenzumestrocel,,pl119
leriglitazonum,leriglitazone,lériglitazone,leriglitazona,146062-44-4,pl119
linrodostatum,linrodostat,linrodostat,linrodostat,1923833-60-6,pl119
marstacimabum,marstacimab,marstacimab,marstacimab,1985638-39-8,pl119
masupirdinum,masupirdine,masupirdine,masupirdina,701205-60-9,pl119
miricorilantum,miricorilant,miricorilant,miricorilant,1400902-13-7,pl119
mivavotinibum,mivavotinib,mivavotinib,mivavotinib,1312691-33-0,pl119
murlentamabum,murlentamab,murlentamab,,2058047-65-5,pl119
neluxicaponum,neluxicapon,neluxicapone,,,pl119
nerinetidum,nerinetide,nérinétide,nerinetida,500992-11-0,pl119
nevanimibum,nevanimibe,névanimibe,nevanimiba,133825-80-6,pl119
nirsevimabum,nirsevimab,nirsévimab,nirsevimab,1989556-22-0,pl119
nomacopanum,nomacopan,,,875125-19-2,pl119
obexelimabum,obexelimab,obéxélimab,obexelimab,1690307-05-1,pl119
odevixibatum,odevixibat,odévixibat,odevixibat,501692-44-0,pl119
olacaftorum,olacaftor,olacaftor,olacaftor,2096510-84-6,pl119
olinvacimabum,olinvacimab,olinvacimab,olinvacimab,2095504-49-5,pl119
olorinabum,olorinab,olorinab,olorinab,1268881-20-4,pl119
omburtamabum,omburtamab,omburtamab,omburtamab,1895083-75-6,pl119
ontamalimabum,ontamalimab,ontamalimab,ontamalimab,2098790-40-8,pl119
orilanolimabum,orilanolimab,orilanolimab,orilanolimab,2066544-85-0,pl119
osocimabum,osocimab,osocimab,osocimab,2056878-75-0,pl119
otilimabum,otilimab,otilimab,otilimab,1638332-55-4,pl119
prolgolimabum,prolgolimab,prolgolimab,prolgolimab,2093956-19-3,pl119
redipultidum,redipultide,rédipultide,redipultida,2056154-08-4,pl119
relatlimabum,relatlimab,rélatlimab,relatlimab,1673516-98-7,pl119
reldesemtivum,reldesemtiv,reldésemtiv,reldesemtiv,1345410-31-2,pl119
reproxalapum,reproxalap,réproxalap,reproxalap,916056-79-6,pl119
resmetiromum,resmetirom,resmétirom,resmetirom,920509-32-6,pl119
ripretinibum,ripretinib,riprétinib,ripretinib,1442472-39-0,pl119
rocacetrapibum,rocacetrapib,rocacétrapib,rocacetrapib,1402796-27-3,pl119
rodatristatum,rodatristat,rodatristat,rodatristat,1673571-51-1,pl119
rolinsatamabum,rolinsatamab,rolinsatamab,rolinsatamab,2095467-44-8,pl119
roluperidonum,roluperidone,rolupéridone,roluperidona,912809-27-9,pl119
ruxotemitidum,ruxotemitide,ruxotémitide,ruxotemitida,1345407-05-7,pl119
selatogrelum,selatogrel,sélatogrel,selatogrel,1159500-34-1,pl119
setogepramum,setogepram,sétogépram,setogepram,1002101-19-0,pl119
sintilimabum,sintilimab,sintilimab,sintilimab,2072873-06-2,pl119
siremadlinum,siremadlin,sirémadline,siremadlina,1448867-41-1,pl119
soticlestatum,soticlestat,soticlestat,soticlestat,1429505-03-2,pl119
spesolimabum,spesolimab,spésolimab,,2097104-58-8,pl119
tabituximabum,tabituximab,tabituximab,tabituximabum,1612758-88-9,pl119
tafasitamabum,tafasitamab,tafasitamab,tafasitamab,1580555-23-2,pl119
taniborbactamum,taniborbactam,taniborbactam,taniborbactam,1613267-49-4,pl119
tavapadonum,tavapadon,tavapadon,tavapadón,1643489-24-0,pl119
telaglenastatum,telaglenastat,télaglénastat,telaglenastat,1439399-58-2,pl119
temelimabum,temelimab,témélimab,temelimab,1393641-34-3,pl119
teserpaturevum,teserpaturev,téserpaturev,teserpaturev,1802360-34-4,pl119
tildacerfontum,tildacerfont,tildacerfont,tildacerfont,1014983-00-6,pl119
tirbanibulinum,tirbanibulin,tirbanibuline,tirbanibulina,897016-82-9,pl119
tirzepatidum,tirzepatide,tirzépatide,tirzepatida,2023788-19-2,pl119
tofersenum,tofersen,tofersen,tofersén,2088232-70-4,pl119
toripalimabum,toripalimab,toripalimab,toripalimab,1924598-82-2,pl119
umibecestatum,umibecestat,umibécestat,umibecestat,1387560-01-1,pl119
vafidemstatum,vafidemstat,vafidemstat,vafidemstat,1357362-02-7,pl119
valecobulinum,valecobulin,valécobuline,valecobulina,1188371-47-2,pl119
zampilimabum,zampilimab,zampilimab,zampilimab,2098280-42-1,pl119
barzuxetanum,barzuxetan,barzuxétan,barzuxetán,157380-45-5,pl119
opigolixum,opigolixum,,o,,pl119
abrocitinibum,abrocitinib,abrocitinib,abrocitinib,1622902-68-4,pl120
aclimostatum,aclimostat,aclimostat,aclimostat,2143579-02-4,pl120
afizagabarum,afizagabar,afizagabar,afizagabar,1398496-82-6,pl120
aldaferminum,aldafermin,aldafermine,aldafermina,1616639-03-2,pl120
amcipatricinum,amcipatricin,amcipatricine,amcipatricina,143483-67-4,pl120
aspacytarabinum,aspacytarabine,aspacytarabine,,2098942-53-9,pl120
atoltivimabum,atoltivimab,atoltivimab,atoltivimab,2135632-29-8,pl120
avanbulinum,avanbulin,avanbuline,avanbulina,798577-91-0,pl120
avexitidum,avexitide,avexitide,avexitida,133514-43-9,pl120
baloramotidum,baloramotide,baloramotide,baloramotida,2207581-19-7,pl120
balstilimabum,balstilimab,balstilimab,balstilimab,2148321-77-9,pl120
bedinvetmabum,bedinvetmab,bédinvetmab,bedinvetmab,2171034-69-6,pl120
bermekimabum,bermekimab,bermékimab,bermekimab,1401965-15-8,pl120
berotralstatum,berotralstat,bérotralstat,berotralstat,1809010-50-1,pl120
blarcamesinum,blarcamesine,blarcamésine,blarcamesina,2137091-21-3,pl120
cendakimabum,cendakimab,cendakimab,cendakimab,2170458-11-2,pl120
cinpanemabum,cinpanemab,cinpanémab,cinpanemab,2094516-02-4,pl120
clascoteronum,clascoterone,clascotérone,clascoterona,2145123-44-8,pl120
cobolimabum,cobolimab,cobolimab,cobolimab,2022215-65-0,pl120
crinecerfontum,crinecerfont,crinécerfont,crinecerfont,752253-39-7,pl120
crisdesalazinum,crisdesalazine,crisdésalazine,crisdesalazina,927685-43-6,pl120
cytisiniclinum,cytisinicline,cytisinicline,,485-35-8,pl120
danicamtivum,danicamtiv,danicamtiv,danicamtiv,2143580-11-2,pl120
devimistatum,devimistat,dévimistat,devimistat,95809-78-2,pl120
disitamabum,disitamab,disitamab,disitamab,2136633-23-1,pl120
donanemabum,donanemab,donanémab,donanemab,1931944-80-7,pl120
dubermatinibum,dubermatinib,dubermatinib,dubermatinib,1807864-13-6,pl120
elipovimabum,elipovimab,élipovimab,elipovimab,2101210-43-7,pl120
envafolimabum,envafolimab,envafolimab,envafolimab,2102192-68-5,pl120
esafoxolanerum,esafoxolaner,ésafoxolaner,esafoxolaner,1096103-99-9,pl120
etokimabum,etokimab,étokimab,etokimab,2156583-26-3,pl120
fadaltranum,fadaltran,fadaltran,fadaltran,1799809-36-1,pl120
fisogatinibum,fisogatinib,fisogatinib,fisogatinib,1707289-21-1,pl120
foscarbidopum,foscarbidopa,foscarbidopa,foscarbidopa,1907685-81-7,pl120
foslevodopum,foslevodopa,foslévodopa,foslevodopa,97321-87-4,pl120
fuzapladibum,fuzapladib,fuzapladib,fuzapladib,141283-87-6,pl120
garadacimabum,garadacimab,garadacimab,garadacimab,2162134-62-3,pl120
garetosmabum,garetosmab,garétosmab,garetosmab,2097125-54-5,pl120
glenzocimabum,glenzocimab,glenzocimab,glenzocimab,2101829-58-5,pl120
gusacitinibum,gusacitinib,gusacitinib,gusacitinib,1425381-60-7,pl120
ieramilimabum,ieramilimab,iéramilimab,ieramilimab,2137049-37-5,pl120
inbakiceptum,inbakicept,inbakicept,,2166100-08-7,pl120
islatravirum,islatravir,islatravir,islatravir,865363-93-5,pl120
lacutamabum,lacutamab,lacutamab,lacutamab,1879925-92-4,pl120
lademirsenum,lademirsen,lademirsen,lademirsen,1404019-95-9,pl120
lapretolimodum,lapretolimod,laprétolimod,lapretolimod,960324-04-3,pl120
lerociclibum,lerociclib,lérociclib,lerociclib,1628256-23-4,pl120
levilimabum,levilimab,lévilimab,levilimab,2131168-99-3,pl120
maftivimabum,maftivimab,maftivimab,maftivimab,2135632-36-7,pl120
magrolimabum,magrolimab,magrolimab,magrolimab,2169232-81-7,pl120
mocemestrocelum,mocemestrocel,mocémestrocel,mocemestrocel,,pl120
motixafortidum,motixafortide,motixafortide,motixafortida,664334-36-5,pl120
nanatinostatum,nanatinostat,nanatinostat,nanatinostat,1256448-47-1,pl120
naxitamabum,naxitamab,naxitamab,naxitamab,1879925-92-4,pl120
nidanilimabum,nidanilimab,nidanilimab,nidanilimab,2171061-85-9,pl120
nimacimabum,nimacimab,nimacimab,nimacimab,2098636-09-8,pl120
olutasidenibum,olutasidenib,olutasidénib,olutasidenib,2140211-48-7,pl120
pecavaptanum,pecavaptan,pécavaptan,pecavaptan,1914998-56-3,pl120
pegbelferminum,pegbelfermin,pegbelfermine,pegbelfermina,2089039-22-3,pl120
pegloprastidum,pegloprastide,pegloprastide,pegloprastida,2138471-65-3,pl120
pepinemabum,pepinemab,pépinémab,pepinemab,2097151-87-4,pl120
pizuglanstatum,pizuglanstat,pizuglanstat,pizuglanstat,1244967-98-3,pl120
plamotamabum,plamotamab,plamotamab,plamotamab,2138442-31-4,pl120
pozelimabum,pozelimab,pozélimab,pozelimab,2096328-94-6,pl120
pralsetinibum,pralsetinib,pralsétinib,pralsetinib,2097132-94-8,pl120
pravibismanum,pravibismane,pravibismane,pravibismano,175880-68-9,pl120
quetmolimabum,quetmolimab,quetmolimab,quetmolimab,2143578-32-7,pl120
relfovetmabum,relfovetmab,relfovetmab,relfovetmab,2171034-70-9,pl120
repotrectinibum,repotrectinib,répotrectinib,repotrectinib,2085240-27-1,pl120
risuteganibum,risuteganib,risutéganib,risuteganib,2143449-47-0,pl120
runcaciguatum,runcaciguat,runcaciguat,runcaciguat,1402936-61-1,pl120
selgantolimodum,selgantolimod,selgantolimod,selgantolimod,2004677-13-6,pl120
selitrectinibum,selitrectinib,sélitrectinib,selitrectinib,2097002-61-2,pl120
selpercatinibum,selpercatinib,selpercatinib,selpercatinib,2152628-33-4,pl120
semorinemabum,semorinemab,sémorinémab,semorinemab,2159141-27-0,pl120
serclutamabum,serclutamab,serclutamab,serclutamab,2140174-56-5,pl120
serdexmethylphenidatum,serdexmethylphenidate,serdexméthylphénidate,,1996626-29-9,pl120
setanaxibum,setanaxib,sétanaxib,setanaxib,1218942-37-0,pl120
sibofimlocum,sibofimloc,sibofimloc,sibofimloc,1616113-45-1,pl120
simurosertibum,simurosertib,simurosertib,simurosertib,1330782-76-7,pl120
sonlicromanolum,sonlicromanol,sonlicromanol,sonlicromanol,1541170-75-5,pl120
taminadenantum,taminadenant,taminadénant,taminadenant,1337962-47-6,pl120
tamrintamabum,tamrintamab,tamrintamab,tamrintamab,2148334-68-1,pl120
tanfanerceptum,tanfanercept,tanfanercept,tanfanercept,2119738-70-2,pl120
teclistamabum,teclistamab,téclistamab,teclistamab,2143580-10-1,pl120
telitaciceptum,telitacicept,télitacicept,telitacicept,2136630-26-5,pl120
tidutamabum,tidutamab,tidutamab,tidutamab,2148354-90-7,pl120
tilavonemabum,tilavonemab,tilavonémab,tilavonemab,2096513-89-0,pl120
tomaralimabum,tomaralimab,tomaralimab,tomaralimab,1449294-76-1,pl120
triheptanoinum,triheptanoin,triheptanoïne,triheptanoína,620-67-7,pl120
troriluzolum,troriluzole,troriluzole,troriluzole,1926203-09-9,pl120
tuvatexibum,tuvatexib,tuvatexib,tuvatexib,2055404-90-3,pl120
vibecotamabum,vibecotamab,vibécotamab,vibecotamab,2138442-13-2,pl120
vimirogantum,vimirogant,vimirogant,vimirogant,1702967-37-0,pl120
vofatamabum,vofatamab,,,1312305-12-6,pl120
volagidemabum,volagidemab,,,2092457-20-8,pl120
voluloridum,voluloride,voluloride,volulorida,1498299-91-4,pl120
zalifrelimabum,zalifrelimab,zalifrélimab,zalifrelimab,2148321-69-9,pl120
ziresovirum,ziresovir,zirésovir,ziresovir,1422500-60-4,pl120
ziritaxestatum,ziritaxestat,ziritaxestat,ziritaxestat,1628260-79-6,pl120
zotatifinum,zotatifin,zotatifine,zotatifina,2098191-53-6,pl120
zuranolonum,zuranolone,zuranolone,zuranolone,1632051-40-1,pl120
pamozirinum,pamozirine,pamozirine,pamozirina,1343476-98-1,pl120
sarotalocanum,sarotalocan,sarotalocan,sarotalocán,435327-40-5,pl120
fucosilados,,,,,pl121
amivantamabum,amivantamab,,,2222980-98-3,pl121
arpraziquantelum,arpraziquantel,arpraziquantel,,57452-98-9,pl121
astegolimabum,astegolimab,astégolimab,astegolimab,2173054-79-8,pl121
atleradstrocelum,atleradstrocel,atléradstrocel,atleradstrocel,2227000-30-6,pl121
avdoralimabum,avdoralimab,,avdoralimab,2226393-85-5,pl121
avizakimabum,avizakimab,avizakimab,avizakimab,2229685-51-0,pl121
axatilimabum,axatilimab,axatilimab,axatilimab,2155851-88-8,pl121
bamocaftorum,bamocaftor,bamocaftor,bamocaftor,2204245-48-5,pl121
batoclimabum,batoclimab,batoclimab,batoclimab,2187430-05-1,pl121
befovacimabum,befovacimab,béfovacimab,befovacimab,2156634-62-5,pl121
benufutamabum,benufutamab,bénufutamab,benufutamab,2109730-69-8,pl121
branebrutinibum,branebrutinib,branébrutinib,branebrutinib,1912445-55-6,pl121
brensocatibum,brensocatib,brensocatib,brensocatib,1802148-05-5,pl121
brepocitinibum,brepocitinib,brépocitinib,brepocitinib,1883299-62-4,pl121
catequentinibum,catequentinib,catéquentinib,catequentinib,1058156-90-3,pl121
centhaquinum,centhaquine,centhaquine,centhaquina,2218515-90-1,pl121
cosibelimabum,cosibelimab,cosibélimab,cosibelimab,2163074-23-3,pl121
dovanvetmabum,dovanvetmab,dovanvetmab,dovanvetmab,1644543-31-6,pl121
elexacaftorum,elexacaftor,élexacaftor,elexacaftor,2216712-66-0,pl121
elsubrutinibum,elsubrutinib,elsubrutinib,elsubrutinib,1643570-24-4,pl121
enavogliflozinum,enavogliflozin,énavogliflozine,enavogliflozina,,pl121
glucitol,,,,1415472-28-4,pl121
encelimabum,encelimab,encelimab,encelimab,2173096-82-5,pl121
enmetazobactamum,enmetazobactam,enmétazobactam,enmetazobactam,1001404-83-6,pl121
epcoritamabum,epcoritamab,épcoritamab,epcoritamab,2226647-27-2,pl121
fadraciclibum,fadraciclib,fadraciclib,fadraciclib,1070790-89-4,pl121
felcisetragum,felcisetrag,felcisétrag,felcisetrag,916075-84-8,pl121
felezonexorum,felezonexor,félézonexor,felezonexor,2087952-70-1,pl121
fianlimabum,fianlimab,fianlimab,fianlimab,2126132-98-5,pl121
firzotemcelum,firzotemcel,firzotemcel,firzotemcel,1037359-47-9,pl121
fosdenopterinum,fosdenopterin,fosdénoptérine,fosdenopterina,150829-29-1,pl121
gatralimabum,gatralimab,gatralimab,gatralimab,2166101-71-7,pl121
glofitamabum,glofitamab,glofitamab,glofitamab,2229047-91-8,pl121
gontivimabum,gontivimab,gontivimab,gontivimab,1257358-38-5,pl121
gremubamabum,gremubamab,grémubamab,gremubamab,1800381-36-5,pl121
imifoplatinum,imifoplatin,imifoplatine,imifoplatino,1339960-28-9,pl121
imnopitantum,imnopitant,imnopitant,imnopitant,290297-57-3,pl121
ivaltinostatum,ivaltinostat,ivaltinostat,ivaltinostat,936221-33-9,pl121
ivuxolimabum,ivuxolimab,ivuxolimab,ivuxolimab,2128729-41-7,pl121
izencitinibum,izencitinib,izencitinib,izencitinib,2051918-33-1,pl121
lenacapavirum,lenacapavir,lénacapavir,lenacapavir,2189684-44-2,pl121
linperlisibum,linperlisib,linperlisib,linperlisib,1702816-75-8,pl121
lodapolimabum,lodapolimab,lodapolimab,lodapolimab,2118349-31-6,pl121
lomardexamfetaminum,lomardexamfetamine,lomardexamfétamine,lomardexamfetamina,1032291-80-7,pl121
lonodelestatum,lonodelestat,lonodélestat,lonodelestat,906547-89-5,pl121
manelimabum,manelimab,manélimab,manelimab,2168561-26-8,pl121
mavezelimabum,mavezelimab,mavézélimab,mavezelimab,2231068-83-8,pl121
mesdopetamum,mesdopetam,mesdopétam,mesdopetam,1403894-72-3,pl121
mevociclibum,mevociclib,mévociclib,mevociclib,1816989-16-8,pl121
mezagitamabum,mezagitamab,mézagitamab,mezagitamab,2227490-52-8,pl121
milategrastum,milategrast,milatégrast,milategrast,859217-52-0,pl121
mirzotamabum,mirzotamab,mirzotamab,mirzotamab,2229859-12-3,pl121
mobocertinibum,mobocertinib,mobocertinib,mobocertinib,2756-87-8,pl121
narsoplimabum,narsoplimab,narsoplimab,narsoplimab,2108782-45-0,pl121
navafenterolum,navafenterol,,,,pl121
navocaftorum,navocaftor,navocaftor,navocaftor,2159103-66-7,pl121
nelonemdazum,nelonemdaz,nélonemdaz,nelonemdaz,640290-67-1,pl121
nerindocianinum,nerindocianine,nérindocianine,nerindocianina,1622189-43-8,pl121
numidargistatum,numidargistat,numidargistat,numidargistat,2095732-06-0,pl121
nurulimabum,nurulimab,nurulimab,nurulimab,2168561-20-2,pl121
obafistatum,obafistat,obafistat,obafistat,2160582-57-8,pl121
odesivimabum,odesivimab,odésivimab,odesivimab,2135632-30-1,pl121
odronextamabum,odronextamab,odronextamab,odronextamab,1801338-64-6,pl121
olafertinibum,olafertinib,olafertinib,olafertinib,1660963-42-7,pl121
olpasiranum,olpasiran,olpasiran,olpasirán,2225856-03-9,pl121
omidubicelum,omidubicel,omidubicel,omidubicel,,pl121
onvansertibum,onvansertib,onvansertib,onvansertib,1034616-18-6,pl121
orismilastum,orismilast,orismilast,orismilast,1353546-86-7,pl121
otenaproxesulum,otenaproxesul,oténaproxésul,otenaproxesul,1000700-29-7,pl121
pacmilimabum,pacmilimab,pacmilimab,pacmilimab,2145091-51-4,pl121
paltusotinum,paltusotine,paltusotine,paltusotina,2172870-89-0,pl121
pamufetinibum,pamufetinib,pamufétinib,pamufetinib,2227102-46-5,pl121
paxalisibum,paxalisib,paxalisib,paxalisib,1382979-44-3,pl121
petosemtamabum,petosemtamab,,petosemtamab,2213450-26-9,pl121
pimitespibum,pimitespib,pimitespib,pimitespib,1260533-36-5,pl121
praluzatamabum,praluzatamab,praluzatamab,praluzatamab,1174748-30-1,pl121
ralmitarontum,ralmitaront,ralmitaront,ralmitaront,1527495-76-6,pl121
remestemcelum,remestemcel,rémestemcel,remestemcel,,pl121
remibrutinibum,remibrutinib,rémibrutinib,remibrutinib,1787294-07-8,pl121
retifanlimabum,retifanlimab,rétifanlimab,retifanlimab,2079108-44-2,pl121
rilzabrutinibum,rilzabrutinib,rilzabrutinib,rilzabrutinib,1575591-66-0,pl121
rimtuzalcapum,rimtuzalcap,rimtuzalcap,rimtuzalcap,2167246-24-2,pl121
ritlecitinibum,ritlecitinib,ritlécitinib,ritlecitinib,1792180-81-4,pl121
ropocamptidum,ropocamptide,ropocamptide,ropocamptida,154947-66-7,pl121
rovaleucelum,rovaleucel,rovaleucel,rovaleucel,,pl121
samotolisibum,samotolisib,samotolisib,samotolisib,1386874-06-1,pl121
sasanlimabum,sasanlimab,sasanlimab,sasanlimab,2206792-50-7,pl121
sepofarsenum,sepofarsen,sépofarsen,sepofarsén,,pl121
funcional,,,,2227173-68-2,pl121
serplulimabum,serplulimab,serplulimab,serplulimab,2231029-82-4,pl121
setamevetcelum,setamevetcel,sétamévetcel,setamevetcel,1776942-10-9,pl121
sinbaglustatum,sinbaglustat,sinbaglustat,sinbaglustat,441061-33-2,pl121
sonelokimabum,sonelokimab,sonélokimab,sonelokimab,1414386-05-2,pl121
sovateltidum,sovateltide,sovateltide,sovateltida,142569-99-1,pl121
stapuldencelum,stapuldencel,stapuldencel,,,pl121
suvodirsenum,suvodirsen,suvodirsen,suvodirsén,2095270-67-8,pl121
tafolecimabum,tafolecimab,tafolécimab,tafolecimab,2225109-03-3,pl121
talquetamabum,talquetamab,talquétamab,talquetamab,2226212-40-2,pl121
tanimilastum,tanimilast,tanimilast,tanimilast,1239278-59-1,pl121
tapotoclaxum,tapotoclax,tapotoclax,tapotoclax,1883727-34-1,pl121
tilvestamabum,tilvestamab,tilvestamab,tilvestamab,2226775-26-2,pl121
tinlarebantum,tinlarebant,tinlarébant,tinlarebant,1821327-95-0,pl121
tinurilimabum,tinurilimab,tinurilimab,tinurilimab,2226224-30-0,pl121
toludesvenlafaxinum,toludesvenlafaxine,toludesvenlafaxine,toludesvenlafaxina,916918-80-4,pl121
tominersenum,tominersen,tominersen,tominersén,1709886-74-7,pl121
trazpirobenum,trazpiroben,trazpirobène,trazpirobén,1352993-39-5,pl121
velsecoratum,velsecorat,velsécorat,velsecorat,1196509-60-0,pl121
veverimerum,veverimer,vévérimère,veverímero,2099678-27-8,pl121
vibostolimabum,vibostolimab,vibostolimab,vibostolimab,2231305-30-7,pl121
vupanorsenum,vupanorsen,vupanorsen,vupanorsén,2097587-62-5,pl121
xiliertinibum,xiliertinib,xiliertinib,xiliertinib,1353644-70-8,pl121
zagotenemabum,zagotenemab,zagoténémab,zagotenemab,2019133-28-7,pl121
zanidatamabum,zanidatamab,zanidatamab,zanidatamab,2169946-15-8,pl121
zelminemabum,zelminemab,zelminémab,zelminemab,2225850-33-7,pl121
zelquistinelum,zelquistinel,zelquistinel,zelquistinel,2220231-04-7,pl121
ziltivekimabum,ziltivekimab,ziltivékimab,ziltivekimab,2226654-05-1,pl121
zorifertinibum,zorifertinib,zorifertinib,zorifertinib,1626387-80-1,pl121
arenacarbilum,arenacarbil,arénacarbil,arenacarbil,,pl121
clezutoclaxum,clezutoclax,clézutoclax,clezutoclax,1949843-71-3,pl121
corixetanum,corixetan,corixétan,corixetán,1952359-26-0,pl121
deruxtecanum,deruxtecan,déruxtécan,deruxtecán,1599440-13-7,pl121
palmitilum,palmitil,palmitil,palmitil,31690-11-6,pl121
cintirorgonum,cintirorgon,cintirorgon,cintirorgón,2187368-16-5,pl121
acoramidisum,acoramidis,acoramidis,acoramidis,1446711-81-4,pl122
adebrelimabum,adebrelimab,adébrélimab,adebrelimab,2247114-85-6,pl122
alsevalimabum,alsevalimab,alsévalimab,alsevalimab,2254029-91-7,pl122
amcenestrantum,amcenestrant,,,,pl122
amdakefalinum,amdakefalin,amdakéfaline,amdakefalina,2253747-71-4,pl122
aramisulpridum,aramisulpride,aramisulpride,aramisulprida,2365453-34-3,pl122
azemiglitazonum,azemiglitazone,azémiglitazone,azemiglitazona,2390462-37-8,pl122
belzutifanum,belzutifan,belzutifan,belzutifán,1672668-24-4,pl122
bepranemabum,bepranemab,bépranémab,bepranemab,2244960-75-4,pl122
bersacapavirum,bersacapavir,bersacapavir,bersacapavir,1638266-40-6,pl122
bexmarilimabum,bexmarilimab,bexmarilimab,bexmarilimab,2259301-27-2,pl122
bomedemstatum,bomedemstat,bomédemstat,bomedemstat,1990504-34-1,pl122
cevostamabum,cevostamab,,,2249888-53-5,pl122
conendostatinum,conendostatin,conendostatine,conendostatina,2202745-12-6,pl122
cudarolimabum,cudarolimab,cudarolimab,cudarolimab,2244739-29-3,pl122
datopotamabum,datopotamab,datopotamab,datopotamab,2238831-60-0,pl122
demupitamabum,demupitamab,,de,2249926-74-5,pl122
docaravimabum,docaravimab,docaravimab,docaravimab,2247196-23-0,pl122
ebopiprantum,ebopiprant,ébopiprant,ebopiprant,2247840-74-8,pl122
eliapixantum,eliapixant,éliapixant,eliapixant,1948229-21-7,pl122
elinzanetantum,elinzanetant,élinzanétant,elinzanetant,929046-33-3,pl122
enflicoxibum,enflicoxib,enflicoxib,enflicoxib,251442-94-1,pl122
esamisulpridum,esamisulpride,ésamisulpride,esamisulprida,71675-92-8,pl122
exalurenum,exaluren,exalurène,exalureno,1375073-93-0,pl122
ezabenlimabum,ezabenlimab,ézabenlimab,ezabenlimab,2249882-54-8,pl122
ezeprogindum,ezeprogind,ézéprogind,ezeprogind,615539-20-3,pl122
feladilimabum,feladilimab,féladilimab,feladilimab,2252518-85-5,pl122
felzartamabum,felzartamab,felzartamab,felzartamab,2197112-39-1,pl122
fucosilados,,,,,pl122
filapixantum,filapixant,filapixant,filapixant,1948232-63-0,pl122
fosciclopiroxum,fosciclopirox,fosciclopirox,fosciclopirox,1380539-06-9,pl122
fosifidancitinibum,fosifidancitinib,fosifidancitinib,fosifidancitinib,1237168-58-9,pl122
genisteinum,genistein,génistéine,genisteína,446-72-0,pl122
giloralimabum,giloralimab,giloralimab,giloralimab,2226292-20-0,pl122
giredestrantum,giredestrant,,,,pl122
icatolimabum,icatolimab,icatolimab,icatolimab,2236068-83-8,pl122
icenticaftorum,icenticaftor,icenticaftor,icenticaftor,1334546-77-8,pl122
icerguastatum,icerguastat,icerguastat,icerguastat,951441-04-6,pl122
idetrexedum,idetrexed,idétrexed,idetrexed,501332-69-0,pl122
ifidancitinibum,ifidancitinib,ifidancitinib,ifidancitinib,1236667-40-5,pl122
imaradenantum,imaradenant,imaradénant,imaradenant,1321514-06-0,pl122
inavolisibum,inavolisib,inavolisib,inavolisib,2131038-11-2,pl122
iptacopanum,iptacopan,iptacopan,iptacopán,1644670-37-0,pl122
isecarosmabum,isecarosmab,isécarosmab,isecarosmab,2254082-79-4,pl122
itacnosertibum,itacnosertib,itacnosertib,itacnosertib,1628870-27-8,pl122
itepekimabum,itepekimab,itépékimab,itepekimab,2173353-61-0,pl122
izokibepum,izokibep,izokibep,izokibep,2226130-02-3,pl122
lazuvapagonum,lazuvapagon,lazuvapagon,lazuvapagón,2379889-71-9,pl122
lecanemabum,lecanemab,lécanémab,lecanemab,1260393-98-3,pl122
lorpucitinibum,lorpucitinib,lorpucitinib,lorpucitinib,2230282-02-5,pl122
luvadaxistatum,luvadaxistat,luvadaxistat,luvadaxistat,1425511-32-5,pl122
miptenalimabum,miptenalimab,mipténalimab,miptenalimab,2249882-55-9,pl122
mirdametinibum,mirdametinib,mirdamétinib,mirdametinib,391210-10-9,pl122
miromavimabum,miromavimab,miromavimab,miromavimab,2254522-19-3,pl122
murizatoclaxum,murizatoclax,murizatoclax,murizatoclax,2245848-05-7,pl122
nesolicaftorum,nesolicaftor,nésolicaftor,nesolicaftor,1953130-87-4,pl122
nipocalimabum,nipocalimab,nipocalimab,nipocalimab,2211985-36-1,pl122
olverembatinibum,olverembatinib,olvérembatinib,olverembatinib,2249927-58-8,pl122
onatasertibum,onatasertib,onatasertib,onatasertib,1228013-30-6,pl122
ongericimabum,ongericimab,ongéricimab,ongericimab,2145096-91-7,pl122
ontorpaceptum,ontorpacept,ontorpacept,,2131089-46-6,pl122
opucolimabum,opucolimab,opucolimab,opucolimab,2251771-79-4,pl122
orelabrutinibum,orelabrutinib,orélabrutinib,orelabrutinib,1655504-04-3,pl122
osoresnontrinum,osoresnontrine,osoresnontrine,osoresnontrina,1189767-28-9,pl122
pelacarsenum,pelacarsen,pélacarsen,pelacarsén,1637637-70-7,pl122
pelcitoclaxum,pelcitoclax,pelcitoclax,pelcitoclax,1619923-36-2,pl122
pexopiprantum,pexopiprant,pexopiprant,pexopiprant,932708-14-0,pl122
pimurutamabum,pimurutamab,pimurutamab,pimurutamab,2251771-76-1,pl122
posenacaftorum,posenacaftor,posénacaftor,posenacaftor,2243793-22-6,pl122
quavonlimabum,quavonlimab,quavonlimab,quavonlimab,2254059-25-9,pl122
ragifilimabum,ragifilimab,ragifilimab,ragifilimab,2207590-51-8,pl122
reciferceptum,recifercept,,,2226238-09-9,pl122
relzomostatum,relzomostat,relzomostat,relzomostat,2235369-93-2,pl122
revdofilimabum,revdofilimab,revdofilimab,revdofilimab,2230138-89-1,pl122
rezivertinibum,rezivertinib,rézivertinib,rezivertinib,1835667-12-3,pl122
rilematovirum,rilematovir,rilématovir,rilematovir,2376991-13-6,pl122
ripertamabum,ripertamab,ripertamab,ripertamab,2253753-17-0,pl122
rosopatamabum,rosopatamab,rosopatamab,rosopatamab,2252176-75-1,pl122
sabatolimabum,sabatolimab,sabatolimab,sabatolimab,2252262-24-9,pl122
samelisantum,samelisant,samélisant,samelisant,1394808-82-2,pl122
samuraciclibum,samuraciclib,samuraciclib,samuraciclib,1805833-75-3,pl122
seralutinibum,seralutinib,séralutinib,seralutinib,1619931-27-9,pl122
sisunatovirum,sisunatovir,sisunatovir,sisunatovir,1903763-82-5,pl122
sovesudilum,sovesudil,sovésudil,sovesudil,1333400-14-8,pl122
sugemalimabum,sugemalimab,sugémalimab,sugemalimab,2256084-03-2,pl122
suvecaltamidum,suvecaltamide,suvécaltamide,suvecaltamida,953778-58-0,pl122
tebotelimabum,tebotelimab,tébotélimab,tebotelimab,2245725-04-4,pl122
telazorlimabum,telazorlimab,,,,pl122
imunomodulator,,,,2126777-87-3,pl122
tesnatilimabum,tesnatilimab,tesnatilimab,tesnatilimab,1162059-45-1,pl122
tifalibepum,tifalibep,tifalibep,tifalibep,2226130-04-5,pl122
tilogotamabum,tilogotamab,tilogotamab,tilogotamab,2109731-10-2,pl122
tolebrutinibum,tolebrutinib,tolébrutinib,tolebrutinib,1971920-73-6,pl122
tovinontrinum,tovinontrine,tovinontrine,tovinontrina,2062661-53-2,pl122
udonitrectagum,udonitrectag,udonitrectag,udonitrectag,1458063-04-1,pl122
upifitamabum,upifitamab,upifitamab,upifitamab,2254118-43-7,pl122
urabrelimabum,urabrelimab,urabrélimab,urabrelimab,2249722-58-3,pl122
uzansertibum,uzansertib,uzansertib,uzansertib,1620012-39-6,pl122
vebicorvirum,vebicorvir,vébicorvir,vebicorvir,2090064-66-5,pl122
velmupressinum,velmupressin,,,,pl122
velufenacinum,velufenacin,vélufénacine,velufenacina,2364604-87-3,pl122
vilobelimabum,vilobelimab,vilobélimab,vilobelimab,2250440-41-4,pl122
vonafexorum,vonafexor,vonafexor,vonafexor,1192171-69-9,pl122
vosilasarmum,vosilasarm,vosilasarm,vosilasarm,1182367-47-0,pl122
vulinacimabum,vulinacimab,vulinacimab,vulinacimab,2250342-36-8,pl122
xevinapantum,xevinapant,xévinapant,xevinapant,1071992-99-8,pl122
zandelisibum,zandelisib,zandélisib,zandelisib,1401436-95-0,pl122
zoligratinibum,zoligratinib,zoligratinib,zoligratinib,1265229-25-1,pl122
zotiraciclibum,zotiraciclib,zotiraciclib,zotiraciclib,1204918-72-8,pl122
zuberitamabum,zuberitamab,zubéritamab,zuberitamab,2251143-19-6,pl122
matraxetanum,matraxetan,matraxétan,matraxetán,1006711-90-5,pl122
ademetioninum,ademetionine,adémétionine,ademetionina,1070878-86-2,pl122
acapatamabum,acapatamab,acapatamab,acapatamab,1432735-93-7,pl123
aldumastatum,aldumastat,aldumastat,aldumastat,1957278-93-1,pl123
alnuctamabum,alnuctamab,alnuctamab,alnuctamab,2296827-07-9,pl123
ancremonamum,ancremonam,ancrémonam,ancremonam,1810051-96-7,pl123
apitegromabum,apitegromab,apitégromab,apitegromab,2278276-46-1,pl123
asundexianum,asundexian,asundexian,asundexián,2361317-09-9,pl123
avotaciclibum,avotaciclib,avotaciclib,avotaciclib,1983983-41-0,pl123
bapotulimabum,bapotulimab,,,2359413-58-2,pl123
barecetamabum,barecetamab,,,2275727-74-5,pl123
batiraxceptum,batiraxcept,,,2268717-61-7,pl123
befotertinibum,befotertinib,béfotertinib,befotertinib,1835667-63-4,pl123
belumosudilum,belumosudil,bélumosudil,belumosudil,911417-87-3,pl123
bentracimabum,bentracimab,bentracimab,bentracimab,2260568-31-6,pl123
bepirovirsenum,bepirovirsen,bépirovirsen,bépirovirsen,2241888-62-8,pl123
cagrilintidum,cagrilintide,cagrilintide,cagrilintida,1415456-99-3,pl123
cantharidinum,cantharidin,cantharidine,,,pl123
carfloglitazarum,carfloglitazar,carfloglitazar,carfloglitazar,2213406-75-6,pl123
cedirogantum,cedirogant,cédirogant,cedirogant,2359727-71-0,pl123
cirtuvivintum,cirtuvivint,cirtuvivint,cirtuvivint,2143917-62-6,pl123
coprelotamabum,coprelotamab,coprélotamab,coprelotamab,2246424-95-1,pl123
cotosudilum,cotosudil,cotosudil,cotosudil,1258833-31-6,pl123
dafsolimabum,dafsolimab,dafsolimab,dafsolimab,2361013-28-5,pl123
dalosirvatum,dalosirvat,dalosirvat,dalosirvat,1360540-81-3,pl123
dalpiciclibum,dalpiciclib,dalpiciclib,dalpiciclib,1637781-04-4,pl123
danavorextonum,danavorexton,danavorexton,danavorextón,2114324-48-8,pl123
dapiglutidum,dapiglutide,,,2296814-85-0,pl123
daplusiranum,daplusiran,daplusiran,daplusirán,2202783-38-6,pl123
darigabatum,darigabat,darigabat,darigabat,1614245-70-3,pl123
darovasertibum,darovasertib,darovasertib,darovasertib,1874276-76-2,pl123
daxdilimabum,daxdilimab,,,2245966-28-1,pl123
dazodalibepum,dazodalibep,dazodalibep,dazodalibep,2245953-10-8,pl123
depemokimabum,depemokimab,dépémokimab,depemokimab,2243274-14-6,pl123
deucravacitinibum,deucravacitinib,deucravacitinib,deucravacitinib,1609392-27-9,pl123
dirocaftorum,dirocaftor,dirocaftor,dirocaftor,2137932-23-9,pl123
divozilimabum,divozilimab,divozilimab,divozilimab,2254061-60-2,pl123
ebronucimabum,ebronucimab,ébronucimab,ebronucimab,2304800-90-4,pl123
edralbrutinibum,edralbrutinib,édralbrutinib,edralbrutinib,1858206-58-2,pl123
elimusertibum,elimusertib,élimusertib,elimusertib,1876467-74-1,pl123
eluvixtamabum,eluvixtamab,éluvixtamab,eluvixtamab,1679391-73-1,pl123
emerfetamabum,emerfetamab,émerfétamab,emerfetamab,2250261-27-7,pl123
enibarcimabum,enibarcimab,énibarcimab,enibarcimab,2305638-98-4,pl123
enomimeranum,enomimeran,énomiméran,enomimerán,2247971-01-1,pl123
eplontersenum,eplontersen,éplontersen,eplontersén,1637600-16-8,pl123
eprenetapoptum,eprenetapopt,éprénétapopt,eprenetapopt,5291-32-7,pl123
etevritamabum,etevritamab,étévritamab,,2329692-74-0,pl123
fanotaprimum,fanotaprim,fanotaprim,fanotaprim,2120282-75-7,pl123
firazorextonum,firazorexton,firazorexton,firazorextón,2305060-41-5,pl123
flubentylosinum,flubentylosin,flubentylosine,,1906894-20-9,pl123
garivulimabum,garivulimab,garivulimab,garivulimab,2342597-81-1,pl123
garveleucelum,garveleucel,garvéleucel,garveleucel,,pl123
geptanolimabum,geptanolimab,geptanolimab,geptanolimab,2348469-43-0,pl123
gindameranum,gindameran,gindaméran,gindamerán,2348560-89-2,pl123
grisnilimabum,grisnilimab,grisnilimab,grisnilimab,2361013-29-6,pl123
hepcidinum,hepcidin,hepcidin-25,hepcidine,1356390-47-0,pl123
ibezapolstatum,ibezapolstat,ibézapolstat,ibezapolstat,1275582-97-2,pl123
icapamespibum,icapamespib,icapamespib,icapamespib,1000999-96-1,pl123
idactamabum,idactamab,idactamab,idactamab,2245205-37-0,pl123
ilacirnonum,ilacirnon,ilacirnon,ilacirnón,1188379-43-2,pl123
inupadenantum,inupadenant,inupadénant,inupadenant,2246607-08-7,pl123
invimestrocelum,invimestrocel,invimestrocel,invimestrocel,,pl123
ipivivintum,ipivivint,ipivivint,ipivivint,1481617-15-5,pl123
izuralimabum,izuralimab,izuralimab,izuralimab,2329669-80-7,pl123
laduviglusibum,laduviglusib,laduviglusib,laduviglusib,252917-06-9,pl123
lazucirnonum,lazucirnon,lazucirnon,lazucirnón,1251528-23-0,pl123
lerodalcibepum,lerodalcibep,lérodalcibep,lerodalcibep,2250073-78-8,pl123
letaplimabum,letaplimab,létaplimab,letaplimab,2283356-07-8,pl123
lirametostatum,lirametostat,liramétostat,lirametostat,1621862-70-1,pl123
ludateronum,ludaterone,ludatérone,ludaterona,1703749-62-5,pl123
melrilimabum,melrilimab,melrilimab,melrilimab,2222865-46-3,pl123
milvexianum,milvexian,milvexian,milvexián,1802425-99-5,pl123
mipasetamabum,mipasetamab,mipasétamab,mipasetamab,2304799-73-1,pl123
modoflanerum,modoflaner,modoflaner,modoflaner,1331922-53-2,pl123
mosliciguatum,mosliciguat,mosliciguat,mosliciguat,2231749-54-3,pl123
naporafenibum,naporafenib,naporafénib,naporafenib,1800398-38-2,pl123
nedosiranum,nedosiran,nédosiran,nedosirán,2315268-27-8,pl123
obrindatamabum,obrindatamab,obrindatamab,obrindatamab,2069959-72-2,pl123
ociperlimabum,ociperlimab,ociperlimab,ociperlimab,2342597-93-5,pl123
omodenbamabum,omodenbamab,omodenbamab,omodenbamab,2241724-48-9,pl123
onametostatum,onametostat,onamétostat,onametostat,2086772-26-9,pl123
ontasameranum,ontasameran,ontasaméran,ontasamerán,2348561-00-0,pl123
oplunofuspum,oplunofusp,oplunofusp,oplunofusp,946032-08-2,pl123
pacanalotamabum,pacanalotamab,pacanalotamab,pacanalotamab,2259927-72-3,pl123
pavunalimabum,pavunalimab,pavunalimab,pavunalimab,2329669-78-3,pl123
pavurutamabum,pavurutamab,pavurutamab,pavurutamab,2250292-39-6,pl123
pegtibatinasum,pegtibatinase,pegtibatinase,pegtibatinasa,2304692-47-3,pl123
pegulicianinum,pegulicianine,pégulicianine,pegulicianina,2230217-17-9,pl123
pelabresibum,pelabresib,pélabrésib,pelabresib,1380087-89-7,pl123
pemrametostatum,pemrametostat,pemramétostat,pemrametostat,1616392-22-3,pl123
penpulimabum,penpulimab,penpulimab,penpulimab,2350298-92-7,pl123
pidnarulexum,pidnarulex,pidnarulex,pidnarulex,1138549-36-6,pl123
pimivalimabum,pimivalimab,pimivalimab,pimivalimab,2293951-22-9,pl123
pirepematum,pirepemat,pirépémat,pirepemat,1227638-29-0,pl123
pomulmeranum,pomulmeran,,,2304576-72-3,pl123
posoleucelum,posoleucel,posoleucel,posoleucel,,pl123
radgocitabinum,radgocitabine,radgocitabine,radgocitabina,135598-68-4,pl123
rebonuputemcelum,rebonuputemcel,rébonuputemcel,rebonuputemcel,,pl123
recaticimabum,recaticimab,récaticimab,recaticimab,2361290-85-7,pl123
resiniferatoxinum,resiniferatoxin,résinifératoxine,resiniferatoxina,57444-62-9,pl123
rezvilutamidum,rezvilutamide,rezvilutamide,rezvilutamida,1572045-62-5,pl123
rineterkibum,rineterkib,rinéterkib,rineterkib,1715025-32-3,pl123
rintodestrantum,rintodestrant,,,,pl123
roducitabinum,roducitabine,roducitabine,roducitabina,865838-26-2,pl123
senaparibum,senaparib,sénaparib,senaparib,1401682-78-7,pl123
sivopixantum,sivopixant,sivopixant,sivopixant,2414285-40-6,pl123
sizavaleucelum,sizavaleucel,sizavaleucel,sizavaleucel,,pl123
sotigalimabum,sotigalimab,sotigalimab,sotigalimab,2305607-45-6,pl123
sotorasibum,sotorasib,sotorasib,sotorasib,2296729-00-3,pl123
sulanemadlinum,sulanemadlin,sulanémadline,sulanemadlina,1451199-98-6,pl123
suntinorextonum,suntinorexton,suntinorexton,suntinorextón,2274802-89-8,pl123
suratadenoturevum,suratadenoturev,suratadénoturev,suratadenoturev,1268642-13-2,pl123
taletrectinibum,taletrectinib,talétrectinib,taletrectinib,1505514-27-1,pl123
taniraleucelum,taniraleucel,taniraleucel,taniraleucel,,pl123
tarlatamabum,tarlatamab,tarlatamab,tarlatamab,2307488-83-9,pl123
telpegfilgrastimum,telpegfilgrastim,telpegfilgrastim,telpegfilgrastim,1571076-26-0,pl123
tenvumestrocelum,tenvumestrocel,tenvumestrocel,tenvumestrocel,,pl123
teplinovivintum,teplinovivint,téplinovivint,teplinovivint,1428064-91-8,pl123
terevalefimum,terevalefim,térévaléfim,terevalefim,1070881-42-3,pl123
tilpisertibum,tilpisertib,tilpisertib,tilpisertib,2065153-41-3,pl123
tusamitamabum,tusamitamab,tusamitamab,tusamitamab,2254119-00-9,pl123
ursodoxicoltaurinum,ursodoxicoltaurine,ursodoxicoltaurine,ursodoxicoltaurina,14605-22-2,pl123
vamifeportum,vamifeport,vamiféport,vamifeport,2095668-10-1,pl123
venadaparibum,venadaparib,vénadaparib,venadaparib,1681017-83-3,pl123
vevorisertibum,vevorisertib,vévorisertib,vevorisertib,1416775-46-6,pl123
vibosameranum,vibosameran,vibosaméran,vibosamerán,2348560-90-5,pl123
vidutolimodum,vidutolimod,vidutolimod,vidutolimod,147063-80-7,pl123
vimseltinibum,vimseltinib,vimseltinib,vimseltinib,1628606-05-2,pl123
vixarelimabum,vixarelimab,,,2243320-83-2,pl123
vocacapsaicinum,vocacapsaicin,vocacapsaïcine,vocacapsaícina,1931116-86-7,pl123
vodobatinibum,vodobatinib,vodobatinib,vodobatinib,1388803-90-4,pl123
vudalimabum,vudalimab,vudalimab,vudalimab,2329698-82-8,pl123
zatolmilastum,zatolmilast,zatolmilast,zatolmilast,1606974-33-7,pl123
zelavespibum,zelavespib,zélavespib,zelavespib,873436-91-0,pl123
zimberelimabum,zimberelimab,zimbérélimab,zimberelimab,2259860-24-5,pl123
rilsodotinum,rilsodotin,rilsodotine,rilsodotina,,pl123
setaritoxum,setaritox,sétaritox,setaritox,,pl123
uzoptirinum,uzoptirine,uzoptirine,uzoptirina,,pl123
zovodotinum,zovodotin,zovodotine,zovodotina,1800462-96-7,pl123
abdavomeranum,abdavomeran,abdavoméran,abdavomerán,2416824-55-8,pl124
atibuclimabum,atibuclimab,atibuclimab,atibuclimab,2417175-94-9,pl124
bamlanivimabum,bamlanivimab,bamlanivimab,bamlanivimab,2423943-37-5,pl124
casirivimabum,casirivimab,casirivimab,casirivimab,2415933-42-3,pl124
cilgavimabum,cilgavimab,cilgavimab,cilgavimab,2420563-99-9,pl124
dazcapistatum,dazcapistat,dazcapistat,dazcapistat,2221010-42-8,pl124
eclitasertibum,eclitasertib,éclitasertib,eclitasertib,2125450-76-0,pl124
enpatoranum,enpatoran,enpatoran,enpatorán,2101938-42-3,pl124
etesevimabum,etesevimab,étésévimab,etesevimab,2423948-94-9,pl124
ganulameranum,ganulameran,ganulaméran,ganulamerán,2433844-55-2,pl124
goflikiceptum,goflikicept,,,2416984-26-2,pl124
imdevimabum,imdevimab,imdévimab,imdevimab,2415933-40-1,pl124
molnupiravirum,molnupiravir,molnupiravir,molnupiravir,2349386-89-4,pl124
nezulcitinibum,nezulcitinib,nézulcitinib,nezulcitinib,2412496-23-0,pl124
pemziviptadilum,pemziviptadil,pemziviptadil,pemziviptadil,1265655-87-5,pl124
pidacmeranum,pidacmeran,pidacméran,pidacmerán,2417904-10-8,pl124
regdanvimabum,regdanvimab,regdanvimab,regdanvimab,2416305-96-7,pl124
sotrovimabum,sotrovimab,sotrovimab,sotrovimab,2423014-07-5,pl124
subasumstatum,subasumstat,subasumstat,subasumstat,1858276-04-6,pl124
tixagevimabum,tixagevimab,tixagévimab,tixagevimab,2420564-02-7,pl124
tozinameranum,tozinameran,tozinaméran,tozinamerán,2417899-77-3,pl124
zansecimabum,zansecimab,zansécimab,zansecimab,2415205-37-5,pl124
zorecimeranum,zorecimeran,zoréciméran,zorecimerán,2432957-15-6,pl124
abequolixronum,abequolixron,abéquolixron,,610318-54-2,pl124
abrucomstatum,abrucomstat,abrucomstat,abrucomstat,100502-66-7,pl124
acasunlimabum,acasunlimab,acasunlimab,acasunlimab,2253937-12-9,pl124
acavameranum,acavameran,acavaméran,acavamerán,2159155-74-3,pl124
acazicolceptum,acazicolcept,acazicolcept,acazicolcept,56472-29-8,pl124
adagrasibum,adagrasib,adagrasib,adagrasib,2326521-71-3,pl124
adezmapimodum,adezmapimod,adezmapimod,adezmapimod,152121-47-6,pl124
aficamtenum,aficamten,aficamtène,aficamten,2364554-48-1,pl124
afimetoranum,afimetoran,afimétoran,afimetorán,2171019-55-7,pl124
alomfilimabum,alomfilimab,alomfilimab,alomfilimab,2378692-24-9,pl124
amlitelimabum,amlitelimab,amlitélimab,amlitelimab,2378692-15-8,pl124
anbenitamabum,anbenitamab,,,2367012-88-0,pl124
ansuvimabum,ansuvimab,ansuvimab,ansuvimab,2375952-29-5,pl124
atamparibum,atamparib,atamparib,atamparib,2381037-82-5,pl124
atuzaginstatum,atuzaginstat,atuzaginstat,atuzaginstat,2211981-76-7,pl124
aumolertinibum,aumolertinib,aumolertinib,aumolertinib,2374772-30-0,pl124
botensilimabum,botensilimab,botensilimab,botensilimab,2408310-37-0,pl124
cadonilimabum,cadonilimab,cadonilimab,cadonilimab,2394841-59-7,pl124
caficrestatum,caficrestat,caficrestat,caficrestat,1355612-71-3,pl124
cavrotolimodum,cavrotolimod,cavrotolimod,cavrotolimod,2378664-12-9,pl124
cimpuciclibum,cimpuciclib,cimpuciclib,cimpuciclib,2202767-78-8,pl124
clesacostatum,clesacostat,clésacostat,clesacostat,1370448-25-1,pl124
cofirasersenum,cofirasersen,cofirasersen,cofirasersén,2247669-96-9,pl124
danuglipronum,danuglipron,danuglipron,danugliprón,2230198-02-2,pl124
defosbarasertibum,defosbarasertib,défosbarasertib,defosbarasertib,2305040-16-6,pl124
deudomperidonum,deudomperidone,deudompéridone,deudomperidona,2121525-08-2,pl124
deuruxolitinibum,deuruxolitinib,deuruxolitinib,deuruxolitinib,1513883-39-0,pl124
deutarserinum,deutarserine,deutarsérine,deutarserina,103292-62-2,pl124
domvanalimabum,domvanalimab,domvanalimab,domvanalimab,2368219-35-4,pl124
donidalorsenum,donidalorsen,donidalorsen,donidalorsén,2304692-48-4,pl124
ebaresdaxum,ebaresdax,ébaresdax,ebaresdax,1334471-39-4,pl124
ebdarokimabum,ebdarokimab,ebdarokimab,ebdarokimab,2393651-11-9,pl124
ebvaciclibum,ebvaciclib,ebvaciclib,ebvaciclib,2185857-97-8,pl124
ecubectedinum,ecubectedin,écubectédine,ecubectedina,2248127-53-7,pl124
edaxeterkibum,edaxeterkib,édaxeterkib,edaxeterkib,2363779-14-8,pl124
efruxiferminum,efruxifermin,éfruxifermine,efruxifermina,2375240-92-7,pl124
eganelisibum,eganelisib,éganélisib,eganelisib,1693758-51-8,pl124
elraglusibum,elraglusib,elraglusib,elraglusib,1034895-42-5,pl124
emavusertibum,emavusertib,émavusertib,emavusertib,1801344-14-8,pl124
emvododstatum,emvododstat,emvododstat,emvododstat,2376853-01-7,pl124
ensovibepum,ensovibep,ensovibep,ensovibep,2451126-06-8,pl124
enuvaptanum,enuvaptan,énuvaptan,enuvaptán,2388499-82-7,pl124
erfonrilimabum,erfonrilimab,erfonrilimab,erfonrilimab,2367013-69-0,pl124
ervogastatum,ervogastat,ervogastat,ervogastat,2186700-33-2,pl124
etavopivatum,etavopivat,étavopivat,etavopivat,2245053-57-8,pl124
etrumadenantum,etrumadenant,étrumadénant,etrumadenant,2239273-34-6,pl124
fesomersenum,fesomersen,fésomersen,fesomersén,2380135-03-3,pl124
finotonlimabum,finotonlimab,finotonlimab,finotonlimab,2350298-85-8,pl124
firzacorvirum,firzacorvir,firzacorvir,firzacorvir,2243747-96-6,pl124
foscenvivintum,foscenvivint,foscenvivint,foscenvivint,1422253-38-0,pl124
govorestatum,govorestat,govorestat,govorestat,2170729-29-8,pl124
guretolimodum,guretolimod,gurétolimod,guretolimod,1488364-57-3,pl124
ibrigamparum,ibrigampar,ibrigampar,ibrigampar,2387636-92-0,pl124
iltamiocelum,iltamiocel,iltamiocel,iltamiocel,,pl124
imsidolimabum,imsidolimab,imsidolimab,imsidolimab,2378601-29-5,pl124
isuzinaxibum,isuzinaxib,isuzinaxib,isuzinaxib,1270084-92-8,pl124
labuvirtidum,labuvirtide,labuvirtide,labuvirtida,2395796-76-4,pl124
larsucosterolum,larsucosterol,larsucostérol,larsucosterol,884905-07-1,pl124
latozinemabum,latozinemab,,,,pl124
neurological,,,,2376132-27-1,pl124
lemzoparlimabum,lemzoparlimab,lemzoparlimab,lemzoparlimab,2377483-71-9,pl124
lenrispodunum,lenrispodun,lenrispodun,lenrispodun,1160521-50-5,pl124
libvatrepum,libvatrep,libvatrep,libvatrep,871814-52-7,pl124
licaminlimabum,licaminlimab,licaminlimab,licaminlimab,1688648-13-6,pl124
lirentelimabum,lirentelimab,lirentélimab,lirentelimab,2283348-97-8,pl124
locnartecanum,locnartecan,locnartécan,locnartecán,1472614-83-7,pl124
lonigutamabum,lonigutamab,lonigutamab,lonigutamabum,2363754-30-5,pl124
lusvertikimabum,lusvertikimab,lusvertikimab,lusvertikimab,2375835-91-7,pl124
mevidalenum,mevidalen,mévidalène,mevidaleno,1638667-79-4,pl124
mibavademabum,mibavademab,mibavadémab,mibavademab,2305770-44-7,pl124
mipicoledinum,mipicoledine,mipicolédine,mipicoledina,942149-56-6,pl124
nadecnemabum,nadecnemab,nadecnémab,nadecnemab,2377679-19-9,pl124
nanvuranlatum,nanvuranlat,nanvuranlat,nanvuranlat,1037592-40-7,pl124
navtemadlinum,navtemadlin,navtémadline,navtemadlina,1352066-68-2,pl124
nemtabrutinibum,nemtabrutinib,nemtabrutinib,nemtabrutinib,2095393-15-8,pl124
nendratareotidum,nendratareotide,nendrataréotide,nendratareotida,1853254-97-3,pl124
nilofabicinum,nilofabicin,nilofabicine,nilofabicina,934628-27-0,pl124
ninerafaxstatum,ninerafaxstat,ninérafaxstat,ninerafaxstat,2254741-41-6,pl124
nivadstrocelum,nivadstrocel,nivadstrocel,nivadstrocel,,pl124
nivatrotamabum,nivatrotamab,nivatrotamab,nivatrotamab,2278244-14-5,pl124
ocarocoxibum,ocarocoxib,ocarocoxib,ocarocoxib,215122-22-8,pl124
onilcamotidum,onilcamotide,onilcamotide,onilcamotida,1164096-85-8,pl124
onzigolidum,onzigolide,onzigolide,onzigolida,778630-77-6,pl124
opelconazolum,opelconazole,opelconazole,opelconazol,1931946-73-4,pl124
ordesekimabum,ordesekimab,ordésékimab,ordesekimab,2396744-46-8,pl124
orludodstatum,orludodstat,orludodstat,orludodstat,2225819-06-5,pl124
osugacestatum,osugacestat,osugacestat,osugacestat,2366304-08-5,pl124
pafolacianinum,pafolacianine,pafolacianine,pafolacianina,1628423-76-6,pl124
palopegteriparatidum,palopegteriparatide,palopegtériparatide,palopegteriparatida,2413858-99-6,pl124
plazinemdorum,plazinemdor,plazinemdor,plazinemdor,2378285-59-5,pl124
plonmarlimabum,plonmarlimab,plonmarlimab,plonmarlimab,2377482-36-3,pl124
ponsegromabum,ponsegromab,ponségromab,ponsegromab,2368950-15-4,pl124
prusogliptinum,prusogliptin,prusogliptine,prusogliptina,1186426-66-3,pl124
pucotenlimabum,pucotenlimab,pucotenlimab,pucotenlimab,2403647-03-8,pl124
pulrodemstatum,pulrodemstat,pulrodemstat,pulrodemstat,1396823-56-5,pl124
quemliclustatum,quemliclustat,quémliclustat,quemliclustat,2395839-91-3,pl124
ropanicantum,ropanicant,ropanicant,ropanicant,2414674-70-5,pl124
runimotamabum,runimotamab,,,2361325-98-4,pl124
sapablursenum,sapablursen,sapablursen,sapablursén,2379806-98-9,pl124
sibeprenlimabum,sibeprenlimab,sibéprenlimab,sibeprenlimab,2382896-07-1,pl124
simpiniclinum,simpinicline,simpinicline,simpiniclina,2395524-75-9,pl124
sudubrilimabum,sudubrilimab,sudubrilimab,sudubrilimab,2387417-06-1,pl124
sunobinopum,sunobinop,sunobinop,sunobinop,1126793-40-5,pl124
surzebiclimabum,surzebiclimab,surzébiclimab,surzebiclimab,2342597-90-2,pl124
tadnersenum,tadnersen,tadnersen,tadnersén,2170507-65-8,pl124
tasurgratinibum,tasurgratinib,tasurgratinib,tasurgratinib,1622204-21-0,pl124
temgicolurilum,temgicoluril,temgicoluril,temgicoluril,10095-06-4,pl124
tigulixostatum,tigulixostat,tigulixostat,tigulixostat,1287766-55-5,pl124
tirnovetmabum,tirnovetmab,tirnovetmab,tirnovetmab,2364504-80-1,pl124
tolinapantum,tolinapant,tolinapant,tolinapant,1799328-86-1,pl124
tomligisiranum,tomligisiran,tomligisiran,tomligisirán,2202803-58-3,pl124
torudokimabum,torudokimab,torudokimab,torudokimab,2241728-76-5,pl124
tozorakimabum,tozorakimab,tozorakimab,tozorakimab,2376858-66-9,pl124
ulevostinagum,ulevostinag,ulévostinag,ulevostinag,2082743-96-0,pl124
uliledlimabum,uliledlimab,ulilédlimab,uliledlimab,2378407-27-1,pl124
ulotarontum,ulotaront,ulotaront,ulotaront,1310426-33-5,pl124
umifoxolanerum,umifoxolaner,umifoxolaner,umifoxolaner,2021230-37-3,pl124
unasnemabum,unasnemab,,,,pl124
neurological,,,,2379805-59-9,pl124
unesbulinum,unesbulin,unesbuline,unesbulina,1610964-64-1,pl124
usmarapridum,usmarapride,usmarapride,usmaraprida,2382896-00-4,pl124
varoglutamstatum,varoglutamstat,varoglutamstat,varoglutamstat,1276021-65-8,pl124
vemircopanum,vemircopan,vémircopan,vemircopán,2086178-00-7,pl124
vixtimotamabum,vixtimotamab,vixtimotamab,vixtimotamab,2243775-32-6,pl124
zabedosertibum,zabedosertib,zabédosertib,zabedosertib,1931994-81-8,pl124
zaloglanstatum,zaloglanstat,zaloglanstat,zaloglanstat,1513852-12-4,pl124
zavegepantum,zavegepant,zavégépant,zavegepant,1337918-83-8,pl124
zeluvalimabum,zeluvalimab,zéluvalimab,zeluvalimab,2315361-37-4,pl124
zeteletinibum,zeteletinib,zétélétinib,zeteletinib,2216753-97-6,pl124
zilebesiranum,zilebesiran,zilébésiran,zilebesirán,2380166-33-4,pl124
zilovertamabum,zilovertamab,zilovertamab,zilovertamab,2202783-35-3,pl124
ugodotinum,ugodotin,ugodotine,ugodotina,1820882-94-7,pl124
uzatansinum,uzatansine,uzatansine,uzatansina,,pl124
adintrevimabum,adintrevimab,adintrévimab,,2488626-93-1,pl125
alogabatum,alogabat,alogabat,alogabat,2230009-48-8,pl125
alrefimotidum,alrefimotide,alréfimotide,alrefimotida,1331848-79-3,pl125
alrizomadlinum,alrizomadlin,alrizomadline,alrizomadlina,1818393-16-6,pl125
amdizalisibum,amdizalisib,amdizalisib,amdizalisib,1894229-05-0,pl125
amubarvimabum,amubarvimab,,,2509447-07-6,pl125
anselamimabum,anselamimab,ansélamimab,anselamimab,2414866-63-8,pl125
anumigilimabum,anumigilimab,anumigilimab,anumigilimab,2416593-08-1,pl125
atuliflaponum,atuliflapon,atuliflapon,atuliflapón,2041075-86-7,pl125
atuzabrutinibum,atuzabrutinib,atuzabrutinib,atuzabrutinib,1581714-49-9,pl125
bafisontamabum,bafisontamab,bafisontamab,bafisontamab,2437210-79-0,pl125
barzolvolimabum,barzolvolimab,barzolvolimab,barzolvolimab,2438203-51-9,pl125
bavdegalutamidum,bavdegalutamide,bavdégalutamide,bavdegalutamida,2222112-77-6,pl125
baxdrostatum,baxdrostat,baxdrostat,baxdrostat,1428652-17-8,pl125
belcesiranum,belcesiran,belcésiran,belcesirán,2375562-54-0,pl125
beludavimabum,beludavimab,,beludavimab,2423016-74-2,pl125
bemnifosbuvirum,bemnifosbuvir,bemnifosbuvir,bemnifosbuvir,1998705-64-8,pl125
bevurogantum,bevurogant,bévurogant,bevurogant,2365142-14-7,pl125
bofelisimerum,bofelisimer,bofélisimère,bofelisímero,2364477-20-1,pl125
camizestrantum,camizestrant,camizestrant,camizestrant,2222844-89-3,pl125
cimdelirsenum,cimdelirsen,cimdélirsen,cimdelirsén,2419918-89-9,pl125
davoceticeptum,davoceticept,davocéticept,davoceticept,2307144-64-3,pl125
dazucorilantum,dazucorilant,dazucorilant,dazucorilant,1496508-34-9,pl125
denifanstatum,denifanstat,dénifanstat,denifanstat,1399177-37-7,pl125
dexepicatechinum,dexepicatechin,dexépicatéchine,dexepicatechina,2416305-95-6,pl125
doxecitinum,doxecitine,doxécitine,doxecitina,951-77-9,pl125
doxribtiminum,doxribtimine,doxribtimine,doxribtimina,,pl125
dresbuxelimabum,dresbuxelimab,dresbuxélimab,dresbuxelimab,2550560-20-6,pl125
eblasakimabum,eblasakimab,éblasakimab,eblasakimab,2445460-16-0,pl125
ecleralimabum,ecleralimab,écléralimab,ecleralimab,2574508-57-7,pl125
efzofitimodum,efzofitimod,efzofitimod,efzofitimod,2566615-11-8,pl125
elranatamabum,elranatamab,elranatamab,elranatamab,2408850-14-4,pl125
elunonavirum,elunonavir,élunonavir,elunonavir,2242428-57-3,pl125
emlenoflastum,emlenoflast,emlénoflast,emlenoflast,1995067-59-8,pl125
emraclidinum,emraclidine,emraclidine,emraclidina,2417199-08-5,pl125
enuzovimabum,enuzovimab,énuzovimab,enuzovimab,2531098-91-4,pl125
eragidomidum,eragidomide,éragidomide,eragidomida,1860875-51-9,pl125
ersemadromcelum,ersemadromcel,ersémadromcel,ersemadromcel,,pl125
escibenzolinum,escibenzoline,escibenzoline,escibenzolina,103419-18-7,pl125
evexomostatum,evexomostat,évexomostat,evexomostat,2416263-67-5,pl125
evifacotrepum,evifacotrep,évifacotrep,evifacotrep,2413739-88-3,pl125
evixapodlinum,evixapodlin,évixapodline,evixapodlina,2374856-75-2,pl125
exidavnemabum,exidavnemab,,,,pl125
antiparkinson,,,,2438229-02-6,pl125
ezurpimtrostatum,ezurpimtrostat,ézurpimtrostat,ezurpimtrostat,1914148-72-3,pl125
famitinibum,famitinib,famitinib,famitinib,2407465-18-1,pl125
farudodstatum,farudodstat,farudodstat,farudodstat,1035688-66-4,pl125
fazulemeranum,fazulemeran,,,,pl125
factor,,,,2417174-26-4,pl125
fidasimtamabum,fidasimtamab,fidasimtamab,fidasimtamab,2377419-89-9,pl125
flumbatinib,flumbatinib,flumbatinib,flumbatinib,895519-90-1,pl125
fobrepodacinum,fobrepodacin,fobrépodacine,fobrepodacina,1384984-31-9,pl125
fosgonimetonum,fosgonimeton,fosgoniméton,fosgonimetón,2129993-56-0,pl125
frenlosirsenum,frenlosirsen,frenlosirsen,frenlosirsén,2304711-81-5,pl125
fuzuloparibum,fuzuloparib,fuzuloparib,fuzuloparib,1358715-18-0,pl125
gadoquatranum,gadoquatrane,,gadoquatrane,2048221-65-2,pl125
galegenimabum,galegenimab,galégénimab,galegenimab,2403683-24-7,pl125
gartisertibum,gartisertib,gartisertib,gartisertib,1613191-99-3,pl125
gemnelatinibum,gemnelatinib,gemnélatinib,gemnelatinib,2225123-30-6,pl125
ginisortamabum,ginisortamab,ginisortamab,ginisortamab,2390147-17-6,pl125
golidocitinibum,golidocitinib,golidocitinib,golidocitinib,2091134-68-6,pl125
gresonitamabum,gresonitamab,grésonitamab,gresonitamab,2413817-97-5,pl125
gumokimabum,gumokimab,gumokimab,gumokimab,2428381-52-4,pl125
gunagratinibum,gunagratinib,gunagratinib,gunagratinib,34367-89-0,pl125
iclepertinum,iclepertin,iclépertine,iclepertina,2370888-96-1,pl125
idrevloridum,idrevloride,idrévloride,idrevlorida,2407582-19-6,pl125
ilunocitinibum,ilunocitinib,ilunocitinib,ilunocitinib,1187594-14-4,pl125
inaxaplinum,inaxaplin,inaxapline,inaxaplina,2446816-88-0,pl125
inobrodibum,inobrodib,inobrodib,inobrodib,2420475-06-3,pl125
iparomlimabum,iparomlimab,iparomlimab,iparomlimab,2417649-33-1,pl125
irsenontrinum,irsenontrine,irsénontrine,irsenontrina,1429509-82-9,pl125
ivicentamabum,ivicentamab,ivicentamab,ivicentamab,2364496-42-2,pl125
ivonescimabum,ivonescimab,ivonescimab,ivonescimab,2428381-53-5,pl125
ivospeminum,ivospemin,ivospémine,ivospemina,2418030-84-7,pl125
ledaborbactamum,ledaborbactam,lédaborbactam,ledaborbactam,2396411-71-3,pl125
lerapolturevum,lerapolturev,lérapolturev,lerapolturev,2430048-02-3,pl125
lexanersenum,lexanersen,lexanersen,lexanersén,2073015-40-2,pl125
ligufalimabum,ligufalimab,ligufalimab,ligufalimab,2428381-55-7,pl125
lisaftoclaxum,lisaftoclax,lisaftoclax,lisaftoclax,2180923-05-9,pl125
livmoniplimabum,livmoniplimab,livmoniplimab,livmoniplimab,2412004-88-5,pl125
lixadesiranum,lixadesiran,lixadésiran,lixadesirán,1152798-49-6,pl125
lomtegovimabum,lomtegovimab,,,2550869-33-3,pl125
lorigerlimabum,lorigerlimab,lorigerlimab,lorigerlimab,2416595-46-3,pl125
lotazadromcelum,lotazadromcel,lotazadromcel,lotazadromcel,,pl125
lufepirsenum,lufepirsen,lufépirsen,lufepirsén,287122-58-1,pl125
lufotrelvirum,lufotrelvir,lufotrelvir,lufotrelvir,2447131-70-4,pl125
luxeptinibum,luxeptinib,luxeptinib,luxeptinib,1616428-23-9,pl125
manfidokimabum,manfidokimab,,,2428381-56-8,pl125
mazorelvimabum,mazorelvimab,mazorelvimab,mazorelvimab,2056881-92-4,pl125
mezigdomidum,mezigdomide,mézigdomide,mezigdomida,2259648-80-9,pl125
mivorilanerum,mivorilaner,mivorilaner,mivorilaner,1414642-93-5,pl125
morponidazolum,morponidazole,morponidazole,morponidazol,92478-27-8,pl125
movronersenum,movronersen,movronersen,movronersén,2411937-33-0,pl125
mupadolimabum,mupadolimab,mupadolimab,mupadolimab,2451856-97-4,pl125
nafimestrocelum,nafimestrocel,nafimestrocel,nafimestrocel,,pl125
nizaracianinum,nizaracianine,nizaracianine,nizaracianina,1239619-02-3,pl125
nofazinlimabum,nofazinlimab,nofazinlimab,nofazinlimab,2377845-98-0,pl125
obefazimodum,obefazimod,obéfazimod,obefazimod,1258453-75-6,pl125
ocedurenonum,ocedurenone,océdurénone,ocedurenona,1359969-24-6,pl125
odatroltidum,odatroltide,odatroltide,odatroltida,1639303-73-3,pl125
olezarsenum,olezarsen,olezarsen,olezarsén,2097587-83-0,pl125
omilancorum,omilancor,omilancor,omilancor,1912399-75-7,pl125
omzotiromum,omzotirome,omzotirome,omzotiroma,1092551-88-6,pl125
onternabezum,onternabez,onternabez,onternabez,256934-39-1,pl125
orenetidum,orenetide,orénétide,orenetida,1124168-43-9,pl125
ormutivimabum,ormutivimab,ormutivimab,ormutivimab,2376210-48-7,pl125
pegipanerminum,pegipanermin,,pegipanermina,2489785-77-3,pl125
pegloxenatidum,pegloxenatide,pégloxénatide,pegloxenatida,2420483-82-3,pl125
pegmolesatidum,pegmolesatide,pegmolésatide,pegmolesatida,2420483-81-2,pl125
pegsitacianinum,pegsitacianine,pegsitacianine,pegsitacianina,2396651-85-5,pl125
pirtobrutinibum,pirtobrutinib,pirtobrutinib,pirtobrutinib,2101700-15-4,pl125
pivekimabum,pivekimab,pivékimab,pivekimab,1152798-48-5,pl125
pruxelutamidum,pruxelutamide,pruxélutamide,pruxelutamida,1398046-21-3,pl125
pulocimabum,pulocimab,pulocimab,pulocimab,2428381-49-9,pl125
quisovalimabum,quisovalimab,quisovalimab,quisovalimab,2427667-03-4,pl125
rebemadlinum,rebemadlin,rébémadline,rebemadlina,675576-98-4,pl125
rencofilstatum,rencofilstat,rencofilstat,rencofilstat,1383420-08-3,pl125
riletamotidum,riletamotide,rilétamotide,riletamotida,524061-04-9,pl125
rimteravimabum,rimteravimab,rimtéravimab,rimteravimab,2540797-21-3,pl125
rocatinlimabum,rocatinlimab,rocatinlimab,rocatinlimab,2431972-52-8,pl125
romlusevimabum,romlusevimab,romlusévimab,,2509447-08-7,pl125
ropsacitinibum,ropsacitinib,ropsacitinib,ropsacitinib,2127109-84-4,pl125
rovanersenum,rovanersen,rovanersen,rovanersén,2248030-85-3,pl125
rugonersenum,rugonersen,rugonersen,rugonersén,2591587-57-2,pl125
rulonilimabum,rulonilimab,rulonilimab,rulonilimab,2417124-95-7,pl125
rusfertidum,rusfertide,rusfertide,rusfertida,1628323-80-7,pl125
ruzinuradum,ruzinurad,ruzinurad,ruzinurad,1638327-48-6,pl125
sabizabulinum,sabizabulin,sabizabuline,sabizabulina,1332881-26-1,pl125
sebetralstatum,sebetralstat,sébétralstat,sebetralstat,1933514-13-6,pl125
selnoflastum,selnoflast,selnoflast,selnoflast,2260969-36-4,pl125
simridarlimabum,simridarlimab,simridarlimab,simridarlimab,2378862-90-7,pl125
simufilamum,simufilam,simufilam,simufilam,1224591-33-6,pl125
sirexatamabum,sirexatamab,sirexatamab,sirexatamab,2414962-49-3,pl125
sirpiglenastatum,sirpiglenastat,sirpiglénastat,sirpiglenastat,2079939-05-0,pl125
socazolimabum,socazolimab,socazolimab,socazolimab,2305043-30-3,pl125
sotevtamabum,sotevtamab,sotévtamab,sotevtamab,2411526-47-9,pl125
sotuletinibum,sotuletinib,sotulétinib,sotuletinib,953769-46-5,pl125
sovilnesibum,sovilnesib,sovilnésib,sovilnesib,2410796-79-9,pl125
suciraslimabum,suciraslimab,suciraslimab,suciraslimab,2415439-63-1,pl125
sucunamostatum,sucunamostat,sucunamostat,sucunamostat,1802888-04-5,pl125
sunvozertinibum,sunvozertinib,sunvozertinib,sunvozertinib,2370013-12-8,pl125
tagitanlimabum,tagitanlimab,tagitanlimab,tagitanlimab,2417649-97-7,pl125
tamgiblimabum,tamgiblimab,tamgiblimab,tamgiblimab,2411914-36-6,pl125
tapderimotidum,tapderimotide,tapdérimotide,tapderimotida,1221082-45-6,pl125
tarcocimabum,tarcocimab,tarcocimab,tarcocimab,2408661-40-3,pl125
tecaginlimabum,tecaginlimab,técaginlimab,tecaginlimab,2253891-70-0,pl125
temuterkibum,temuterkib,témuterkib,temuterkib,1951483-29-6,pl125
teropavimabum,teropavimab,téropavimab,teropavimab,2417213-72-8,pl125
timtraxanibum,timtraxanib,timtraxanib,timtraxanib,2412172-33-7,pl125
timuferminum,timufermin,timufermine,timufermina,2248800-66-8,pl125
tizaterkibum,tizaterkib,tizaterkib,tizaterkib,2097416-76-5,pl125
trinbelimabum,trinbelimab,trinbélimab,trinbelimab,2415078-44-1,pl125
trotabresibum,trotabresib,trotabrésib,trotabresib,1706738-98-8,pl125
tunlametinibum,tunlametinib,tunlamétinib,tunlametinib,1801756-06-8,pl125
tuvonralimabum,tuvonralimab,tuvonralimab,tuvonralimab,2417649-44-4,pl125
tuxobertinibum,tuxobertinib,tuxobertinib,tuxobertinib,2414572-47-5,pl125
ubamatamabum,ubamatamab,ubamatamab,ubamatamab,2305629-50-7,pl125
ulenistamabum,ulenistamab,ulénistamab,ulenistamab,2415259-90-2,pl125
upanovimabum,upanovimab,,upanovimab,2500633-46-3,pl125
utreloxastatum,utreloxastat,utréloxastat,utreloxastat,1213269-96-5,pl125
vebreltinibum,vebreltinib,vébreltinib,vebreltinib,1440964-89-5,pl125
vepafestinibum,vepafestinib,vépafestinib,vepafestinib,2129515-96-2,pl125
vepsitamabum,vepsitamab,vepsitamab,vepsitamab,2413453-53-7,pl125
vesleteplirsenum,vesleteplirsen,veslétéplirsen,vesleteplirsén,2101570-09-4,pl125
vibozilimodum,vibozilimod,vibozilimod,vibozilimod,1403232-33-6,pl125
vimdemerum,vimdemer,vimdémère,vimdémero,25232-42-2,pl125
vornorexantum,vornorexant,vornorexant,vornorexant,2265899-49-6,pl125
voxalatamabum,voxalatamab,voxalatamab,voxalatamab,2305659-09-8,pl125
xeligekimabum,xeligekimab,xéligékimab,xeligekimab,2382921-73-3,pl125
xeruborbactamum,xeruborbactam,xéruborbactam,xeruborbactam,2170834-63-4,pl125
zalunfibanum,zalunfiban,zalunfiban,zalunfibán,1448313-27-6,pl125
zamerovimabum,zamerovimab,zamérovimab,zamerovimab,2419087-87-7,pl125
zapnometinibum,zapnometinib,zapnométinib,zapnometinib,303175-44-2,pl125
zastaprazanum,zastaprazan,zastaprazan,zastaprazán,2133852-18-1,pl125
zavacorilantum,zavacorilant,zavacorilant,zavacorilant,1781245-13-3,pl125
zectivimodum,zectivimod,zectivimod,zectivimod,1623066-63-6,pl125
zedenoleucelum,zedenoleucel,zédénoleucel,zedenoleucel,,pl125
zegocractinum,zegocractin,zégocractine,zegocractina,1713240-67-5,pl125
zenuzolacum,zenuzolac,zénuzolac,zenuzolac,6501-72-0,pl125
zetomipzomibum,zetomipzomib,zétomipzomib,zetomipzomib,1629677-75-3,pl125
zifanocyclinum,zifanocycline,,zifanocycline,1420294-56-9,pl125
ziftomenibum,ziftomenib,ziftoménib,ziftomenib,2134675-36-6,pl125
zimlovisertibum,zimlovisertib,zimlovisertib,zimlovisertib,1387453-03-3,pl125
zorevunersenum,zorevunersen,zorévunersen,zorevunersén,2415330-04-8,pl125
zunsemetinibum,zunsemetinib,zunsémétinib,zunsemetinib,1640282-42-3,pl125
elasomeranum,elasomeran,élasoméran,elasomerán,2430046-03-8,pl125
bralpamidum,bralpamide,bralpamide,bralpamida,,pl125
ecteribulinum,ecteribulin,ectéribuline,ecteribulina,2130869-18-8,pl125
etzadroxilum,etzadroxil,étzadroxil,etzadroxilo,,pl125
guraxetanum,guraxetan,guraxétan,guraxetán,,pl125
acrixolimabum,acrixolimab,acrixolimab,acrixolimab,2417550-70-8,pl126
amredobresibum,amredobresib,amrédobrésib,amredobresib,1610044-98-8,pl126
anivovetmabum,anivovetmab,anivovetmab,anivovetmab,2370896-63-0,pl126
atinvicitinibum,atinvicitinib,atinvicitinib,atinvicitinib,2169273-59-8,pl126
avutometinibum,avutometinib,avutométinib,avutometinib,2271428-31-8,pl126
bafrekalantum,bafrekalant,bafrékalant,bafrekalant,2256770-44-0,pl126
balcinrenonum,balcinrenone,balcinrénone,balcinrenona,1850385-64-6,pl126
benzgalantaminum,benzgalantamine,benzgalantamine,benzgalantamina,224169-27-1,pl126
bersiporocinum,bersiporocin,bersiporocine,bersiporocina,2241808-52-4,pl126
betifisolimabum,betifisolimab,bétifisolimab,betifisolimab,2460539-60-8,pl126
bexirestrantum,bexirestrant,béxirestrant,bexirestrant,2505067-70-7,pl126
bexotegrastum,bexotegrast,béxotégrast,bexotegrast,2376257-44-0,pl126
bezuclastinibum,bezuclastinib,bézuclastinib,bezuclastinib,1616385-51-3,pl126
bliretriginum,bliretrigine,blirétrigine,bliretrigina,1233229-75-8,pl126
bocidelparum,bocidelpar,bocidelpar,bocidelpar,2417551-39-2,pl126
briquilimabum,briquilimab,briquilimab,briquilimab,2574591-89-0,pl126
burfiralimabum,burfiralimab,burfiralimab,burfiralimab,2460809-80-5,pl126
cabamiquinum,cabamiquine,,,,pl126
camoteskimabum,camoteskimab,camoteskimab,camoteskimab,2492472-82-7,pl126
cemdomespibum,cemdomespib,cemdomespib,cemdomespib,1450642-92-8,pl126
cifurtilimabum,cifurtilimab,cifurtilimab,cifurtilimab,1629760-27-5,pl126
cipepofolum,cipepofol,cipépofol,cipepofol,1637741-58-2,pl126
cirevetmabum,cirevetmab,cirévetmab,cirevetmab,2473240-98-9,pl126
claficapavirum,claficapavir,claficapavir,claficapavir,2055732-24-4,pl126
clesrovimabum,clesrovimab,clesrovimab,clesrovimab,2429913-18-6,pl126
crefmirlimabum,crefmirlimab,crefmirlimab,crefmirlimab,2611099-93-3,pl126
cudetaxestatum,cudetaxestat,cudétaxestat,cudetaxestat,1782070-21-6,pl126
deucrictibantum,deucrictibant,deucrictibant,deucrictibant,2340111-58-0,pl126
deutenzalutamidum,deutenzalutamide,deutenzalutamide,deutenzalutamida,1443331-82-5,pl126
dexfadrostatum,dexfadrostat,dexfadrostat,dexfadrostat,102676-87-9,pl126
eciruciclibum,eciruciclib,éciruciclib,eciruciclib,1868086-40-1,pl126
ecnoglutidum,ecnoglutide,ecnoglutide,ecnoglutida,2459531-73-6,pl126
efocipegtrutidum,efocipegtrutide,,,2513399-19-2,pl126
elapomestrocelum,elapomestrocel,élapomestrocel,elapomestrocel,,pl126
elarekibepum,elarekibep,élarékibep,elarekibep,2485020-60-6,pl126
elcubragistatum,elcubragistat,elcubragistat,elcubragistat,1446817-84-0,pl126
elzovantinibum,elzovantinib,elzovantinib,elzovantinib,2271119-26-5,pl126
emfizatamabum,emfizatamab,emfizatamab,emfizatamab,2559704-23-1,pl126
emirodatamabum,emirodatamab,émirodatamab,emirodatamab,2449199-61-3,pl126
emprumapimodum,emprumapimod,emprumapimod,emprumapimod,765914-60-1,pl126
emrusolminum,emrusolmin,emrusolmine,emrusolmina,882697-00-9,pl126
enbezotinibum,enbezotinib,enbézotinib,enbezotinib,2359649-81-1,pl126
encukalnerum,encukalner,encukalner,encukalner,2567881-77-8,pl126
enitociclibum,enitociclib,énitociclib,enitociclib,1610408-97-3,pl126
envonalkibum,envonalkib,envonalkib,envonalkib,1621519-26-3,pl126
esmethadonum,esmethadone,esméthadone,,5653-80-5,pl126
evencaleucelum,evencaleucel,évencaleucel,evencaleucel,,pl126
evorpaceptum,evorpacept,évorpacept,,2484949-51-9,pl126
fasedienolum,fasedienol,fasédiénol,fasedienol,23062-06-8,pl126
fazirsiranum,fazirsiran,fazirsiran,fazirsirán,2175009-08-0,pl126
fazpilodemabum,fazpilodemab,fazpilodémab,fazpilodemab,2517935-02-1,pl126
feniralstatum,feniralstat,féniralstat,feniralstat,2166320-76-7,pl126
fidrisertibum,fidrisertib,fidrisertib,fidrisertib,2141955-96-4,pl126
fipaxalparantum,fipaxalparant,fipaxalparant,fipaxalparant,1195941-38-8,pl126
fipravirimatum,fipravirimat,fipravirimat,fipravirimat,1818867-24-1,pl126
fiztasovimabum,fiztasovimab,fiztasovimab,fiztasovimab,1841444-25-4,pl126
frexalimabum,frexalimab,frexalimab,frexalimab,1345698-96-5,pl126
garsorasibum,garsorasib,garsorasib,garsorasib,2559761-14-5,pl126
gebasaxturevum,gebasaxturev,gébasaxturev,gebasaxturev,2122169-83-7,pl126
gefurulimabum,gefurulimab,géfurulimab,gefurulimab,2456407-94-4,pl126
gersizangitidum,gersizangitide,gersizangitide,gersizangitida,2417491-82-6,pl126
gilmelisibum,gilmelisib,gilmélisib,gilmelisib,1845777-61-8,pl126
golocdacimabum,golocdacimab,golocdacimab,golocdacimab,2427417-84-1,pl126
ifinatamabum,ifinatamab,ifinatamab,ifinatamab,2484870-92-8,pl126
imlunestrantum,imlunestrant,imlunestrant,imlunestrant,2408840-26-4,pl126
imvotamabum,imvotamab,imvotamab,imvotamab,2573121-53-4,pl126
inezetamabum,inezetamab,inézétamab,inezetamab,873438-88-1,pl126
iruplinalkibum,iruplinalkib,iruplinalkib,iruplinalkib,2413386-21-5,pl126
itruvonum,itruvone,itruvone,itruvona,21321-89-1,pl126
ivarmacitinibum,ivarmacitinib,ivarmacitinib,ivarmacitinib,1445987-21-2,pl126
izalontamabum,izalontamab,izalontamab,izalontamab,2559704-24-2,pl126
izenivetmabum,izenivetmab,izénivetmab,izenivetmab,2447755-72-6,pl126
izilendustatum,izilendustat,izilendustat,izilendustat,1303512-02-8,pl126
izorlisibum,izorlisib,izorlisib,izorlisib,1007207-67-1,pl126
lafadofensinum,lafadofensine,lafadofensine,lafadofensina,2425817-08-7,pl126
latikafuspum,latikafusp,latikafusp,latikafusp,2552814-07-8,pl126
lesabelimabum,lesabelimab,lésabélimab,lesabelimab,1228559-81-6,pl126
linvencorvirum,linvencorvir,linvencorvir,linvencorvir,1808248-05-6,pl126
linvoseltamabum,linvoseltamab,linvoseltamab,linvoseltamab,2408319-25-3,pl126
litifilimabum,litifilimab,litifilimab,litifilimab,,pl126
mazdutidum,mazdutide,mazdutide,mazdutida,2259884-03-0,pl126
mecbotamabum,mecbotamab,mecbotamab,mecbotamab,2460400-64-8,pl126
minzasolminum,minzasolmin,minzasolmine,minzasolmina,1802518-92-8,pl126
mitiperstatum,mitiperstat,mitiperstat,mitiperstat,1933460-19-5,pl126
motugivatrepum,motugivatrep,motugivatrep,motugivatrep,920332-28-1,pl126
mufemilastum,mufemilast,mufémilast,mufemilast,1255909-03-5,pl126
mulnitorsenum,mulnitorsen,mulnitorsen,mulnitorsén,1416390-27-6,pl126
narazaciclibum,narazaciclib,narazaciclib,narazaciclib,1357470-29-1,pl126
navepegritidum,navepegritide,navépégritide,navepegritida,2413551-27-4,pl126
nesuparibum,nesuparib,nésuparib,nesuparib,2055357-64-5,pl126
nomlabofuspum,nomlabofusp,nomlabofusp,nomlabofusp,2548202-05-5,pl126
obeversenum,obeversen,obéversen,obeversén,2304711-30-4,pl126
olitigaltinum,olitigaltin,olitigaltine,olitigaltina,1450824-22-2,pl126
onfasprodilum,onfasprodil,onfasprodil,onfasprodil,1892581-29-1,pl126
onradivirum,onradivir,onradivir,onradivir,2413849-94-0,pl126
osemitamabum,osemitamab,osémitamab,osemitamab,2460539-61-9,pl126
ozuriftamabum,ozuriftamab,ozuriftamab,ozuriftamab,1192491-85-2,pl126
padnarsertibum,padnarsertib,padnarsertib,padnarsertib,2218524-43-5,pl126
paltimatrectinibum,paltimatrectinib,paltimatrectinib,paltimatrectinib,2353522-15-1,pl126
palupiprantum,palupiprant,palupiprant,palupiprant,1369489-71-3,pl126
pecelegananum,peceleganan,,,850761-47-6,pl126
pegenzileukinum,pegenzileukin,pégenzileukine,pegenzileukina,2573074-47-0,pl126
pelgifatamabum,pelgifatamab,pelgifatamab,pelgifatamab,2414550-93-7,pl126
pemvidutidum,pemvidutide,pemvidutide,pemvidutida,2538014-94-5,pl126
peresolimabum,peresolimab,pérésolimab,peresolimab,2500674-05-3,pl126
pesampatorum,pesampator,pésampator,pesampator,1258963-59-5,pl126
pezadeftidum,pezadeftide,pézadeftide,pezadeftida,1207181-29-0,pl126
pirmitegravirum,pirmitegravir,pirmitégravir,pirmitegravir,2245231-10-9,pl126
posdinemabum,posdinemab,posdinémab,posdinemab,2517973-04-3,pl126
posovolonum,posovolone,posovolone,posovolona,256955-84-7,pl126
povorcitinibum,povorcitinib,povorcitinib,povorcitinib,1637677-22-5,pl126
quabodepistatum,quabodepistat,quabodépistat,quabodepistat,1883747-71-4,pl126
rafutrombopagum,rafutrombopag,rafutrombopag,rafutrombopag,2600513-51-5,pl126
raguneprocelum,raguneprocel,ragunéprocel,raguneprocel,,pl126
remumiocelum,remumiocel,rémumiocel,remumiocel,,pl126
reozalimabum,reozalimab,réozalimab,reozalimab,2445259-99-2,pl126
retezorogantum,retezorogant,rétézorogant,retezorogant,1950570-48-5,pl126
revumenibum,revumenib,révuménib,revumenib,2254278-53-8,pl126
riminkefonum,riminkefon,riminkéfon,riminkefón,2168572-99-2,pl126
rimtoregtidum,rimtoregtide,rimtorégtide,rimtoregtida,632-69-9,pl126
rosnilimabum,rosnilimab,rosnilimab,rosnilimab,2412764-40-8,pl126
ruzotolimodum,ruzotolimod,ruzotolimod,ruzotolimod,1948241-60-8,pl126
safimaltibum,safimaltib,safimaltib,safimaltib,2230273-76-2,pl126
safusidenibum,safusidenib,safusidénib,safusidenib,1898206-17-1,pl126
selcopintidum,selcopintide,selcopintide,selcopintida,2130912-34-2,pl126
semzuvolimabum,semzuvolimab,semzuvolimab,semzuvolimab,2409099-32-5,pl126
sepiapterinum,sepiapterin,sépiaptérine,sepiapterina,17094-01-8,pl126
sirpefenicolum,sirpefenicol,sirpéfénicol,sirpefenicol,1632310-24-7,pl126
sovleplenibum,sovleplenib,sovléplénib,sovleplenib,1415792-84-5,pl126
soziniberceptum,sozinibercept,,,2473125-34-5,pl126
tanuxiciclibum,tanuxiciclib,tanuxiciclib,tanuxiciclib,2411896-53-0,pl126
tegileridinum,tegileridine,tégiléridine,tegileridina,2095345-66-5,pl126
tinengotinibum,tinengotinib,tinengotinib,tinengotinib,2230490-29-4,pl126
tovorafenibum,tovorafenib,tovorafénib,tovorafenib,2454636-31-6,pl126
trisdecanoinum,trisdecanoin,trisdécanoïne,trisdecanoína,621-71-6,pl126
trontinemabum,trontinemab,trontinémab,trontinemab,2568868-35-7,pl126
tulmimetostatum,tulmimetostat,tulmimétostat,tulmimetostat,2567686-02-4,pl126
ulixacaltamidum,ulixacaltamide,ulixacaltamide,ulixacaltamida,1199236-64-0,pl126
utatrectinibum,utatrectinib,utatrectinib,utatrectinib,1079274-94-4,pl126
utreglutidum,utreglutide,utréglutide,utreglutida,2460862-12-6,pl126
valiltramiprosatum,valiltramiprosate,valiltramiprosate,valiltramiprosato,1034190-08-3,pl126
vanzacaftorum,vanzacaftor,vanzacaftor,vanzacaftor,2374124-49-7,pl126
vicasinabinum,vicasinabin,vicasinabine,vicasinabina,1433361-02-4,pl126
visugromabum,visugromab,visugromab,visugromab,2556646-63-8,pl126
vobramitamabum,vobramitamab,vobramitamab,vobramitamab,2490556-51-7,pl126
voxvogananum,voxvoganan,voxvoganan,voxvoganán,1166254-80-3,pl126
vurolenatidum,vurolenatide,vurolénatide,vurolenatida,2434640-83-0,pl126
vutiglabridinum,vutiglabridin,vutiglabridine,vutiglabridina,1800188-47-9,pl126
xalnesiranum,xalnesiran,xalnésiran,xalnesirán,2567881-78-9,pl126
zagociguatum,zagociguat,zagociguat,zagociguat,2201048-82-8,pl126
zamaglutenasum,zamaglutenase,zamagluténase,zamaglutenasa,2542082-32-4,pl126
zendusortidum,zendusortide,zendusortide,zendusortida,2098662-44-1,pl126
zevaquenabantum,zevaquenabant,zévaquénabant,zevaquenabant,1998760-00-1,pl126
zilganersenum,zilganersen,zilganersen,zilganersén,2305355-56-8,pl126
zilurgisertibum,zilurgisertib,zilurgisertib,zilurgisertib,2173389-57-4,pl126
zinlirvimabum,zinlirvimab,zinlirvimab,zinlirvimab,2417213-75-1,pl126
zipalertinibum,zipalertinib,zipalertinib,zipalertinib,1661854-97-2,pl126
amibufenamidum,amibufenamide,amibufénamide,amibufenamida,,pl126
debotansinum,debotansine,débotansine,debotansina,,pl126
mepixetilum,mepixetil,mépixétil,mepixetilo,,pl126
mopivabilum,mopivabil,mopivabil,mopivabilo,,pl126
obisbemedum,obisbemeda,obisbéméda,obisbemeda,,pl126
sucistilum,sucistil,sucistil,sucistilo,,pl126
sudocetaxelum,sudocetaxel,sudocétaxel,sudocetaxel,,pl126
tazevibulinum,tazevibulin,tazévibuline,tazevibulina,,pl126
tazidum,tazide,tazide,tazide,,pl126
tedromerum,tedromer,tédromère,tedrómero,,pl126
zuvotolimodum,zuvotolimod,zuvotolimod,zuvotolimod,,pl126
abimtrelvirum,abimtrelvir,abimtrelvir,abimtrelvir,2647530-75-2,pl126
bebtelovimabum,bebtelovimab,bebtélovimab,bebtelovimab,2578319-11-4,pl126
crexavibartum,crexavibart,crexavibart,crexavibart,2642552-02-9,pl126
ensitrelvirum,ensitrelvir,ensitrelvir,ensitrelvir,2647530-73-0,pl126
masavibartum,masavibart,,masavibart,2640223-84-1,pl126
nepuvibartum,nepuvibart,népuvibart,nepuvibart,2640224-48-0,pl126
nirmatrelvirum,nirmatrelvir,nirmatrelvir,nirmatrelvir,2628280-40-8,pl126
ogalvibartum,ogalvibart,ogalvibart,ogalvibart,2599039-60-6,pl126
paridiprubartum,paridiprubart,paridiprubart,paridiprubart,2641646-59-3,pl126
plutavimabum,plutavimab,plutavimab,plutavimab,2529854-88-2,pl126
polvitolimodum,polvitolimod,polvitolimod,polvitolimod,2245003-06-7,pl126
riltozinameranum,riltozinameran,riltozinaméran,riltozinamerán,2492423-29-5,pl126
acloproxalapum,acloproxalap,acloproxalap,acloproxalap,1824609-67-7,pl127
acoltremonum,acoltremon,acoltrémon,acoltremón,2607030-08-8,pl127
alpibectirum,alpibectir,alpibectir,alpibectir,2640356-62-1,pl127
amelenodorum,amelenodor,amélénodor,amelenodor,2389235-01-0,pl127
anizatrectinibum,anizatrectinib,anizatrectinib,anizatrectinib,1824664-89-2,pl127
anrikefonum,anrikefon,anrikéfon,anrikefón,2269511-95-5,pl127
ansornitinibum,ansornitinib,ansornitinib,ansornitinib,2636710-06-8,pl127
anzurstobartum,anzurstobart,anzurstobart,anzurstobart,2543693-10-1,pl127
apinocaltamidum,apinocaltamide,apinocaltamide,apinocaltamida,1838651-58-3,pl127
aroxybutyninum,aroxybutynin,aroxybutynine,,119618-21-2,pl127
asnuciclibum,asnuciclib,asnuciclib,asnuciclib,1421693-22-2,pl127
atisnolerbartum,atisnolerbart,atisnolerbart,atisnolerbart,2456308-79-3,pl127
azenosertibum,azenosertib,azénosertib,azenosertib,2376146-48-2,pl127
basroparibum,basroparib,basroparib,basroparib,1858179-75-5,pl127
batoprotafibum,batoprotafib,batoprotafib,batoprotafib,1801765-04-7,pl127
becotatugum,becotatug,bécotatug,becotatug,2648260-93-7,pl127
belrestotugum,belrestotug,belrestotug,belrestotug,2574438-65-4,pl127
bemdaneprocelum,bemdaneprocel,bemdanéprocel,bemdaneprocel,,pl127
bempikibartum,bempikibart,,bempikibart,1868138-66-2,pl127
bezeparsenum,bezeparsen,bézéparsen,bezeparsén,2639640-84-7,pl127
bizaxofuspum,bizaxofusp,bizaxofusp,bizaxofusp,1236019-35-4,pl127
boserolimabum,boserolimab,bosérolimab,boserolimab,2444297-08-7,pl127
bremzalerbartum,bremzalerbart,bremzalerbart,bremzalerbart,2456307-07-4,pl127
brogidirsenum,brogidirsen,brogidirsen,brogidirsén,2409088-11-3,pl127
buntanetapum,buntanetap,buntanetap,buntanetap,116839-68-0,pl127
cadisegliatinum,cadisegliatin,cadiségliatine,cadisegliatina,859525-02-3,pl127
calpurbatugum,calpurbatug,calpurbatug,calpurbatug,2635404-72-5,pl127
camlipixantum,camlipixant,camlipixant,camlipixant,1621164-74-6,pl127
camonsertibum,camonsertib,camonsertib,camonsertib,2417489-10-0,pl127
canocapavirum,canocapavir,canocapavir,canocapavir,2643331-37-5,pl127
cavutilidum,cavutilide,cavutilide,cavutilida,2640112-07-6,pl127
cenzileucelum,cenzileucel,cenzileucel,cenzileucel,,pl127
certepetidum,certepetide,certépétide,certepetida,2580154-02-3,pl127
ciduvectamigum,ciduvectamig,ciduvectamig,ciduvectamig,2412587-62-1,pl127
cofrogliptinum,cofrogliptin,cofrogliptine,cofrogliptina,2607030-09-9,pl127
crozbaciclibum,crozbaciclib,crozbaciclib,crozbaciclib,2099128-41-1,pl127
culmerciclibum,culmerciclib,culmerciclib,culmerciclib,2004705-28-4,pl127
dalmelitinibum,dalmelitinib,dalmélitinib,dalmelitinib,1637658-98-0,pl127
dalnicastobartum,dalnicastobart,dalnicastobart,dalnicastobart,2642171-59-1,pl127
dalzanemdorum,dalzanemdor,dalzanemdor,dalzanemdor,1629853-48-0,pl127
danburstotugum,danburstotug,danburstotug,danburstotug,2307144-65-4,pl127
danvilostomigum,danvilostomig,danvilostomig,danvilostomig,2599198-80-6,pl127
dargistotugum,dargistotug,dargistotug,dargistotug,2649362-29-6,pl127
dazdotuftidum,dazdotuftide,dazdotuftide,dazdotuftida,2522933-44-2,pl127
delpacibartum,delpacibart,delpacibart,de,2653183-68-5,pl127
denecimigum,denecimig,dénécimig,denecimig,2488745-86-2,pl127
denfivontinibum,denfivontinib,denfivontinib,denfivontinib,1457983-28-6,pl127
depulfavirinum,depulfavirine,dépulfavirine,depulfavirina,867365-76-2,pl127
devextinetugum,devextinetug,,,,pl127
neurological,,,,2609642-90-0,pl127
dimdazenilum,dimdazenil,dimdazénil,dimdazenil,308239-86-3,pl127
divarasibum,divarasib,divarasib,divarasib,2417987-45-0,pl127
dordavipronum,dordaviprone,dordaviprone,dordaviprona,1616632-77-9,pl127
dovramilastum,dovramilast,dovramilast,dovramilast,2649758-52-9,pl127
edecesertibum,edecesertib,édécésertib,edecesertib,2408839-73-4,pl127
eglatoprutugum,eglatoprutug,églatoprutug,eglatoprutug,,pl127
eldocasiranum,eldocasiran,eldocasiran,eldocasirán,2615098-65-0,pl127
elebsiranum,elebsiran,élebsiran,elebsirán,2648009-64-5,pl127
empasiprubartum,empasiprubart,empasiprubart,empasiprubart,,pl127
eneboparatidum,eneboparatide,énéboparatide,eneboparatida,2618581-50-1,pl127
epacmarstobartum,epacmarstobart,epacmarstobart,epacmarstobart,2518200-89-8,pl127
erepdekinrum,erepdekinra,,,,pl127
lysinamid,,,,2632271-13-5,pl127
etrinabdionum,etrinabdione,étrinabdione,etrinabdiona,1818428-24-8,pl127
evazarsenum,evazarsen,évazarsen,evazarsén,2589926-22-5,pl127
evunzekibartum,evunzekibart,évunzékibart,evunzekibart,2639688-77-8,pl127
exarafenibum,exarafenib,exarafénib,exarafenib,2639957-39-2,pl127
exlinkibartum,exlinkibart,exlinkibart,exlinkibart,2642171-64-8,pl127
famzeretcelum,famzeretcel,famzéretcel,famzeretcel,,pl127
fepixnebartum,fepixnebart,fépixnebart,fepixnebart,2489584-93-0,pl127
fequesetidum,fequesetide,féquésétide,fequesetida,1565797-57-0,pl127
forimtamigum,forimtamig,forimtamig,forimtamig,1951476-79-1,pl127
freneslerbartum,freneslerbart,fréneslerbart,freneslerbart,2453195-94-1,pl127
froniglutidum,froniglutide,froniglutide,froniglutida,1234965-40-2,pl127
fulimetibantum,fulimetibant,fulimétibant,fulimetibant,2231142-90-6,pl127
funobactamum,funobactam,funobactam,funobactam,2365454-12-0,pl127
golcadomidum,golcadomide,golcadomide,golcadomida,2379572-34-4,pl127
gumarontinibum,gumarontinib,gumarontinib,gumarontinib,1642581-63-2,pl127
ibcasertibum,ibcasertib,ibcasertib,ibcasertib,1256349-48-0,pl127
icanbelimodum,icanbelimod,icanbélimod,icanbelimod,2646695-70-5,pl127
inaleucelum,inaleucel,inaleucel,inaleucel,,pl127
inixaciclibum,inixaciclib,inixaciclib,inixaciclib,2538429-16-0,pl127
izeltabartum,izeltabart,izeltabart,izeltabart,2642078-62-2,pl127
izuforantum,izuforant,izuforant,izuforant,1429374-83-3,pl127
lefleugananum,lefleuganan,,,,pl127
antiprotozoal,,,,2233558-98-8,pl127
linavonkibartum,linavonkibart,linavonkibart,linavonkibart,2641647-12-1,pl127
lipustobartum,lipustobart,lipustobart,lipustobart,2639481-06-2,pl127
lomvastomigum,lomvastomig,lomvastomig,lomvastomig,2648840-52-0,pl127
lorundrostatum,lorundrostat,lorundrostat,lorundrostat,1820940-17-7,pl127
lunaxafuspum,lunaxafusp,lunaxafusp,lunaxafusp,2640087-71-2,pl127
luvixasertibum,luvixasertib,luvixasertib,luvixasertib,1610759-22-2,pl127
manusiranum,manusiran,manusiran,manusirán,2646704-10-9,pl127
maplirpaceptum,maplirpacept,maplirpacept,,2631667-06-4,pl127
masofanitenum,masofaniten,masofanitène,masofanitén,2416716-62-4,pl127
mavodelparum,mavodelpar,mavodelpar,mavodelpar,942594-93-6,pl127
mebufoteninum,mebufotenin,mébufoténine,mebufotenina,1019-45-0,pl127
mevonlerbartum,mevonlerbart,mévonlerbart,mevonlerbart,2453195-99-6,pl127
milpocitidum,milpocitide,,,2643306-81-2,pl127
misetionamidum,misetionamide,misétionamide,misetionamida,856785-75-6,pl127
mizacoratum,mizacorat,mizacorat,mizacorat,1893415-00-3,pl127
nadravaleucelum,nadravaleucel,nadravaleucel,nadravaleucel,,pl127
narlumosbartum,narlumosbart,narlumosbart,narlumosbart,2647419-93-8,pl127
neltependocelum,neltependocel,neltépendocel,neltependocel,,pl127
nelutroctivum,nelutroctiv,nélutroctiv,nelutroctiv,2299177-09-4,pl127
nenocorilantum,nenocorilant,nénocorilant,nenocorilant,1496509-78-4,pl127
nexiguranum,nexiguran,néxiguran,nexigurán,2640294-04-6,pl127
nisevokitugum,nisevokitug,nisévokitug,nisevokitug,2649854-92-0,pl127
nivasorexantum,nivasorexant,nivasorexant,nivasorexant,1435480-40-2,pl127
ocifisertibum,ocifisertib,ocifisertib,ocifisertib,1338806-73-7,pl127
odetiglucanum,odetiglucan,odétiglucane,odetiglucano,53238-80-5,pl127
omesdafexorum,omesdafexor,omesdafexor,omesdafexor,2244440-85-3,pl127
ompenaclidum,ompenaclid,ompénaclid,ompenaclid,353-09-3,pl127
pegozaferminum,pegozafermin,pégozafermine,pegozafermina,2489589-60-6,pl127
pegsebrenatidum,pegsebrenatide,pegsébrénatide,pegsebrenatida,2243292-26-2,pl127
pegtarviliasum,pegtarviliase,pegtarviliase,pegtarviliasa,2649372-23-4,pl127
pelecopanum,pelecopan,pélécopan,pelecopán,2378380-49-3,pl127
perenostobartum,perenostobart,pérénostobart,perenostobart,2643331-31-9,pl127
pifusertibum,pifusertib,pifusertib,pifusertib,2559453-71-1,pl127
plogosertibum,plogosertib,plogosertib,plogosertib,1137212-79-3,pl127
pociredirum,pociredir,pocirédir,pociredir,2490674-02-5,pl127
polzastobartum,polzastobart,polzastobart,polzastobart,2640981-19-5,pl127
porustobartum,porustobart,porustobart,porustobart,2649372-91-6,pl127
povafonidinum,povafonidine,povafonidine,povafonidina,177843-85-5,pl127
povetaciceptum,povetacicept,,povetacicept,2490217-42-8,pl127
pradusinstobartum,pradusinstobart,pradusinstobart,pradusinstobart,2642171-66-0,pl127
prafnosbartum,prafnosbart,prafnosbart,prafnosbart,2566473-71-8,pl127
puliginuradum,puliginurad,puliginurad,puliginurad,2013582-27-7,pl127
raludotatugum,raludotatug,raludotatug,raludotatug,2610074-57-0,pl127
ralzapastotugum,ralzapastotug,ralzapastotug,ralzapastotug,2648343-10-4,pl127
razpipadonum,razpipadon,razpipadon,razpipadón,1643489-35-3,pl127
resomelagonum,resomelagon,résomélagon,resomelagón,1809420-71-0,pl127
resugosbartum,resugosbart,résugosbart,resugosbart,2647412-09-5,pl127
rezpegaldesleukinum,rezpegaldesleukin,rezpégaldesleukine,rezpegaldesleukina,2641686-76-0,pl127
rifaquizinonum,rifaquizinone,rifaquizinone,rifaquizinona,922717-97-3,pl127
rifasutenizolum,rifasutenizol,rifasuténizol,rifasutenizol,1001314-13-1,pl127
rilparencelum,rilparencel,rilparencel,rilparencel,,pl127
riltovetbartum,riltovetbart,riltovetbart,riltovetbart,2641479-65-2,pl127
rilvegostomigum,rilvegostomig,rilvégostomig,rilvegostomig,2646715-00-4,pl127
ruserontinibum,ruserontinib,rusérontinib,ruserontinib,1350544-93-2,pl127
sacibertinibum,sacibertinib,sacibertinib,sacibertinib,2607029-99-0,pl127
selvigaltinum,selvigaltin,selvigaltine,selvigaltina,1978336-95-6,pl127
sipagladenantum,sipagladenant,sipagladénant,sipagladenant,1339955-03-1,pl127
tamnorzatinibum,tamnorzatinib,tamnorzatinib,tamnorzatinib,1646839-59-9,pl127
taragarestrantum,taragarestrant,taragarestrant,taragarestrant,2118899-51-5,pl127
tarperprumigum,tarperprumig,tarperprumig,tarperprumig,,pl127
tebideutorexantum,tebideutorexant,tébideutorexant,tebideutorexant,2567459-64-5,pl127
tinlorafenibum,tinlorafenib,tinlorafénib,tinlorafenib,2573781-75-4,pl127
tobemstomigum,tobemstomig,tobemstomig,tobemstomig,2648839-43-2,pl127
tobevibartum,tobevibart,tobévibart,tobevibart,2645440-65-7,pl127
tonlamarsenum,tonlamarsen,tonlamarsen,tonlamarsén,2647845-11-0,pl127
tulisokibartum,tulisokibart,tulisokibart,tulisokibart,2648504-55-4,pl127
tunodafilum,tunodafil,tunodafil,tunodafilo,804518-63-6,pl127
tuparstobartum,tuparstobart,tuparstobart,tuparstobart,2649466-03-3,pl127
tuspetinibum,tuspetinib,tuspétinib,tuspetinib,2294874-49-8,pl127
tuvusertibum,tuvusertib,tuvusertib,tuvusertib,1613200-51-3,pl127
ulecaciclibum,ulecaciclib,ulécaciclib,ulecaciclib,2589926-25-8,pl127
ulonivirinum,ulonivirine,ulonivirine,ulonivirina,1591823-76-5,pl127
ultevursenum,ultevursen,ultévursen,ultevursén,2642382-41-8,pl127
ulviprubartum,ulviprubart,,,,pl127
umesolerbartum,umesolerbart,umésolerbart,umesolerbart,2456307-11-0,pl127
umizortamigum,umizortamig,umizortamig,umizortamig,2599198-83-9,pl127
unecritinibum,unecritinib,unécritinib,unecritinib,1418026-92-2,pl127
vamotinibum,vamotinib,vamotinib,vamotinib,1416241-23-0,pl127
varokibartum,varokibart,varokibart,varokibart,2643349-04-4,pl127
vepdegestrantum,vepdegestrant,vepdégestrant,vepdegestrant,1628717-59-8,pl127
vilamakitugum,vilamakitug,vilamakitug,vilamakitug,2458202-06-5,pl127
vimnerixinum,vimnerixin,vimnérixine,vimnerixina,1418112-77-2,pl127
vipoglanstatum,vipoglanstat,vipoglanstat,vipoglanstat,1360622-01-0,pl127
vociprotafibum,vociprotafib,vociprotafib,vociprotafib,2172652-48-9,pl127
vodudeutentanum,vodudeutentan,vodudeutentan,vodudeutentán,2364365-83-1,pl127
volrustomigum,volrustomig,volrustomig,volrustomig,2407760-40-9,pl127
vulolisibum,vulolisib,vulolisib,vulolisib,2390105-79-8,pl127
xaluritamigum,xaluritamig,xaluritamig,xaluritamig,2559056-68-5,pl127
xelaglifamum,xelaglifam,xélaglifam,xelaglifam,2230597-99-4,pl127
xempritolimodum,xempritolimod,xempritolimod,xempritolimod,2639319-18-7,pl127
xilmenolonum,xilmenolone,xilménolone,xilmenolona,2368807-26-3,pl127
xininuradum,xininurad,xininurad,xininurad,2365178-28-3,pl127
zabadinostatum,zabadinostat,zabadinostat,zabadinostat,934828-12-3,pl127
zandatriginum,zandatrigine,zandatrigine,zandatrigina,2154406-04-7,pl127
zanzalintinibum,zanzalintinib,zanzalintinib,zanzalintinib,2367004-54-2,pl127
zegruvirimatum,zegruvirimat,zégruvirimat,zegruvirimat,2122781-86-4,pl127
zeripatamigum,zeripatamig,zéripatamig,zeripatamig,2607644-43-7,pl127
zerlasiranum,zerlasiran,zerlasiran,zerlasirán,2646703-64-0,pl127
ziclumeranum,ziclumeran,zicluméran,ziclumerán,2305431-29-0,pl127
zifcasiranum,zifcasiran,zifcasiran,zifcasirán,2437257-11-7,pl127
zifibancimigum,zifibancimig,zifibancimig,zifibancimig,2517939-46-5,pl127
zigakibartum,zigakibart,zigakibart,zigakibart,2601264-52-0,pl127
zolunicantum,zolunicant,zolunicant,zolunicant,188125-42-0,pl127
zosurabalpinum,zosurabalpin,zosurabalpine,zosurabalpina,2379336-76-0,pl127
berdoxamum,berdoxam,berdoxam,berdoxam,,pl127
etedesiranum,etedesiran,étédésiran,etedesirán,,pl127
fenilalanilum,fenilalanil,fénilalanil,fenilalanilo,,pl127
fosimdesonidum,fosimdesonide,fosimdésonide,fosimdesonida,,pl127
imbotolimodum,imbotolimod,imbotolimod,imbotolimod,,pl127
opadotinum,opadotin,opadotine,opadotina,,pl127
pactilum,pactil,pactil,pactil,,pl127
rezetecanum,rezetecan,rézétécan,rezetecán,,pl127
tapatansinum,tapatansine,tapatansine,tapatansina,,pl127
tazidum,tazide,tazide,tazide,,pl127
imelasomeranum,imelasomeran,imélasoméran,imelasomerán,2736440-65-4,pl127
bofutrelvirum,bofutrelvir,bofutrelvir,bofutrelvir,2103278-86-8,pl127
buloxibutidum,buloxibutid,buloxibutid,buloxibutid,477775-14-7,pl127
carocovateinum,carocovatein,carocovatéine,carocovateína,2762666-72-6,pl127
gorivitugum,gorivitug,,gorivitug,2765086-18-6,pl127
ibacovavecum,ibacovavec,ibacovavec,ibacovavec,2541607-46-7,pl127
nisfevitugum,nisfevitug,,,2643987-04-4,pl127
obeldesivirum,obeldesivir,obeldésivir,obeldesivir,2647441-36-7,pl127
pomotrelvirum,pomotrelvir,pomotrelvir,pomotrelvir,2713437-86-4,pl127
simaravibartum,simaravibart,,,2657609-23-7,pl127
ufrenmeranum,ufrenmeran,ufrenméran,ufrenmerán,2749556-96-3,pl127
zapomeranum,zapomeran,zapoméran,zapomerán,2727965-96-8,pl127
zeldesmeranum,zeldesmeran,zeldesméran,zeldesmerán,2726459-47-6,pl127
acimtamigum,acimtamig,acimtamig,acimtamig,2738880-26-5,pl128
adrixetinibum,adrixetinib,adrixétinib,adrixetinib,2750001-58-0,pl128
alintegimodum,alintegimod,alintégimod,alintegimod,1378535-08-0,pl128
anpocoginum,anpocogin,anpocogine,anpocogina,2417483-64-6,pl128
benmelstobartum,benmelstobart,benmelstobart,benmelstobart,216974-75-3,pl128
bevonesceinum,bevonescein,bévonescéine,bevonesceína,2276787-79-0,pl128
bidoleucelum,bidoleucel,bidoleucel,bidoleucel,,pl128
boditrectinibum,boditrectinib,boditrectinib,boditrectinib,1940165-80-9,pl128
brenetafuspum,brenetafusp,brénétafusp,brenetafusp,2736407-54-6,pl128
brigimadlinum,brigimadlin,brigimadline,brigimadlina,2095116-40-6,pl128
cemavafuspum,cemavafusp,cémavafusp,cemavafusp,2711705-98-3,pl128
cemsidomidum,cemsidomide,cemsidomide,cemsidomida,2504235-67-8,pl128
crisugabalinum,crisugabalin,crisugabaline,crisugabalina,2209104-84-5,pl128
daniluromerum,daniluromer,daniluromère,danilurómero,2644728-09-4,pl128
darizmetinibum,darizmetinib,darizmétinib,darizmetinib,2369583-33-3,pl128
davutamigum,davutamig,davutamig,,2648058-48-2,pl128
dazostinagum,dazostinag,dazostinag,dazostinag,2553413-86-6,pl128
dazukibartum,dazukibart,dazukibart,dazukibart,2639474-65-8,pl128
debamestrocelum,debamestrocel,débamestrocel,de,2660044-23-3,pl128
deupirfenidonum,deupirfenidone,deupirfénidone,deupirfenidona,1093951-85-9,pl128
dibutepinephrinum,dibutepinephrine,dibutépinéphrine,,2735735-23-4,pl128
duvakitugum,duvakitug,duvakitug,duvakitug,2750005-84-4,pl128
ederimotidum,ederimotide,édérimotide,ederimotida,2746354-58-3,pl128
elenestinibum,elenestinib,élénestinib,elenestinib,2505078-08-8,pl128
elriterceptum,elritercept,elritercept,,2727114-26-1,pl128
emzeltrectinibum,emzeltrectinib,emzeltrectinib,emzeltrectinib,2407527-16-4,pl128
enlonstobartum,enlonstobart,enlonstobart,enlonstobart,2651230-53-2,pl128
ersodetugum,ersodetug,ersodétug,ersodetug,2410976-61-1,pl128
erzotabartum,erzotabart,erzotabart,erzotabart,2678565-23-4,pl128
etimumotidum,etimumotide,étimumotide,etimumotida,1431550-68-3,pl128
eurestobartum,eurestobart,eurestobart,eurestobart,2682847-53-4,pl128
falbikitugum,falbikitug,falbikitug,falbikitug,2740565-02-8,pl128
fazamorexantum,fazamorexant,fazamorexant,fazamorexant,1808918-69-5,pl128
faznolutamidum,faznolutamide,faznolutamide,faznolutamida,1272719-08-0,pl128
ficonalkibum,ficonalkib,ficonalkib,ficonalkib,2233574-95-1,pl128
firastotugum,firastotug,firastotug,firastotug,2750031-14-0,pl128
flizasertibum,flizasertib,flizasertib,flizasertib,2757474-51-2,pl128
foslevcromakalimum,foslevcromakalim,foslevcromakalim,foslevcromakalim,1802655-72-6,pl128
fulzerasibum,fulzerasib,fulzérasib,fulzerasib,2584414-86-6,pl128
ganfeborolum,ganfeborole,ganfeborole,ganfeborol,2131798-12-2,pl128
gemlapodectum,gemlapodect,gemlapodect,gemlapodect,1380329-87-2,pl128
gotistobartum,gotistobart,gotistobart,gotistobart,2642374-02-3,pl128
gumelutamidum,gumelutamide,gumélutamide,gumelutamida,1831085-48-3,pl128
hypericinum,hypericin,hypéricine,,1372719-41-9,pl128
ifebemtinibum,ifebemtinib,ifébemtinib,ifebemtinib,1227948-82-4,pl128
iluzanebartum,iluzanebart,iluzanebart,iluzanebart,2733621-19-5,pl128
imsamotidum,imsamotide,imsamotide,imsamotida,2130836-27-8,pl128
inpegsomatropinum,inpegsomatropin,inpegsomatropine,inpegsomatropina,2656386-75-1,pl128
izumerogantum,izumerogant,izumérogant,izumerogant,2299252-72-3,pl128
lafuvitugum,lafuvitug,lafuvitug,lafuvitug,2743342-91-6,pl128
lartesertibum,lartesertib,lartésertib,lartesertib,2495096-26-7,pl128
lenumlostatum,lenumlostat,lénumlostat,lenumlostat,2098884-52-5,pl128
lirafugratinibum,lirafugratinib,lirafugratinib,lirafugratinib,2549174-42-5,pl128
lixudebartum,lixudebart,lixudébart,lixudebart,2583700-68-7,pl128
maridebartum,maridebart,maridébart,maridebartum,2760218-55-9,pl128
marlumotidum,marlumotide,marlumotide,marlumotida,952720-86-4,pl128
merigolixum,merigolix,mérigolix,merigolix,1454272-94-6,pl128
mifanertinibum,mifanertinib,mifanertinib,mifanertinib,1639014-72-4,pl128
migoprotafibum,migoprotafib,migoprotafib,migoprotafib,2377352-49-1,pl128
milrebrutinibum,milrebrutinib,milrébrutinib,milrebrutinib,2227211-00-7,pl128
monzosertibum,monzosertib,monzosertib,monzosertib,1402057-88-8,pl128
murcidencelum,murcidencel,murcidencel,murcidencel,,pl128
muvalaplinum,muvalaplin,muvalapline,muvalaplina,2565656-70-2,pl128
muzastotugum,muzastotug,muzastotug,muzastotug,2750031-18-4,pl128
narmafotinibum,narmafotinib,narmafotinib,narmafotinib,1393653-34-3,pl128
navacaprantum,navacaprant,navacaprant,navacaprant,2244614-14-8,pl128
nebratamigum,nebratamig,nébratamig,nebratamig,2694723-68-5,pl128
nelistotugum,nelistotug,nélistotug,nelistotug,2645437-82-5,pl128
neracorvirum,neracorvir,néracorvir,neracorvir,2243162-66-3,pl128
nezutatugum,nezutatug,,nezutatug,2673271-78-6,pl128
nimucitinibum,nimucitinib,nimucitinib,nimucitinib,2740557-24-6,pl128
nizubaglustatum,nizubaglustat,nizubaglustat,nizubaglustat,1633666-49-5,pl128
nolavetbartum,nolavetbart,nolavetbart,nolavetbart,2750248-93-0,pl128
oberotatugum,oberotatug,obérotatug,oberotatug,2641919-35-7,pl128
obertamigum,obertamig,obertamig,obertamig,2750126-32-8,pl128
oditrasertibum,oditrasertib,oditrasertib,oditrasertib,2252271-93-3,pl128
oloctinebartum,oloctinebart,oloctinebart,oloctinebart,1174415-90-7,pl128
opnurasibum,opnurasib,opnurasib,opnurasib,2653994-08-0,pl128
orforglipronum,orforglipron,orforglipron,orforgliprón,2212020-52-3,pl128
osivelotorum,osivelotor,osivélotor,osivelotor,2417955-18-9,pl128
ozekibartum,ozekibart,ozékibart,ozekibart,2539847-03-3,pl128
palazestrantum,palazestrant,palazestrant,palazestrant,2092925-89-6,pl128
patecibartum,patecibart,,,2641234-28-6,pl128
pegtarazimodum,pegtarazimod,pegtarazimod,pegtarazimod,2056232-82-5,pl128
picankibartum,picankibart,picankibart,picankibart,2622900-74-5,pl128
plixorafenibum,plixorafenib,plixorafénib,plixorafenib,1393466-87-9,pl128
pocenbrodibum,pocenbrodib,pocenbrodib,pocenbrodib,2304372-79-8,pl128
pralurbactamum,pralurbactam,pralurbactam,pralurbactam,2163782-59-8,pl128
pumecitinibum,pumecitinib,pumécitinib,pumecitinib,2401057-12-1,pl128
puxitatugum,puxitatug,puxitatug,puxitatug,2760250-80-2,pl128
quazomotidum,quazomotide,quazomotide,quazomotida,935395-33-8,pl128
rademikibartum,rademikibart,rademikibart,rademikibart,2648260-80-2,pl128
relutriginum,relutrigine,rélutrigine,relutrigina,2392951-29-8,pl128
remternetugum,remternetug,remternetug,remternetug,2571940-41-3,pl128
renvistobartum,renvistobart,renvistobart,renvistobart,2725062-35-9,pl128
resencatinibum,resencatinib,résencatinib,resencatinib,2546117-79-5,pl128
retatrutidum,retatrutide,rétatrutide,retatrutida,2381089-83-2,pl128
rildinadstrocelum,rildinadstrocel,rildinadstrocel,rildinadstrocel,,pl128
riliprubartum,riliprubart,riliprubart,riliprubart,,pl128
risovalisibum,risovalisib,risovalisib,risovalisib,1494684-28-4,pl128
risvodetinibum,risvodetinib,risvodétinib,risvodetinib,2031185-00-7,pl128
ritivixibatum,ritivixibat,ritivixibat,ritivixibat,2460667-52-9,pl128
rizedisbenum,rizedisben,rizédisbène,rizedisbén,1311570-07-6,pl128
rolistobartum,rolistobart,rolistobart,rolistobart,2723442-10-0,pl128
rolusafinum,rolusafine,rolusafine,rolusafina,2089153-78-4,pl128
rovadicitinibum,rovadicitinib,rovadicitinib,rovadicitinib,1948242-59-8,pl128
sabestomigum,sabestomig,sabestomig,sabestomig,2648346-74-9,pl128
sabirnetugum,sabirnetug,sabirnetug,sabirnetug,2747959-38-0,pl128
saruparibum,saruparib,saruparib,saruparib,2589531-76-8,pl128
sevasemtenum,sevasemten,sévasemten,sevasemtén,2417395-15-2,pl128
sofnobrutinibum,sofnobrutinib,sofnobrutinib,sofnobrutinib,2658561-40-9,pl128
sonrotoclaxum,sonrotoclax,sonrotoclax,sonrotoclax,2637466-37-4,pl128
sovipostobartum,sovipostobart,sovipostobart,sovipostobart,2649371-19-5,pl128
stapokibartum,stapokibart,,stapokibart,2734715-10-5,pl128
survodutidum,survodutide,survodutide,survodutida,2805997-46-8,pl128
suvemcitugum,suvemcitug,suvemcitug,suvemcitug,1610010-57-5,pl128
suzetriginum,suzetrigine,suzétrigine,suzetrigina,2649467-58-1,pl128
tamuzimodum,tamuzimod,tamuzimod,tamuzimod,2489565-37-7,pl128
tegoprubartum,tegoprubart,tégoprubart,tegoprubart,,pl128
temtokibartum,temtokibart,temtokibart,temtokibart,2639874-57-8,pl128
timdarpaceptum,timdarpacept,T,,2749520-17-8,pl128
tinodasertibum,tinodasertib,tinodasertib,tinodasertib,2641020-57-5,pl128
tivumecirnonum,tivumecirnon,tivumécirnon,tivumecirnón,2174938-78-2,pl128
trabikibartum,trabikibart,trabikibart,trabikibart,2740607-04-7,pl128
udifitimodum,udifitimod,udifitimod,udifitimod,2734771-59-4,pl128
uplegananum,upleganan,upléganan,upleganán,2407717-17-1,pl128
vabametkibum,vabametkib,vabametkib,vabametkib,1571903-56-4,pl128
vamikibartum,vamikibart,vamikibart,vamikibart,2744320-12-3,pl128
veligrotugum,veligrotug,véligrotug,,2728655-31-8,pl128
vemtoberantum,vemtoberant,vemtobérant,vemtoberant,2724922-85-2,pl128
verzistobartum,verzistobart,,,2649466-18-0,pl128
vididencelum,vididencel,vididencel,vididencel,,pl128
vonifimodum,vonifimod,vonifimod,vonifimod,2118903-18-5,pl128
vonsetamigum,vonsetamig,vonsétamig,vonsetamig,2408319-33-3,pl128
vopikitugum,vopikitug,vopikitug,vopikitug,2733581-99-0,pl128
vorumotidum,vorumotide,vorumotide,vorumotida,935395-34-9,pl128
zasocitinibum,zasocitinib,zasocitinib,zasocitinib,2272904-53-5,pl128
zatonacaftorum,zatonacaftor,zatonacaftor,zatonacaftor,2301945-38-8,pl128
zavondemstatum,zavondemstat,zavondemstat,zavondemstat,1851412-93-5,pl128
zelasudilum,zelasudil,zélasudil,zelasudil,2365193-22-0,pl128
zelnecirnonum,zelnecirnon,zelnécirnon,zelnecirnón,2366152-15-8,pl128
zenidololum,zenidolol,zénidolol,zenidolol,91021-57-7,pl128
zidesamtinibum,zidesamtinib,zidésamtinib,zidesamtinib,2739829-00-4,pl128
zongertinibum,zongertinib,zongertinib,zongertinib,2728667-27-2,pl128
zotizalkibum,zotizalkib,zotizalkib,zotizalkib,2648641-36-3,pl128
zovostotugum,zovostotug,,zovostotug,2756228-84-7,pl128
zurletrectinibum,zurletrectinib,zurlétrectinib,zurletrectinib,2403703-30-8,pl128
botidotinum,botidotin,botidotine,botidotina,,pl128
cafraglutidum,cafraglutide,cafraglutide,cafraglutide,,pl128
samrotecanum,samrotecan,samrotécan,samrotecàn,,pl128
tomilopilum,tomilopil,tomilopil,tomilopilo,,pl128
secelasomeranum,secelasomeran,sécélasoméran,secelasomerán,2642373-67-7,pl128
davesomeranum,davesomeran,davésoméran,davesomerán,2798905-80-1,pl128
famtozinameranum,famtozinameran,famtozinaméran,famtozinamerán,2785347-58-0,pl128
aderamastatum,aderamastat,adéramastat,aderamastat,877176-23-3,pl128
alsecovateinum,alsecovatein,alsécovatéine,alsecovateína,2768081-34-9,pl128
canrivitugum,canrivitug,,canrivitug,2663616-93-9,pl128
enlicovateinum,enlicovatein,enlicovatéine,enlicovateína,2769989-44-6,pl128
laricovateinum,laricovatein,laricovatéine,laricovateína,2777034-67-8,pl128
mindeudesivirum,mindeudesivir,mindeudésivir,mindeudesivir,1887069-10-4,pl128
riticovateinum,riticovatein,riticovatéine,riticovateína,2777034-69-0,pl128
selvacovateinum,selvacovatein,selvacovatéine,,2750241-84-8,pl128
sorimcovateinum,sorimcovatein,sorimcovatéine,sorimcovateína,2777034-70-3,pl128
talfirastidum,talfirastide,talfirastide,talfirastida,51833-78-4,pl128
tibrecovateinum,tibrecovatein,tibrécovatéine,tibrecovateína,2777034-68-9,pl128
abiprubartum,abiprubart,abiprubart,abiprubart,,pl129
alextatugum,alextatug,alextatug,alextatug,2768264-93-1,pl129
alisvetcelum,alisvetcel,alisvetcel,alisvetcel,,pl129
aneratriginum,aneratrigine,anératrigine,aneratrigina,2097163-74-9,pl129
arbemnifosbuvirum,arbemnifosbuvir,arbemnifosbuvir,arbemnifosbuvir,1998705-63-7,pl129
avenciguatum,avenciguat,avenciguat,avenciguat,1579514-06-9,pl129
bavtavirinum,bavtavirine,bavtavirine,bavtavirina,1956373-71-9,pl129
bemfivastatinum,bemfivastatin,bemfivastatine,bemfivastatina,2766038-73-5,pl129
bevemipretidum,bevemipretide,bévémiprétide,bevemipretida,2356106-71-1,pl129
bexicaserinum,bexicaserin,bexicasérine,bexicaserina,2035818-24-5,pl129
bezetabartum,bezetabart,bézétabart,bezetabart,2763746-70-7,pl129
bezisterimum,bezisterim,bézistérim,bezisterim,1194396-71-8,pl129
bivamelagonum,bivamelagon,bivamélagon,bivamelagón,2641595-54-0,pl129
bleximenibum,bleximenib,bleximénib,bleximenib,2654081-35-1,pl129
bocodepsinum,bocodepsin,bocodepsine,bocodepsina,2768756-11-0,pl129
budoprutugum,budoprutug,budoprutug,budoprutug,,pl129
cabotamigum,cabotamig,cabotamig,cabotamig,2755301-09-6,pl129
canlitinibum,canlitinib,canlitinib,canlitinib,2222730-78-9,pl129
cepeprubartum,cepeprubart,cépéprubart,cepeprubart,,pl129
ciboterceptum,cibotercept,,,2769700-97-0,pl129
cibrigirsenum,cibrigirsen,cibrigirsen,cibrigirsén,160614-28-8,pl129
cinsebrutinibum,cinsebrutinib,cinsébrutinib,cinsebrutinib,2724962-58-5,pl129
civorebrutinibum,civorebrutinib,civorébrutinib,civorebrutinib,2766142-50-9,pl129
clofutribenum,clofutriben,clofutribène,clofutribén,1204178-50-6,pl129
coramitugum,coramitug,coramitug,coramitug,2626841-92-5,pl129
dasminapantum,dasminapant,dasminapant,dasminapant,1570231-89-8,pl129
davelizomibum,davelizomib,davélizomib,davelizomib,2409841-51-4,pl129
demannosum,demannose,démannose,,530-26-7,pl129
deupsilocinum,deupsilocin,deupsilocine,deupsilocina,1435934-64-7,pl129
digadoglucitolum,digadoglucitol,digadoglucitol,digadoglucitol,2098944-37-5,pl129
donzakimigum,donzakimig,donzakimig,donzakimig,2765066-99-5,pl129
dorocubicelum,dorocubicel,dorocubicel,dorocubicel,,pl129
edelinontrinum,edelinontrine,édélinontrine,edelinontrina,2760549-52-6,pl129
efpegerglucagonum,efpegerglucagon,efpégerglucagon,efpegerglucagón,2766774-81-4,pl129
elfucosum,elfucose,elfucose,elfucosa,,pl129
eltrekibartum,eltrekibart,eltrékibart,eltrekibart,2484883-56-7,pl129
emidurdarum,emidurdar,émidurdar,emidurdar,265646-85-3,pl129
emilumenibum,emilumenib,émiluménib,emilumenib,2440018-29-9,pl129
emzadiribum,emzadirib,emzadirib,emzadirib,2301085-04-9,pl129
enavermotidum,enavermotide,énavermotide,enavermotida,524060-93-3,pl129
enristomigum,enristomig,enristomig,enristomig,2539845-73-1,pl129
envuretcelum,envuretcel,envuretcel,envuretcel,,pl129
evalstotugum,evalstotug,évalstotug,evalstotug,2460399-39-5,pl129
evruleucelum,evruleucel,évruleucel,evruleucel,,pl129
fanastomigum,fanastomig,fanastomig,fanastomig,2761795-00-8,pl129
fexagratinibum,fexagratinib,fexagratinib,fexagratinib,1035270-39-3,pl129
firmonertinibum,firmonertinib,firmonertinib,firmonertinib,156021-12-4,pl129
fosigotifatorum,fosigotifator,,,,pl129
activator,,,,2415715-84-1,pl129
friluglanstatum,friluglanstat,friluglanstat,friluglanstat,1422203-86-8,pl129
frunexianum,frunexian,frunéxian,frunexián,1803270-60-1,pl129
galvokimigum,galvokimig,galvokimig,galvokimig,2648456-30-6,pl129
gamcemetinibum,gamcemetinib,gamcémétinib,gamcemetinib,1887069-10-4,pl129
ganipatidum,ganipatide,ganipatide,ganipatida,2758595-29-6,pl129
gengleucelum,gengleucel,gengleucel,gengleucel,,pl129
givastomigum,givastomig,givastomig,givastomig,2762499-30-7,pl129
glecirasibum,glecirasib,glécirasib,glecirasib,2657613-87-9,pl129
golmestrocelum,golmestrocel,,,,pl129
glycosaminoglycan,,,,,pl129
gruticibartum,gruticibart,gruticibart,gruticibart,2704554-77-6,pl129
ibentatugum,ibentatug,ibentatug,ibentatug,2767983-94-6,pl129
icalcaprantum,icalcaprant,icalcaprant,icalcaprant,2227384-17-8,pl129
igermetostatum,igermetostat,igermétostat,igermetostat,2409538-60-7,pl129
imdatifanum,imdatifan,imdatifan,imdatifán,2511247-29-1,pl129
invopressinum,invopressin,invopressine,,1488411-60-4,pl129
irpagratinibum,irpagratinib,irpagratinib,irpagratinib,2230974-62-4,pl129
irucalantidum,irucalantide,irucalantide,irucalantida,2760528-47-8,pl129
izastobartum,izastobart,izastobart,izastobart,2769937-42-8,pl129
labuxtinibum,labuxtinib,labuxtinib,labuxtinib,1426449-01-5,pl129
lacutoclaxum,lacutoclax,lacutoclax,lacutoclax,2291166-56-6,pl129
lancastotugum,lancastotug,,lancastotug,2768355-20-8,pl129
latovetcelum,latovetcel,latovetcel,latovetcel,,pl129
lepzacitinibum,lepzacitinib,lepzacitinib,lepzacitinib,2321488-47-3,pl129
leramistatum,leramistat,léramistat,leramistat,1642602-54-7,pl129
lerzeparibum,lerzeparib,lerzéparib,lerzeparib,2459693-01-5,pl129
limantrafinum,limantrafin,limantrafine,limantrafina,218457-67-1,pl129
limaresiquimodum,limaresiquimod,limarésiquimod,limaresiquimod,2762923-39-5,pl129
lingdolinuradum,lingdolinurad,lingdolinurad,lingdolinurad,2088176-96-7,pl129
lixumistatum,lixumistat,lixumistat,lixumistat,1422365-93-2,pl129
londamocitinibum,londamocitinib,londamocitinib,londamocitinib,2241039-81-4,pl129
lotiglipronum,lotiglipron,lotiglipron,lotigliprón,2401892-75-7,pl129
lucicebtidum,lucicebtide,lucicebtide,lucicebtida,2407100-74-5,pl129
lumrotatugum,lumrotatug,lumrotatug,lumrotatug,2760318-99-6,pl129
lunsekimigum,lunsekimig,lunsékimig,lunsekimig,2770858-49-4,pl129
luvagrobartum,luvagrobart,luvagrobart,luvagrobart,2768355-18-4,pl129
luxdegalutamidum,luxdegalutamide,luxdégalutamide,luxdegalutamida,2750830-09-0,pl129
migaldendranibum,migaldendranib,migaldendranib,migaldendranib,2757474-53-4,pl129
mivelsiranum,mivelsiran,mivelsiran,mivelsirán,2572991-83-2,pl129
monlunabantum,monlunabant,monlunabant,monlunabant,2712480-46-9,pl129
mosnodenvirum,mosnodenvir,mosnodenvir,mosnodenvir,2043343-94-6,pl129
nedometinibum,nedometinib,nédométinib,nedometinib,2252314-46-6,pl129
negalstobartum,negalstobart,négalstobart,negalstobart,2360418-68-2,pl129
nelmastobartum,nelmastobart,nelmastobart,nelmastobart,2669823-48-5,pl129
nerandomilastum,nerandomilast,nérandomilast,nerandomilast,1423719-30-5,pl129
nerigliatinum,nerigliatin,nérigliatine,nerigliatina,1245603-92-2,pl129
nesvategrastum,nesvategrast,nesvatégrast,nesvategrast,1621332-91-9,pl129
nevadistinelum,nevadistinel,névadistinel,nevadistinel,2181816-92-0,pl129
nezastomigum,nezastomig,nézastomig,nezastomig,2773545-20-1,pl129
nisotirostidum,nisotirostide,nisotirostide,nisotirostida,2663844-45-7,pl129
omoprubartum,omoprubart,omoprubart,omoprubart,,pl129
omramotidum,omramotide,omramotide,omramotida,2306406-71-1,pl129
onacrisantaspasum,onacrisantaspase,onacrisantaspase,onacrisantaspasa,2764760-02-1,pl129
opelkibartum,opelkibart,opelkibart,opelkibart,2771389-45-6,pl129
opemalirsenum,opemalirsen,opémalirsen,opemalirsén,2639853-99-7,pl129
opevesostatum,opevesostat,opévésostat,opevesostat,2231294-96-3,pl129
orzilobenum,orziloben,orzilobène,orzilobén,1555822-28-0,pl129
osavampatorum,osavampator,osavampator,osavampator,1358751-06-0,pl129
osunprotafibum,osunprotafib,osunprotafib,osunprotafib,2489404-97-7,pl129
oximbomotidum,oximbomotide,oximbomotide,oximbomotida,2306406-51-7,pl129
pamvatamigum,pamvatamig,pamvatamig,pamvatamig,2750004-05-6,pl129
pegmispotidum,pegmispotide,pegmispotide,pegmispotida,2412193-70-3,pl129
perfluorohexyloctanum,perfluorohexyloctane,perfluorohexyloctane,,133331-77-8,pl129
petrelintidum,petrelintide,pétrélintide,petrelintida,2766385-23-1,pl129
pimicotinibum,pimicotinib,pimicotinib,pimicotinib,2253123-16-7,pl129
pobrolitidum,pobrolitide,pobrolitide,pobrolitida,2775373-65-2,pl129
pozdeutinuradum,pozdeutinurad,pozdeutinurad,pozdeutinurad,2764626-03-9,pl129
ragistomigum,ragistomig,ragistomig,ragistomig,2763222-58-6,pl129
rapirosiranum,rapirosiran,rapirosiran,rapirosirán,2755196-97-3,pl129
redafamdastatum,redafamdastat,rédafamdastat,redafamdastat,1020315-31-4,pl129
reflocibartum,reflocibart,réflocibart,reflocibart,2642578-92-3,pl129
repicericelum,repicericel,répicéricel,repicericel,,pl129
resigratinibum,resigratinib,résigratinib,resigratinib,2750709-91-0,pl129
rezatapoptum,rezatapopt,rézatapopt,rezatapopt,2636846-41-6,pl129
rezetamigum,rezetamig,rézétamig,rezetamig,2795115-07-8,pl129
rezorstobartum,rezorstobart,,,2762201-86-3,pl129
risevistinelum,risevistinel,risévistinel,risevistinel,2591344-26-0,pl129
rocbrutinibum,rocbrutinib,rocbrutinib,rocbrutinib,2485861-07-0,pl129
roconkibartum,roconkibart,roconkibart,roconkibart,2638480-59-6,pl129
roginolisibum,roginolisib,roginolisib,roginolisib,2768350-77-0,pl129
seniprutugum,seniprutug,séniprutug,seniprutug,,pl129
sifaroboceptum,sifarobocept,,,2760175-31-1,pl129
sigvotatugum,sigvotatug,sigvotatug,sigvotatug,2764774-91-4,pl129
silevimigum,silevimig,silévimig,silevimig,2618667-99-3,pl129
sipavibartum,sipavibart,,,2768288-97-5,pl129
solbinsiranum,solbinsiran,solbinsiran,solbinsirán,2718150-11-7,pl129
solizmestrocelum,solizmestrocel,solizmestrocel,solizmestrocel,,pl129
solrikitugum,solrikitug,,,2768721-24-8,pl129
sontigidomidum,sontigidomide,sontigidomide,sontigidomida,2560577-69-5,pl129
sucantomotidum,sucantomotide,sucantomotide,sucantomotida,2378651-62-6,pl129
sutidiazinum,sutidiazine,,,,pl129
tacaciclibum,tacaciclib,tacaciclib,tacaciclib,2768774-66-7,pl129
tagtociclibum,tagtociclib,tagtociclib,tagtociclib,2460249-19-6,pl129
tarumasum,tarumase,tarumase,tarumasa,1243416-10-5,pl129
tebapivatum,tebapivat,tébapivat,tebapivat,2283422-04-6,pl129
tegeprotafibum,tegeprotafib,tégéprotafib,tegeprotafib,1817769-42-8,pl129
tesrivetcelum,tesrivetcel,tesrivetcel,tesrivetcel,,pl129
tibremciclibum,tibremciclib,tibremciclib,tibremciclib,2397678-18-9,pl129
tisolagilinum,tisolagiline,tisolagiline,tisolagilina,2761149-81-7,pl129
traxivitugum,traxivitug,traxivitug,traxivitug,2770852-89-4,pl129
troculeucelum,troculeucel,troculeucel,troculeucel,1518779-60-6,pl129
ucenprubartum,ucenprubart,,ucenprubart,2414559-57-0,pl129
uplarafenibum,uplarafenib,uplarafénib,uplarafenib,1425485-87-5,pl129
uprevstobartum,uprevstobart,uprevstobart,uprevstobart,2762201-85-2,pl129
usilnetugum,usilnetug,usilnetug,usilnetug,2770861-19-1,pl129
usnoflastum,usnoflast,usnoflast,usnoflast,2455519-86-3,pl129
vamagloxistatum,vamagloxistat,vamagloxistat,vamagloxistat,2408241-62-1,pl129
venanprubartum,venanprubart,vénanprubart,venanprubart,,pl129
verekitugum,verekitug,,,2768386-15-6,pl129
vevoctadekinum,vevoctadekin,vévoctadékine,vevoctadekina,2768756-51-8,pl129
vicatertidum,vicatertide,vicatertide,vicatertida,1251838-01-3,pl129
vilastobartum,vilastobart,vilastobart,vilastobart,2760549-50-4,pl129
vimekofuspum,vimekofusp,vimékofusp,vimekofusp,2771192-33-5,pl129
vipalanebartum,vipalanebart,vipalanebart,vipalanebart,2642173-04-2,pl129
visepegenatidum,visepegenatide,visépégénatide,visepegenatida,2641081-54-9,pl129
vorbipiprantum,vorbipiprant,vorbipiprant,vorbipiprant,1417742-86-9,pl129
votoplamum,votoplam,votoplam,votoplam,2407849-89-0,pl129
xirestomigum,xirestomig,xirestomig,xirestomig,2756879-35-1,pl129
zalferminum,zalfermin,zalfermine,zalfermina,1958040-66-8,pl129
zalogananum,zaloganan,zaloganan,zaloganán,2759007-66-2,pl129
zamaporvintum,zamaporvint,zamaporvint,zamaporvint,1900754-56-4,pl129
zelatriazinum,zelatriazin,zélatriazine,zelatriazina,1929519-13-0,pl129
zelecimentum,zeleciment,zéléciment,zeleciment,2725863-42-1,pl129
zelenectidum,zelenectide,zélénectide,zelenectida,2407446-48-2,pl129
zelicapavirum,zelicapavir,zélicapavir,zelicapavir,2070852-76-3,pl129
zevotrelvirum,zevotrelvir,zévotrelvir,zevotrelvir,2773516-53-1,pl129
zimislecelum,zimislecel,zimislecel,zimislecel,,pl129
zotresiranum,zotresiran,zotrésiran,zotresirán,2756821-85-7,pl129
andusomeranum,andusomeran,andusoméran,andusomerán,2918977-08-7,pl129
pitozinameranum,pitozinameran,pitozinaméran,pitozinamerán,2920299-36-9,pl129
raxtozinameranum,raxtozinameran,raxtozinaméran,raxtozinamerán,2887554-49-4,pl129
tegrenmeranum,tegrenmeran,tégrenméran,tegrenmerán,2889466-36-6,pl129
upalsecovateinum,upalsecovatein,upalsécovatéine,upalsecovateína,,pl129
vintesomeranum,vintesomeran,vintésoméran,vintesomerán,2923391-66-4,pl129
atilotrelvirum,atilotrelvir,atilotrelvir,atilotrelvir,2850365-55-6,pl129
canvirceptum,canvircept,,canvircept,2833647-10-0,pl129
deunirmatrelvirum,deunirmatrelvir,deunirmatrelvir,deunirmatrelvir,2861202-79-9,pl129
ibuzatrelvirum,ibuzatrelvir,ibuzatrelvir,ibuzatrelvir,2755812-39-4,pl129
olgotrelvirum,olgotrelvir,olgotrelvir,olgotrelvir,2763596-71-8,pl129
pemivibartum,pemivibart,pémivibart,pemivibart,2858673-18-2,pl129
rovunaptabinum,rovunaptabin,rovunaptabine,rovunaptabina,145563-68-4,pl129
talovirtidum,talovirtide,talovirtide,talovirtida,2868285-05-4,pl129
timcevibartum,timcevibart,timcévibart,timcevibart,2857862-27-0,pl129
tirfipiravirum,tirfipiravir,tirfipiravir,tirfipiravir,2759996-93-3,pl129
vecilmeranum,vecilmeran,vécilméran,vecilmerán,2854349-87-2,pl129
velucovacapum,velucovacap,vélucovacap,velucovacap,2856375-51-2,pl129
basivarsenum,basivarsen,basivarsen,basivarsén,,pl129
brengitecanum,brengitecan,brengitécan,brengitecán,,pl129
dasaroxetanum,dasaroxetan,dasaroxétan,dasaroxetán,,pl129
elmanitinum,elmanitin,elmanitine,elmanitina,,pl129
grenodum,grenod,grénod,grenod,,pl129
pevedotinum,pevedotin,pévédotine,pevedotina,,pl129
rostudirsenum,rostudirsen,rostudirsen,rostudirsén,,pl129
tesaroxetanum,tesaroxetan,tésaroxétan,tesaroxetán,,pl129
tirumotecanum,tirumotecan,tirumotécan,tirumotecán,72795-26-7,pl129
abenacianinum,abenacianine,abénacianine,abenacianina,2231255-31-3,pl130
adakitugum,adakitug,adakitug,adakitug,2837159-88-1,pl130
admilparantum,admilparant,admilparant,admilparant,2817686-50-1,pl130
aldastotugum,aldastotug,aldastotug,aldastotug,2865844-59-1,pl130
amlenetugum,amlenetug,amlénetug,amlenetug,2850367-41-6,pl130
amostomigum,amostomig,amostomig,amostomig,2850355-94-9,pl130
ansipastobartum,ansipastobart,ansipastobart,ansipastobart,2829250-32-8,pl130
aplitabartum,aplitabart,aplitabart,aplitabart,2796349-94-3,pl130
asandeutertinibum,asandeutertinib,asandeutertinib,asandeutertinib,1638281-46-5,pl130
asengeprastum,asengeprast,asengéprast,asengeprast,1001288-58-9,pl130
ateganosinum,ateganosine,atéganosine,ateganosina,789-61-7,pl130
atigotatugum,atigotatug,atigotatug,atigotatug,2733581-82-1,pl130
atumelnantum,atumelnant,atumelnant,atumelnant,2392970-97-5,pl130
avitotamigum,avitotamig,avitotamig,avitotamig,2577961-36-3,pl130
azirkitugum,azirkitug,à,,2837169-12-5,pl130
beretemcelum,beretemcel,bérétemcel,beretemcel,,pl130
bexatamigum,bexatamig,bexatamig,bexatamig,2871775-98-1,pl130
bimokalnerum,bimokalner,bimokalner,bimokalner,2243284-19-5,pl130
bofanglutidum,bofanglutide,bofanglutide,bofanglutida,2668298-70-0,pl130
bosakitugum,bosakitug,bosakitug,bosakitug,2762183-23-1,pl130
brezivaptanum,brezivaptan,brézivaptan,brezivaptán,1370444-22-6,pl130
brimarafenibum,brimarafenib,brimarafénib,brimarafenib,1643326-82-2,pl130
brivekimigum,brivekimig,brivékimig,brivekimig,2834733-45-6,pl130
cafelkibartum,cafelkibart,,,2851855-89-3,pl130
calotatugum,calotatug,calotatug,calotatug,2853491-11-7,pl130
camibirstatum,camibirstat,camibirstat,camibirstat,2847055-64-3,pl130
claziprotamidum,claziprotamide,claziprotamide,claziprotamida,2361124-03-8,pl130
comekibartum,comekibart,comékibart,comekibart,2841388-40-5,pl130
crebankitugum,crebankitug,crébankitug,crebankitug,2893793-17-2,pl130
crelosidenibum,crelosidenib,crélosidénib,crelosidenib,2230263-60-0,pl130
cugrastomigum,cugrastomig,cugrastomig,cugrastomig,2852680-10-3,pl130
dalmitamigum,dalmitamig,,,2765077-69-6,pl130
dapolsertibum,dapolsertib,dapolsertib,dapolsertib,1616359-00-2,pl130
darbinuradum,darbinurad,darbinurad,darbinurad,1877347-38-0,pl130
denikitugum,denikitug,dénikitug,denikitug,2865822-82-6,pl130
dibotatugum,dibotatug,,,2842038-48-4,pl130
dimethyltryptaminum,dimethyltryptamine,diméthyltryptamine,,,pl130
donitabartum,donitabart,donitabart,donitabart,2768102-81-2,pl130
ebrasodebartum,ebrasodebart,ébrasodébart,ebrasodebart,2761347-19-5,pl130
elsunersenum,elsunersen,elsunersen,elsunersén,2756001-75-7,pl130
emiltatugum,emiltatug,emiltatug,emiltatugum,2855974-40-0,pl130
envudeucitinibum,envudeucitinib,envudeucitinib,envudeucitinib,2417135-66-9,pl130
enzomenibum,enzomenib,enzoménib,enzomenib,2412555-70-3,pl130
epsametostatum,epsametostat,epsamétostat,epsametostat,2852680-28-3,pl130
etentamigum,etentamig,étentamig,etentamig,2490552-52-6,pl130
ezobresibum,ezobresib,ézobrésib,ezobresib,2764727-44-6,pl130
flezurafenibum,flezurafenib,flezurafenib,,,pl130
flezurafenibum,flezurafenib,flézurafénib,flezurafenib,2348493-39-8,pl130
foselutoclaxum,foselutoclax,fosélutoclax,foselutoclax,2271269-01-1,pl130
fovinaciclibum,fovinaciclib,fovinaciclib,fovinaciclib,2146171-49-3,pl130
frevecitinibum,frevecitinib,frévécitinib,frevecitinib,1299417-07-4,pl130
gildeuretinolum,gildeuretinol,gildeuretinol,gildeuretinol,118139-35-8,pl130
gimistotugum,gimistotug,gimistotug,gimistotug,2768487-95-0,pl130
girocitinibum,girocitinib,girocitinib,girocitinib,2222137-79-1,pl130
glovadalenum,glovadalen,glovadalène,glovadalén,2576359-31-2,pl130
gocatamigum,gocatamig,gocatamig,gocatamig,2851862-91-2,pl130
ibrilatazarum,ibrilatazar,ibrilatazar,ibrilatazar,57818-44-7,pl130
icotrokinraum,icotrokinra,icotrokinra,icotrokinra,2763602-16-8,pl130
icovamenibum,icovamenib,icovaménib,icovamenib,2448172-22-1,pl130
ilantimodum,ilantimod,ilantimod,ilantimod,2242464-44-2,pl130
imdusiranum,imdusiran,imdusiran,imdusirán,2839476-19-4,pl130
imelcimentum,imelciment,imelciment,imelciment,2845128-03-0,pl130
imocitrelvirum,imocitrelvir,imocitrelvir,imocitrelvir,343565-99-1,pl130
indenebartum,indenebart,indénebart,indenebart,2864437-88-5,pl130
inlexisertibum,inlexisertib,inlexisertib,inlexisertib,76641-05-9,pl130
lanerkitugum,lanerkitug,lanerkitug,lanerkitug,2839417-54-6,pl130
lefelsiranum,lefelsiran,léfelsiran,lefelsirán,2765645-87-0,pl130
lepodisiranum,lepodisiran,lépodisiran,lepodisirán,2808361-18-2,pl130
lesigerceptum,lesigercept,,lesigercept,2878448-12-3,pl130
libevitugum,libevitug,libévitug,libevitug,2817665-64-6,pl130
linclatamigum,linclatamig,linclatamig,linclatamig,2885203-43-8,pl130
linustedastatum,linustedastat,linustédastat,linustedastat,2254299-48-2,pl130
lirodegimodum,lirodegimod,lirodégimod,lirodegimod,2502186-79-8,pl130
lomedeucitinibum,lomedeucitinib,lomédeucitinib,lomedeucitinib,2856375-48-7,pl130
lonvoguranum,lonvoguran,lonvoguran,lonvogurán,2844372-34-3,pl130
lorutengitidum,lorutengitide,lorutengitide,lorutengitida,2769742-99-4,pl130
lumistobartum,lumistobart,lumistobart,lumistobart,2851923-91-4,pl130
lunbotinibum,lunbotinib,lunbotinib,lunbotinib,2479961-46-9,pl130
lunresertibum,lunresertib,lunrésertib,lunresertib,2866236-96-4,pl130
luvomeranum,luvomeran,luvoméran,luvomerán,2845125-98-4,pl130
mangaciclanolum,mangaciclanol,mangaciclanol,mangaciclanol,2169771-05-3,pl130
matsupexolum,matsupexole,matsupexole,matsupexol,1399442-97-7,pl130
micvotabartum,micvotabart,micvotabart,micvotabart,2867550-00-1,pl130
mifomelatidum,mifomelatide,mifomélatide,mifomelatida,1456699-27-6,pl130
mipletamigum,mipletamig,miplétamig,mipletamig,2839556-21-5,pl130
misitatugum,misitatug,misitatug,misitatug,2767203-06-3,pl130
mozistobartum,mozistobart,mozistobart,mozistobart,2852752-99-7,pl130
muvadenantum,muvadenant,muvadénant,muvadenant,2459881-03-7,pl130
navenibartum,navenibart,navénibart,navenibart,2803430-16-0,pl130
nefextinibum,nefextinib,néfextinib,nefextinib,2070931-57-4,pl130
neladalkibum,neladalkib,néladalkib,neladalkib,2739866-40-9,pl130
nibrozetonum,nibrozetone,nibrozétone,nibrozetona,925206-65-1,pl130
noraramtidum,noraramtide,noraramtide,noraramtida,2580150-96-3,pl130
nucresiranum,nucresiran,nucrésiran,nucresirán,2847913-45-3,pl130
nurandociguatum,nurandociguat,nurandociguat,nurandociguat,2781965-75-9,pl130
nuvisertibum,nuvisertib,nuvisertib,nuvisertib,1361951-15-6,pl130
obrixtamigum,obrixtamig,obrixtamig,obrixtamig,2851943-09-2,pl130
ocankitugum,ocankitug,ocankitug,ocankitug,2803351-66-6,pl130
odentegravirum,odentegravir,odentégravir,odentegravir,2495436-99-0,pl130
ofirnoflastum,ofirnoflast,ofirnoflast,ofirnoflast,2731294-23-6,pl130
olatorepatidum,olatorepatide,olatorépatide,olatorepatida,2675496-01-0,pl130
olintatugum,olintatug,olintatug,olintatug,2851870-30-7,pl130
opugotamigum,opugotamig,opugotamig,opugotamig,2779564-40-6,pl130
ozureprubartum,ozureprubart,ozuréprubart,ozureprubart,2823332-50-7,pl130
pacibekitugum,pacibekitug,pacibékitug,pacibekitug,2948444-06-0,pl130
padoprazanum,padoprazan,padoprazan,padoprazán,2756367-23-2,pl130
paluratidum,paluratide,paluratide,paluratida,2850355-87-0,pl130
pegrizeprumentum,pegrizeprument,pégrizéprument,pegrizeprument,,pl130
pilavapadinum,pilavapadin,pilavapadine,pilavapadina,1815613-42-3,pl130
plosaracetamum,plosaracetam,plosaracétam,plosaracetam,1651179-19-9,pl130
plozasiranum,plozasiran,plozasiran,plozasirán,2379776-40-4,pl130
podentamigum,podentamig,podentamig,podentamig,2851863-52-8,pl130
potrasertibum,potrasertib,potrasertib,potrasertib,2226938-19-6,pl130
precemtabartum,precemtabart,précemtabart,precemtabart,1221072-91-8,pl130
privosegtorum,privosegtor,privosegtor,privosegtor,1361200-34-1,pl130
pudafensinum,pudafensine,pudafensine,pudafensina,2793441-31-1,pl130
rinatabartum,rinatabart,rinatabart,rinatabart,2853518-95-1,pl130
riselcaftorum,riselcaftor,riselcaftor,riselcaftor,2799652-36-9,pl130
rogocekibum,rogocekib,rogocékib,rogocekib,2573048-75-4,pl130
rupitasertibum,rupitasertib,rupitasertib,rupitasertib,1379545-95-5,pl130
samatatugum,samatatug,samatatug,samatatug,2861288-58-4,pl130
sefaxersenum,sefaxersen,séfaxersen,sefaxersén,2272975-74-1,pl130
segatroxabanum,segatroxaban,ségatroxaban,segatroxabán,1184300-63-7,pl130
segigratinibum,segigratinib,ségigratinib,segigratinib,1882873-93-9,pl130
sendegobresibum,sendegobresib,sendégobrésib,sendegobresib,2704617-96-7,pl130
setidegrasibum,setidegrasib,sétidégrasib,setidegrasib,2821793-99-9,pl130
siltartoxatugum,siltartoxatug,,,,pl130
sitokirenum,sitokiren,sitokirène,sitokireno,1399849-02-5,pl130
sonavibartum,sonavibart,sonavibart,sonavibart,2769699-23-0,pl130
sonefpeglutidum,sonefpeglutide,,,2854391-99-2,pl130
soquelitinibum,soquelitinib,soquélitinib,soquelitinib,2226636-04-8,pl130
spunoleucelum,spunoleucel,spunoleucel,,14325-05-4,pl130
sumecigrelum,sumecigrel,sumécigrel,sumecigrel,2374935-18-7,pl130
surlorianum,surlorian,surlorian,surlorián,1467605-57-7,pl130
surzetoclaxum,surzetoclax,surzétoclax,surzetoclax,2858632-01-4,pl130
suvadronabinolum,suvadronabinol,suvadronabinol,suvadronabinol,1801418-23-4,pl130
talorasibum,talorasib,talorasib,talorasib,2648584-48-7,pl130
tambiciclibum,tambiciclib,tambiciclib,tambiciclib,2247481-08-7,pl130
tazlestobartum,tazlestobart,tazlestobart,tazlestobart,2850355-80-3,pl130
tecotabartum,tecotabart,técotabart,tecotabart,2850366-99-1,pl130
tigozertinibum,tigozertinib,tigozertinib,tigozertinib,2660250-10-0,pl130
tilatamigum,tilatamig,tilatamig,tilatamig,2865132-89-2,pl130
trosunilimabum,trosunilimab,trosunilimab,trosunilimab,2602503-26-2,pl130
umikibartum,umikibart,umikibart,umikibart,2851478-58-3,pl130
varegacestatum,varegacestat,varégacestat,varegacestat,2725857-55-4,pl130
vezocolmitidum,vezocolmitide,vézocolmitide,vezocolmitida,51486-77-2,pl130
vicadrostatum,vicadrostat,vicadrostat,vicadrostat,1868065-21-7,pl130
vilzemetkibum,vilzemetkib,vilzémetkib,vilzemetkib,2850355-96-1,pl130
vixticibartum,vixticibart,,,2845128-05-2,pl130
volenrelaxinum,volenrelaxin,volenrelaxine,volenrelaxina,2653949-19-8,pl130
zaltenibartum,zaltenibart,zaltenibart,zalténibart,2527079-60-1,pl130
zamzetoclaxum,zamzetoclax,zamzétoclax,zamzetoclax,2388470-64-0,pl130
zavolosotinum,zavolosotine,zavolosotine,zavolosotina,2604416-66-0,pl130
zelenirstatum,zelenirstat,zélénirstat,zelenirstat,1215011-08-7,pl130
zemirciclibum,zemirciclib,zémirciclib,zemirciclib,2057509-72-3,pl130
zemprocitinibum,zemprocitinib,zemprocitinib,zemprocitinib,2417414-44-7,pl130
zerencotrepum,zerencotrep,zérencotrep,zerencotrep,1628287-16-0,pl130
zifogaptidum,zifogaptide,zifogaptide,zifogaptide,2768427-84-3,pl130
zodasiranum,zodasiran,zodasiran,zodasirán,2232918-66-8,pl130
zomiradomidum,zomiradomide,zomiradomide,zomiradomida,2864817-42-3,pl130
zopocianinum,zopocianine,zopocianine,zopocianina,2206660-94-6,pl130
zoracopanum,zoracopan,zoracopan,zoracopán,2243483-63-6,pl130
zubotamigum,zubotamig,zubotamig,zubotamig,2640279-10-1,pl130
adizutecanum,adizutecan,adizutécan,adizutecán,,pl130
blivedotinum,blivedotin,blivédotine,blivedotina,,pl130
envedotinum,envedotin,envédotine,envedotina,,pl130
ginistinagum,ginistinag,ginistinag,ginistinag,,pl130
ledadotinum,ledadotin,lédadotine,ledadotina,,pl130
mesaroxetanum,mesaroxetan,mésaroxétan,mesaroxetán,,pl130
naproxencarbilum,naproxencarbil,naproxencarbil,naproxencarbilo,,pl130
olatansinum,olatansine,olatansine,olatansina,,pl130
pegondrimerum,pegondrimer,pégondrimère,pegondrimero,,pl130
ravtansinum,ravtansine,ravtansine,ravtansina,,pl130
sesutecanum,sesutecan,sésutécan,sesutecán,,pl130
sipalabenamidum,sipalabenamide,sipalabénamide,sipalabenamida,,pl130
tocentecanum,tocentecan,tocentécan,tocentecán,,pl130
bemremeranum,bemremeran,bemréméran,bemremerán,2931519-21-8,pl130
iscartrelvirum,iscartrelvir,iscartrelvir,iscartrelvir,2921711-74-0,pl130
limnetrelvirum,limnetrelvir,limnétrelvir,limnetrelvir,2923500-04-1,pl130
pesorimcovateinum,pesorimcovatein,pésorimcovatéine,pesorimcovateína,2923542-42-9,pl130
tisorimcovateinum,tisorimcovatein,tisorimcovatéine,tisorimcovateína,2923542-43-0,pl130
vebanvibartum,vebanvibart,,,2937321-40-7,pl130
muvalaplinum,muvalaplin,muvalapline,muvalaplina,2502965-92-4,pl130
adargiminasum,adargiminase,adargiminase,adargiminasa,2756760-23-1,pl131
afimkibartum,afimkibart,afimkibart,afimkibart,2911580-96-4,pl131
alcestobartum,alcestobart,alcestobart,alcestobart,2888563-73-1,pl131
aleniglipronum,aleniglipron,aléniglipron,alenigliprón,2685823-26-9,pl131
aletekitugum,aletekitug,alétékitug,aletekitug,2924859-51-6,pl131
alpitatugum,alpitatug,alpitatug,alpitatug,2921676-05-1,pl131
amezosvateinum,amezosvatein,amézosvatéine,amezosvateína,2857842-69-2,pl131
amimestrocelum,amimestrocel,amimestrocel,amimestrocel,,pl131
amogammadexum,amogammadex,amogammadex,amogammadex,2839531-84-7,pl131
armocibartum,armocibart,armocibart,armocibart,2891724-48-2,pl131
asaretoclaxum,asaretoclax,asarétoclax,asaretoclax,2363074-01-3,pl131
atenastobartum,atenastobart,aténastobart,atenastobart,2817644-49-6,pl131
atirmociclibum,atirmociclib,atirmociclib,atirmociclib,2380321-51-5,pl131
azerutamigum,azerutamig,azérutamig,azerutamig,2920336-42-9,pl131
balinatunfibum,balinatunfib,balinatunfib,balinatunfib,2770851-80-2,pl131
beroterkibum,beroterkib,béroterkib,beroterkib,2095719-92-7,pl131
betinukibartum,betinukibart,bétinukibart,betinukibart,2935496-94-7,pl131
birinkibartum,birinkibart,birinkibart,birinkibart,2894136-82-2,pl131
bosmolisibum,bosmolisib,bosmolisib,bosmolisib,2055765-77-8,pl131
branosotinum,branosotine,branosotine,branosotina,2681264-65-1,pl131
brivestobartum,brivestobart,brivestobart,brivestobart,2786639-04-9,pl131
bulumtatugum,bulumtatug,bulumtatug,bulumtatug,2862919-82-0,pl131
cadapersenum,cadapersen,cadapersen,cadapersén,2924115-64-8,pl131
cambritaxestatum,cambritaxestat,cambritaxestat,cambritaxestat,1979939-16-6,pl131
canvuparatidum,canvuparatide,canvuparatide,canvuparatida,2925554-87-4,pl131
casdatifanum,casdatifan,casdatifan,casdatifán,2709069-30-5,pl131
caxmotabartum,caxmotabart,,,2930814-97-2,pl131
cenacitinibum,cenacitinib,cénacitinib,cenacitinib,205923-56-4,pl131
ciletatugum,ciletatug,cilétatug,ciletatug,2897624-59-6,pl131
cizutamigum,cizutamig,cizutamig,cizutamig,2919209-65-5,pl131
clesitamigum,clesitamig,clésitamig,clesitamig,2930861-48-4,pl131
comsaleucelum,comsaleucel,comsaleucel,comsaleucel,2929240-20-8,pl131
denrakibartum,denrakibart,denrakibart,denrakibart,2922866-66-6,pl131
deramiocelum,deramiocel,déramiocel,de,,pl131
deulorlatinibum,deulorlatinib,deulorlatinib,deulorlatinib,2131126-33-3,pl131
dezecapavirum,dezecapavir,dézécapavir,dezecapavir,2570323-59-8,pl131
direclidinum,direclidine,diréclidine,direclidina,1803346-98-6,pl131
drotokibartum,drotokibart,,,2925270-26-2,pl131
eclutatugum,eclutatug,éclutatug,eclutatug,2922216-50-8,pl131
eloralintidum,eloralintide,éloralintide,eloralintida,2883634-40-8,pl131
eltivutabartum,eltivutabart,eltivutabart,eltivutabart,2935496-38-9,pl131
emestedastatum,emestedastat,émestédastat,emestedastat,1346013-80-6,pl131
emugrobartum,emugrobart,émugrobart,emugrobart,2922218-19-5,pl131
emunkitugum,emunkitug,émunkitug,emunkitug,2916519-48-5,pl131
enrupatinibum,enrupatinib,enrupatinib,enrupatinib,2222689-47-4,pl131
etalanetugum,etalanetug,étalanetug,etalanetug,2690265-18-8,pl131
evategrelum,evategrel,évatégrel,evategrel,2760609-74-1,pl131
evetifatorum,evetifator,évétifator,evetifator,2278265-85-1,pl131
fanregratinibum,fanregratinib,fanrégratinib,fanregratinib,1628537-44-9,pl131
felmetatugum,felmetatug,felmétatug,felmetatugum,2924808-30-8,pl131
filricianinum,filricianine,filricianine,filricianina,2140857-94-7,pl131
fosrolapitantum,fosrolapitant,fosrolapitant,fosrolapitant,2573694-38-7,pl131
frespaciguatum,frespaciguat,frespaciguat,frespaciguat,2101645-33-2,pl131
gacovetugum,gacovetug,gacovétug,gacovetug,2935485-57-5,pl131
givilmeranum,givilmeran,givilméran,givilmerán,2924731-69-9,pl131
glasmacinalum,glasmacinal,glasmacinal,glasmacinal,2097822-02-9,pl131
gletimbetasinum,gletimbetasin,glétimbétasine,gletimbetasina,921944-96-9,pl131
greziprubartum,greziprubart,gréziprubart,greziprubart,2894136-80-0,pl131
gridegalutamidum,gridegalutamide,gridégalutamide,gridegalutamida,2446929-86-6,pl131
idrebormilastum,idrebormilast,idrébormilast,idrebormilast,2415085-44-6,pl131
imeroprubartum,imeroprubart,iméroprubart,imeroprubart,2919582-96-8,pl131
imneskibartum,imneskibart,imneskibart,imneskibart,2919583-43-8,pl131
imzokitugum,imzokitug,,,2883771-61-5,pl131
indemakitugum,indemakitug,indémakitug,indemakitug,2856372-57-9,pl131
ingitamigum,ingitamig,ingitamig,ingitamig,2931460-85-2,pl131
ismidenonum,ismidenon,ismidénon,ismidenón,887603-94-3,pl131
isomiosaminum,isomiosamine,isomiosamine,isomiosamina,53844-46-5,pl131
istisociclibum,istisociclib,istisociclib,istisociclib,2416873-83-9,pl131
itanistomigum,itanistomig,itanistomig,itanistomig,2877653-03-5,pl131
laroprovstatum,laroprovstat,laroprovstat,laroprovstat,2455427-91-3,pl131
laselipagum,laselipag,lasélipag,laselipag,475085-57-5,pl131
lecufexorum,lecufexor,lécufexor,lecufexor,2247972-61-6,pl131
levacetylleucinum,levacetylleucine,lévacétylleucine,,1188-21-2,pl131
linoserpaturevum,linoserpaturev,linoserpaturev,linoserpaturev,2933092-77-2,pl131
lofacimigum,lofacimig,lofacimig,lofacimig,2857858-76-3,pl131
lotivibartum,lotivibart,lotivibart,lotivibart,2851892-98-1,pl131
lunlekitugum,lunlekitug,lunlékitug,lunlekitug,2613239-73-7,pl131
luvometinibum,luvometinib,luvométinib,luvometinib,2739690-43-6,pl131
maritupirdinum,maritupirdine,maritupirdine,maritupirdina,1025725-91-0,pl131
mavrostobartum,mavrostobart,mavrostobart,mavrostobart,2928515-12-0,pl131
mevrometostatum,mevrometostat,mévrométostat,mevrometostat,1844849-10-0,pl131
mivalsecovateinum,mivalsecovatein,mivalsécovatéine,mivalsecovateína,2928522-52-3,pl131
mobinitinibum,mobinitinib,mobinitinib,mobinitinib,1402709-93-6,pl131
mocaciclibum,mocaciclib,mocaciclib,mocaciclib,2766124-39-2,pl131
mosperafenibum,mosperafenib,mospérafénib,mosperafenib,2649372-20-1,pl131
nacresertibum,nacresertib,nacrésertib,nacresertib,2629977-59-7,pl131
napazimonum,napazimone,,,,pl131
activator,,activateur,,1800405-30-4,pl131
navepdekinraum,navepdekinra,navepdékinra,navepdekinra,2467732-66-5,pl131
naxtarubicinum,naxtarubicin,naxtarubicine,naxtarubicina,92689-49-1,pl131
nebokitugum,nebokitug,nébokitug,nebokitug,2922315-59-9,pl131
nedemelteonum,nedemelteon,nédémeltéon,nedemelteón,2779554-99-1,pl131
neldaleucelum,neldaleucel,neldaleucel,neldaleucel,,pl131
nelitolimodum,nelitolimod,nélitolimod,nelitolimod,1961321-30-1,pl131
nispomebenum,nispomeben,nispomében,nispomebén,1443133-41-2,pl131
nivegacetorum,nivegacetor,nivégacétor,nivegacetor,2443487-67-8,pl131
nivisnebartum,nivisnebart,nivisnebart,nivisnebart,2923556-87-8,pl131
nuvustotugum,nuvustotug,nuvustotug,nuvustotug,2916519-49-6,pl131
ocadusertibum,ocadusertib,ocadusertib,ocadusertib,2382811-41-6,pl131
olomorasibum,olomorasib,olomorasib,olomorasib,2771246-13-8,pl131
omectatugum,omectatug,omectatug,omectatug,2867393-44-8,pl131
orenasitecanum,orenasitecan,orenasitécan,orenasitecán,2418533-89-6,pl131
osiramestrocelum,osiramestrocel,osiramestrocel,osiramestrocel,2864332-12-5,pl131
oveporextonum,oveporexton,ovéporexton,oveporextón,2460722-04-5,pl131
pamlectabartum,pamlectabart,pamlectabart,pamlectabart,2925692-67-5,pl131
pangumestrocelum,pangumestrocel,pangumestrocel,pangumestrocel,2913126-89-1,pl131
pasritamigum,pasritamig,pasritamig,pasritamig,2921676-04-0,pl131
pebezertinibum,pebezertinib,pébézertinib,pebezertinib,2769954-39-2,pl131
peluntamigum,peluntamig,péluntamig,peluntamig,2928515-21-1,pl131
pivicasiranum,pivicasiran,pivicasiran,pivicasirán,2365473-17-0,pl131
produvofuspum,produvofusp,produvofusp,produvofusp,2857059-64-2,pl131
progerininum,progerinin,progérinine,progerinina,2249696-72-6,pl131
ranosidenibum,ranosidenib,ranosidénib,ranosidenib,2301974-60-5,pl131
recibokibartum,recibokibart,,recibokibart,2744274-17-5,pl131
relicpixantum,relicpixant,rélicpixant,relicpixant,2445366-94-7,pl131
remlifanserinum,remlifanserin,remlifansérine,remlifanserina,2289704-13-6,pl131
remzistotugum,remzistotug,remzistotug,remzistotug,2920425-39-2,pl131
repinatrabitum,repinatrabit,répinatrabit,repinatrabit,2837993-05-0,pl131
ribitolum,ribitol,ribitol,ribitol,488-81-3,pl131
rilogrotugum,rilogrotug,rilogrotug,rilogrotug,2894138-72-6,pl131
rivasteratum,rivasterat,rivastérat,rivasterat,2446590-96-9,pl131
rosolutamidum,rosolutamide,rosolutamide,rosolutamida,1039760-91-2,pl131
ruxoprubartum,ruxoprubart,ruxoprubart,ruxoprubart,2842046-67-5,pl131
safimestomigum,safimestomig,safimestomig,safimestomig,2911590-72-0,pl131
salanersenum,salanersen,salanersen,salanersén,2805319-17-7,pl131
selonabantum,selonabant,sélonabant,selonabant,791848-71-0,pl131
senvesiranum,senvesiran,senvésiran,senvesirán,2894810-55-8,pl131
sevabertinibum,sevabertinib,sévabertinib,sevabertinib,2918752-58-4,pl131
solnerstotugum,solnerstotug,solnerstotug,solnerstotug,2927399-38-8,pl131
sonesitatugum,sonesitatug,sonésitatug,sonesitatug,2813237-93-1,pl131
sonruvetcelum,sonruvetcel,sonruvetcel,sonruvetcel,2649371-20-8,pl131
soxataltinibum,soxataltinib,soxataltinib,soxataltinib,2546116-88-3,pl131
spevatamigum,spevatamig,spévatamig,,2928515-36-8,pl131
suricapavirum,suricapavir,suricapavir,suricapavir,2417270-21-2,pl131
surovatamigum,surovatamig,surovatamig,surovatamig,2892667-02-4,pl131
sutacimigum,sutacimig,sutacimig,sutacimig,2839527-16-9,pl131
telikibartum,telikibart,,,2618667-96-0,pl131
teprosulvosum,teprosulvose,téprosulvose,teprosulvosa,1983131-47-0,pl131
tigemocoxibum,tigemocoxib,tigémocoxib,tigemocoxib,215122-74-0,pl131
tizetatugum,tizetatug,tizétatug,tizetatug,2938864-88-9,pl131
tovecimigum,tovecimig,tovécimig,tovecimig,2792722-57-5,pl131
trevotamigum,trevotamig,trévotamig,trevotamig,2920215-79-6,pl131
turenkibartum,turenkibart,turenkibart,turenkibart,2761187-73-7,pl131
ulacamtenum,ulacamten,ulacamtène,ulacamtén,2830607-59-3,pl131
velinotamigum,velinotamig,vélinotamig,velinotamig,2848586-49-0,pl131
vensemaglutidum,vensemaglutide,vensémaglutide,vensemaglutida,2919344-88-8,pl131
veonetinibum,veonetinib,véonétinib,veonetinib,2699034-69-8,pl131
vormatriginum,vormatrigine,vormatrigine,vormatrigina,2392951-18-5,pl131
xelafaslatidum,xelafaslatide,xélafaslatide,xelafaslatida,2937327-18-7,pl131
zadoprubartum,zadoprubart,zadoprubart,zadoprubart,,pl131
zanvipixantum,zanvipixant,zanvipixant,zanvipixant,2166558-11-6,pl131
zelebrudomidum,zelebrudomide,zélébrudomide,zelebrudomida,2416131-46-7,pl131
zeprumetostatum,zeprumetostat,zéprumétostat,zeprumetostat,2856381-73-0,pl131
bretovameranum,bretovameran,brétovaméran,bretovamerán,3026600-00-7,pl131
damlecovateinum,damlecovatein,,,3020658-23-2,pl131
lonpovameranum,lonpovameran,lonpovaméran,lonpovamerán,2972476-18-7,pl131
pegevongitidum,pegevongitide,pégévongitide,pegevongitida,2988012-71-9,pl131
braxlosiranum,braxlosiran,braxlosiran,braxlosirán,,pl131
entudotinum,entudotin,entudotine,entudotina,,pl131
fuvedotinum,fuvedotin,fuvédotine,fuvedotina,,pl131
marboxilum,marboxil,marboxil,marboxilo,,pl131
navoxetanum,navoxetan,navoxétan,navoxetán,,pl131
pamirtecanum,pamirtecan,pamirtécan,pamirtecán,,pl131
rezetecanum,rezetecan,rézétécan,rezetecán,,pl131
tismanitinum,tismanitin,tismanitine,tismanitina,,pl131
vixocianinum,vixocianine,vixocianine,vixocianina,,pl131
zapixetanum,zapixetan,zapixétan,zapixetán,,pl131
zotadirsenum,zotadirsen,zotadirsen,zotadirsén,,pl131
location,,,,2202678-05-3,pl131
signal,,,,,pl131
abazistobartum,abazistobart,abazistobart,abazistobart,2901793-42-6,pl132
adezkibartum,adezkibart,,,,pl132
adimanebartum,adimanebart,,,3011838-77-7,pl132
agazisiranum,agazisiran,agazisiran,agazisirán,2985646-78-2,pl132
alixorextonum,alixorexton,alixorexton,alixorextón,2648347-56-0,pl132
alnodesertibum,alnodesertib,alnodésertib,alnodesertib,2267316-76-5,pl132
amdokitugum,amdokitug,amdokitug,amdokitug,3012586-05-6,pl132
amezalpatum,amezalpat,amézalpat,amezalpat,1616372-41-8,pl132
amrecibartum,amrecibart,amrécibart,amrecibart,3008610-20-3,pl132
amsulostatum,amsulostat,amsulostat,amsulostat,2923420-38-4,pl132
andamertinibum,andamertinib,andamertinib,andamertinib,2254145-43-0,pl132
anvumetostatum,anvumetostat,anvumétostat,anvumetostat,2790567-82-5,pl132
apazunersenum,apazunersen,apazunersen,apazunersén,2919324-01-7,pl132
arumakimigum,arumakimig,arumakimig,arumakimig,3018901-76-0,pl132
astepatidum,astepatide,astépatide,astepatida,2959444-13-2,pl132
atebimetinibum,atebimetinib,atébimétinib,atebimetinib,2669009-92-9,pl132
avicursenum,avicursen,avicursen,avicursén,2866185-77-3,pl132
balertatugum,balertatug,balertatug,balertatug,3010940-29-8,pl132
balomenibum,balomenib,baloménib,balomenib,2939850-17-4,pl132
baloncibartum,baloncibart,,,,pl132
antihipotensor,,,,2964417-29-4,pl132
becondogrelum,becondogrel,bécondogrel,becondogrel,1416696-44-0,pl132
besufetamigum,besufetamig,bésufétamig,besufetamig,3037124-22-1,pl132
betovumelinum,betovumeline,bétovuméline,betovumelina,1314018-44-4,pl132
birelentinibum,birelentinib,birélentinib,birelentinib,2662512-15-2,pl132
blixeprodilum,blixeprodil,blixéprodil,blixeprodil,2881017-49-6,pl132
bocunebartum,bocunebart,bocunebart,bocunebart,2984605-64-1,pl132
bretisilocinum,bretisilocin,brétisilocine,bretisilocina,2698331-35-8,pl132
catadegbrutinibum,catadegbrutinib,catadegbrutinib,catadegbrutinib,2736508-60-2,pl132
cendifensinum,cendifensine,cendifensine,cendifensina,1034048-49-1,pl132
cenvacibartum,cenvacibart,cenvacibart,cenvacibart,3008610-21-4,pl132
cenzestotugum,cenzestotug,cenzestotug,cenzestotug,3014361-58-8,pl132
ceperognastatum,ceperognastat,cépérognastat,ceperognastat,2241514-56-5,pl132
ciltistotugum,ciltistotug,ciltistotug,ciltistotug,3014361-59-9,pl132
cirtociclibum,cirtociclib,cirtociclib,cirtociclib,2888704-84-3,pl132
claseprubartum,claseprubart,claséprubart,claseprubart,,pl132
claturafenibum,claturafenib,claturafénib,claturafenib,2754408-94-9,pl132
cliramitugum,cliramitug,cliramitug,cliramitug,18194-24-6,pl132
colulintidum,colulintide,colulintide,colulintida,2891912-36-8,pl132
corabotasum,corabotase,corabotase,corabotasa,2616765-46-7,pl132
crusekitugum,crusekitug,crusékitug,crusekitug,13870-80-9,pl132
dabogratinibum,dabogratinib,dabogratinib,dabogratinib,2800223-30-5,pl132
dalidnetugum,dalidnetug,dalidnetug,dalidnetug,2991369-43-6,pl132
danifexorum,danifexor,danifexor,danifexor,2648738-68-3,pl132
daraxonrasibum,daraxonrasib,daraxonrasib,daraxonrasib,2765081-21-6,pl132
daretabartum,daretabart,darétabart,daretabart,3011830-62-6,pl132
darlifarnibum,darlifarnib,darlifarnib,darlifarnib,2939824-30-1,pl132
delocamtenum,delocamten,délocamten,delocamtén,2417411-02-8,pl132
dencatistatum,dencatistat,dencatistat,dencatistat,2377000-84-3,pl132
deulumateperonum,deulumateperone,deulumatépérone,deulumateperona,2102683-75-8,pl132
diranersenum,diranersen,diranersen,diranersén,2304711-06-4,pl132
dirozalkibum,dirozalkib,dirozalkib,dirozalkib,2969217-22-7,pl132
egalognastatum,egalognastat,égalognastat,egalognastat,1884154-02-2,pl132
elecoglipronum,elecoglipron,élécoglipron,elecogliprón,3011682-49-5,pl132
elegrobartum,elegrobart,,,2832924-76-0,pl132
elironrasibum,elironrasib,élironrasib,elironrasib,2641998-63-0,pl132
elisrasibum,elisrasib,élisrasib,elisrasib,2914919-85-8,pl132
elsovaptanum,elsovaptan,elsovaptan,elsovaptán,2296801-25-5,pl132
elunetiromum,elunetirom,élunétirom,elunetirom,2156649-32-8,pl132
emupertinibum,emupertinib,émupertinib,emupertinib,2472802-77-8,pl132
encofosbuvirum,encofosbuvir,encofosbuvir,encofosbuvir,2232134-77-7,pl132
engasertibum,engasertib,engasertib,engasertib,1313439-71-2,pl132
enozertinibum,enozertinib,énozertinib,enozertinib,2489185-38-6,pl132
enzelkitugum,enzelkitug,enzelkitug,enzelkitug,2999644-88-9,pl132
epaldeudomidum,epaldeudomide,épaldeudomide,epaldeudomida,1918159-31-5,pl132
etuptamigum,etuptamig,étuptamig,etuptamig,3009874-10-3,pl132
exerenibartum,exerenibart,exérénibart,exerenibart,2996101-49-4,pl132
famlasertibum,famlasertib,famlasertib,famlasertib,2375591-69-6,pl132
fexlamosum,fexlamose,fexlamose,fexlamosa,1285607-08-0,pl132
firsekibartum,firsekibart,firsékibart,firsekibart,855927-17-2,pl132
florensocatibum,florensocatib,florensocatib,florensocatib,2798832-03-6,pl132
fosizensertibum,fosizensertib,fosizensertib,fosizensertib,2905377-00-4,pl132
fosrugocrixanum,fosrugocrixan,fosrugocrixan,fosrugocrixán,2408145-38-8,pl132
fudapirinum,fudapirine,fudapirine,fudapirina,1859978-72-5,pl132
fulipiftidum,fulipiftide,fulipiftide,fulipiftida,2868985-56-0,pl132
futermestotugum,futermestotug,futermestotug,futermestotug,3014361-57-7,pl132
gadosircoclamidum,gadosircoclamide,gadosircoclamide,gadosircoclamida,1801159-68-1,pl132
garetatugum,garetatug,garétatug,garetatug,3023285-06-2,pl132
gatuzosiranum,gatuzosiran,gatuzosiran,gatuzosirán,2409783-34-0,pl132
gintemetostatum,gintemetostat,gintémétostat,gintemetostat,2604513-16-6,pl132
givopegsomatropinum,givopegsomatropin,givopegsomatropine,givopegsomatropina,3001334-30-8,pl132
gozanertinibum,gozanertinib,gozanertinib,gozanertinib,1226549-49-0,pl132
ifupinostatum,ifupinostat,ifupinostat,ifupinostat,1235449-52-1,pl132
imapextidum,imapextide,imapextide,imapextida,3004569-93-8,pl132
imofinostatum,imofinostat,imofinostat,imofinostat,2639475-46-8,pl132
inidascaminum,inidascamine,inidascamine,inidascamina,903884-71-9,pl132
inlecitugum,inlecitug,,,2997627-68-4,pl132
ipanumeranum,ipanumeran,ipanuméran,ipanumerán,3026599-66-3,pl132
irodanoprostum,irodanoprost,irodanoprost,irodanoprost,2055490-48-5,pl132
isuventatugum,isuventatug,isuventatug,isuventatug,2986317-23-9,pl132
itareparibum,itareparib,itaréparib,itareparib,1606995-47-4,pl132
ixotatugum,ixotatug,ixotatug,ixotatug,3018937-00-0,pl132
lanisidenibum,lanisidenib,lanisidénib,lanisidenib,2135537-20-9,pl132
lanoracopanum,lanoracopan,lanoracopan,lanoracopán,2797066-85-2,pl132
laporolimusum,laporolimus,laporolimus,laporólimus,,pl132
laromestrocelum,laromestrocel,laromestrocel,laromestrocel,,pl132
larubrilstatum,larubrilstat,larubrilstat,larubrilstat,2765226-31-9,pl132
lasmotinibum,lasmotinib,lasmotinib,lasmotinib,2127107-15-5,pl132
lasrekibartum,lasrekibart,lasrékibart,lasrekibart,3009829-96-0,pl132
laventatugum,laventatug,laventatug,laventatug,3009829-91-5,pl132
lecankitugum,lecankitug,lécankitug,lecankitug,2923284-76-6,pl132
ledostomigum,ledostomig,lédostomig,ledostomig,2769743-01-1,pl132
lerepmeranum,lerepmeran,lérepméran,lerepmerán,2924731-63-3,pl132
linvemastatum,linvemastat,linvémastat,linvemastat,2389060-50-6,pl132
lirucitinibum,lirucitinib,lirucitinib,lirucitinib,2458115-78-9,pl132
lixosiconum,lixosicone,lixosicone,lixosicona,1610878-71-1,pl132
lomonitinibum,lomonitinib,lomonitinib,lomonitinib,2923221-56-9,pl132
lonitoclaxum,lonitoclax,lonitoclax,lonitoclax,2952589-57-8,pl132
lumekefamidum,lumekefamide,lumékéfamide,lumekefamida,2907748-12-1,pl132
macupatidum,macupatide,macupatide,macupatida,2923558-68-1,pl132
marpinersenum,marpinersen,marpinersen,marpinersén,2757908-12-4,pl132
mazisotinum,mazisotine,mazisotine,mazisotina,1638588-92-7,pl132
milpecitinibum,milpecitinib,milpécitinib,milpecitinib,1415819-54-3,pl132
mirivadelgatum,mirivadelgat,mirivadelgat,mirivadelgat,2983848-20-8,pl132
moxetomidatum,moxetomidate,moxétomidate,moxetomidato,1567838-90-7,pl132
navlimetostatum,navlimetostat,navlimétostat,navlimetostat,2630904-45-7,pl132
nedizantrepum,nedizantrep,nédizantrep,nedizantrep,2376824-99-4,pl132
nelremagpranum,nelremagpran,nelrémagpran,nelremagprán,2492595-24-9,pl132
nesfrotamigum,nesfrotamig,nesfrotamig,nesfrotamig,2966936-23-0,pl132
netanasvirum,netanasvir,nétanasvir,netanasvir,2007900-70-9,pl132
nivudirsenum,nivudirsen,nivudirsen,nivudirsén,3053113-45-1,pl132
nufaleucelum,nufaleucel,nufaleucel,nufaleucel,,pl132
nuzefatidum,nuzefatide,nuzéfatide,nuzefatida,2648849-70-9,pl132
obudanersenum,obudanersen,obudanersen,obudanersén,1393836-45-7,pl132
olorigliflozinum,olorigliflozin,olorigliflozine,olorigliflozina,2035989-50-3,pl132
ompekimigum,ompekimig,ompékimig,ompekimig,2981477-39-6,pl132
ontunisertibum,ontunisertib,ontunisertib,ontunisertib,2647949-48-0,pl132
onvuzosiranum,onvuzosiran,onvuzosiran,onvuzosirán,2269489-41-8,pl132
opakalimum,opakalim,opakalim,opakalim,2376397-93-0,pl132
opamtistomigum,opamtistomig,opamtistomig,opamtistomig,2923499-76-5,pl132
oturkibartum,oturkibart,,,2956767-43-2,pl132
ozisiranum,ozisiran,ozisiran,ozisirán,3061406-96-7,pl132
palacaparibum,palacaparib,palacaparib,palacaparib,2756333-39-6,pl132
pariceractum,pariceract,paricéract,pariceract,1919820-28-2,pl132
pasodacigibum,pasodacigib,pasodacigib,pasodacigib,2648721-77-9,pl132
perzebertinibum,perzebertinib,perzébertinib,perzebertinib,2414056-31-6,pl132
petadeferitrinum,petadeferitrin,pétadéféritrine,petadeferitrina,911714-45-9,pl132
peturadolum,peturadol,péturadol,peturadol,2737363-32-3,pl132
plodicitinibum,plodicitinib,plodicitinib,plodicitinib,2983832-01-3,pl132
potravitugum,potravitug,potravitug,potravitug,2923558-06-7,pl132
prifetrastatum,prifetrastat,prifétrastat,prifetrastat,2569008-99-5,pl132
pruvonertinibum,pruvonertinib,pruvonertinib,pruvonertinib,2923507-02-0,pl132
pumitamigum,pumitamig,pumitamig,pumitamig,2999726-97-3,pl132
ralometostatum,ralometostat,ralométostat,ralometostat,2760481-53-4,pl132
ramantamigum,ramantamig,ramantamig,ramantamig,2988886-91-3,pl132
rapaprutugum,rapaprutug,rapaprutug,rapaprutug,2994192-38-8,pl132
ratutrelvirum,ratutrelvir,ratutrelvir,ratutrelvir,2929236-94-0,pl132
refisolonum,refisolone,réfisolone,refisolona,202718-04-5,pl132
retavibartum,retavibart,rétavibart,retavibart,3023741-03-6,pl132
retogateinum,retogatein,rétogatéine,retogateína,2938906-46-6,pl132
rezosiconum,rezosicone,rézosicone,rezosicona,1414777-24-4,pl132
rezuforimodum,rezuforimod,rézuforimod,rezuforimod,1431754-15-2,pl132
ricefidasum,ricefidase,ricéfidase,ricefidasa,,pl132
rinvaterceptum,rinvatercept,rinvatercept,rinvatercept,2996105-98-5,pl132
rizavasertibum,rizavasertib,rizavasertib,rizavasertib,552325-16-3,pl132
riztunitidum,riztunitide,riztunitide,riztunitida,2963586-07-2,pl132
rocavorexantum,rocavorexant,rocavorexant,rocavorexant,2115665-09-1,pl132
romaciclibum,romaciclib,romaciclib,romaciclib,1609522-33-9,pl132
rugecitidum,rugecitide,rugécitide,rugecitida,2938226-27-6,pl132
rugocrixanum,rugocrixan,rugocrixan,rugocrixán,911715-90-7,pl132
ruzaltatugum,ruzaltatug,ruzaltatug,ruzaltatug,2981438-67-7,pl132
sasineprocelum,sasineprocel,sasinéprocel,sasineprocel,,pl132
secutrelvirum,secutrelvir,sécutrelvir,secutrelvir,2996148-73-1,pl132
seldegamadlinum,seldegamadlin,seldégamadline,seldegamadlina,2713618-08-5,pl132
setomagpranum,setomagpran,sétomagpran,setomagprán,2991434-57-0,pl132
silevertinibum,silevertinib,silévertinib,silevertinib,2607829-38-7,pl132
simedeutiromum,simedeutirom,simédeutirom,simedeutirom,2403721-24-2,pl132
sitmutolimodum,sitmutolimod,sitmutolimod,sitmutolimod,3002979-61-2,pl132
soclenicantum,soclenicant,soclénicant,soclenicant,1020634-41-6,pl132
solangeprasum,solangepras,,,,pl132
sosimerasibum,sosimerasib,sosimérasib,sosimerasib,2839563-01-6,pl132
sumonerimodum,sumonerimod,sumonérimod,sumonerimod,2364589-86-4,pl132
suvonstobartum,suvonstobart,suvonstobart,suvonstobart,2983834-87-1,pl132
tanruprubartum,tanruprubart,tanruprubart,tanruprubart,,pl132
tarvicopanum,tarvicopan,tarvicopan,tarvicopán,3004691-95-3,pl132
tersolisibum,tersolisib,tersolisib,tersolisib,2883540-92-7,pl132
tetrandrinum,tetrandrine,tétrandrine,tetrandrina,518-34-3,pl132
tezusomantum,tezusomant,tézusomant,tezusomant,2802416-72-2,pl132
tilrekimigum,tilrekimig,tilrékimig,tilrekimig,2981469-90-1,pl132
tivinectidum,tivinectide,tivinectide,tivinectida,2417851-93-3,pl132
tixentamigum,tixentamig,tixentamig,tixentamig,2969220-04-8,pl132
tixestobartum,tixestobart,tixestobart,tixestobart,2812383-82-5,pl132
torvutatugum,torvutatug,torvutatug,torvutatugum,2975630-26-1,pl132
tosposertibum,tosposertib,tosposertib,tosposertib,1418305-55-1,pl132
trovostobartum,trovostobart,,,3006784-09-1,pl132
ubavitinibum,ubavitinib,ubavitinib,ubavitinib,2248003-60-1,pl132
ubletamigum,ubletamig,ublétamig,ubletamig,1436920-57-8,pl132
vecantoxatugum,vecantoxatug,vécantoxatug,vecantoxatug,2956766-52-0,pl132
velaprumigum,velaprumig,vélaprumig,velaprumig,,pl132
veludacigibum,veludacigib,véludacigib,veludacigib,2732902-08-6,pl132
verducatibum,verducatib,verducatib,verducatib,1887236-33-0,pl132
vilagletistatum,vilagletistat,vilaglétistat,vilagletistat,1542132-88-6,pl132
vopimetostatum,vopimetostat,vopimétostat,vopimetostat,2760483-96-1,pl132
vortosiranum,vortosiran,vortosiran,vortosirán,2708983-65-5,pl132
zaladenantum,zaladenant,zaladénant,zaladenant,2246426-52-6,pl132
zalsupindolum,zalsupindole,zalsupindole,zalsupindol,2481740-94-5,pl132
zedoresertibum,zedoresertib,zédorésertib,zedoresertib,2243882-74-6,pl132
zeltociclibum,zeltociclib,zeltociclib,zeltociclib,2789697-52-3,pl132
zemocimigum,zemocimig,zémocimig,zemocimig,2955620-21-8,pl132
zilvetriginum,zilvetrigine,zilvétrigine,zilvetrigina,3002072-52-5,pl132
zoldonrasibum,zoldonrasib,zoldonrasib,zoldonrasib,2999644-80-1,pl132
zovaglutidum,zovaglutide,zovaglutide,zovaglutida,3013543-64-8,pl132
cemivameranum,cemivameran,cémivaméran,cemivamerán,3036385-75-5,pl132
girocovateinum,girocovatein,,,3038651-03-2,pl132
ibramvibartum,ibramvibart,,,3031270-42-2,pl132
rubravameranum,rubravameran,rubravaméran,rubravamerán,3004804-43-4,pl132
tagovameranum,tagovameran,tagovaméran,tagovamerán,2923496-70-0,pl132
etocomilum,etocomil,étocomil,etocomilo,,pl132
filricianinum,filricianine,filricianine,filricianina,,pl132
guraxetanum,guraxetan,guraxétan,guraxetán,,pl132
isoboxilum,isoboxil,isoboxil,isoboxilo,,pl132
miristatum,miristate,miristate,miristato,,pl132
plevistinagum,plevistinag,plévistinag,plevistinag,,pl132
repodatecanum,repodatecan,répodatécan,repodatecán,,pl132
tivedotinum,tivedotin,tivédotine,tivedotina,3032312-00-5,pl132
hydrogen,,,,,pl132
hydrogen,,,,3024312-52-2,pl132
abdakibartum,abdakibart,abdakibart,abdakibart,3034641-53-4,pl133
acmopatidum,acmopatide,acmopatide,acmopatida,2247839-17-2,pl133
adibelivirum,adibelivir,adibélivir,adibelivir,2305750-23-4,pl133
adupegimerum,adupegimer,,adupegímero,3080244-88-5,pl133
alcudacigibum,alcudacigib,alcudacigib,alcudacigib,2660218-70-0,pl133
amdigluraxum,amdiglurax,amdiglurax,amdiglurax,3035440-66-2,pl133
anafiltamigum,anafiltamig,A,anafiltamig,3009026-69-8,pl133
anflekitugum,anflekitug,anflékitug,anflekitug,3031358-45-6,pl133
angexostatum,angexostat,angéxostat,angexostat,2640653-91-2,pl133
apecotrepum,apecotrep,apécotrep,apecotrep,2311863-36-0,pl133
arcotatugum,arcotatug,arcotatug,arcotatug,3023387-99-4,pl133
asedebartum,asedebart,asédébart,asedebart,3035422-95-5,pl133
asuptegravirum,asuptegravir,asuptégravir,asuptegravir,2765212-92-6,pl133
axareotidum,axareotide,axaréotide,axareotida,2126833-17-6,pl133
berobenatidum,berobenatide,bérobénatide,berobenatida,3028974-74-2,pl133
bexobrutidegum,bexobrutideg,béxobrutideg,bexobrutideg,2649400-34-8,pl133
blovacitinibum,blovacitinib,blovacitinib,blovacitinib,2411222-97-2,pl133
brelovitugum,brelovitug,brélovitug,brelovitug,171018-32-9,pl133
cadefrecitinibum,cadefrecitinib,cadéfrécitinib,cadefrecitinib,2308520-97-8,pl133
calderasibum,calderasib,caldérasib,calderasib,2641216-67-1,pl133
camtarkibartum,camtarkibart,,,3031358-44-5,pl133
cevolisiranum,cevolisiran,cévolisiran,cevolisirán,3069641-77-3,pl133
cleminorextonum,cleminorexton,cléminorexton,cleminorextón,2980518-93-0,pl133
comtifatorum,comtifator,comtifator,comtifator,2518151-57-8,pl133
cosiporfinum,cosiporfin,cosiporfine,cosiporfina,2041574-23-4,pl133
crovozalponum,crovozalpon,crovozalpon,crovozalpón,2923916-20-3,pl133
dalvotoclaxum,dalvotoclax,dalvotoclax,dalvotoclax,2416927-21-2,pl133
davalomilastum,davalomilast,davalomilast,davalomilast,2379980-45-5,pl133
davotifanum,davotifan,davotifan,davotifán,2925064-31-7,pl133
dazodeunetantum,dazodeunetant,dazodeunétant,dazodeunetant,2759134-55-7,pl133
deutaleglitazarum,deutaleglitazar,deutaléglitazar,deutaleglitazar,2902649-99-2,pl133
diosuxentanum,diosuxentan,diosuxentan,diosuxentán,2305865-93-2,pl133
edutirsenum,edutirsen,édutirsen,edutirsén,2996895-52-2,pl133
elatatugum,elatatug,élatatug,elatatug,3038456-01-5,pl133
elipunerceptum,elipunercept,elipunercept,,3037408-21-9,pl133
elpipodectum,elpipodect,elpipodect,elpipodect,1424371-93-6,pl133
emaretamigum,emaretamig,émarétamig,emaretamig,3051701-97-1,pl133
emvistegrastum,emvistegrast,emvistégrast,emvistegrast,2417352-91-9,pl133
emzotamigum,emzotamig,emzotamig,emzotamig,3037572-57-6,pl133
enicepatidum,enicepatide,énicépatide,enicepatida,2869147-44-2,pl133
ensavatatugum,ensavatatug,ensavatatug,ensavatatug,3033848-63-1,pl133
envometinibum,envometinib,envométinib,envometinib,2952542-22-0,pl133
eratrectinibum,eratrectinib,ératrectinib,eratrectinib,2396516-98-4,pl133
ercanetidum,ercanetide,ercanetide,ercanetida,847952-38-9,pl133
erenapurstatum,erenapurstat,érénapurstat,erenapurstat,136164-66-4,pl133
erisonersenum,erisonersen,érisonersen,erisonersén,2834724-51-3,pl133
farabursenum,farabursen,farabursen,farabursén,2953012-32-1,pl133
faridoxorubicinum,faridoxorubicin,faridoxorubicine,faridoxorubicina,1841402-73-0,pl133
federelinum,federelin,fédéréline,federelina,57521-78-5,pl133
felcorekibartum,felcorekibart,felcorékibart,felcorekibart,,pl133
fetrastobartum,fetrastobart,fétrastobart,fetrastobart,3028439-54-2,pl133
filimelnotidum,filimelnotide,filimelnotide,filimelnotida,2093087-54-6,pl133
forvisirvatum,forvisirvat,forvisirvat,forvisirvat,2135638-06-9,pl133
fosribnicotinamidum,fosribnicotinamide,fosribnicotinamide,fosribnicotinamida,1094-61-7,pl133
fulamleucelum,fulamleucel,fulamleucel,fulamleucel,,pl133
fumiporexantum,fumiporexant,fumiporexant,fumiporexant,3061847-76-2,pl133
gamgertamigum,gamgertamig,gamgertamig,gamgertamig,3038119-48-8,pl133
gaspantatugum,gaspantatug,gaspantatug,gaspantatug,3004869-54-6,pl133
gimvekibartum,gimvekibart,,,3037526-90-9,pl133
girancitugum,girancitug,,,3024821-77-7,pl133
glarivibartum,glarivibart,glarivibart,glarivibart,3033697-08-1,pl133
gostegananum,gosteganan,,,,pl133
survivin,,,,,pl133
inclocibartum,inclocibart,inclocibart,inclocibart,3008610-18-9,pl133
invobenitugum,invobenitug,,,,pl133
cardiovascular,,,,,pl133
cardiovascular,,,,3034173-09-3,pl133
ipsoprubartum,ipsoprubart,,,,pl133
immunosuppressor,,,,,pl133
irafamdastatum,irafamdastat,irafamdastat,irafamdastat,3005945-94-5,pl133
ivatmeranum,ivatmeran,ivatméran,ivatmerán,2924631-87-6,pl133
izicopanum,izicopan,izicopan,izicopán,2489430-53-5,pl133
lapiteronelum,lapiteronel,lapitéronel,lapiteronel,1260006-20-9,pl133
latarcibartum,latarcibart,latarcibart,latarcibart,3036400-21-9,pl133
lazatatugum,lazatatug,,lazatatug,3037532-60-5,pl133
ledasorextonum,ledasorexton,lédasorexton,ledasorextón,2937414-47-4,pl133
lenbelintidum,lenbelintide,lenbélintide,lenbelintida,3038720-27-0,pl133
lepetegravirum,lepetegravir,lépétégravir,lepetegravir,3044760-95-1,pl133
ligritinibum,ligritinib,ligritinib,ligritinib,3024588-48-2,pl133
liscastobartum,liscastobart,liscastobart,liscastobart,2785392-78-9,pl133
lixarkitugum,lixarkitug,lixarkitug,lixarkitug,3035711-52-2,pl133
lorotomidatum,lorotomidate,lorotomidate,lorotomidato,2093287-60-4,pl133
lotixparibum,lotixparib,lotixparib,lotixparib,2640677-63-8,pl133
lumigolixum,lumigolix,lumigolix,lumigolix,1709823-61-9,pl133
lumivatamigum,lumivatamig,lumivatamig,lumivatamig,2765661-14-9,pl133
luvesilocinum,luvesilocin,luvésilocine,luvesilocina,2408855-55-8,pl133
mefluleucinum,mefluleucine,méfluleucine,mefluleucina,2095886-80-7,pl133
merinetugum,merinetug,mérinetug,merinetug,3024381-10-7,pl133
mesutoclaxum,mesutoclax,mésutoclax,mesutoclax,2760536-87-4,pl133
midobrutinibum,midobrutinib,midobrutinib,midobrutinib,1654727-33-9,pl133
milsaperidonum,milsaperidone,milsapéridone,milsaperidona,501373-88-2,pl133
mocertatugum,mocertatug,mocertatugum,mocertatug,3042848-25-6,pl133
modzatinibum,modzatinib,modzatinib,modzatinib,2411407-25-3,pl133
moponetugum,moponetug,moponetug,moponetug,3031519-40-8,pl133
morcamilastum,morcamilast,morcamilast,morcamilast,2231329-25-0,pl133
nebaprubartum,nebaprubart,nébaprubart,nebaprubart,2911556-99-3,pl133
nelvutamigum,nelvutamig,nelvutamig,nelvutamig,3029433-56-2,pl133
nolgileucelum,nolgileucel,nolgileucel,nolgileucel,,pl133
notiretatugum,notiretatug,notirétatug,notiretatug,3036556-53-0,pl133
ocipumaltibum,ocipumaltib,ocipumaltib,ocipumaltib,2434602-26-1,pl133
odafosfamidum,odafosfamide,odafosfamide,odafosfamida,2348502-26-9,pl133
olastrocelum,olastrocel,olastrocel,olastrocel,,pl133
olsutamigum,olsutamig,olsutamig,olsutamig,3034664-43-9,pl133
ordastobartum,ordastobart,ordastobart,ordastobart,2708115-83-5,pl133
pentagalloylglucosum,pentagalloylglucose,,pentagalloylglucose,14937-32-7,pl133
pezulepistatum,pezulepistat,pézulépistat,pezulepistat,2562303-35-7,pl133
pilabactamum,pilabactam,pilabactam,pilabactam,2410688-60-5,pl133
piperaquinum,piperaquine,,,,pl133
polfurmetinibum,polfurmetinib,polfurmétinib,polfurmetinib,2845151-86-0,pl133
ponumkibartum,ponumkibart,,ponumkibart,,pl133
povovetugum,povovetug,povovétug,povovetug,2975573-74-9,pl133
quecitinibum,quecitinib,quécitinib,quecitinib,2416858-84-7,pl133
raplemomeranum,raplemomeran,raplémoméran,raplemomerán,3034857-88-7,pl133
refinicopanum,refinicopan,réfinicopan,refinicopán,2922808-66-8,pl133
relsipatidum,relsipatide,relsipatide,relsipatida,2843676-09-3,pl133
rentosertibum,rentosertib,rentosertib,rentosertib,2828567-39-9,pl133
repibresibum,repibresib,répibrésib,repibresib,2523199-93-9,pl133
repunapanorum,repunapanor,répunapanor,repunapanor,1870822-78-8,pl133
revbekitugum,revbekitug,revbékitug,revbekitug,3031358-43-4,pl133
rezanecelum,rezanecel,rézanecel,rezanecel,3044778-70-0,pl133
ribupatidum,ribupatide,ribupatide,ribupatida,2082631-84-1,pl133
rinzimetostatum,rinzimetostat,rinzimétostat,rinzimetostat,2369769-29-7,pl133
risvutatugum,risvutatug,risvutatug,risvutatug,3042849-33-9,pl133
roltotatugum,roltotatug,roltotatug,roltotatug,3038456-06-0,pl133
ruvonoflastum,ruvonoflast,ruvonoflast,ruvonoflast,2792722-58-6,pl133
sanritatugum,sanritatug,sanritatug,sanritatug,3028478-15-8,pl133
satoprodilum,satoprodil,satoprodil,satoprodil,2581298-44-2,pl133
sebrinoflastum,sebrinoflast,sébrinoflast,sebrinoflast,2919854-67-2,pl133
selcodebartum,selcodebart,selcodébart,selcodebart,3038196-66-3,pl133
sepidleucelum,sepidleucel,sépidleucel,sepidleucel,,pl133
simepdekinraum,simepdekinra,simepdékinra,simepdekinra,2978700-29-5,pl133
sitneprotafibum,sitneprotafib,sitnéprotafib,sitneprotafib,2245082-05-5,pl133
socrodeucitinibum,socrodeucitinib,socrodeucitinib,socrodeucitinib,2457365-35-2,pl133
soficitinibum,soficitinib,soficitinib,soficitinib,2574524-67-5,pl133
sonvuterkibum,sonvuterkib,sonvuterkib,sonvuterkib,2773482-44-1,pl133
sunakimentum,sunakiment,sunakiment,sunakiment,2928519-36-0,pl133
suvigletistatum,suvigletistat,suviglétistat,suvigletistat,2410912-75-1,pl133
tagarafdegum,tagarafdeg,tagarafdeg,tagarafdeg,2882165-79-7,pl133
tagmokitugum,tagmokitug,,,3024486-14-1,pl133
taligantinibum,taligantinib,taligantinib,taligantinib,2243235-80-3,pl133
tambotatugum,tambotatug,tambotatug,tambotatug,2925042-80-2,pl133
tanerasertibum,tanerasertib,tanérasertib,tanerasertib,3034255-93-8,pl133
tasronetidum,tasronetide,,,2919567-65-8,pl133
tegacoratum,tegacorat,tégacorat,tegacorat,2409551-99-9,pl133
tenumomeranum,tenumomeran,,tenumomerán,3024099-60-0,pl133
tepilukimigum,tepilukimig,tépilukimig,tepilukimig,620113-98-6,pl133
ticalicibartum,ticalicibart,ticalicibart,ticalicibart,3033317-31-3,pl133
tiostreptonum,tiostrepton,tiostrepton,tiostreptón,3028474-00-9,pl133
tomostrocelum,tomostrocel,tomostrocel,tomostrocel,2986379-37-5,pl133
turletricinum,turletricin,turlétricine,turletricina,2761794-74-3,pl133
turmetabartum,turmetabart,turmétabart,turmetabart,3035440-64-0,pl133
urcosimodum,urcosimod,urcosimod,urcosimod,1610366-43-2,pl133
utidelonum,utidelone,utidélone,utidelona,189453-10-9,pl133
varsetatugum,varsetatug,varsétatug,varsetatug,3036126-39-0,pl133
vasigrobartum,vasigrobart,vasigrobart,vasigrobart,3030730-59-4,pl133
velvakimentum,velvakiment,velvakiment,velvakiment,3036636-75-3,pl133
velzatinibum,velzatinib,velzatinib,velzatinib,2590556-80-0,pl133
vemzatatugum,vemzatatug,vemzatatug,vemzatatug,3035714-53-2,pl133
vizenpistatum,vizenpistat,vizenpistat,vizenpistat,3036552-56-1,pl133
voderdeucitinibum,voderdeucitinib,voderdeucitinib,voderdeucitinib,3035440-86-6,pl133
zalgoleucelum,zalgoleucel,zalgoleucel,zalgoleucel,,pl133
zaloblidegum,zaloblideg,zaloblideg,zaloblideg,2851885-95-3,pl133
zamristobartum,zamristobart,zamristobart,zamristobart,3036192-53-4,pl133
zarutatugum,zarutatug,zarutatug,zarutatug,3038456-03-7,pl133
zavabresibum,zavabresib,zavabrésib,zavabresib,2089390-09-8,pl133
zefamenibum,zefamenib,zéfaménib,zefamenib,2938995-50-5,pl133
zelestrocelum,zelestrocel,zélestrocel,zelestrocel,3038191-80-6,pl133
zenagamtidum,zenagamtide,zénagamtide,zenagamtida,3005889-81-3,pl133
zervimesinum,zervimesine,zervimésine,zervimesina,1802632-22-9,pl133
zolucatetidum,zolucatetide,zolucatétide,zolucatetida,3044032-95-0,pl133
zovegalisibum,zovegalisib,zovégalisib,zovegalisib,2733573-94-7,pl133
zumilokibartum,zumilokibart,zumilokibart,zumilokibart,3037408-64-0,pl133
quozovameranum,quozovameran,quozovaméran,quozovamerán,3047336-79-5,pl133
adizutecanum,adizutecan,adizutécan,adizutecán,,pl133
brexetanum,brexetan,brexétan,brexetán,,pl133
bultecanum,bultecan,bultécan,bultecán,,pl133
drozuntecanum,drozuntecan,drozuntécan,drozuntecán,,pl133
etibutilum,etibutil,étibutil,etibutilo,,pl133
etomoxilum,etomoxil,étomoxil,etomoxilo,,pl133
masetecanum,masetecan,masétécan,masetecán,,pl133
mopaxetanum,mopaxetan,mopaxétan,mopaxetán,,pl133
pacfosacilum,pacfosacil,pacfosacil,pacfosacilo,,pl133
pelitecanum,pelitecan,pélitécan,pelitecán,,pl133
tavatecanum,tavatecan,tavatécan,tavatecán,,pl133
location,,,,,pl133
location,,,lo,,pl133
abantidum,abantide,,,1683515-77-6,pl134
abdenoflastum,abdenoflast,abdénoflast,abdenoflast,2864473-30-1,pl134
afivastobartum,afivastobart,afivastobart,afivastobart,3053974-60-7,pl134
alimatravirum,alimatravir,alimatravir,alimatravir,1810869-23-8,pl134
alveltamigum,alveltamig,alveltamig,alveltamig,3062244-97-4,pl134
amesotatugum,amesotatug,amésotatug,amesotatug,3051777-50-2,pl134
amitiotinum,amitiotine,amitiotine,amitiotina,31098-42-7,pl134
anvoglutidum,anvoglutide,anvoglutide,anvoglutida,3091730-40-1,pl134
aritinerceptum,aritinercept,aritinercept,,3057276-00-0,pl134
ascuprubartum,ascuprubart,ascuprubart,ascuprubart,3052952-55-0,pl134
balumorextonum,balumorexton,balumorexton,balumorextón,3037907-48-2,pl134
bamileucelum,bamileucel,bamileucel,bamileucel,,pl134
batelintidum,batelintide,batélintide,batelintida,3034703-92-6,pl134
beruzatatugum,beruzatatug,béruzatatug,beruzatatug,2948329-91-5,pl134
berzanoflastum,berzanoflast,berzanoflast,berzanoflast,2890191-41-8,pl134
blidarvetugum,blidarvetug,blidarvétug,blidarvetug,3056024-36-0,pl134
brenipatidum,brenipatide,brénipatide,brenipatida,2408921-49-1,pl134
brezosiranum,brezosiran,brézosiran,brezosirán,3059403-91-4,pl134
canverixinum,canverixin,canvérixine,canverixina,2178049-58-4,pl134
cefidelbazum,cefidelbaz,céfidelbaz,cefidelbaz,2797056-04-1,pl134
cenopodlinum,cenopodlin,cénopodline,cenopodlina,3056067-86-5,pl134
ciprocopanum,ciprocopan,ciprocopan,ciprocopán,3053270-05-3,pl134
clifutinibum,clifutinib,clifutinib,clifutinib,1862226-99-0,pl134
conveglipronum,conveglipron,convéglipron,convegliprón,2886728-09-0,pl134
corveldebartum,corveldebart,corveldébart,corveldebart,3053588-30-7,pl134
curcuminum,curcumin,curcumin,curcumina,458-37-7,pl134
dazupegleukinum,dazupegleukin,dazupegleukine,dazupegleukina,3049254-88-5,pl134
deudimethyltryptaminum,deudimethyltryptamine,deudiméthyltryptamine,,2742678-60-8,pl134
dezandrodegum,dezandrodeg,dézandrodeg,dezandrodeg,1098065-76-9,pl134
dimovarsenum,dimovarsen,dimovarsen,dimovarsén,2568631-54-7,pl134
dinifedritonum,dinifedriton,dinifédriton,dinifedritón,2231311-68-3,pl134
dubodencelum,dubodencel,dubodencel,dubodencel,,pl134
dulpatatugum,dulpatatug,dulpatatug,dulpatatug,3058433-18-1,pl134
edaravosidum,edaravoside,édaravoside,edaravosida,3059403-37-8,pl134
elfetabartum,elfetabart,elfétabart,elfetabart,3061153-84-9,pl134
elfritatugum,elfritatug,elfritatug,elfritatug,3058391-18-4,pl134
eliroptamigum,eliroptamig,éliroptamig,eliroptamig,3064817-30-4,pl134
elticertinibum,elticertinib,elticertinib,elticertinib,2765525-82-2,pl134
embibatinibum,embibatinib,embibatinib,embibatinib,2412966-86-8,pl134
enfiborolum,enfiborole,enfiborole,enfiborol,2152662-88-7,pl134
erzemdutidum,erzemdutide,erzemdutide,erzemdutida,3061135-14-3,pl134
etaroleucelum,etaroleucel,,,,pl134
activados,,,,,pl134
evabosmigum,evabosmig,évabosmig,evabosmig,3061142-96-6,pl134
faziprumigum,faziprumig,faziprumig,faziprumig,3059485-32-1,pl134
fimsosertibum,fimsosertib,fimsosertib,fimsosertib,940949-46-2,pl134
forazapadinum,forazapadin,forazapadine,forazapadina,3061827-86-6,pl134
funopixantum,funopixant,funopixant,funopixant,2649318-40-9,pl134
furtisetabartum,furtisetabart,furtisétabart,furtisetabart,3055975-56-6,pl134
gamsitabartum,gamsitabart,gamsitabart,gamsitabart,3040339-19-0,pl134
gosicalcetidum,gosicalcetide,gosicalcétide,gosicalcetida,2650595-42-7,pl134
ibrilparantum,ibrilparant,ibrilparant,ibrilparant,,pl134
pulmonar,,,,2978107-47-8,pl134
idapegfilgrastimum,idapegfilgrastim,idapegfilgrastim,,2975655-22-0,pl134
iptocigistatum,iptocigistat,iptocigistat,iptocigistat,2964417-31-8,pl134
ivuparibum,ivuparib,ivuparib,ivuparib,2873463-97-7,pl134
ladarutatugum,ladarutatug,,ladarutatug,2241299-91-0,pl134
lemiretprocelum,lemiretprocel,,Le,,pl134
lemuplamorum,lemuplamor,lémuplamor,lemuplamor,2643987-02-2,pl134
lexosiranum,lexosiran,léxosiran,lexosirán,3078403-66-1,pl134
lexucitugum,lexucitug,,,3058391-51-5,pl134
licancopanum,licancopan,licancopan,licancopán,2792727-20-7,pl134
lifonebartum,lifonebart,,,3056296-07-9,pl134
linepematum,linepemat,linépémat,linepemat,1211876-03-7,pl134
linvixdutidum,linvixdutide,linvixdutide,linvixdutida,3056608-44-4,pl134
liradasertibum,liradasertib,liradasertib,liradasertib,2170179-24-3,pl134
loberamisalum,loberamisal,lobéramisal,loberamisal,2486316-20-3,pl134
lomasemtivum,lomasemtiv,lomasemtiv,lomasemtiv,3062982-56-0,pl134
lumocaserinum,lumocaserin,lumocasérine,lumocaserina,1656330-84-5,pl134
melzuconcelum,melzuconcel,melzuconcel,melzuconcel,,pl134
meribatinibum,meribatinib,méribatinib,meribatinib,2240190-29-6,pl134
mezodritonum,mezodriton,mézodriton,mezodritón,2390512-47-5,pl134
minokitugum,minokitug,minokitug,minokitug,3061919-24-9,pl134
mitucapistatum,mitucapistat,mitucapistat,mitucapistat,854402-59-8,pl134
nalobrazepamum,nalobrazepam,nalobrazépam,nalobrazepam,172986-25-3,pl134
naperiglipronum,naperiglipron,napériglipron,naperigliprón,2572566-11-9,pl134
nexatoclaxum,nexatoclax,néxatoclax,nexatoclax,2290611-27-5,pl134
nilvanstomigum,nilvanstomig,nilvanstomig,nilvanstomig,3061475-22-4,pl134
ninvosudilum,ninvosudil,ninvosudil,ninvosudil,3033896-03-3,pl134
nomelcitinibum,nomelcitinib,nomelcitinib,nomelcitinib,,pl134
obuprazinum,obuprazine,obuprazine,obuprazina,2640663-79-0,pl134
olevaprubartum,olevaprubart,olévaprubart,olevaprubart,3062612-72-7,pl134
ombetoxabartum,ombetoxabart,ombétoxabart,ombetoxabart,3056068-27-7,pl134
onvontatugum,onvontatug,onvontatug,onvontatugum,3061614-65-8,pl134
orevandrodegum,orevandrodeg,orévandrodeg,orevandrodeg,2756845-16-4,pl134
orvanesibum,orvanesib,orvanésib,orvanesib,2914879-10-8,pl134
otefprodilum,otefprodil,otefprodil,otefprodil,3062583-60-9,pl134
parunoflastum,parunoflast,parunoflast,parunoflast,2982797-42-0,pl134
pelerasertibum,pelerasertib,pélérasertib,pelerasertib,2785394-06-9,pl134
pexamsiranum,pexamsiran,péxamsiran,pexamsirán,3056860-75-1,pl134
pexerelgonum,pexerelgon,pexérelgon,pexerelgón,2787501-83-9,pl134
poterepatidum,poterepatide,potérépatide,poterepatida,3058127-20-8,pl134
prifemilastum,prifemilast,prifémilast,prifemilast,2545665-41-4,pl134
radanstobartum,radanstobart,radanstobart,radanstobart,3064483-12-8,pl134
relcobatinibum,relcobatinib,relcobatinib,relcobatinib,2767305-95-1,pl134
relzasertidegum,relzasertideg,relzasertideg,relzasertideg,2564486-44-6,pl134
remigromigum,remigromig,rémigromig,remigromig,3059389-31-7,pl134
renditatugum,renditatug,renditatug,renditatug,3061807-12-0,pl134
resveratrolum,resveratrol,resvératrol,resveratrol,3062583-58-5,pl134
rexaceractum,rexaceract,rexaceract,,,pl134
risimtinibum,risimtinib,risimtinib,risimtinib,3062244-96-3,pl134
rocduntatugum,rocduntatug,,rocduntatug,1439158-60-7,pl134
rolditamigum,rolditamig,rolditamig,rolditamig,3038136-63-6,pl134
rolzavosoritidum,rolzavosoritide,rolzavosoritide,rolzavosoritida,3067191-26-5,pl134
romoverlibum,romoverlib,romoverlib,romoverlib,3053183-38-0,pl134
sacomitatugum,sacomitatug,sacomitatug,sacomitatug,3055975-39-5,pl134
safiglipronum,safiglipron,safiglipron,safigliprón,3053589-37-7,pl134
solaprubartum,solaprubart,solaprubart,solaprubart,3057433-10-7,pl134
soralimixinum,soralimixin,soralimixine,soralimixina,1814918-91-6,pl134
sorfequilinum,sorfequiline,sorféquiline,sorfequilina,2332841-25-3,pl134
surbisiranum,surbisiran,surbisiran,surbisirán,2897552-25-7,pl134
susineridinum,susineridine,susinéridine,susineridina,2667632-87-1,pl134
sutantatugum,sutantatug,sutantatug,sutantatug,3049680-25-0,pl134
tacadirsenum,tacadirsen,tacadirsen,tacadirsén,3037526-45-4,pl134
taziguranum,taziguran,taziguran,tazigurán,2415955-93-8,pl134
tedixabanum,tedixaban,tédixaban,tedixabán,1333126-80-9,pl134
stimulation,,,,,pl134
tepsababartum,tepsababart,tepsababart,tepsababart,3052985-57-3,pl134
tifeglipronum,tifeglipron,tiféglipron,tifegliprón,2810808-95-6,pl134
tipasertidegum,tipasertideg,tipasertideg,tipasertideg,3037637-48-9,pl134
torutamigum,torutamig,torutamig,torutamig,3061833-59-5,pl134
turigrobartum,turigrobart,turigrobart,turigrobart,3037527-80-0,pl134
ubiquinolum,ubiquinol,ubiquinol,ubiquinol,992-78-9,pl134
vadalentamigum,vadalentamig,vadalentamig,vadalentamig,3030203-93-8,pl134
valancitugum,valancitug,valancitug,valancitug,2766342-47-4,pl134
vanoglipelum,vanoglipel,vanoglipel,vanoglipel,1914136-10-9,pl134
varzutamigum,varzutamig,varzutamig,varzutamig,3064817-31-5,pl134
vedastotugum,vedastotug,védastotug,vedastotug,2878367-20-3,pl134
ventegatidum,ventegatide,ventégatide,ventegatida,478496-41-2,pl134
vepugratinibum,vepugratinib,vépugratinib,vepugratinib,2833703-74-3,pl134
vexicitinibum,vexicitinib,véxicitinib,vexicitinib,2230362-69-1,pl134
vonaprumentum,vonaprument,vonaprument,vonaprument,3056068-67-5,pl134
vustanaciclibum,vustanaciclib,vustanaciclib,vustanaciclib,2531743-46-9,pl134
xaranetidum,xaranetide,xaranétide,xaranetida,3062244-70-3,pl134
zabopegdutidum,zabopegdutide,zabopegdutide,zabopegdutida,3066674-28-7,pl134
zantrutidum,zantrutide,zantrutide,zantrutida,3060140-36-2,pl134
zareprumigum,zareprumig,zaréprumig,zareprumig,3062698-53-4,pl134
zeclantamigum,zeclantamig,zéclantamig,zeclantamig,3052965-90-6,pl134
zecontimodum,zecontimod,zécontimod,zecontimod,2375042-31-0,pl134
zeltipronum,zeltiprone,zeltiprone,zeltiprona,1638178-87-6,pl134
zevontabartum,zevontabart,zévontabart,zevontabart,3057275-55-2,pl134
zinilisibum,zinilisib,zinilisib,zinilisib,3031974-57-6,pl134
zirdafulvenum,zirdafulven,zirdafulvène,zirdafulvén,924835-67-6,pl134
zocilurtatugum,zocilurtatug,zocilurtatug,zocilurtatug,3058592-88-1,pl134
meracovateinum,meracovatein,,,3085511-75-4,pl134
deuderuxtecanum,deuderuxtecan,deudéruxtécan,deuderuxtecán,,pl134
videtecanum,videtecan,vidétécan,videtecán,,pl134
sonditecanum,sonditecan,sonditécan,sonditecán,3053533-62-0,pl134
